n,growth_factor,load_threshold,seed,repetition,input_type,elapsed_time,time_per_operation,collisions,collisions_per_operation,rehashes,rehash_operations,final_capacity,final_size,final_load_factor,unused_capacity,utilization,insert_cost,rehash_cost,total_operation_cost,amortized_cost,estimated_memory,initial_capacity,hash_a,hash_b,hash_prime
1000,1.5,0.5,42,1,random,0.001399700006004423,1.399700006004423e-06,328,0.328,12,2084,2093,1000,0.47778308647873863,1093,0.47778308647873863,3000,6252,9252,9.252,189200,16,256711980439665054,1709899044117486289,2305843009213693951
1000,1.5,0.75,42,1,random,0.0009912999958032742,9.912999958032742e-07,422,0.422,11,2073,1395,1000,0.7168458781362007,395,0.7168458781362007,3000,6219,9219,9.219,140832,16,256711980439665054,1709899044117486289,2305843009213693951
1000,1.5,0.9,42,1,random,0.0010575000051176175,1.0575000051176175e-06,499,0.499,11,2484,1395,1000,0.7168458781362007,395,0.7168458781362007,3000,7452,10452,10.452,140832,16,256711980439665054,1709899044117486289,2305843009213693951
1000,2.0,0.5,42,1,random,0.0006909000076120719,6.909000076120719e-07,290,0.29,7,1023,2048,1000,0.48828125,1048,0.48828125,3000,3069,6069,6.069,186840,16,256711980439665054,1709899044117486289,2305843009213693951
1000,2.0,0.75,42,1,random,0.0008221000025514513,8.221000025514513e-07,403,0.403,7,1531,2048,1000,0.48828125,1048,0.48828125,3000,4593,7593,7.593,186840,16,256711980439665054,1709899044117486289,2305843009213693951
1000,2.0,0.9,42,1,random,0.0009138000023085624,9.138000023085624e-07,464,0.464,7,1832,2048,1000,0.48828125,1048,0.48828125,3000,5496,8496,8.496,186840,16,256711980439665054,1709899044117486289,2305843009213693951
1000,3.0,0.5,42,1,random,0.0007779000006848946,7.779000006848946e-07,253,0.253,5,973,3888,1000,0.257201646090535,2888,0.257201646090535,3000,2919,5919,5.919,307384,16,256711980439665054,1709899044117486289,2305843009213693951
1000,3.0,0.75,42,1,random,0.0012067999923601747,1.2067999923601747e-06,396,0.396,5,1457,3888,1000,0.257201646090535,2888,0.257201646090535,3000,4371,7371,7.371,307384,16,256711980439665054,1709899044117486289,2305843009213693951
1000,3.0,0.9,42,1,random,0.0005127999902470037,5.127999902470038e-07,432,0.432,4,578,1296,1000,0.7716049382716049,296,0.7716049382716049,3000,1734,4734,4.734,133912,16,256711980439665054,1709899044117486289,2305843009213693951
1000,1.5,0.5,43,2,random,0.0010840000031748787,1.0840000031748787e-06,333,0.333,12,2084,2093,1000,0.47778308647873863,1093,0.47778308647873863,3000,6252,9252,9.252,189200,16,659665203979258006,1758630025113616856,2305843009213693951
1000,1.5,0.75,43,2,random,0.0009817999962251633,9.817999962251634e-07,467,0.467,11,2073,1395,1000,0.7168458781362007,395,0.7168458781362007,3000,6219,9219,9.219,140608,16,659665203979258006,1758630025113616856,2305843009213693951
1000,1.5,0.9,43,2,random,0.0010815999994520098,1.0815999994520099e-06,519,0.519,11,2484,1395,1000,0.7168458781362007,395,0.7168458781362007,3000,7452,10452,10.452,140608,16,659665203979258006,1758630025113616856,2305843009213693951
1000,2.0,0.5,43,2,random,0.0007105000113369897,7.105000113369897e-07,299,0.299,7,1023,2048,1000,0.48828125,1048,0.48828125,3000,3069,6069,6.069,186872,16,659665203979258006,1758630025113616856,2305843009213693951
1000,2.0,0.75,43,2,random,0.0008419000077992678,8.419000077992678e-07,407,0.407,7,1531,2048,1000,0.48828125,1048,0.48828125,3000,4593,7593,7.593,186872,16,659665203979258006,1758630025113616856,2305843009213693951
1000,2.0,0.9,43,2,random,0.0009105000062845647,9.105000062845648e-07,473,0.473,7,1832,2048,1000,0.48828125,1048,0.48828125,3000,5496,8496,8.496,186872,16,659665203979258006,1758630025113616856,2305843009213693951
1000,3.0,0.5,43,2,random,0.0007609000022057444,7.609000022057444e-07,251,0.251,5,973,3888,1000,0.257201646090535,2888,0.257201646090535,3000,2919,5919,5.919,306840,16,659665203979258006,1758630025113616856,2305843009213693951
1000,3.0,0.75,43,2,random,0.0008915999933378771,8.915999933378771e-07,369,0.369,5,1457,3888,1000,0.257201646090535,2888,0.257201646090535,3000,4371,7371,7.371,306840,16,659665203979258006,1758630025113616856,2305843009213693951
1000,3.0,0.9,43,2,random,0.0005039000097895041,5.039000097895041e-07,395,0.395,4,578,1296,1000,0.7716049382716049,296,0.7716049382716049,3000,1734,4734,4.734,134648,16,659665203979258006,1758630025113616856,2305843009213693951
1000,1.5,0.5,44,3,random,0.0011258000013185665,1.1258000013185665e-06,320,0.32,12,2084,2093,1000,0.47778308647873863,1093,0.47778308647873863,3000,6252,9252,9.252,189392,16,1199085610155232937,1617812241682181496,2305843009213693951
1000,1.5,0.75,44,3,random,0.0010070000134874135,1.0070000134874135e-06,440,0.44,11,2073,1395,1000,0.7168458781362007,395,0.7168458781362007,3000,6219,9219,9.219,140704,16,1199085610155232937,1617812241682181496,2305843009213693951
1000,1.5,0.9,44,3,random,0.0010916000028373674,1.0916000028373673e-06,500,0.5,11,2484,1395,1000,0.7168458781362007,395,0.7168458781362007,3000,7452,10452,10.452,140704,16,1199085610155232937,1617812241682181496,2305843009213693951
1000,2.0,0.5,44,3,random,0.00072080000245478,7.208000024547801e-07,292,0.292,7,1023,2048,1000,0.48828125,1048,0.48828125,3000,3069,6069,6.069,187032,16,1199085610155232937,1617812241682181496,2305843009213693951
1000,2.0,0.75,44,3,random,0.0008277000015368685,8.277000015368685e-07,396,0.396,7,1531,2048,1000,0.48828125,1048,0.48828125,3000,4593,7593,7.593,187032,16,1199085610155232937,1617812241682181496,2305843009213693951
1000,2.0,0.9,44,3,random,0.0008991000067908317,8.991000067908317e-07,475,0.475,7,1832,2048,1000,0.48828125,1048,0.48828125,3000,5496,8496,8.496,187032,16,1199085610155232937,1617812241682181496,2305843009213693951
1000,3.0,0.5,44,3,random,0.0007388999947579578,7.388999947579578e-07,240,0.24,5,973,3888,1000,0.257201646090535,2888,0.257201646090535,3000,2919,5919,5.919,307480,16,1199085610155232937,1617812241682181496,2305843009213693951
1000,3.0,0.75,44,3,random,0.0008502999990014359,8.50299999001436e-07,377,0.377,5,1457,3888,1000,0.257201646090535,2888,0.257201646090535,3000,4371,7371,7.371,307480,16,1199085610155232937,1617812241682181496,2305843009213693951
1000,3.0,0.9,44,3,random,0.0005052999913459644,5.052999913459644e-07,413,0.413,4,578,1296,1000,0.7716049382716049,296,0.7716049382716049,3000,1734,4734,4.734,134360,16,1199085610155232937,1617812241682181496,2305843009213693951
1000,1.5,0.5,45,4,random,0.001122599991504103,1.122599991504103e-06,303,0.303,12,2084,2093,1000,0.47778308647873863,1093,0.47778308647873863,3000,6252,9252,9.252,189072,16,963130306873368709,594124941275654819,2305843009213693951
1000,1.5,0.75,45,4,random,0.001010599997243844,1.010599997243844e-06,450,0.45,11,2073,1395,1000,0.7168458781362007,395,0.7168458781362007,3000,6219,9219,9.219,140928,16,963130306873368709,594124941275654819,2305843009213693951
1000,1.5,0.9,45,4,random,0.001105699993786402,1.105699993786402e-06,507,0.507,11,2484,1395,1000,0.7168458781362007,395,0.7168458781362007,3000,7452,10452,10.452,140928,16,963130306873368709,594124941275654819,2305843009213693951
1000,2.0,0.5,45,4,random,0.0007228000031318516,7.228000031318516e-07,291,0.291,7,1023,2048,1000,0.48828125,1048,0.48828125,3000,3069,6069,6.069,186712,16,963130306873368709,594124941275654819,2305843009213693951
1000,2.0,0.75,45,4,random,0.0008405999979004264,8.405999979004263e-07,392,0.392,7,1531,2048,1000,0.48828125,1048,0.48828125,3000,4593,7593,7.593,186712,16,963130306873368709,594124941275654819,2305843009213693951
1000,2.0,0.9,45,4,random,0.0009103000047616661,9.10300004761666e-07,461,0.461,7,1832,2048,1000,0.48828125,1048,0.48828125,3000,5496,8496,8.496,186712,16,963130306873368709,594124941275654819,2305843009213693951
1000,3.0,0.5,45,4,random,0.0007528999994974583,7.528999994974583e-07,230,0.23,5,973,3888,1000,0.257201646090535,2888,0.257201646090535,3000,2919,5919,5.919,307576,16,963130306873368709,594124941275654819,2305843009213693951
1000,3.0,0.75,45,4,random,0.0008698000019649044,8.698000019649044e-07,380,0.38,5,1457,3888,1000,0.257201646090535,2888,0.257201646090535,3000,4371,7371,7.371,307576,16,963130306873368709,594124941275654819,2305843009213693951
1000,3.0,0.9,45,4,random,0.000506000011228025,5.060000112280249e-07,423,0.423,4,578,1296,1000,0.7716049382716049,296,0.7716049382716049,3000,1734,4734,4.734,134296,16,963130306873368709,594124941275654819,2305843009213693951
1000,1.5,0.5,46,5,random,0.001126899995142594,1.126899995142594e-06,316,0.316,12,2084,2093,1000,0.47778308647873863,1093,0.47778308647873863,3000,6252,9252,9.252,188752,16,176127807941085543,92145436972157049,2305843009213693951
1000,1.5,0.75,46,5,random,0.02995869998994749,2.995869998994749e-05,480,0.48,11,2073,1395,1000,0.7168458781362007,395,0.7168458781362007,3000,6219,9219,9.219,139520,16,176127807941085543,92145436972157049,2305843009213693951
1000,1.5,0.9,46,5,random,0.0011404999968362972,1.1404999968362971e-06,523,0.523,11,2484,1395,1000,0.7168458781362007,395,0.7168458781362007,3000,7452,10452,10.452,139520,16,176127807941085543,92145436972157049,2305843009213693951
1000,2.0,0.5,46,5,random,0.0007003999926382676,7.003999926382676e-07,290,0.29,7,1023,2048,1000,0.48828125,1048,0.48828125,3000,3069,6069,6.069,187032,16,176127807941085543,92145436972157049,2305843009213693951
1000,2.0,0.75,46,5,random,0.0008061000116867945,8.061000116867945e-07,382,0.382,7,1531,2048,1000,0.48828125,1048,0.48828125,3000,4593,7593,7.593,187032,16,176127807941085543,92145436972157049,2305843009213693951
1000,2.0,0.9,46,5,random,0.0008665999921504408,8.665999921504408e-07,452,0.452,7,1832,2048,1000,0.48828125,1048,0.48828125,3000,5496,8496,8.496,187032,16,176127807941085543,92145436972157049,2305843009213693951
1000,3.0,0.5,46,5,random,0.0007351999956881627,7.351999956881628e-07,213,0.213,5,973,3888,1000,0.257201646090535,2888,0.257201646090535,3000,2919,5919,5.919,308088,16,176127807941085543,92145436972157049,2305843009213693951
1000,3.0,0.75,46,5,random,0.0008417000062763691,8.417000062763691e-07,353,0.353,5,1457,3888,1000,0.257201646090535,2888,0.257201646090535,3000,4371,7371,7.371,308088,16,176127807941085543,92145436972157049,2305843009213693951
1000,3.0,0.9,46,5,random,0.0005027000006521121,5.027000006521121e-07,390,0.39,4,578,1296,1000,0.7716049382716049,296,0.7716049382716049,3000,1734,4734,4.734,135192,16,176127807941085543,92145436972157049,2305843009213693951
1000,1.5,0.5,47,6,random,0.0011293999996269122,1.1293999996269122e-06,341,0.341,12,2084,2093,1000,0.47778308647873863,1093,0.47778308647873863,3000,6252,9252,9.252,189392,16,144173240364996770,1276607102766329742,2305843009213693951
1000,1.5,0.75,47,6,random,0.0010178999946219847,1.0178999946219846e-06,460,0.46,11,2073,1395,1000,0.7168458781362007,395,0.7168458781362007,3000,6219,9219,9.219,139776,16,144173240364996770,1276607102766329742,2305843009213693951
1000,1.5,0.9,47,6,random,0.0011290999973425642,1.129099997342564e-06,511,0.511,11,2484,1395,1000,0.7168458781362007,395,0.7168458781362007,3000,7452,10452,10.452,139776,16,144173240364996770,1276607102766329742,2305843009213693951
1000,2.0,0.5,47,6,random,0.0007188000017777085,7.188000017777085e-07,335,0.335,7,1023,2048,1000,0.48828125,1048,0.48828125,3000,3069,6069,6.069,185656,16,144173240364996770,1276607102766329742,2305843009213693951
1000,2.0,0.75,47,6,random,0.0008410000009462237,8.410000009462238e-07,426,0.426,7,1531,2048,1000,0.48828125,1048,0.48828125,3000,4593,7593,7.593,185656,16,144173240364996770,1276607102766329742,2305843009213693951
1000,2.0,0.9,47,6,random,0.0009247999987564981,9.247999987564981e-07,488,0.488,7,1832,2048,1000,0.48828125,1048,0.48828125,3000,5496,8496,8.496,185656,16,144173240364996770,1276607102766329742,2305843009213693951
1000,3.0,0.5,47,6,random,0.0008087000023806468,8.087000023806467e-07,228,0.228,5,973,3888,1000,0.257201646090535,2888,0.257201646090535,3000,2919,5919,5.919,307736,16,144173240364996770,1276607102766329742,2305843009213693951
1000,3.0,0.75,47,6,random,0.0011125000019092113,1.1125000019092114e-06,372,0.372,5,1457,3888,1000,0.257201646090535,2888,0.257201646090535,3000,4371,7371,7.371,307736,16,144173240364996770,1276607102766329742,2305843009213693951
1000,3.0,0.9,47,6,random,0.0005018999945605174,5.018999945605174e-07,405,0.405,4,578,1296,1000,0.7716049382716049,296,0.7716049382716049,3000,1734,4734,4.734,134360,16,144173240364996770,1276607102766329742,2305843009213693951
1000,1.5,0.5,48,7,random,0.0010914000013144687,1.0914000013144688e-06,361,0.361,12,2084,2093,1000,0.47778308647873863,1093,0.47778308647873863,3000,6252,9252,9.252,188912,16,727386515324539458,1284136067485901726,2305843009213693951
1000,1.5,0.75,48,7,random,0.0010079000057885423,1.0079000057885424e-06,440,0.44,11,2073,1395,1000,0.7168458781362007,395,0.7168458781362007,3000,6219,9219,9.219,140800,16,727386515324539458,1284136067485901726,2305843009213693951
1000,1.5,0.9,48,7,random,0.0010829999955603853,1.0829999955603853e-06,502,0.502,11,2484,1395,1000,0.7168458781362007,395,0.7168458781362007,3000,7452,10452,10.452,140800,16,727386515324539458,1284136067485901726,2305843009213693951
1000,2.0,0.5,48,7,random,0.0007272000075317919,7.272000075317919e-07,291,0.291,7,1023,2048,1000,0.48828125,1048,0.48828125,3000,3069,6069,6.069,187064,16,727386515324539458,1284136067485901726,2305843009213693951
1000,2.0,0.75,48,7,random,0.0008678000012878329,8.678000012878329e-07,401,0.401,7,1531,2048,1000,0.48828125,1048,0.48828125,3000,4593,7593,7.593,187064,16,727386515324539458,1284136067485901726,2305843009213693951
1000,2.0,0.9,48,7,random,0.0009178000036627054,9.178000036627054e-07,466,0.466,7,1832,2048,1000,0.48828125,1048,0.48828125,3000,5496,8496,8.496,187064,16,727386515324539458,1284136067485901726,2305843009213693951
1000,3.0,0.5,48,7,random,0.0007542000093962997,7.542000093962998e-07,245,0.245,5,973,3888,1000,0.257201646090535,2888,0.257201646090535,3000,2919,5919,5.919,307512,16,727386515324539458,1284136067485901726,2305843009213693951
1000,3.0,0.75,48,7,random,0.000847500006784685,8.475000067846849e-07,382,0.382,5,1457,3888,1000,0.257201646090535,2888,0.257201646090535,3000,4371,7371,7.371,307512,16,727386515324539458,1284136067485901726,2305843009213693951
1000,3.0,0.9,48,7,random,0.0004914000019198284,4.914000019198283e-07,422,0.422,4,578,1296,1000,0.7716049382716049,296,0.7716049382716049,3000,1734,4734,4.734,134232,16,727386515324539458,1284136067485901726,2305843009213693951
1000,1.5,0.5,49,8,random,0.0011575999960768968,1.1575999960768967e-06,333,0.333,12,2084,2093,1000,0.47778308647873863,1093,0.47778308647873863,3000,6252,9252,9.252,188656,16,793970665397899006,2152094108188559335,2305843009213693951
1000,1.5,0.75,49,8,random,0.0009898999996948987,9.898999996948988e-07,442,0.442,11,2073,1395,1000,0.7168458781362007,395,0.7168458781362007,3000,6219,9219,9.219,140288,16,793970665397899006,2152094108188559335,2305843009213693951
1000,1.5,0.9,49,8,random,0.0010814999986905605,1.0814999986905605e-06,500,0.5,11,2484,1395,1000,0.7168458781362007,395,0.7168458781362007,3000,7452,10452,10.452,140288,16,793970665397899006,2152094108188559335,2305843009213693951
1000,2.0,0.5,49,8,random,0.0007060999923851341,7.060999923851341e-07,288,0.288,7,1023,2048,1000,0.48828125,1048,0.48828125,3000,3069,6069,6.069,186936,16,793970665397899006,2152094108188559335,2305843009213693951
1000,2.0,0.75,49,8,random,0.0008366999973077327,8.366999973077327e-07,402,0.402,7,1531,2048,1000,0.48828125,1048,0.48828125,3000,4593,7593,7.593,186936,16,793970665397899006,2152094108188559335,2305843009213693951
1000,2.0,0.9,49,8,random,0.0009274999902117997,9.274999902117997e-07,482,0.482,7,1832,2048,1000,0.48828125,1048,0.48828125,3000,5496,8496,8.496,186936,16,793970665397899006,2152094108188559335,2305843009213693951
1000,3.0,0.5,49,8,random,0.000760499999159947,7.60499999159947e-07,245,0.245,5,973,3888,1000,0.257201646090535,2888,0.257201646090535,3000,2919,5919,5.919,307224,16,793970665397899006,2152094108188559335,2305843009213693951
1000,3.0,0.75,49,8,random,0.0008497000089846551,8.497000089846552e-07,368,0.368,5,1457,3888,1000,0.257201646090535,2888,0.257201646090535,3000,4371,7371,7.371,307224,16,793970665397899006,2152094108188559335,2305843009213693951
1000,3.0,0.9,49,8,random,0.0004981999954907224,4.981999954907223e-07,401,0.401,4,578,1296,1000,0.7716049382716049,296,0.7716049382716049,3000,1734,4734,4.734,134712,16,793970665397899006,2152094108188559335,2305843009213693951
1000,1.5,0.5,50,9,random,0.0011081999982707202,1.1081999982707202e-06,311,0.311,12,2084,2093,1000,0.47778308647873863,1093,0.47778308647873863,3000,6252,9252,9.252,190192,16,1973099216186019426,839551891445904909,2305843009213693951
1000,1.5,0.75,50,9,random,0.0010325000039301813,1.0325000039301813e-06,447,0.447,11,2073,1395,1000,0.7168458781362007,395,0.7168458781362007,3000,6219,9219,9.219,140288,16,1973099216186019426,839551891445904909,2305843009213693951
1000,1.5,0.9,50,9,random,0.0011017999931937084,1.1017999931937084e-06,487,0.487,11,2484,1395,1000,0.7168458781362007,395,0.7168458781362007,3000,7452,10452,10.452,140288,16,1973099216186019426,839551891445904909,2305843009213693951
1000,2.0,0.5,50,9,random,0.0007158000080380589,7.158000080380589e-07,307,0.307,7,1023,2048,1000,0.48828125,1048,0.48828125,3000,3069,6069,6.069,186264,16,1973099216186019426,839551891445904909,2305843009213693951
1000,2.0,0.75,50,9,random,0.0008374000026378781,8.374000026378781e-07,399,0.399,7,1531,2048,1000,0.48828125,1048,0.48828125,3000,4593,7593,7.593,186264,16,1973099216186019426,839551891445904909,2305843009213693951
1000,2.0,0.9,50,9,random,0.0009034999966388568,9.034999966388568e-07,466,0.466,7,1832,2048,1000,0.48828125,1048,0.48828125,3000,5496,8496,8.496,186264,16,1973099216186019426,839551891445904909,2305843009213693951
1000,3.0,0.5,50,9,random,0.0007410999969579279,7.41099996957928e-07,257,0.257,5,973,3888,1000,0.257201646090535,2888,0.257201646090535,3000,2919,5919,5.919,307256,16,1973099216186019426,839551891445904909,2305843009213693951
1000,3.0,0.75,50,9,random,0.0008588000055169687,8.588000055169686e-07,388,0.388,5,1457,3888,1000,0.257201646090535,2888,0.257201646090535,3000,4371,7371,7.371,307256,16,1973099216186019426,839551891445904909,2305843009213693951
1000,3.0,0.9,50,9,random,0.0005000999954063445,5.000999954063445e-07,434,0.434,4,578,1296,1000,0.7716049382716049,296,0.7716049382716049,3000,1734,4734,4.734,134040,16,1973099216186019426,839551891445904909,2305843009213693951
1000,1.5,0.5,51,10,random,0.0010978999926010147,1.0978999926010146e-06,335,0.335,12,2084,2093,1000,0.47778308647873863,1093,0.47778308647873863,3000,6252,9252,9.252,188560,16,1933427113282973200,1273492775044695229,2305843009213693951
1000,1.5,0.75,51,10,random,0.0010018999892054126,1.0018999892054126e-06,458,0.458,11,2073,1395,1000,0.7168458781362007,395,0.7168458781362007,3000,6219,9219,9.219,139744,16,1933427113282973200,1273492775044695229,2305843009213693951
1000,1.5,0.9,51,10,random,0.0010869999969145283,1.0869999969145283e-06,510,0.51,11,2484,1395,1000,0.7168458781362007,395,0.7168458781362007,3000,7452,10452,10.452,139744,16,1933427113282973200,1273492775044695229,2305843009213693951
1000,2.0,0.5,51,10,random,0.0007093000021995977,7.093000021995976e-07,288,0.288,7,1023,2048,1000,0.48828125,1048,0.48828125,3000,3069,6069,6.069,186808,16,1933427113282973200,1273492775044695229,2305843009213693951
1000,2.0,0.75,51,10,random,0.0008243999909609556,8.243999909609557e-07,388,0.388,7,1531,2048,1000,0.48828125,1048,0.48828125,3000,4593,7593,7.593,186808,16,1933427113282973200,1273492775044695229,2305843009213693951
1000,2.0,0.9,51,10,random,0.0008969999908003956,8.969999908003956e-07,466,0.466,7,1832,2048,1000,0.48828125,1048,0.48828125,3000,5496,8496,8.496,186808,16,1933427113282973200,1273492775044695229,2305843009213693951
1000,3.0,0.5,51,10,random,0.000749400001950562,7.49400001950562e-07,228,0.228,5,973,3888,1000,0.257201646090535,2888,0.257201646090535,3000,2919,5919,5.919,307352,16,1933427113282973200,1273492775044695229,2305843009213693951
1000,3.0,0.75,51,10,random,0.0008644000045023859,8.644000045023859e-07,370,0.37,5,1457,3888,1000,0.257201646090535,2888,0.257201646090535,3000,4371,7371,7.371,307352,16,1933427113282973200,1273492775044695229,2305843009213693951
1000,3.0,0.9,51,10,random,0.0004886999959126115,4.886999959126115e-07,418,0.418,4,578,1296,1000,0.7716049382716049,296,0.7716049382716049,3000,1734,4734,4.734,134616,16,1933427113282973200,1273492775044695229,2305843009213693951
1000,1.5,0.5,52,11,random,0.0010990000009769574,1.0990000009769574e-06,315,0.315,12,2084,2093,1000,0.47778308647873863,1093,0.47778308647873863,3000,6252,9252,9.252,189712,16,618696799174358726,2029214271970554437,2305843009213693951
1000,1.5,0.75,52,11,random,0.0010087999980896711,1.0087999980896711e-06,480,0.48,11,2073,1395,1000,0.7168458781362007,395,0.7168458781362007,3000,6219,9219,9.219,140480,16,618696799174358726,2029214271970554437,2305843009213693951
1000,1.5,0.9,52,11,random,0.001106900002923794,1.1069000029237942e-06,523,0.523,11,2484,1395,1000,0.7168458781362007,395,0.7168458781362007,3000,7452,10452,10.452,140480,16,618696799174358726,2029214271970554437,2305843009213693951
1000,2.0,0.5,52,11,random,0.0007122999959392473,7.122999959392473e-07,289,0.289,7,1023,2048,1000,0.48828125,1048,0.48828125,3000,3069,6069,6.069,186936,16,618696799174358726,2029214271970554437,2305843009213693951
1000,2.0,0.75,52,11,random,0.0008394000033149496,8.394000033149496e-07,397,0.397,7,1531,2048,1000,0.48828125,1048,0.48828125,3000,4593,7593,7.593,186936,16,618696799174358726,2029214271970554437,2305843009213693951
1000,2.0,0.9,52,11,random,0.0009164000075543299,9.1640000755433e-07,478,0.478,7,1832,2048,1000,0.48828125,1048,0.48828125,3000,5496,8496,8.496,186936,16,618696799174358726,2029214271970554437,2305843009213693951
1000,3.0,0.5,52,11,random,0.0008050000033108518,8.050000033108517e-07,264,0.264,5,973,3888,1000,0.257201646090535,2888,0.257201646090535,3000,2919,5919,5.919,306872,16,618696799174358726,2029214271970554437,2305843009213693951
1000,3.0,0.75,52,11,random,0.0008644000045023859,8.644000045023859e-07,401,0.401,5,1457,3888,1000,0.257201646090535,2888,0.257201646090535,3000,4371,7371,7.371,306872,16,618696799174358726,2029214271970554437,2305843009213693951
1000,3.0,0.9,52,11,random,0.0005161000008229166,5.161000008229167e-07,428,0.428,4,578,1296,1000,0.7716049382716049,296,0.7716049382716049,3000,1734,4734,4.734,133720,16,618696799174358726,2029214271970554437,2305843009213693951
1000,1.5,0.5,53,12,random,0.0011033999908249825,1.1033999908249826e-06,313,0.313,12,2084,2093,1000,0.47778308647873863,1093,0.47778308647873863,3000,6252,9252,9.252,189008,16,1967359095987829717,498185230560009946,2305843009213693951
1000,1.5,0.75,53,12,random,0.0010025000083260238,1.0025000083260238e-06,456,0.456,11,2073,1395,1000,0.7168458781362007,395,0.7168458781362007,3000,6219,9219,9.219,140704,16,1967359095987829717,498185230560009946,2305843009213693951
1000,1.5,0.9,53,12,random,0.0010938999912468717,1.0938999912468717e-06,522,0.522,11,2484,1395,1000,0.7168458781362007,395,0.7168458781362007,3000,7452,10452,10.452,140704,16,1967359095987829717,498185230560009946,2305843009213693951
1000,2.0,0.5,53,12,random,0.0007559999939985573,7.559999939985573e-07,288,0.288,7,1023,2048,1000,0.48828125,1048,0.48828125,3000,3069,6069,6.069,187256,16,1967359095987829717,498185230560009946,2305843009213693951
1000,2.0,0.75,53,12,random,0.0008314000006066635,8.314000006066635e-07,391,0.391,7,1531,2048,1000,0.48828125,1048,0.48828125,3000,4593,7593,7.593,187256,16,1967359095987829717,498185230560009946,2305843009213693951
1000,2.0,0.9,53,12,random,0.000901999999769032,9.01999999769032e-07,477,0.477,7,1832,2048,1000,0.48828125,1048,0.48828125,3000,5496,8496,8.496,187256,16,1967359095987829717,498185230560009946,2305843009213693951
1000,3.0,0.5,53,12,random,0.0007465000089723617,7.465000089723616e-07,231,0.231,5,973,3888,1000,0.257201646090535,2888,0.257201646090535,3000,2919,5919,5.919,307832,16,1967359095987829717,498185230560009946,2305843009213693951
1000,3.0,0.75,53,12,random,0.0008577999979024753,8.577999979024753e-07,357,0.357,5,1457,3888,1000,0.257201646090535,2888,0.257201646090535,3000,4371,7371,7.371,307832,16,1967359095987829717,498185230560009946,2305843009213693951
1000,3.0,0.9,53,12,random,0.0004929999995511025,4.929999995511025e-07,396,0.396,4,578,1296,1000,0.7716049382716049,296,0.7716049382716049,3000,1734,4734,4.734,135096,16,1967359095987829717,498185230560009946,2305843009213693951
1000,1.5,0.5,54,13,random,0.0011005999986082315,1.1005999986082316e-06,330,0.33,12,2084,2093,1000,0.47778308647873863,1093,0.47778308647873863,3000,6252,9252,9.252,188784,16,2258536001366688123,1012121370449003109,2305843009213693951
1000,1.5,0.75,54,13,random,0.0009969999955501407,9.969999955501407e-07,470,0.47,11,2073,1395,1000,0.7168458781362007,395,0.7168458781362007,3000,6219,9219,9.219,140928,16,2258536001366688123,1012121370449003109,2305843009213693951
1000,1.5,0.9,54,13,random,0.001087199998437427,1.087199998437427e-06,519,0.519,11,2484,1395,1000,0.7168458781362007,395,0.7168458781362007,3000,7452,10452,10.452,140928,16,2258536001366688123,1012121370449003109,2305843009213693951
1000,2.0,0.5,54,13,random,0.0007093000021995977,7.093000021995976e-07,294,0.294,7,1023,2048,1000,0.48828125,1048,0.48828125,3000,3069,6069,6.069,187032,16,2258536001366688123,1012121370449003109,2305843009213693951
1000,2.0,0.75,54,13,random,0.0008327000105055049,8.327000105055049e-07,386,0.386,7,1531,2048,1000,0.48828125,1048,0.48828125,3000,4593,7593,7.593,187032,16,2258536001366688123,1012121370449003109,2305843009213693951
1000,2.0,0.9,54,13,random,0.0009142000053543597,9.142000053543597e-07,458,0.458,7,1832,2048,1000,0.48828125,1048,0.48828125,3000,5496,8496,8.496,187032,16,2258536001366688123,1012121370449003109,2305843009213693951
1000,3.0,0.5,54,13,random,0.0008944000001065433,8.944000001065433e-07,210,0.21,5,973,3888,1000,0.257201646090535,2888,0.257201646090535,3000,2919,5919,5.919,307896,16,2258536001366688123,1012121370449003109,2305843009213693951
1000,3.0,0.75,54,13,random,0.0009086999925784767,9.086999925784767e-07,348,0.348,5,1457,3888,1000,0.257201646090535,2888,0.257201646090535,3000,4371,7371,7.371,307896,16,2258536001366688123,1012121370449003109,2305843009213693951
1000,3.0,0.9,54,13,random,0.0004924999957438558,4.924999957438558e-07,386,0.386,4,578,1296,1000,0.7716049382716049,296,0.7716049382716049,3000,1734,4734,4.734,135096,16,2258536001366688123,1012121370449003109,2305843009213693951
1000,1.5,0.5,55,14,random,0.0011320000048726797,1.1320000048726798e-06,377,0.377,12,2084,2093,1000,0.47778308647873863,1093,0.47778308647873863,3000,6252,9252,9.252,189424,16,2277903568736387890,452514279465990313,2305843009213693951
1000,1.5,0.75,55,14,random,0.0009827000030782074,9.827000030782074e-07,495,0.495,11,2073,1395,1000,0.7168458781362007,395,0.7168458781362007,3000,6219,9219,9.219,140480,16,2277903568736387890,452514279465990313,2305843009213693951
1000,1.5,0.9,55,14,random,0.0010697000107029453,1.0697000107029454e-06,552,0.552,11,2484,1395,1000,0.7168458781362007,395,0.7168458781362007,3000,7452,10452,10.452,140480,16,2277903568736387890,452514279465990313,2305843009213693951
1000,2.0,0.5,55,14,random,0.0007046999962767586,7.046999962767586e-07,293,0.293,7,1023,2048,1000,0.48828125,1048,0.48828125,3000,3069,6069,6.069,186840,16,2277903568736387890,452514279465990313,2305843009213693951
1000,2.0,0.75,55,14,random,0.0008245999924838543,8.245999924838543e-07,404,0.404,7,1531,2048,1000,0.48828125,1048,0.48828125,3000,4593,7593,7.593,186840,16,2277903568736387890,452514279465990313,2305843009213693951
1000,2.0,0.9,55,14,random,0.0008936000085668638,8.936000085668638e-07,465,0.465,7,1832,2048,1000,0.48828125,1048,0.48828125,3000,5496,8496,8.496,186840,16,2277903568736387890,452514279465990313,2305843009213693951
1000,3.0,0.5,55,14,random,0.0007385999924736097,7.385999924736098e-07,252,0.252,5,973,3888,1000,0.257201646090535,2888,0.257201646090535,3000,2919,5919,5.919,307064,16,2277903568736387890,452514279465990313,2305843009213693951
1000,3.0,0.75,55,14,random,0.0008510000043315813,8.510000043315813e-07,384,0.384,5,1457,3888,1000,0.257201646090535,2888,0.257201646090535,3000,4371,7371,7.371,307064,16,2277903568736387890,452514279465990313,2305843009213693951
1000,3.0,0.9,55,14,random,0.0004945999971823767,4.945999971823767e-07,424,0.424,4,578,1296,1000,0.7716049382716049,296,0.7716049382716049,3000,1734,4734,4.734,134456,16,2277903568736387890,452514279465990313,2305843009213693951
1000,1.5,0.5,56,15,random,0.0011078999959863722,1.1078999959863723e-06,316,0.316,12,2084,2093,1000,0.47778308647873863,1093,0.47778308647873863,3000,6252,9252,9.252,189232,16,1956076132499880650,26508845497723367,2305843009213693951
1000,1.5,0.75,56,15,random,0.0009923000034177676,9.923000034177676e-07,441,0.441,11,2073,1395,1000,0.7168458781362007,395,0.7168458781362007,3000,6219,9219,9.219,141216,16,1956076132499880650,26508845497723367,2305843009213693951
1000,1.5,0.9,56,15,random,0.0010947999980999157,1.0947999980999157e-06,507,0.507,11,2484,1395,1000,0.7168458781362007,395,0.7168458781362007,3000,7452,10452,10.452,141216,16,1956076132499880650,26508845497723367,2305843009213693951
1000,2.0,0.5,56,15,random,0.0007107999990694225,7.107999990694224e-07,279,0.279,7,1023,2048,1000,0.48828125,1048,0.48828125,3000,3069,6069,6.069,187032,16,1956076132499880650,26508845497723367,2305843009213693951
1000,2.0,0.75,56,15,random,0.0008342000073753297,8.342000073753297e-07,385,0.385,7,1531,2048,1000,0.48828125,1048,0.48828125,3000,4593,7593,7.593,187032,16,1956076132499880650,26508845497723367,2305843009213693951
1000,2.0,0.9,56,15,random,0.0009138000023085624,9.138000023085624e-07,464,0.464,7,1832,2048,1000,0.48828125,1048,0.48828125,3000,5496,8496,8.496,187032,16,1956076132499880650,26508845497723367,2305843009213693951
1000,3.0,0.5,56,15,random,0.00074970000423491,7.4970000423491e-07,258,0.258,5,973,3888,1000,0.257201646090535,2888,0.257201646090535,3000,2919,5919,5.919,306488,16,1956076132499880650,26508845497723367,2305843009213693951
1000,3.0,0.75,56,15,random,0.0008500999974785373,8.500999974785373e-07,379,0.379,5,1457,3888,1000,0.257201646090535,2888,0.257201646090535,3000,4371,7371,7.371,306488,16,1956076132499880650,26508845497723367,2305843009213693951
1000,3.0,0.9,56,15,random,0.0005021999968448654,5.021999968448654e-07,410,0.41,4,578,1296,1000,0.7716049382716049,296,0.7716049382716049,3000,1734,4734,4.734,134360,16,1956076132499880650,26508845497723367,2305843009213693951
1000,1.5,0.5,57,16,random,0.0011229999945499003,1.1229999945499002e-06,312,0.312,12,2084,2093,1000,0.47778308647873863,1093,0.47778308647873863,3000,6252,9252,9.252,188976,16,847978861133403702,1395714462194184430,2305843009213693951
1000,1.5,0.75,57,16,random,0.0010171000030823052,1.0171000030823052e-06,445,0.445,11,2073,1395,1000,0.7168458781362007,395,0.7168458781362007,3000,6219,9219,9.219,140736,16,847978861133403702,1395714462194184430,2305843009213693951
1000,1.5,0.9,57,16,random,0.001078899993444793,1.078899993444793e-06,516,0.516,11,2484,1395,1000,0.7168458781362007,395,0.7168458781362007,3000,7452,10452,10.452,140736,16,847978861133403702,1395714462194184430,2305843009213693951
1000,2.0,0.5,57,16,random,0.0007019000040600076,7.019000040600076e-07,296,0.296,7,1023,2048,1000,0.48828125,1048,0.48828125,3000,3069,6069,6.069,186712,16,847978861133403702,1395714462194184430,2305843009213693951
1000,2.0,0.75,57,16,random,0.0008246999932453036,8.246999932453036e-07,386,0.386,7,1531,2048,1000,0.48828125,1048,0.48828125,3000,4593,7593,7.593,186712,16,847978861133403702,1395714462194184430,2305843009213693951
1000,2.0,0.9,57,16,random,0.0008896999934222549,8.896999934222549e-07,460,0.46,7,1832,2048,1000,0.48828125,1048,0.48828125,3000,5496,8496,8.496,186712,16,847978861133403702,1395714462194184430,2305843009213693951
1000,3.0,0.5,57,16,random,0.0007473000005120412,7.473000005120412e-07,240,0.24,5,973,3888,1000,0.257201646090535,2888,0.257201646090535,3000,2919,5919,5.919,307448,16,847978861133403702,1395714462194184430,2305843009213693951
1000,3.0,0.75,57,16,random,0.0008435000054305419,8.435000054305419e-07,373,0.373,5,1457,3888,1000,0.257201646090535,2888,0.257201646090535,3000,4371,7371,7.371,307448,16,847978861133403702,1395714462194184430,2305843009213693951
1000,3.0,0.9,57,16,random,0.0004944999964209273,4.944999964209274e-07,417,0.417,4,578,1296,1000,0.7716049382716049,296,0.7716049382716049,3000,1734,4734,4.734,134520,16,847978861133403702,1395714462194184430,2305843009213693951
1000,1.5,0.5,58,17,random,0.0011039999953936785,1.1039999953936785e-06,326,0.326,12,2084,2093,1000,0.47778308647873863,1093,0.47778308647873863,3000,6252,9252,9.252,189072,16,454612962106966139,1702438209959121919,2305843009213693951
1000,1.5,0.75,58,17,random,0.0010228000028291717,1.0228000028291718e-06,454,0.454,11,2073,1395,1000,0.7168458781362007,395,0.7168458781362007,3000,6219,9219,9.219,140896,16,454612962106966139,1702438209959121919,2305843009213693951
1000,1.5,0.9,58,17,random,0.02751430000353139,2.751430000353139e-05,492,0.492,11,2484,1395,1000,0.7168458781362007,395,0.7168458781362007,3000,7452,10452,10.452,140896,16,454612962106966139,1702438209959121919,2305843009213693951
1000,2.0,0.5,58,17,random,0.0007277999975485727,7.277999975485728e-07,318,0.318,7,1023,2048,1000,0.48828125,1048,0.48828125,3000,3069,6069,6.069,186168,16,454612962106966139,1702438209959121919,2305843009213693951
1000,2.0,0.75,58,17,random,0.0007936000038171187,7.936000038171187e-07,409,0.409,7,1531,2048,1000,0.48828125,1048,0.48828125,3000,4593,7593,7.593,186168,16,454612962106966139,1702438209959121919,2305843009213693951
1000,2.0,0.9,58,17,random,0.0008684000058565289,8.684000058565289e-07,475,0.475,7,1832,2048,1000,0.48828125,1048,0.48828125,3000,5496,8496,8.496,186168,16,454612962106966139,1702438209959121919,2305843009213693951
1000,3.0,0.5,58,17,random,0.0007569000008516014,7.569000008516013e-07,230,0.23,5,973,3888,1000,0.257201646090535,2888,0.257201646090535,3000,2919,5919,5.919,307864,16,454612962106966139,1702438209959121919,2305843009213693951
1000,3.0,0.75,58,17,random,0.0008398000063607469,8.398000063607469e-07,367,0.367,5,1457,3888,1000,0.257201646090535,2888,0.257201646090535,3000,4371,7371,7.371,307864,16,454612962106966139,1702438209959121919,2305843009213693951
1000,3.0,0.9,58,17,random,0.0004899999912595376,4.899999912595376e-07,414,0.414,4,578,1296,1000,0.7716049382716049,296,0.7716049382716049,3000,1734,4734,4.734,134776,16,454612962106966139,1702438209959121919,2305843009213693951
1000,1.5,0.5,59,18,random,0.0011301999911665916,1.1301999911665915e-06,318,0.318,12,2084,2093,1000,0.47778308647873863,1093,0.47778308647873863,3000,6252,9252,9.252,189584,16,195095767942445094,1500048066919629750,2305843009213693951
1000,1.5,0.75,59,18,random,0.0010106000117957592,1.0106000117957591e-06,458,0.458,11,2073,1395,1000,0.7168458781362007,395,0.7168458781362007,3000,6219,9219,9.219,140896,16,195095767942445094,1500048066919629750,2305843009213693951
1000,1.5,0.9,59,18,random,0.0011027000000467524,1.1027000000467525e-06,535,0.535,11,2484,1395,1000,0.7168458781362007,395,0.7168458781362007,3000,7452,10452,10.452,140896,16,195095767942445094,1500048066919629750,2305843009213693951
1000,2.0,0.5,59,18,random,0.00072080000245478,7.208000024547801e-07,284,0.284,7,1023,2048,1000,0.48828125,1048,0.48828125,3000,3069,6069,6.069,186936,16,195095767942445094,1500048066919629750,2305843009213693951
1000,2.0,0.75,59,18,random,0.0008397999918088317,8.397999918088317e-07,398,0.398,7,1531,2048,1000,0.48828125,1048,0.48828125,3000,4593,7593,7.593,186936,16,195095767942445094,1500048066919629750,2305843009213693951
1000,2.0,0.9,59,18,random,0.0009168999968096614,9.168999968096614e-07,472,0.472,7,1832,2048,1000,0.48828125,1048,0.48828125,3000,5496,8496,8.496,186936,16,195095767942445094,1500048066919629750,2305843009213693951
1000,3.0,0.5,59,18,random,0.0007870000117691234,7.870000117691234e-07,232,0.232,5,973,3888,1000,0.257201646090535,2888,0.257201646090535,3000,2919,5919,5.919,307800,16,195095767942445094,1500048066919629750,2305843009213693951
1000,3.0,0.75,59,18,random,0.0008623999892733991,8.623999892733991e-07,371,0.371,5,1457,3888,1000,0.257201646090535,2888,0.257201646090535,3000,4371,7371,7.371,307800,16,195095767942445094,1500048066919629750,2305843009213693951
1000,3.0,0.9,59,18,random,0.0004945999971823767,4.945999971823767e-07,406,0.406,4,578,1296,1000,0.7716049382716049,296,0.7716049382716049,3000,1734,4734,4.734,134584,16,195095767942445094,1500048066919629750,2305843009213693951
1000,1.5,0.5,60,19,random,0.0011146999895572662,1.1146999895572663e-06,324,0.324,12,2084,2093,1000,0.47778308647873863,1093,0.47778308647873863,3000,6252,9252,9.252,189200,16,653524007492807808,355415340864572460,2305843009213693951
1000,1.5,0.75,60,19,random,0.0010110000002896413,1.0110000002896414e-06,458,0.458,11,2073,1395,1000,0.7168458781362007,395,0.7168458781362007,3000,6219,9219,9.219,140576,16,653524007492807808,355415340864572460,2305843009213693951
1000,1.5,0.9,60,19,random,0.0011012999893864617,1.1012999893864618e-06,514,0.514,11,2484,1395,1000,0.7168458781362007,395,0.7168458781362007,3000,7452,10452,10.452,140576,16,653524007492807808,355415340864572460,2305843009213693951
1000,2.0,0.5,60,19,random,0.0007231999916257337,7.231999916257337e-07,296,0.296,7,1023,2048,1000,0.48828125,1048,0.48828125,3000,3069,6069,6.069,186712,16,653524007492807808,355415340864572460,2305843009213693951
1000,2.0,0.75,60,19,random,0.0008473000052617863,8.473000052617863e-07,398,0.398,7,1531,2048,1000,0.48828125,1048,0.48828125,3000,4593,7593,7.593,186712,16,653524007492807808,355415340864572460,2305843009213693951
1000,2.0,0.9,60,19,random,0.0009047000057762489,9.047000057762489e-07,483,0.483,7,1832,2048,1000,0.48828125,1048,0.48828125,3000,5496,8496,8.496,186712,16,653524007492807808,355415340864572460,2305843009213693951
1000,3.0,0.5,60,19,random,0.0007465999951818958,7.465999951818958e-07,232,0.232,5,973,3888,1000,0.257201646090535,2888,0.257201646090535,3000,2919,5919,5.919,307544,16,653524007492807808,355415340864572460,2305843009213693951
1000,3.0,0.75,60,19,random,0.000875899990205653,8.758999902056531e-07,369,0.369,5,1457,3888,1000,0.257201646090535,2888,0.257201646090535,3000,4371,7371,7.371,307544,16,653524007492807808,355415340864572460,2305843009213693951
1000,3.0,0.9,60,19,random,0.0005025999998906627,5.025999998906627e-07,406,0.406,4,578,1296,1000,0.7716049382716049,296,0.7716049382716049,3000,1734,4734,4.734,134712,16,653524007492807808,355415340864572460,2305843009213693951
1000,1.5,0.5,61,20,random,0.0011073000059695914,1.1073000059695915e-06,325,0.325,12,2084,2093,1000,0.47778308647873863,1093,0.47778308647873863,3000,6252,9252,9.252,188752,16,418983635330710152,499844581152741729,2305843009213693951
1000,1.5,0.75,61,20,random,0.0010009999969042838,1.0009999969042837e-06,450,0.45,11,2073,1395,1000,0.7168458781362007,395,0.7168458781362007,3000,6219,9219,9.219,140832,16,418983635330710152,499844581152741729,2305843009213693951
1000,1.5,0.9,61,20,random,0.0011114000080851838,1.1114000080851839e-06,526,0.526,11,2484,1395,1000,0.7168458781362007,395,0.7168458781362007,3000,7452,10452,10.452,140832,16,418983635330710152,499844581152741729,2305843009213693951
1000,2.0,0.5,61,20,random,0.0007234999939100817,7.234999939100816e-07,302,0.302,7,1023,2048,1000,0.48828125,1048,0.48828125,3000,3069,6069,6.069,186488,16,418983635330710152,499844581152741729,2305843009213693951
1000,2.0,0.75,61,20,random,0.0008430000016232952,8.430000016232953e-07,404,0.404,7,1531,2048,1000,0.48828125,1048,0.48828125,3000,4593,7593,7.593,186488,16,418983635330710152,499844581152741729,2305843009213693951
1000,2.0,0.9,61,20,random,0.0009152999991783872,9.152999991783872e-07,471,0.471,7,1832,2048,1000,0.48828125,1048,0.48828125,3000,5496,8496,8.496,186488,16,418983635330710152,499844581152741729,2305843009213693951
1000,3.0,0.5,61,20,random,0.0007596999930683523,7.596999930683524e-07,255,0.255,5,973,3888,1000,0.257201646090535,2888,0.257201646090535,3000,2919,5919,5.919,307032,16,418983635330710152,499844581152741729,2305843009213693951
1000,3.0,0.75,61,20,random,0.0008923999994294718,8.923999994294718e-07,384,0.384,5,1457,3888,1000,0.257201646090535,2888,0.257201646090535,3000,4371,7371,7.371,307032,16,418983635330710152,499844581152741729,2305843009213693951
1000,3.0,0.9,61,20,random,0.0005032000044593588,5.032000044593588e-07,418,0.418,4,578,1296,1000,0.7716049382716049,296,0.7716049382716049,3000,1734,4734,4.734,134200,16,418983635330710152,499844581152741729,2305843009213693951
1000,1.5,0.5,62,21,random,0.0012655000027734786,1.2655000027734787e-06,291,0.291,12,2084,2093,1000,0.47778308647873863,1093,0.47778308647873863,3000,6252,9252,9.252,189904,16,1326467972949138173,150235521510768009,2305843009213693951
1000,1.5,0.75,62,21,random,0.0009968999947886914,9.968999947886913e-07,463,0.463,11,2073,1395,1000,0.7168458781362007,395,0.7168458781362007,3000,6219,9219,9.219,140768,16,1326467972949138173,150235521510768009,2305843009213693951
1000,1.5,0.9,62,21,random,0.0010860000038519502,1.0860000038519502e-06,517,0.517,11,2484,1395,1000,0.7168458781362007,395,0.7168458781362007,3000,7452,10452,10.452,140768,16,1326467972949138173,150235521510768009,2305843009213693951
1000,2.0,0.5,62,21,random,0.0007314999966183677,7.314999966183677e-07,280,0.28,7,1023,2048,1000,0.48828125,1048,0.48828125,3000,3069,6069,6.069,187000,16,1326467972949138173,150235521510768009,2305843009213693951
1000,2.0,0.75,62,21,random,0.0008298999891849235,8.298999891849234e-07,402,0.402,7,1531,2048,1000,0.48828125,1048,0.48828125,3000,4593,7593,7.593,187000,16,1326467972949138173,150235521510768009,2305843009213693951
1000,2.0,0.9,62,21,random,0.0008990999922389165,8.990999922389164e-07,468,0.468,7,1832,2048,1000,0.48828125,1048,0.48828125,3000,5496,8496,8.496,187000,16,1326467972949138173,150235521510768009,2305843009213693951
1000,3.0,0.5,62,21,random,0.0007614000060129911,7.614000060129911e-07,252,0.252,5,973,3888,1000,0.257201646090535,2888,0.257201646090535,3000,2919,5919,5.919,307320,16,1326467972949138173,150235521510768009,2305843009213693951
1000,3.0,0.75,62,21,random,0.0008680000028107315,8.680000028107315e-07,392,0.392,5,1457,3888,1000,0.257201646090535,2888,0.257201646090535,3000,4371,7371,7.371,307320,16,1326467972949138173,150235521510768009,2305843009213693951
1000,3.0,0.9,62,21,random,0.0005233000119915232,5.233000119915232e-07,421,0.421,4,578,1296,1000,0.7716049382716049,296,0.7716049382716049,3000,1734,4734,4.734,134072,16,1326467972949138173,150235521510768009,2305843009213693951
1000,1.5,0.5,63,22,random,0.0011153999948874116,1.1153999948874116e-06,317,0.317,12,2084,2093,1000,0.47778308647873863,1093,0.47778308647873863,3000,6252,9252,9.252,189424,16,1024322815512585445,2145571529822921201,2305843009213693951
1000,1.5,0.75,63,22,random,0.0010172000038437545,1.0172000038437546e-06,440,0.44,11,2073,1395,1000,0.7168458781362007,395,0.7168458781362007,3000,6219,9219,9.219,140960,16,1024322815512585445,2145571529822921201,2305843009213693951
1000,1.5,0.9,63,22,random,0.001099200002499856,1.099200002499856e-06,516,0.516,11,2484,1395,1000,0.7168458781362007,395,0.7168458781362007,3000,7452,10452,10.452,140960,16,1024322815512585445,2145571529822921201,2305843009213693951
1000,2.0,0.5,63,22,random,0.0007060000061756,7.060000061756e-07,291,0.291,7,1023,2048,1000,0.48828125,1048,0.48828125,3000,3069,6069,6.069,187000,16,1024322815512585445,2145571529822921201,2305843009213693951
1000,2.0,0.75,63,22,random,0.0008271999977296218,8.271999977296218e-07,409,0.409,7,1531,2048,1000,0.48828125,1048,0.48828125,3000,4593,7593,7.593,187000,16,1024322815512585445,2145571529822921201,2305843009213693951
1000,2.0,0.9,63,22,random,0.0008965000015450642,8.965000015450641e-07,474,0.474,7,1832,2048,1000,0.48828125,1048,0.48828125,3000,5496,8496,8.496,187000,16,1024322815512585445,2145571529822921201,2305843009213693951
1000,3.0,0.5,63,22,random,0.0007805000059306622,7.805000059306622e-07,248,0.248,5,973,3888,1000,0.257201646090535,2888,0.257201646090535,3000,2919,5919,5.919,307512,16,1024322815512585445,2145571529822921201,2305843009213693951
1000,3.0,0.75,63,22,random,0.0008516000089002773,8.516000089002773e-07,369,0.369,5,1457,3888,1000,0.257201646090535,2888,0.257201646090535,3000,4371,7371,7.371,307512,16,1024322815512585445,2145571529822921201,2305843009213693951
1000,3.0,0.9,63,22,random,0.0004952000017510727,4.952000017510727e-07,407,0.407,4,578,1296,1000,0.7716049382716049,296,0.7716049382716049,3000,1734,4734,4.734,135000,16,1024322815512585445,2145571529822921201,2305843009213693951
1000,1.5,0.5,64,23,random,0.0010964999964926392,1.0964999964926392e-06,305,0.305,12,2084,2093,1000,0.47778308647873863,1093,0.47778308647873863,3000,6252,9252,9.252,189104,16,287886780813115929,1413457234261051687,2305843009213693951
1000,1.5,0.75,64,23,random,0.0010030000121332705,1.0030000121332705e-06,442,0.442,11,2073,1395,1000,0.7168458781362007,395,0.7168458781362007,3000,6219,9219,9.219,140512,16,287886780813115929,1413457234261051687,2305843009213693951
1000,1.5,0.9,64,23,random,0.0010793999972520396,1.0793999972520396e-06,510,0.51,11,2484,1395,1000,0.7168458781362007,395,0.7168458781362007,3000,7452,10452,10.452,140512,16,287886780813115929,1413457234261051687,2305843009213693951
1000,2.0,0.5,64,23,random,0.00071189999289345,7.118999928934499e-07,289,0.289,7,1023,2048,1000,0.48828125,1048,0.48828125,3000,3069,6069,6.069,186968,16,287886780813115929,1413457234261051687,2305843009213693951
1000,2.0,0.75,64,23,random,0.0008219000010285527,8.219000010285527e-07,397,0.397,7,1531,2048,1000,0.48828125,1048,0.48828125,3000,4593,7593,7.593,186968,16,287886780813115929,1413457234261051687,2305843009213693951
1000,2.0,0.9,64,23,random,0.0009043999889399856,9.043999889399856e-07,472,0.472,7,1832,2048,1000,0.48828125,1048,0.48828125,3000,5496,8496,8.496,186968,16,287886780813115929,1413457234261051687,2305843009213693951
1000,3.0,0.5,64,23,random,0.000755299988668412,7.55299988668412e-07,242,0.242,5,973,3888,1000,0.257201646090535,2888,0.257201646090535,3000,2919,5919,5.919,307576,16,287886780813115929,1413457234261051687,2305843009213693951
1000,3.0,0.75,64,23,random,0.0008902999979909509,8.902999979909509e-07,367,0.367,5,1457,3888,1000,0.257201646090535,2888,0.257201646090535,3000,4371,7371,7.371,307576,16,287886780813115929,1413457234261051687,2305843009213693951
1000,3.0,0.9,64,23,random,0.0005013000045437366,5.013000045437366e-07,405,0.405,4,578,1296,1000,0.7716049382716049,296,0.7716049382716049,3000,1734,4734,4.734,134520,16,287886780813115929,1413457234261051687,2305843009213693951
1000,1.5,0.5,65,24,random,0.0011171000078320503,1.1171000078320504e-06,338,0.338,12,2084,2093,1000,0.47778308647873863,1093,0.47778308647873863,3000,6252,9252,9.252,189904,16,666030003530279332,1185754838603315180,2305843009213693951
1000,1.5,0.75,65,24,random,0.001028400001814589,1.028400001814589e-06,437,0.437,11,2073,1395,1000,0.7168458781362007,395,0.7168458781362007,3000,6219,9219,9.219,140736,16,666030003530279332,1185754838603315180,2305843009213693951
1000,1.5,0.9,65,24,random,0.0010981999948853627,1.0981999948853628e-06,493,0.493,11,2484,1395,1000,0.7168458781362007,395,0.7168458781362007,3000,7452,10452,10.452,140736,16,666030003530279332,1185754838603315180,2305843009213693951
1000,2.0,0.5,65,24,random,0.0007276999967871234,7.276999967871234e-07,311,0.311,7,1023,2048,1000,0.48828125,1048,0.48828125,3000,3069,6069,6.069,186872,16,666030003530279332,1185754838603315180,2305843009213693951
1000,2.0,0.75,65,24,random,0.0009500000014668331,9.50000001466833e-07,417,0.417,7,1531,2048,1000,0.48828125,1048,0.48828125,3000,4593,7593,7.593,186872,16,666030003530279332,1185754838603315180,2305843009213693951
1000,2.0,0.9,65,24,random,0.0009317999938502908,9.317999938502907e-07,488,0.488,7,1832,2048,1000,0.48828125,1048,0.48828125,3000,5496,8496,8.496,186872,16,666030003530279332,1185754838603315180,2305843009213693951
1000,3.0,0.5,65,24,random,0.0007745999901089817,7.745999901089817e-07,225,0.225,5,973,3888,1000,0.257201646090535,2888,0.257201646090535,3000,2919,5919,5.919,308120,16,666030003530279332,1185754838603315180,2305843009213693951
1000,3.0,0.75,65,24,random,0.0008987000037450343,8.987000037450344e-07,368,0.368,5,1457,3888,1000,0.257201646090535,2888,0.257201646090535,3000,4371,7371,7.371,308120,16,666030003530279332,1185754838603315180,2305843009213693951
1000,3.0,0.9,65,24,random,0.0005049000028520823,5.049000028520823e-07,402,0.402,4,578,1296,1000,0.7716049382716049,296,0.7716049382716049,3000,1734,4734,4.734,134744,16,666030003530279332,1185754838603315180,2305843009213693951
1000,1.5,0.5,66,25,random,0.0011188000062247738,1.1188000062247738e-06,319,0.319,12,2084,2093,1000,0.47778308647873863,1093,0.47778308647873863,3000,6252,9252,9.252,189584,16,719391770955253926,2130106160647316609,2305843009213693951
1000,1.5,0.75,66,25,random,0.000986900005955249,9.86900005955249e-07,475,0.475,11,2073,1395,1000,0.7168458781362007,395,0.7168458781362007,3000,6219,9219,9.219,140544,16,719391770955253926,2130106160647316609,2305843009213693951
1000,1.5,0.9,66,25,random,0.0010895000013988465,1.0895000013988464e-06,533,0.533,11,2484,1395,1000,0.7168458781362007,395,0.7168458781362007,3000,7452,10452,10.452,140544,16,719391770955253926,2130106160647316609,2305843009213693951
1000,2.0,0.5,66,25,random,0.0007117999921320006,7.117999921320006e-07,295,0.295,7,1023,2048,1000,0.48828125,1048,0.48828125,3000,3069,6069,6.069,186584,16,719391770955253926,2130106160647316609,2305843009213693951
1000,2.0,0.75,66,25,random,0.000828799995360896,8.28799995360896e-07,395,0.395,7,1531,2048,1000,0.48828125,1048,0.48828125,3000,4593,7593,7.593,186584,16,719391770955253926,2130106160647316609,2305843009213693951
1000,2.0,0.9,66,25,random,0.0008908000017981976,8.908000017981976e-07,470,0.47,7,1832,2048,1000,0.48828125,1048,0.48828125,3000,5496,8496,8.496,186584,16,719391770955253926,2130106160647316609,2305843009213693951
1000,3.0,0.5,66,25,random,0.0007384999917121604,7.384999917121604e-07,242,0.242,5,973,3888,1000,0.257201646090535,2888,0.257201646090535,3000,2919,5919,5.919,307672,16,719391770955253926,2130106160647316609,2305843009213693951
1000,3.0,0.75,66,25,random,0.0008726999949431047,8.726999949431047e-07,378,0.378,5,1457,3888,1000,0.257201646090535,2888,0.257201646090535,3000,4371,7371,7.371,307672,16,719391770955253926,2130106160647316609,2305843009213693951
1000,3.0,0.9,66,25,random,0.0005059999966761097,5.059999966761097e-07,416,0.416,4,578,1296,1000,0.7716049382716049,296,0.7716049382716049,3000,1734,4734,4.734,134136,16,719391770955253926,2130106160647316609,2305843009213693951
1000,1.5,0.5,67,26,random,0.0011123000003863126,1.1123000003863126e-06,362,0.362,12,2084,2093,1000,0.47778308647873863,1093,0.47778308647873863,3000,6252,9252,9.252,189168,16,267692963849940753,941673545738002381,2305843009213693951
1000,1.5,0.75,67,26,random,0.000999800002318807,9.998000023188068e-07,489,0.489,11,2073,1395,1000,0.7168458781362007,395,0.7168458781362007,3000,6219,9219,9.219,138624,16,267692963849940753,941673545738002381,2305843009213693951
1000,1.5,0.9,67,26,random,0.0010959000064758584,1.0959000064758584e-06,544,0.544,11,2484,1395,1000,0.7168458781362007,395,0.7168458781362007,3000,7452,10452,10.452,138624,16,267692963849940753,941673545738002381,2305843009213693951
1000,2.0,0.5,67,26,random,0.000719899995601736,7.19899995601736e-07,295,0.295,7,1023,2048,1000,0.48828125,1048,0.48828125,3000,3069,6069,6.069,186872,16,267692963849940753,941673545738002381,2305843009213693951
1000,2.0,0.75,67,26,random,0.0008379999926546589,8.379999926546589e-07,388,0.388,7,1531,2048,1000,0.48828125,1048,0.48828125,3000,4593,7593,7.593,186872,16,267692963849940753,941673545738002381,2305843009213693951
1000,2.0,0.9,67,26,random,0.0009220000065397471,9.220000065397471e-07,457,0.457,7,1832,2048,1000,0.48828125,1048,0.48828125,3000,5496,8496,8.496,186872,16,267692963849940753,941673545738002381,2305843009213693951
1000,3.0,0.5,67,26,random,0.0007458000036422163,7.458000036422163e-07,250,0.25,5,973,3888,1000,0.257201646090535,2888,0.257201646090535,3000,2919,5919,5.919,307384,16,267692963849940753,941673545738002381,2305843009213693951
1000,3.0,0.75,67,26,random,0.0008562000002712011,8.562000002712012e-07,372,0.372,5,1457,3888,1000,0.257201646090535,2888,0.257201646090535,3000,4371,7371,7.371,307384,16,267692963849940753,941673545738002381,2305843009213693951
1000,3.0,0.9,67,26,random,0.0004965000116499141,4.96500011649914e-07,412,0.412,4,578,1296,1000,0.7716049382716049,296,0.7716049382716049,3000,1734,4734,4.734,134776,16,267692963849940753,941673545738002381,2305843009213693951
1000,1.5,0.5,68,27,random,0.0011263000051258132,1.1263000051258132e-06,319,0.319,12,2084,2093,1000,0.47778308647873863,1093,0.47778308647873863,3000,6252,9252,9.252,189872,16,1075367493781816306,1590101887495472611,2305843009213693951
1000,1.5,0.75,68,27,random,0.0010030999983428046,1.0030999983428046e-06,428,0.428,11,2073,1395,1000,0.7168458781362007,395,0.7168458781362007,3000,6219,9219,9.219,140576,16,1075367493781816306,1590101887495472611,2305843009213693951
1000,1.5,0.9,68,27,random,0.001090599995222874,1.090599995222874e-06,517,0.517,11,2484,1395,1000,0.7168458781362007,395,0.7168458781362007,3000,7452,10452,10.452,140576,16,1075367493781816306,1590101887495472611,2305843009213693951
1000,2.0,0.5,68,27,random,0.0007058999908622354,7.058999908622354e-07,296,0.296,7,1023,2048,1000,0.48828125,1048,0.48828125,3000,3069,6069,6.069,186424,16,1075367493781816306,1590101887495472611,2305843009213693951
1000,2.0,0.75,68,27,random,0.000832799996715039,8.32799996715039e-07,379,0.379,7,1531,2048,1000,0.48828125,1048,0.48828125,3000,4593,7593,7.593,186424,16,1075367493781816306,1590101887495472611,2305843009213693951
1000,2.0,0.9,68,27,random,0.0009113999985856935,9.113999985856935e-07,452,0.452,7,1832,2048,1000,0.48828125,1048,0.48828125,3000,5496,8496,8.496,186424,16,1075367493781816306,1590101887495472611,2305843009213693951
1000,3.0,0.5,68,27,random,0.0007481000066036358,7.481000066036358e-07,234,0.234,5,973,3888,1000,0.257201646090535,2888,0.257201646090535,3000,2919,5919,5.919,307832,16,1075367493781816306,1590101887495472611,2305843009213693951
1000,3.0,0.75,68,27,random,0.0008519000111846253,8.519000111846253e-07,377,0.377,5,1457,3888,1000,0.257201646090535,2888,0.257201646090535,3000,4371,7371,7.371,307832,16,1075367493781816306,1590101887495472611,2305843009213693951
1000,3.0,0.9,68,27,random,0.0004972000024281442,4.972000024281442e-07,419,0.419,4,578,1296,1000,0.7716049382716049,296,0.7716049382716049,3000,1734,4734,4.734,134520,16,1075367493781816306,1590101887495472611,2305843009213693951
1000,1.5,0.5,69,28,random,0.001104399998439476,1.1043999984394758e-06,347,0.347,12,2084,2093,1000,0.47778308647873863,1093,0.47778308647873863,3000,6252,9252,9.252,188944,16,86018572855962195,1847883699258444581,2305843009213693951
1000,1.5,0.75,69,28,random,0.0010084999958053231,1.0084999958053232e-06,434,0.434,11,2073,1395,1000,0.7168458781362007,395,0.7168458781362007,3000,6219,9219,9.219,140576,16,86018572855962195,1847883699258444581,2305843009213693951
1000,1.5,0.9,69,28,random,0.0010971000010613352,1.0971000010613353e-06,514,0.514,11,2484,1395,1000,0.7168458781362007,395,0.7168458781362007,3000,7452,10452,10.452,140576,16,86018572855962195,1847883699258444581,2305843009213693951
1000,2.0,0.5,69,28,random,0.000723299992387183,7.23299992387183e-07,309,0.309,7,1023,2048,1000,0.48828125,1048,0.48828125,3000,3069,6069,6.069,186680,16,86018572855962195,1847883699258444581,2305843009213693951
1000,2.0,0.75,69,28,random,0.0008510000043315813,8.510000043315813e-07,401,0.401,7,1531,2048,1000,0.48828125,1048,0.48828125,3000,4593,7593,7.593,186680,16,86018572855962195,1847883699258444581,2305843009213693951
1000,2.0,0.9,69,28,random,0.0009178000036627054,9.178000036627054e-07,473,0.473,7,1832,2048,1000,0.48828125,1048,0.48828125,3000,5496,8496,8.496,186680,16,86018572855962195,1847883699258444581,2305843009213693951
1000,3.0,0.5,69,28,random,0.0007563999970443547,7.563999970443546e-07,227,0.227,5,973,3888,1000,0.257201646090535,2888,0.257201646090535,3000,2919,5919,5.919,307736,16,86018572855962195,1847883699258444581,2305843009213693951
1000,3.0,0.75,69,28,random,0.0008527000027243048,8.527000027243048e-07,371,0.371,5,1457,3888,1000,0.257201646090535,2888,0.257201646090535,3000,4371,7371,7.371,307736,16,86018572855962195,1847883699258444581,2305843009213693951
1000,3.0,0.9,69,28,random,0.0005049999890616164,5.049999890616163e-07,414,0.414,4,578,1296,1000,0.7716049382716049,296,0.7716049382716049,3000,1734,4734,4.734,134680,16,86018572855962195,1847883699258444581,2305843009213693951
1000,1.5,0.5,70,29,random,0.0010970000002998859,1.097000000299886e-06,332,0.332,12,2084,2093,1000,0.47778308647873863,1093,0.47778308647873863,3000,6252,9252,9.252,189040,16,273089160051860230,1621121173616640907,2305843009213693951
1000,1.5,0.75,70,29,random,0.0016174000047612935,1.6174000047612935e-06,449,0.449,11,2073,1395,1000,0.7168458781362007,395,0.7168458781362007,3000,6219,9219,9.219,140576,16,273089160051860230,1621121173616640907,2305843009213693951
1000,1.5,0.9,70,29,random,0.0012709000002359971,1.2709000002359971e-06,494,0.494,11,2484,1395,1000,0.7168458781362007,395,0.7168458781362007,3000,7452,10452,10.452,140576,16,273089160051860230,1621121173616640907,2305843009213693951
1000,2.0,0.5,70,29,random,0.029513700006646104,2.9513700006646103e-05,303,0.303,7,1023,2048,1000,0.48828125,1048,0.48828125,3000,3069,6069,6.069,186840,16,273089160051860230,1621121173616640907,2305843009213693951
1000,2.0,0.75,70,29,random,0.000836499995784834,8.36499995784834e-07,415,0.415,7,1531,2048,1000,0.48828125,1048,0.48828125,3000,4593,7593,7.593,186840,16,273089160051860230,1621121173616640907,2305843009213693951
1000,2.0,0.9,70,29,random,0.0008631999953649938,8.631999953649938e-07,478,0.478,7,1832,2048,1000,0.48828125,1048,0.48828125,3000,5496,8496,8.496,186840,16,273089160051860230,1621121173616640907,2305843009213693951
1000,3.0,0.5,70,29,random,0.0007285000028787181,7.285000028787181e-07,227,0.227,5,973,3888,1000,0.257201646090535,2888,0.257201646090535,3000,2919,5919,5.919,307480,16,273089160051860230,1621121173616640907,2305843009213693951
1000,3.0,0.75,70,29,random,0.0008195999980671331,8.195999980671331e-07,361,0.361,5,1457,3888,1000,0.257201646090535,2888,0.257201646090535,3000,4371,7371,7.371,307480,16,273089160051860230,1621121173616640907,2305843009213693951
1000,3.0,0.9,70,29,random,0.0004948999994667247,4.948999994667247e-07,404,0.404,4,578,1296,1000,0.7716049382716049,296,0.7716049382716049,3000,1734,4734,4.734,134776,16,273089160051860230,1621121173616640907,2305843009213693951
1000,1.5,0.5,71,30,random,0.0010825000063050538,1.0825000063050539e-06,308,0.308,12,2084,2093,1000,0.47778308647873863,1093,0.47778308647873863,3000,6252,9252,9.252,189616,16,1172432318357405658,1841538480035479711,2305843009213693951
1000,1.5,0.75,71,30,random,0.0009663000091677532,9.66300009167753e-07,426,0.426,11,2073,1395,1000,0.7168458781362007,395,0.7168458781362007,3000,6219,9219,9.219,140480,16,1172432318357405658,1841538480035479711,2305843009213693951
1000,1.5,0.9,71,30,random,0.0010729999921750277,1.0729999921750278e-06,494,0.494,11,2484,1395,1000,0.7168458781362007,395,0.7168458781362007,3000,7452,10452,10.452,140480,16,1172432318357405658,1841538480035479711,2305843009213693951
1000,2.0,0.5,71,30,random,0.0007165999995777383,7.165999995777384e-07,294,0.294,7,1023,2048,1000,0.48828125,1048,0.48828125,3000,3069,6069,6.069,186648,16,1172432318357405658,1841538480035479711,2305843009213693951
1000,2.0,0.75,71,30,random,0.0008440000092377886,8.440000092377886e-07,391,0.391,7,1531,2048,1000,0.48828125,1048,0.48828125,3000,4593,7593,7.593,186648,16,1172432318357405658,1841538480035479711,2305843009213693951
1000,2.0,0.9,71,30,random,0.0008994999952847138,8.994999952847138e-07,469,0.469,7,1832,2048,1000,0.48828125,1048,0.48828125,3000,5496,8496,8.496,186648,16,1172432318357405658,1841538480035479711,2305843009213693951
1000,3.0,0.5,71,30,random,0.000749099999666214,7.49099999666214e-07,221,0.221,5,973,3888,1000,0.257201646090535,2888,0.257201646090535,3000,2919,5919,5.919,307704,16,1172432318357405658,1841538480035479711,2305843009213693951
1000,3.0,0.75,71,30,random,0.0008548000041628256,8.548000041628256e-07,368,0.368,5,1457,3888,1000,0.257201646090535,2888,0.257201646090535,3000,4371,7371,7.371,307704,16,1172432318357405658,1841538480035479711,2305843009213693951
1000,3.0,0.9,71,30,random,0.0004957000055583194,4.957000055583194e-07,422,0.422,4,578,1296,1000,0.7716049382716049,296,0.7716049382716049,3000,1734,4734,4.734,134456,16,1172432318357405658,1841538480035479711,2305843009213693951
5000,1.5,0.5,42,1,random,0.006215599991264753,1.2431199982529506e-06,1564,0.3128,16,10591,10598,5000,0.47178712964710323,5598,0.47178712964710323,15000,31773,46773,9.3546,948360,16,256711980439665054,1709899044117486289,2305843009213693951
5000,1.5,0.75,42,1,random,0.005171099997824058,1.0342199995648115e-06,2328,0.4656,15,10579,7065,5000,0.7077140835102619,2065,0.7077140835102619,15000,31737,46737,9.3474,712752,16,256711980439665054,1709899044117486289,2305843009213693951
5000,1.5,0.9,42,1,random,0.005598100004135631,1.1196200008271262e-06,2588,0.5176,15,12691,7065,5000,0.7077140835102619,2065,0.7077140835102619,15000,38073,53073,10.6146,712752,16,256711980439665054,1709899044117486289,2305843009213693951
5000,2.0,0.5,42,1,random,0.00512929999968037,1.025859999936074e-06,1543,0.3086,10,8194,16384,5000,0.30517578125,11384,0.30517578125,15000,24582,39582,7.9164,1324504,16,256711980439665054,1709899044117486289,2305843009213693951
5000,2.0,0.75,42,1,random,0.003730099997483194,7.460199994966388e-07,2031,0.4062,9,6141,8192,5000,0.6103515625,3192,0.6103515625,15000,18423,33423,6.6846,787416,16,256711980439665054,1709899044117486289,2305843009213693951
5000,2.0,0.9,42,1,random,0.003999499997007661,7.998999994015321e-07,2319,0.4638,9,7363,8192,5000,0.6103515625,3192,0.6103515625,15000,22089,37089,7.4178,787416,16,256711980439665054,1709899044117486289,2305843009213693951
5000,3.0,0.5,42,1,random,0.0027938000130234286,5.587600026046857e-07,1238,0.2476,6,2918,11664,5000,0.4286694101508916,6664,0.4286694101508916,15000,8754,23754,4.7508,1022104,16,256711980439665054,1709899044117486289,2305843009213693951
5000,3.0,0.75,42,1,random,0.0032001000072341412,6.400200014468282e-07,1648,0.3296,6,4374,11664,5000,0.4286694101508916,6664,0.4286694101508916,15000,13122,28122,5.6244,1022104,16,256711980439665054,1709899044117486289,2305843009213693951
5000,3.0,0.9,42,1,random,0.0035072999889962375,7.014599977992475e-07,1943,0.3886,6,5245,11664,5000,0.4286694101508916,6664,0.4286694101508916,15000,15735,30735,6.147,1022104,16,256711980439665054,1709899044117486289,2305843009213693951
5000,1.5,0.5,43,2,random,0.0056280999997397885,1.1256199999479577e-06,1632,0.3264,16,10591,10598,5000,0.47178712964710323,5598,0.47178712964710323,15000,31773,46773,9.3546,947624,16,659665203979258006,1758630025113616856,2305843009213693951
5000,1.5,0.75,43,2,random,0.0049506999930599704,9.901399986119941e-07,2318,0.4636,15,10579,7065,5000,0.7077140835102619,2065,0.7077140835102619,15000,31737,46737,9.3474,710896,16,659665203979258006,1758630025113616856,2305843009213693951
5000,1.5,0.9,43,2,random,0.005563600003370084,1.1127200006740168e-06,2633,0.5266,15,12691,7065,5000,0.7077140835102619,2065,0.7077140835102619,15000,38073,53073,10.6146,710896,16,659665203979258006,1758630025113616856,2305843009213693951
5000,2.0,0.5,43,2,random,0.037185900000622496,7.4371800001244994e-06,1432,0.2864,10,8194,16384,5000,0.30517578125,11384,0.30517578125,15000,24582,39582,7.9164,1335000,16,659665203979258006,1758630025113616856,2305843009213693951
5000,2.0,0.75,43,2,random,0.003703700000187382,7.407400000374764e-07,2023,0.4046,9,6141,8192,5000,0.6103515625,3192,0.6103515625,15000,18423,33423,6.6846,787864,16,659665203979258006,1758630025113616856,2305843009213693951
5000,2.0,0.9,43,2,random,0.003873499998007901,7.746999996015802e-07,2309,0.4618,9,7363,8192,5000,0.6103515625,3192,0.6103515625,15000,22089,37089,7.4178,787864,16,659665203979258006,1758630025113616856,2305843009213693951
5000,3.0,0.5,43,2,random,0.0028912999987369403,5.782599997473881e-07,1375,0.275,6,2918,11664,5000,0.4286694101508916,6664,0.4286694101508916,15000,8754,23754,4.7508,1018296,16,659665203979258006,1758630025113616856,2305843009213693951
5000,3.0,0.75,43,2,random,0.003130800003418699,6.261600006837398e-07,1776,0.3552,6,4374,11664,5000,0.4286694101508916,6664,0.4286694101508916,15000,13122,28122,5.6244,1018296,16,659665203979258006,1758630025113616856,2305843009213693951
5000,3.0,0.9,43,2,random,0.003369300000485964,6.738600000971929e-07,2056,0.4112,6,5245,11664,5000,0.4286694101508916,6664,0.4286694101508916,15000,15735,30735,6.147,1018296,16,659665203979258006,1758630025113616856,2305843009213693951
5000,1.5,0.5,44,3,random,0.005604500009212643,1.1209000018425287e-06,1634,0.3268,16,10591,10598,5000,0.47178712964710323,5598,0.47178712964710323,15000,31773,46773,9.3546,948232,16,1199085610155232937,1617812241682181496,2305843009213693951
5000,1.5,0.75,44,3,random,0.005121199996210635,1.024239999242127e-06,2248,0.4496,15,10579,7065,5000,0.7077140835102619,2065,0.7077140835102619,15000,31737,46737,9.3474,712144,16,1199085610155232937,1617812241682181496,2305843009213693951
5000,1.5,0.9,44,3,random,0.005619600007776171,1.123920001555234e-06,2536,0.5072,15,12691,7065,5000,0.7077140835102619,2065,0.7077140835102619,15000,38073,53073,10.6146,712144,16,1199085610155232937,1617812241682181496,2305843009213693951
5000,2.0,0.5,44,3,random,0.005060999988927506,1.0121999977855012e-06,1404,0.2808,10,8194,16384,5000,0.30517578125,11384,0.30517578125,15000,24582,39582,7.9164,1335384,16,1199085610155232937,1617812241682181496,2305843009213693951
5000,2.0,0.75,44,3,random,0.003690099998493679,7.380199996987358e-07,1984,0.3968,9,6141,8192,5000,0.6103515625,3192,0.6103515625,15000,18423,33423,6.6846,788280,16,1199085610155232937,1617812241682181496,2305843009213693951
5000,2.0,0.9,44,3,random,0.004031100004795007,8.062200009590015e-07,2273,0.4546,9,7363,8192,5000,0.6103515625,3192,0.6103515625,15000,22089,37089,7.4178,788280,16,1199085610155232937,1617812241682181496,2305843009213693951
5000,3.0,0.5,44,3,random,0.002818599998136051,5.637199996272102e-07,1240,0.248,6,2918,11664,5000,0.4286694101508916,6664,0.4286694101508916,15000,8754,23754,4.7508,1021752,16,1199085610155232937,1617812241682181496,2305843009213693951
5000,3.0,0.75,44,3,random,0.0032118999952217564,6.423799990443512e-07,1655,0.331,6,4374,11664,5000,0.4286694101508916,6664,0.4286694101508916,15000,13122,28122,5.6244,1021752,16,1199085610155232937,1617812241682181496,2305843009213693951
5000,3.0,0.9,44,3,random,0.003570499990019016,7.140999980038032e-07,1913,0.3826,6,5245,11664,5000,0.4286694101508916,6664,0.4286694101508916,15000,15735,30735,6.147,1021752,16,1199085610155232937,1617812241682181496,2305843009213693951
5000,1.5,0.5,45,4,random,0.03452760000072885,6.905520000145771e-06,2592,0.5184,16,10591,10598,5000,0.47178712964710323,5598,0.47178712964710323,15000,31773,46773,9.3546,948072,16,963130306873368709,594124941275654819,2305843009213693951
5000,1.5,0.75,45,4,random,0.005173500001546927,1.0347000003093854e-06,3465,0.693,15,10579,7065,5000,0.7077140835102619,2065,0.7077140835102619,15000,31737,46737,9.3474,656464,16,963130306873368709,594124941275654819,2305843009213693951
5000,1.5,0.9,45,4,random,0.005760300002293661,1.1520600004587322e-06,3468,0.6936,15,12691,7065,5000,0.7077140835102619,2065,0.7077140835102619,15000,38073,53073,10.6146,656464,16,963130306873368709,594124941275654819,2305843009213693951
5000,2.0,0.5,45,4,random,0.005002100006095134,1.0004200012190268e-06,1392,0.2784,10,8194,16384,5000,0.30517578125,11384,0.30517578125,15000,24582,39582,7.9164,1335096,16,963130306873368709,594124941275654819,2305843009213693951
5000,2.0,0.75,45,4,random,0.0037945000076433644,7.589000015286729e-07,2013,0.4026,9,6141,8192,5000,0.6103515625,3192,0.6103515625,15000,18423,33423,6.6846,788120,16,963130306873368709,594124941275654819,2305843009213693951
5000,2.0,0.9,45,4,random,0.004024800000479445,8.04960000095889e-07,2326,0.4652,9,7363,8192,5000,0.6103515625,3192,0.6103515625,15000,22089,37089,7.4178,788120,16,963130306873368709,594124941275654819,2305843009213693951
5000,3.0,0.5,45,4,random,0.0028392999956849962,5.678599991369993e-07,1280,0.256,6,2918,11664,5000,0.4286694101508916,6664,0.4286694101508916,15000,8754,23754,4.7508,1021464,16,963130306873368709,594124941275654819,2305843009213693951
5000,3.0,0.75,45,4,random,0.003371400001924485,6.74280000384897e-07,1674,0.3348,6,4374,11664,5000,0.4286694101508916,6664,0.4286694101508916,15000,13122,28122,5.6244,1021464,16,963130306873368709,594124941275654819,2305843009213693951
5000,3.0,0.9,45,4,random,0.0034223999973619357,6.844799994723871e-07,1955,0.391,6,5245,11664,5000,0.4286694101508916,6664,0.4286694101508916,15000,15735,30735,6.147,1021464,16,963130306873368709,594124941275654819,2305843009213693951
5000,1.5,0.5,46,5,random,0.005791899995529093,1.1583799991058185e-06,1643,0.3286,16,10591,10598,5000,0.47178712964710323,5598,0.47178712964710323,15000,31773,46773,9.3546,946696,16,176127807941085543,92145436972157049,2305843009213693951
5000,1.5,0.75,46,5,random,0.0051045000000158325,1.0209000000031665e-06,2232,0.4464,15,10579,7065,5000,0.7077140835102619,2065,0.7077140835102619,15000,31737,46737,9.3474,712912,16,176127807941085543,92145436972157049,2305843009213693951
5000,1.5,0.9,46,5,random,0.005695100000593811,1.1390200001187622e-06,2514,0.5028,15,12691,7065,5000,0.7077140835102619,2065,0.7077140835102619,15000,38073,53073,10.6146,712912,16,176127807941085543,92145436972157049,2305843009213693951
5000,2.0,0.5,46,5,random,0.005013900008634664,1.002780001726933e-06,1430,0.286,10,8194,16384,5000,0.30517578125,11384,0.30517578125,15000,24582,39582,7.9164,1334968,16,176127807941085543,92145436972157049,2305843009213693951
5000,2.0,0.75,46,5,random,0.0037306000012904406,7.461200002580881e-07,2025,0.405,9,6141,8192,5000,0.6103515625,3192,0.6103515625,15000,18423,33423,6.6846,786808,16,176127807941085543,92145436972157049,2305843009213693951
5000,2.0,0.9,46,5,random,0.004138600008445792,8.277200016891583e-07,2327,0.4654,9,7363,8192,5000,0.6103515625,3192,0.6103515625,15000,22089,37089,7.4178,786808,16,176127807941085543,92145436972157049,2305843009213693951
5000,3.0,0.5,46,5,random,0.002984100006869994,5.968200013739988e-07,1269,0.2538,6,2918,11664,5000,0.4286694101508916,6664,0.4286694101508916,15000,8754,23754,4.7508,1021080,16,176127807941085543,92145436972157049,2305843009213693951
5000,3.0,0.75,46,5,random,0.030825000008917414,6.165000001783482e-06,1662,0.3324,6,4374,11664,5000,0.4286694101508916,6664,0.4286694101508916,15000,13122,28122,5.6244,1021080,16,176127807941085543,92145436972157049,2305843009213693951
5000,3.0,0.9,46,5,random,0.003657499997643754,7.314999995287508e-07,1926,0.3852,6,5245,11664,5000,0.4286694101508916,6664,0.4286694101508916,15000,15735,30735,6.147,1021080,16,176127807941085543,92145436972157049,2305843009213693951
5000,1.5,0.5,47,6,random,0.005768199989688583,1.1536399979377165e-06,1635,0.327,16,10591,10598,5000,0.47178712964710323,5598,0.47178712964710323,15000,31773,46773,9.3546,947880,16,144173240364996770,1276607102766329742,2305843009213693951
5000,1.5,0.75,47,6,random,0.005094099993584678,1.0188199987169355e-06,2355,0.471,15,10579,7065,5000,0.7077140835102619,2065,0.7077140835102619,15000,31737,46737,9.3474,712464,16,144173240364996770,1276607102766329742,2305843009213693951
5000,1.5,0.9,47,6,random,0.00571749999653548,1.143499999307096e-06,2618,0.5236,15,12691,7065,5000,0.7077140835102619,2065,0.7077140835102619,15000,38073,53073,10.6146,712464,16,144173240364996770,1276607102766329742,2305843009213693951
5000,2.0,0.5,47,6,random,0.004994599992642179,9.98919998528436e-07,1419,0.2838,10,8194,16384,5000,0.30517578125,11384,0.30517578125,15000,24582,39582,7.9164,1335512,16,144173240364996770,1276607102766329742,2305843009213693951
5000,2.0,0.75,47,6,random,0.0037859000003663823,7.571800000732765e-07,1996,0.3992,9,6141,8192,5000,0.6103515625,3192,0.6103515625,15000,18423,33423,6.6846,788568,16,144173240364996770,1276607102766329742,2305843009213693951
5000,2.0,0.9,47,6,random,0.0040640999941388145,8.128199988277629e-07,2263,0.4526,9,7363,8192,5000,0.6103515625,3192,0.6103515625,15000,22089,37089,7.4178,788568,16,144173240364996770,1276607102766329742,2305843009213693951
5000,3.0,0.5,47,6,random,0.0029212999943410978,5.842599988682196e-07,1269,0.2538,6,2918,11664,5000,0.4286694101508916,6664,0.4286694101508916,15000,8754,23754,4.7508,1021176,16,144173240364996770,1276607102766329742,2305843009213693951
5000,3.0,0.75,47,6,random,0.0034087999956682324,6.817599991336465e-07,1703,0.3406,6,4374,11664,5000,0.4286694101508916,6664,0.4286694101508916,15000,13122,28122,5.6244,1021176,16,144173240364996770,1276607102766329742,2305843009213693951
5000,3.0,0.9,47,6,random,0.00339660000463482,6.79320000926964e-07,1989,0.3978,6,5245,11664,5000,0.4286694101508916,6664,0.4286694101508916,15000,15735,30735,6.147,1021176,16,144173240364996770,1276607102766329742,2305843009213693951
5000,1.5,0.5,48,7,random,0.0055917999998200685,1.1183599999640137e-06,1630,0.326,16,10591,10598,5000,0.47178712964710323,5598,0.47178712964710323,15000,31773,46773,9.3546,948744,16,727386515324539458,1284136067485901726,2305843009213693951
5000,1.5,0.75,48,7,random,0.005088600009912625,1.017720001982525e-06,2250,0.45,15,10579,7065,5000,0.7077140835102619,2065,0.7077140835102619,15000,31737,46737,9.3474,712080,16,727386515324539458,1284136067485901726,2305843009213693951
5000,1.5,0.9,48,7,random,0.005804500004160218,1.1609000008320436e-06,2517,0.5034,15,12691,7065,5000,0.7077140835102619,2065,0.7077140835102619,15000,38073,53073,10.6146,712080,16,727386515324539458,1284136067485901726,2305843009213693951
5000,2.0,0.5,48,7,random,0.036613299991586246,7.322659998317249e-06,1401,0.2802,10,8194,16384,5000,0.30517578125,11384,0.30517578125,15000,24582,39582,7.9164,1335032,16,727386515324539458,1284136067485901726,2305843009213693951
5000,2.0,0.75,48,7,random,0.003669199999421835,7.33839999884367e-07,1982,0.3964,9,6141,8192,5000,0.6103515625,3192,0.6103515625,15000,18423,33423,6.6846,788248,16,727386515324539458,1284136067485901726,2305843009213693951
5000,2.0,0.9,48,7,random,0.003959800000302494,7.919600000604988e-07,2297,0.4594,9,7363,8192,5000,0.6103515625,3192,0.6103515625,15000,22089,37089,7.4178,788248,16,727386515324539458,1284136067485901726,2305843009213693951
5000,3.0,0.5,48,7,random,0.0029771000117762014,5.954200023552403e-07,1228,0.2456,6,2918,11664,5000,0.4286694101508916,6664,0.4286694101508916,15000,8754,23754,4.7508,1021272,16,727386515324539458,1284136067485901726,2305843009213693951
5000,3.0,0.75,48,7,random,0.0031795000104466453,6.359000020893291e-07,1604,0.3208,6,4374,11664,5000,0.4286694101508916,6664,0.4286694101508916,15000,13122,28122,5.6244,1021272,16,727386515324539458,1284136067485901726,2305843009213693951
5000,3.0,0.9,48,7,random,0.0035484000109136105,7.096800021827221e-07,1897,0.3794,6,5245,11664,5000,0.4286694101508916,6664,0.4286694101508916,15000,15735,30735,6.147,1021272,16,727386515324539458,1284136067485901726,2305843009213693951
5000,1.5,0.5,49,8,random,0.005736399994930252,1.1472799989860504e-06,1604,0.3208,16,10591,10598,5000,0.47178712964710323,5598,0.47178712964710323,15000,31773,46773,9.3546,948552,16,793970665397899006,2152094108188559335,2305843009213693951
5000,1.5,0.75,49,8,random,0.005057999995187856,1.0115999990375713e-06,2210,0.442,15,10579,7065,5000,0.7077140835102619,2065,0.7077140835102619,15000,31737,46737,9.3474,712496,16,793970665397899006,2152094108188559335,2305843009213693951
5000,1.5,0.9,49,8,random,0.005569100001594052,1.1138200003188104e-06,2539,0.5078,15,12691,7065,5000,0.7077140835102619,2065,0.7077140835102619,15000,38073,53073,10.6146,712496,16,793970665397899006,2152094108188559335,2305843009213693951
5000,2.0,0.5,49,8,random,0.0051448000012896955,1.028960000257939e-06,1464,0.2928,10,8194,16384,5000,0.30517578125,11384,0.30517578125,15000,24582,39582,7.9164,1333464,16,793970665397899006,2152094108188559335,2305843009213693951
5000,2.0,0.75,49,8,random,0.003704599992488511,7.409199984977021e-07,2042,0.4084,9,6141,8192,5000,0.6103515625,3192,0.6103515625,15000,18423,33423,6.6846,786712,16,793970665397899006,2152094108188559335,2305843009213693951
5000,2.0,0.9,49,8,random,0.004125699997530319,8.251399995060637e-07,2338,0.4676,9,7363,8192,5000,0.6103515625,3192,0.6103515625,15000,22089,37089,7.4178,786712,16,793970665397899006,2152094108188559335,2305843009213693951
5000,3.0,0.5,49,8,random,0.002898299993830733,5.796599987661466e-07,1240,0.248,6,2918,11664,5000,0.4286694101508916,6664,0.4286694101508916,15000,8754,23754,4.7508,1021528,16,793970665397899006,2152094108188559335,2305843009213693951
5000,3.0,0.75,49,8,random,0.0033543000026838854,6.708600005367771e-07,1659,0.3318,6,4374,11664,5000,0.4286694101508916,6664,0.4286694101508916,15000,13122,28122,5.6244,1021528,16,793970665397899006,2152094108188559335,2305843009213693951
5000,3.0,0.9,49,8,random,0.003483000007690862,6.966000015381724e-07,1948,0.3896,6,5245,11664,5000,0.4286694101508916,6664,0.4286694101508916,15000,15735,30735,6.147,1021528,16,793970665397899006,2152094108188559335,2305843009213693951
5000,1.5,0.5,50,9,random,0.0056862999917939305,1.137259998358786e-06,1664,0.3328,16,10591,10598,5000,0.47178712964710323,5598,0.47178712964710323,15000,31773,46773,9.3546,948264,16,1973099216186019426,839551891445904909,2305843009213693951
5000,1.5,0.75,50,9,random,0.03338580000854563,6.677160001709126e-06,2239,0.4478,15,10579,7065,5000,0.7077140835102619,2065,0.7077140835102619,15000,31737,46737,9.3474,711888,16,1973099216186019426,839551891445904909,2305843009213693951
5000,1.5,0.9,50,9,random,0.0058363999996799976,1.1672799999359996e-06,2568,0.5136,15,12691,7065,5000,0.7077140835102619,2065,0.7077140835102619,15000,38073,53073,10.6146,711888,16,1973099216186019426,839551891445904909,2305843009213693951
5000,2.0,0.5,50,9,random,0.005090500009828247,1.0181000019656495e-06,1466,0.2932,10,8194,16384,5000,0.30517578125,11384,0.30517578125,15000,24582,39582,7.9164,1334360,16,1973099216186019426,839551891445904909,2305843009213693951
5000,2.0,0.75,50,9,random,0.003916499990737066,7.832999981474131e-07,2043,0.4086,9,6141,8192,5000,0.6103515625,3192,0.6103515625,15000,18423,33423,6.6846,787576,16,1973099216186019426,839551891445904909,2305843009213693951
5000,2.0,0.9,50,9,random,0.003986099996836856,7.972199993673712e-07,2286,0.4572,9,7363,8192,5000,0.6103515625,3192,0.6103515625,15000,22089,37089,7.4178,787576,16,1973099216186019426,839551891445904909,2305843009213693951
5000,3.0,0.5,50,9,random,0.0029944999987492338,5.988999997498467e-07,1207,0.2414,6,2918,11664,5000,0.4286694101508916,6664,0.4286694101508916,15000,8754,23754,4.7508,1022488,16,1973099216186019426,839551891445904909,2305843009213693951
5000,3.0,0.75,50,9,random,0.003172999990056269,6.345999980112538e-07,1624,0.3248,6,4374,11664,5000,0.4286694101508916,6664,0.4286694101508916,15000,13122,28122,5.6244,1022488,16,1973099216186019426,839551891445904909,2305843009213693951
5000,3.0,0.9,50,9,random,0.003486500005237758,6.973000010475517e-07,1911,0.3822,6,5245,11664,5000,0.4286694101508916,6664,0.4286694101508916,15000,15735,30735,6.147,1022488,16,1973099216186019426,839551891445904909,2305843009213693951
5000,1.5,0.5,51,10,random,0.006132300011813641,1.226460002362728e-06,1595,0.319,16,10591,10598,5000,0.47178712964710323,5598,0.47178712964710323,15000,31773,46773,9.3546,949128,16,1933427113282973200,1273492775044695229,2305843009213693951
5000,1.5,0.75,51,10,random,0.0053238000109558925,1.0647600021911784e-06,2240,0.448,15,10579,7065,5000,0.7077140835102619,2065,0.7077140835102619,15000,31737,46737,9.3474,712176,16,1933427113282973200,1273492775044695229,2305843009213693951
5000,1.5,0.9,51,10,random,0.005567900007008575,1.113580001401715e-06,2549,0.5098,15,12691,7065,5000,0.7077140835102619,2065,0.7077140835102619,15000,38073,53073,10.6146,712176,16,1933427113282973200,1273492775044695229,2305843009213693951
5000,2.0,0.5,51,10,random,0.004861800000071526,9.72360000014305e-07,1396,0.2792,10,8194,16384,5000,0.30517578125,11384,0.30517578125,15000,24582,39582,7.9164,1336024,16,1933427113282973200,1273492775044695229,2305843009213693951
5000,2.0,0.75,51,10,random,0.003662400005850941,7.324800011701881e-07,1958,0.3916,9,6141,8192,5000,0.6103515625,3192,0.6103515625,15000,18423,33423,6.6846,788632,16,1933427113282973200,1273492775044695229,2305843009213693951
5000,2.0,0.9,51,10,random,0.004141400000662543,8.282800001325086e-07,2242,0.4484,9,7363,8192,5000,0.6103515625,3192,0.6103515625,15000,22089,37089,7.4178,788632,16,1933427113282973200,1273492775044695229,2305843009213693951
5000,3.0,0.5,51,10,random,0.0028134999884059653,5.62699997681193e-07,1270,0.254,6,2918,11664,5000,0.4286694101508916,6664,0.4286694101508916,15000,8754,23754,4.7508,1021016,16,1933427113282973200,1273492775044695229,2305843009213693951
5000,3.0,0.75,51,10,random,0.031848600003286265,6.3697200006572526e-06,1664,0.3328,6,4374,11664,5000,0.4286694101508916,6664,0.4286694101508916,15000,13122,28122,5.6244,1021016,16,1933427113282973200,1273492775044695229,2305843009213693951
5000,3.0,0.9,51,10,random,0.0035767999943345785,7.153599988669157e-07,1992,0.3984,6,5245,11664,5000,0.4286694101508916,6664,0.4286694101508916,15000,15735,30735,6.147,1021016,16,1933427113282973200,1273492775044695229,2305843009213693951
5000,1.5,0.5,52,11,random,0.005591399996774271,1.1182799993548542e-06,1848,0.3696,16,10591,10598,5000,0.47178712964710323,5598,0.47178712964710323,15000,31773,46773,9.3546,938920,16,618696799174358726,2029214271970554437,2305843009213693951
5000,1.5,0.75,52,11,random,0.0050967999995918944,1.019359999918379e-06,2427,0.4854,15,10579,7065,5000,0.7077140835102619,2065,0.7077140835102619,15000,31737,46737,9.3474,703056,16,618696799174358726,2029214271970554437,2305843009213693951
5000,1.5,0.9,52,11,random,0.005681700000423007,1.1363400000846013e-06,2663,0.5326,15,12691,7065,5000,0.7077140835102619,2065,0.7077140835102619,15000,38073,53073,10.6146,703056,16,618696799174358726,2029214271970554437,2305843009213693951
5000,2.0,0.5,52,11,random,0.005045400001108646,1.0090800002217294e-06,1425,0.285,10,8194,16384,5000,0.30517578125,11384,0.30517578125,15000,24582,39582,7.9164,1334264,16,618696799174358726,2029214271970554437,2305843009213693951
5000,2.0,0.75,52,11,random,0.003867599996738136,7.735199993476272e-07,2016,0.4032,9,6141,8192,5000,0.6103515625,3192,0.6103515625,15000,18423,33423,6.6846,787448,16,618696799174358726,2029214271970554437,2305843009213693951
5000,2.0,0.9,52,11,random,0.0039480999985244125,7.896199997048826e-07,2295,0.459,9,7363,8192,5000,0.6103515625,3192,0.6103515625,15000,22089,37089,7.4178,787448,16,618696799174358726,2029214271970554437,2305843009213693951
5000,3.0,0.5,52,11,random,0.0033070000063162297,6.614000012632459e-07,1263,0.2526,6,2918,11664,5000,0.4286694101508916,6664,0.4286694101508916,15000,8754,23754,4.7508,1021624,16,618696799174358726,2029214271970554437,2305843009213693951
5000,3.0,0.75,52,11,random,0.0033039000118151307,6.607800023630261e-07,1687,0.3374,6,4374,11664,5000,0.4286694101508916,6664,0.4286694101508916,15000,13122,28122,5.6244,1021624,16,618696799174358726,2029214271970554437,2305843009213693951
5000,3.0,0.9,52,11,random,0.0034925000072689727,6.985000014537946e-07,1983,0.3966,6,5245,11664,5000,0.4286694101508916,6664,0.4286694101508916,15000,15735,30735,6.147,1021624,16,618696799174358726,2029214271970554437,2305843009213693951
5000,1.5,0.5,53,12,random,0.005817700002808124,1.1635400005616248e-06,1550,0.31,16,10591,10598,5000,0.47178712964710323,5598,0.47178712964710323,15000,31773,46773,9.3546,949960,16,1967359095987829717,498185230560009946,2305843009213693951
5000,1.5,0.75,53,12,random,0.005230700000538491,1.0461400001076982e-06,2275,0.455,15,10579,7065,5000,0.7077140835102619,2065,0.7077140835102619,15000,31737,46737,9.3474,711632,16,1967359095987829717,498185230560009946,2305843009213693951
5000,1.5,0.9,53,12,random,0.005684699994162656,1.1369399988325312e-06,2600,0.52,15,12691,7065,5000,0.7077140835102619,2065,0.7077140835102619,15000,38073,53073,10.6146,711632,16,1967359095987829717,498185230560009946,2305843009213693951
5000,2.0,0.5,53,12,random,0.005183200002647936,1.0366400005295872e-06,1448,0.2896,10,8194,16384,5000,0.30517578125,11384,0.30517578125,15000,24582,39582,7.9164,1334296,16,1967359095987829717,498185230560009946,2305843009213693951
5000,2.0,0.75,53,12,random,0.03321280000091065,6.642560000182129e-06,2022,0.4044,9,6141,8192,5000,0.6103515625,3192,0.6103515625,15000,18423,33423,6.6846,787352,16,1967359095987829717,498185230560009946,2305843009213693951
5000,2.0,0.9,53,12,random,0.00416179999592714,8.32359999185428e-07,2290,0.458,9,7363,8192,5000,0.6103515625,3192,0.6103515625,15000,22089,37089,7.4178,787352,16,1967359095987829717,498185230560009946,2305843009213693951
5000,3.0,0.5,53,12,random,0.0029272999963723123,5.854599992744625e-07,1276,0.2552,6,2918,11664,5000,0.4286694101508916,6664,0.4286694101508916,15000,8754,23754,4.7508,1021240,16,1967359095987829717,498185230560009946,2305843009213693951
5000,3.0,0.75,53,12,random,0.0035841000062646344,7.168200012529269e-07,1661,0.3322,6,4374,11664,5000,0.4286694101508916,6664,0.4286694101508916,15000,13122,28122,5.6244,1021240,16,1967359095987829717,498185230560009946,2305843009213693951
5000,3.0,0.9,53,12,random,0.0034558999905129895,6.911799981025979e-07,1948,0.3896,6,5245,11664,5000,0.4286694101508916,6664,0.4286694101508916,15000,15735,30735,6.147,1021240,16,1967359095987829717,498185230560009946,2305843009213693951
5000,1.5,0.5,54,13,random,0.00587449999875389,1.174899999750778e-06,1789,0.3578,16,10591,10598,5000,0.47178712964710323,5598,0.47178712964710323,15000,31773,46773,9.3546,937608,16,2258536001366688123,1012121370449003109,2305843009213693951
5000,1.5,0.75,54,13,random,0.00519680000434164,1.039360000868328e-06,2284,0.4568,15,10579,7065,5000,0.7077140835102619,2065,0.7077140835102619,15000,31737,46737,9.3474,710768,16,2258536001366688123,1012121370449003109,2305843009213693951
5000,1.5,0.9,54,13,random,0.005804799991892651,1.16095999837853e-06,2587,0.5174,15,12691,7065,5000,0.7077140835102619,2065,0.7077140835102619,15000,38073,53073,10.6146,710768,16,2258536001366688123,1012121370449003109,2305843009213693951
5000,2.0,0.5,54,13,random,0.005098499997984618,1.0196999995969237e-06,1476,0.2952,10,8194,16384,5000,0.30517578125,11384,0.30517578125,15000,24582,39582,7.9164,1333720,16,2258536001366688123,1012121370449003109,2305843009213693951
5000,2.0,0.75,54,13,random,0.0038541999965673313,7.708399993134663e-07,2040,0.408,9,6141,8192,5000,0.6103515625,3192,0.6103515625,15000,18423,33423,6.6846,787320,16,2258536001366688123,1012121370449003109,2305843009213693951
5000,2.0,0.9,54,13,random,0.004194199995254166,8.388399990508333e-07,2295,0.459,9,7363,8192,5000,0.6103515625,3192,0.6103515625,15000,22089,37089,7.4178,787320,16,2258536001366688123,1012121370449003109,2305843009213693951
5000,3.0,0.5,54,13,random,0.002986899999086745,5.973799998173491e-07,1239,0.2478,6,2918,11664,5000,0.4286694101508916,6664,0.4286694101508916,15000,8754,23754,4.7508,1021496,16,2258536001366688123,1012121370449003109,2305843009213693951
5000,3.0,0.75,54,13,random,0.003205699991667643,6.411399983335287e-07,1658,0.3316,6,4374,11664,5000,0.4286694101508916,6664,0.4286694101508916,15000,13122,28122,5.6244,1021496,16,2258536001366688123,1012121370449003109,2305843009213693951
5000,3.0,0.9,54,13,random,0.0035305999917909503,7.0611999835819e-07,1951,0.3902,6,5245,11664,5000,0.4286694101508916,6664,0.4286694101508916,15000,15735,30735,6.147,1021496,16,2258536001366688123,1012121370449003109,2305843009213693951
5000,1.5,0.5,55,14,random,0.005721400011680089,1.1442800023360178e-06,1688,0.3376,16,10591,10598,5000,0.47178712964710323,5598,0.47178712964710323,15000,31773,46773,9.3546,947400,16,2277903568736387890,452514279465990313,2305843009213693951
5000,1.5,0.75,55,14,random,0.03305800000089221,6.611600000178441e-06,2273,0.4546,15,10579,7065,5000,0.7077140835102619,2065,0.7077140835102619,15000,31737,46737,9.3474,710896,16,2277903568736387890,452514279465990313,2305843009213693951
5000,1.5,0.9,55,14,random,0.00582120000035502,1.164240000071004e-06,2648,0.5296,15,12691,7065,5000,0.7077140835102619,2065,0.7077140835102619,15000,38073,53073,10.6146,710896,16,2277903568736387890,452514279465990313,2305843009213693951
5000,2.0,0.5,55,14,random,0.005296099989209324,1.0592199978418647e-06,1440,0.288,10,8194,16384,5000,0.30517578125,11384,0.30517578125,15000,24582,39582,7.9164,1333688,16,2277903568736387890,452514279465990313,2305843009213693951
5000,2.0,0.75,55,14,random,0.0037265999999362975,7.453199999872595e-07,2009,0.4018,9,6141,8192,5000,0.6103515625,3192,0.6103515625,15000,18423,33423,6.6846,787608,16,2277903568736387890,452514279465990313,2305843009213693951
5000,2.0,0.9,55,14,random,0.004114499999559484,8.228999999118969e-07,2312,0.4624,9,7363,8192,5000,0.6103515625,3192,0.6103515625,15000,22089,37089,7.4178,787608,16,2277903568736387890,452514279465990313,2305843009213693951
5000,3.0,0.5,55,14,random,0.002921399995102547,5.842799990205095e-07,1286,0.2572,6,2918,11664,5000,0.4286694101508916,6664,0.4286694101508916,15000,8754,23754,4.7508,1020536,16,2277903568736387890,452514279465990313,2305843009213693951
5000,3.0,0.75,55,14,random,0.0033906000026036054,6.781200005207211e-07,1685,0.337,6,4374,11664,5000,0.4286694101508916,6664,0.4286694101508916,15000,13122,28122,5.6244,1020536,16,2277903568736387890,452514279465990313,2305843009213693951
5000,3.0,0.9,55,14,random,0.0036801999958697706,7.360399991739542e-07,1952,0.3904,6,5245,11664,5000,0.4286694101508916,6664,0.4286694101508916,15000,15735,30735,6.147,1020536,16,2277903568736387890,452514279465990313,2305843009213693951
5000,1.5,0.5,56,15,random,0.006457399998907931,1.2914799997815863e-06,1607,0.3214,16,10591,10598,5000,0.47178712964710323,5598,0.47178712964710323,15000,31773,46773,9.3546,948744,16,1956076132499880650,26508845497723367,2305843009213693951
5000,1.5,0.75,56,15,random,0.005163800000445917,1.0327600000891835e-06,2168,0.4336,15,10579,7065,5000,0.7077140835102619,2065,0.7077140835102619,15000,31737,46737,9.3474,712208,16,1956076132499880650,26508845497723367,2305843009213693951
5000,1.5,0.9,56,15,random,0.0057434999907854944,1.1486999981570989e-06,2527,0.5054,15,12691,7065,5000,0.7077140835102619,2065,0.7077140835102619,15000,38073,53073,10.6146,712208,16,1956076132499880650,26508845497723367,2305843009213693951
5000,2.0,0.5,56,15,random,0.005027900013374165,1.0055800026748329e-06,1428,0.2856,10,8194,16384,5000,0.30517578125,11384,0.30517578125,15000,24582,39582,7.9164,1335128,16,1956076132499880650,26508845497723367,2305843009213693951
5000,2.0,0.75,56,15,random,0.0038748000079067424,7.749600015813485e-07,2006,0.4012,9,6141,8192,5000,0.6103515625,3192,0.6103515625,15000,18423,33423,6.6846,788376,16,1956076132499880650,26508845497723367,2305843009213693951
5000,2.0,0.9,56,15,random,0.004019700005301274,8.039400010602548e-07,2280,0.456,9,7363,8192,5000,0.6103515625,3192,0.6103515625,15000,22089,37089,7.4178,788376,16,1956076132499880650,26508845497723367,2305843009213693951
5000,3.0,0.5,56,15,random,0.0029325999930733815,5.865199986146763e-07,1269,0.2538,6,2918,11664,5000,0.4286694101508916,6664,0.4286694101508916,15000,8754,23754,4.7508,1021048,16,1956076132499880650,26508845497723367,2305843009213693951
5000,3.0,0.75,56,15,random,0.003311799999210052,6.623599998420104e-07,1670,0.334,6,4374,11664,5000,0.4286694101508916,6664,0.4286694101508916,15000,13122,28122,5.6244,1021048,16,1956076132499880650,26508845497723367,2305843009213693951
5000,3.0,0.9,56,15,random,0.03080469999986235,6.16093999997247e-06,1965,0.393,6,5245,11664,5000,0.4286694101508916,6664,0.4286694101508916,15000,15735,30735,6.147,1021048,16,1956076132499880650,26508845497723367,2305843009213693951
5000,1.5,0.5,57,16,random,0.005898400006117299,1.1796800012234599e-06,1708,0.3416,16,10591,10598,5000,0.47178712964710323,5598,0.47178712964710323,15000,31773,46773,9.3546,941768,16,847978861133403702,1395714462194184430,2305843009213693951
5000,1.5,0.75,57,16,random,0.005458500003442168,1.0917000006884337e-06,2244,0.4488,15,10579,7065,5000,0.7077140835102619,2065,0.7077140835102619,15000,31737,46737,9.3474,712688,16,847978861133403702,1395714462194184430,2305843009213693951
5000,1.5,0.9,57,16,random,0.005667299992637709,1.1334599985275418e-06,2530,0.506,15,12691,7065,5000,0.7077140835102619,2065,0.7077140835102619,15000,38073,53073,10.6146,712688,16,847978861133403702,1395714462194184430,2305843009213693951
5000,2.0,0.5,57,16,random,0.005224699998507276,1.0449399997014552e-06,1419,0.2838,10,8194,16384,5000,0.30517578125,11384,0.30517578125,15000,24582,39582,7.9164,1335544,16,847978861133403702,1395714462194184430,2305843009213693951
5000,2.0,0.75,57,16,random,0.0036985999904572964,7.397199980914592e-07,1995,0.399,9,6141,8192,5000,0.6103515625,3192,0.6103515625,15000,18423,33423,6.6846,788600,16,847978861133403702,1395714462194184430,2305843009213693951
5000,2.0,0.9,57,16,random,0.0041385000076843426,8.277000015368685e-07,2276,0.4552,9,7363,8192,5000,0.6103515625,3192,0.6103515625,15000,22089,37089,7.4178,788600,16,847978861133403702,1395714462194184430,2305843009213693951
5000,3.0,0.5,57,16,random,0.0028412999963620678,5.682599992724135e-07,1256,0.2512,6,2918,11664,5000,0.4286694101508916,6664,0.4286694101508916,15000,8754,23754,4.7508,1021624,16,847978861133403702,1395714462194184430,2305843009213693951
5000,3.0,0.75,57,16,random,0.0032248000061372295,6.44960001227446e-07,1688,0.3376,6,4374,11664,5000,0.4286694101508916,6664,0.4286694101508916,15000,13122,28122,5.6244,1021624,16,847978861133403702,1395714462194184430,2305843009213693951
5000,3.0,0.9,57,16,random,0.0036607999936677516,7.321599987335503e-07,1978,0.3956,6,5245,11664,5000,0.4286694101508916,6664,0.4286694101508916,15000,15735,30735,6.147,1021624,16,847978861133403702,1395714462194184430,2305843009213693951
5000,1.5,0.5,58,17,random,0.005852799993590452,1.1705599987180904e-06,1627,0.3254,16,10591,10598,5000,0.47178712964710323,5598,0.47178712964710323,15000,31773,46773,9.3546,948456,16,454612962106966139,1702438209959121919,2305843009213693951
5000,1.5,0.75,58,17,random,0.0052284999983385205,1.045699999667704e-06,2246,0.4492,15,10579,7065,5000,0.7077140835102619,2065,0.7077140835102619,15000,31737,46737,9.3474,712336,16,454612962106966139,1702438209959121919,2305843009213693951
5000,1.5,0.9,58,17,random,0.005733799989684485,1.146759997936897e-06,2606,0.5212,15,12691,7065,5000,0.7077140835102619,2065,0.7077140835102619,15000,38073,53073,10.6146,712336,16,454612962106966139,1702438209959121919,2305843009213693951
5000,2.0,0.5,58,17,random,0.005137000000104308,1.0274000000208617e-06,1445,0.289,10,8194,16384,5000,0.30517578125,11384,0.30517578125,15000,24582,39582,7.9164,1334488,16,454612962106966139,1702438209959121919,2305843009213693951
5000,2.0,0.75,58,17,random,0.03222809999715537,6.445619999431074e-06,2002,0.4004,9,6141,8192,5000,0.6103515625,3192,0.6103515625,15000,18423,33423,6.6846,787608,16,454612962106966139,1702438209959121919,2305843009213693951
5000,2.0,0.9,58,17,random,0.003986799987615086,7.973599975230173e-07,2292,0.4584,9,7363,8192,5000,0.6103515625,3192,0.6103515625,15000,22089,37089,7.4178,787608,16,454612962106966139,1702438209959121919,2305843009213693951
5000,3.0,0.5,58,17,random,0.00290990000939928,5.81980001879856e-07,1277,0.2554,6,2918,11664,5000,0.4286694101508916,6664,0.4286694101508916,15000,8754,23754,4.7508,1020728,16,454612962106966139,1702438209959121919,2305843009213693951
5000,3.0,0.75,58,17,random,0.0032989000028464943,6.597800005692989e-07,1670,0.334,6,4374,11664,5000,0.4286694101508916,6664,0.4286694101508916,15000,13122,28122,5.6244,1020728,16,454612962106966139,1702438209959121919,2305843009213693951
5000,3.0,0.9,58,17,random,0.0035060999944107607,7.012199988821522e-07,1981,0.3962,6,5245,11664,5000,0.4286694101508916,6664,0.4286694101508916,15000,15735,30735,6.147,1020728,16,454612962106966139,1702438209959121919,2305843009213693951
5000,1.5,0.5,59,18,random,0.0059221999981673434,1.1844399996334686e-06,1659,0.3318,16,10591,10598,5000,0.47178712964710323,5598,0.47178712964710323,15000,31773,46773,9.3546,945512,16,195095767942445094,1500048066919629750,2305843009213693951
5000,1.5,0.75,59,18,random,0.005326800004695542,1.0653600009391083e-06,2290,0.458,15,10579,7065,5000,0.7077140835102619,2065,0.7077140835102619,15000,31737,46737,9.3474,711376,16,195095767942445094,1500048066919629750,2305843009213693951
5000,1.5,0.9,59,18,random,0.005721000008634292,1.1442000017268583e-06,2558,0.5116,15,12691,7065,5000,0.7077140835102619,2065,0.7077140835102619,15000,38073,53073,10.6146,711376,16,195095767942445094,1500048066919629750,2305843009213693951
5000,2.0,0.5,59,18,random,0.005170200005522929,1.0340400011045858e-06,1420,0.284,10,8194,16384,5000,0.30517578125,11384,0.30517578125,15000,24582,39582,7.9164,1334808,16,195095767942445094,1500048066919629750,2305843009213693951
5000,2.0,0.75,59,18,random,0.0037727000017184764,7.545400003436952e-07,1994,0.3988,9,6141,8192,5000,0.6103515625,3192,0.6103515625,15000,18423,33423,6.6846,787960,16,195095767942445094,1500048066919629750,2305843009213693951
5000,2.0,0.9,59,18,random,0.004061200001160614,8.122400002321228e-07,2267,0.4534,9,7363,8192,5000,0.6103515625,3192,0.6103515625,15000,22089,37089,7.4178,787960,16,195095767942445094,1500048066919629750,2305843009213693951
5000,3.0,0.5,59,18,random,0.0028433999978005886,5.686799995601177e-07,1264,0.2528,6,2918,11664,5000,0.4286694101508916,6664,0.4286694101508916,15000,8754,23754,4.7508,1021432,16,195095767942445094,1500048066919629750,2305843009213693951
5000,3.0,0.75,59,18,random,0.0032420000061392784,6.484000012278557e-07,1690,0.338,6,4374,11664,5000,0.4286694101508916,6664,0.4286694101508916,15000,13122,28122,5.6244,1021432,16,195095767942445094,1500048066919629750,2305843009213693951
5000,3.0,0.9,59,18,random,0.003644900003564544,7.289800007129088e-07,1980,0.396,6,5245,11664,5000,0.4286694101508916,6664,0.4286694101508916,15000,15735,30735,6.147,1021432,16,195095767942445094,1500048066919629750,2305843009213693951
5000,1.5,0.5,60,19,random,0.005920399999013171,1.184079999802634e-06,1589,0.3178,16,10591,10598,5000,0.47178712964710323,5598,0.47178712964710323,15000,31773,46773,9.3546,949288,16,653524007492807808,355415340864572460,2305843009213693951
5000,1.5,0.75,60,19,random,0.005014100010157563,1.0028200020315125e-06,2269,0.4538,15,10579,7065,5000,0.7077140835102619,2065,0.7077140835102619,15000,31737,46737,9.3474,711728,16,653524007492807808,355415340864572460,2305843009213693951
5000,1.5,0.9,60,19,random,0.0338876000023447,6.77752000046894e-06,2585,0.517,15,12691,7065,5000,0.7077140835102619,2065,0.7077140835102619,15000,38073,53073,10.6146,711728,16,653524007492807808,355415340864572460,2305843009213693951
5000,2.0,0.5,60,19,random,0.005126199990627356,1.0252399981254712e-06,1448,0.2896,10,8194,16384,5000,0.30517578125,11384,0.30517578125,15000,24582,39582,7.9164,1334936,16,653524007492807808,355415340864572460,2305843009213693951
5000,2.0,0.75,60,19,random,0.0038157999952090904,7.631599990418181e-07,2042,0.4084,9,6141,8192,5000,0.6103515625,3192,0.6103515625,15000,18423,33423,6.6846,786872,16,653524007492807808,355415340864572460,2305843009213693951
5000,2.0,0.9,60,19,random,0.004004399990662932,8.008799981325865e-07,2306,0.4612,9,7363,8192,5000,0.6103515625,3192,0.6103515625,15000,22089,37089,7.4178,786872,16,653524007492807808,355415340864572460,2305843009213693951
5000,3.0,0.5,60,19,random,0.002930500006186776,5.861000012373551e-07,1268,0.2536,6,2918,11664,5000,0.4286694101508916,6664,0.4286694101508916,15000,8754,23754,4.7508,1021464,16,653524007492807808,355415340864572460,2305843009213693951
5000,3.0,0.75,60,19,random,0.003401599999051541,6.803199998103082e-07,1669,0.3338,6,4374,11664,5000,0.4286694101508916,6664,0.4286694101508916,15000,13122,28122,5.6244,1021464,16,653524007492807808,355415340864572460,2305843009213693951
5000,3.0,0.9,60,19,random,0.0034290000039618462,6.858000007923692e-07,1967,0.3934,6,5245,11664,5000,0.4286694101508916,6664,0.4286694101508916,15000,15735,30735,6.147,1021464,16,653524007492807808,355415340864572460,2305843009213693951
5000,1.5,0.5,61,20,random,0.005938100002822466,1.1876200005644932e-06,1668,0.3336,16,10591,10598,5000,0.47178712964710323,5598,0.47178712964710323,15000,31773,46773,9.3546,948232,16,418983635330710152,499844581152741729,2305843009213693951
5000,1.5,0.75,61,20,random,0.0052349999896250665,1.0469999979250133e-06,2276,0.4552,15,10579,7065,5000,0.7077140835102619,2065,0.7077140835102619,15000,31737,46737,9.3474,711600,16,418983635330710152,499844581152741729,2305843009213693951
5000,1.5,0.9,61,20,random,0.005846900006872602,1.1693800013745204e-06,2616,0.5232,15,12691,7065,5000,0.7077140835102619,2065,0.7077140835102619,15000,38073,53073,10.6146,711600,16,418983635330710152,499844581152741729,2305843009213693951
5000,2.0,0.5,61,20,random,0.005182799999602139,1.0365599999204277e-06,1433,0.2866,10,8194,16384,5000,0.30517578125,11384,0.30517578125,15000,24582,39582,7.9164,1334936,16,418983635330710152,499844581152741729,2305843009213693951
5000,2.0,0.75,61,20,random,0.003839400000288151,7.678800000576303e-07,2003,0.4006,9,6141,8192,5000,0.6103515625,3192,0.6103515625,15000,18423,33423,6.6846,788216,16,418983635330710152,499844581152741729,2305843009213693951
5000,2.0,0.9,61,20,random,0.004043399996589869,8.086799993179739e-07,2276,0.4552,9,7363,8192,5000,0.6103515625,3192,0.6103515625,15000,22089,37089,7.4178,788216,16,418983635330710152,499844581152741729,2305843009213693951
5000,3.0,0.5,61,20,random,0.003138200001558289,6.276400003116578e-07,1249,0.2498,6,2918,11664,5000,0.4286694101508916,6664,0.4286694101508916,15000,8754,23754,4.7508,1021912,16,418983635330710152,499844581152741729,2305843009213693951
5000,3.0,0.75,61,20,random,0.00322839998989366,6.456799979787319e-07,1675,0.335,6,4374,11664,5000,0.4286694101508916,6664,0.4286694101508916,15000,13122,28122,5.6244,1021912,16,418983635330710152,499844581152741729,2305843009213693951
5000,3.0,0.9,61,20,random,0.03308870000182651,6.617740000365302e-06,1954,0.3908,6,5245,11664,5000,0.4286694101508916,6664,0.4286694101508916,15000,15735,30735,6.147,1021912,16,418983635330710152,499844581152741729,2305843009213693951
5000,1.5,0.5,62,21,random,0.005786599998828024,1.1573199997656046e-06,1648,0.3296,16,10591,10598,5000,0.47178712964710323,5598,0.47178712964710323,15000,31773,46773,9.3546,948424,16,1326467972949138173,150235521510768009,2305843009213693951
5000,1.5,0.75,62,21,random,0.00524119999317918,1.0482399986358359e-06,2156,0.4312,15,10579,7065,5000,0.7077140835102619,2065,0.7077140835102619,15000,31737,46737,9.3474,713200,16,1326467972949138173,150235521510768009,2305843009213693951
5000,1.5,0.9,62,21,random,0.005661299990606494,1.1322599981212988e-06,2454,0.4908,15,12691,7065,5000,0.7077140835102619,2065,0.7077140835102619,15000,38073,53073,10.6146,713200,16,1326467972949138173,150235521510768009,2305843009213693951
5000,2.0,0.5,62,21,random,0.005029600011766888,1.0059200023533776e-06,1403,0.2806,10,8194,16384,5000,0.30517578125,11384,0.30517578125,15000,24582,39582,7.9164,1334744,16,1326467972949138173,150235521510768009,2305843009213693951
5000,2.0,0.75,62,21,random,0.0038167999882716686,7.633599976543337e-07,1979,0.3958,9,6141,8192,5000,0.6103515625,3192,0.6103515625,15000,18423,33423,6.6846,788568,16,1326467972949138173,150235521510768009,2305843009213693951
5000,2.0,0.9,62,21,random,0.004172299988567829,8.344599977135658e-07,2274,0.4548,9,7363,8192,5000,0.6103515625,3192,0.6103515625,15000,22089,37089,7.4178,788568,16,1326467972949138173,150235521510768009,2305843009213693951
5000,3.0,0.5,62,21,random,0.0030636000010417774,6.127200002083555e-07,1198,0.2396,6,2918,11664,5000,0.4286694101508916,6664,0.4286694101508916,15000,8754,23754,4.7508,1022872,16,1326467972949138173,150235521510768009,2305843009213693951
5000,3.0,0.75,62,21,random,0.0035776999866357073,7.155399973271415e-07,1617,0.3234,6,4374,11664,5000,0.4286694101508916,6664,0.4286694101508916,15000,13122,28122,5.6244,1022872,16,1326467972949138173,150235521510768009,2305843009213693951
5000,3.0,0.9,62,21,random,0.00358550000237301,7.17100000474602e-07,1918,0.3836,6,5245,11664,5000,0.4286694101508916,6664,0.4286694101508916,15000,15735,30735,6.147,1022872,16,1326467972949138173,150235521510768009,2305843009213693951
5000,1.5,0.5,63,22,random,0.005934999993769452,1.1869999987538905e-06,1651,0.3302,16,10591,10598,5000,0.47178712964710323,5598,0.47178712964710323,15000,31773,46773,9.3546,948520,16,1024322815512585445,2145571529822921201,2305843009213693951
5000,1.5,0.75,63,22,random,0.00515080000332091,1.030160000664182e-06,2362,0.4724,15,10579,7065,5000,0.7077140835102619,2065,0.7077140835102619,15000,31737,46737,9.3474,709488,16,1024322815512585445,2145571529822921201,2305843009213693951
5000,1.5,0.9,63,22,random,0.005814700009068474,1.1629400018136949e-06,2613,0.5226,15,12691,7065,5000,0.7077140835102619,2065,0.7077140835102619,15000,38073,53073,10.6146,709488,16,1024322815512585445,2145571529822921201,2305843009213693951
5000,2.0,0.5,63,22,random,0.00515080000332091,1.030160000664182e-06,1420,0.284,10,8194,16384,5000,0.30517578125,11384,0.30517578125,15000,24582,39582,7.9164,1334552,16,1024322815512585445,2145571529822921201,2305843009213693951
5000,2.0,0.75,63,22,random,0.0036843999987468123,7.368799997493625e-07,1967,0.3934,9,6141,8192,5000,0.6103515625,3192,0.6103515625,15000,18423,33423,6.6846,788376,16,1024322815512585445,2145571529822921201,2305843009213693951
5000,2.0,0.9,63,22,random,0.03272070000821259,6.544140001642518e-06,2266,0.4532,9,7363,8192,5000,0.6103515625,3192,0.6103515625,15000,22089,37089,7.4178,788376,16,1024322815512585445,2145571529822921201,2305843009213693951
5000,3.0,0.5,63,22,random,0.0030676000023959205,6.135200004791841e-07,1273,0.2546,6,2918,11664,5000,0.4286694101508916,6664,0.4286694101508916,15000,8754,23754,4.7508,1020504,16,1024322815512585445,2145571529822921201,2305843009213693951
5000,3.0,0.75,63,22,random,0.003264400002080947,6.528800004161894e-07,1673,0.3346,6,4374,11664,5000,0.4286694101508916,6664,0.4286694101508916,15000,13122,28122,5.6244,1020504,16,1024322815512585445,2145571529822921201,2305843009213693951
5000,3.0,0.9,63,22,random,0.0035502999962773174,7.100599992554635e-07,1957,0.3914,6,5245,11664,5000,0.4286694101508916,6664,0.4286694101508916,15000,15735,30735,6.147,1020504,16,1024322815512585445,2145571529822921201,2305843009213693951
5000,1.5,0.5,64,23,random,0.005789700007881038,1.1579400015762076e-06,1596,0.3192,16,10591,10598,5000,0.47178712964710323,5598,0.47178712964710323,15000,31773,46773,9.3546,949896,16,287886780813115929,1413457234261051687,2305843009213693951
5000,1.5,0.75,64,23,random,0.005155699996976182,1.0311399993952363e-06,2214,0.4428,15,10579,7065,5000,0.7077140835102619,2065,0.7077140835102619,15000,31737,46737,9.3474,712528,16,287886780813115929,1413457234261051687,2305843009213693951
5000,1.5,0.9,64,23,random,0.005713999998988584,1.1427999997977168e-06,2540,0.508,15,12691,7065,5000,0.7077140835102619,2065,0.7077140835102619,15000,38073,53073,10.6146,712528,16,287886780813115929,1413457234261051687,2305843009213693951
5000,2.0,0.5,64,23,random,0.005322800003341399,1.0645600006682799e-06,1407,0.2814,10,8194,16384,5000,0.30517578125,11384,0.30517578125,15000,24582,39582,7.9164,1335192,16,287886780813115929,1413457234261051687,2305843009213693951
5000,2.0,0.75,64,23,random,0.003825799998594448,7.651599997188896e-07,1993,0.3986,9,6141,8192,5000,0.6103515625,3192,0.6103515625,15000,18423,33423,6.6846,787352,16,287886780813115929,1413457234261051687,2305843009213693951
5000,2.0,0.9,64,23,random,0.004162900004303083,8.325800008606166e-07,2271,0.4542,9,7363,8192,5000,0.6103515625,3192,0.6103515625,15000,22089,37089,7.4178,787352,16,287886780813115929,1413457234261051687,2305843009213693951
5000,3.0,0.5,64,23,random,0.0030307999986689538,6.061599997337907e-07,1225,0.245,6,2918,11664,5000,0.4286694101508916,6664,0.4286694101508916,15000,8754,23754,4.7508,1022840,16,287886780813115929,1413457234261051687,2305843009213693951
5000,3.0,0.75,64,23,random,0.00340400000277441,6.80800000554882e-07,1667,0.3334,6,4374,11664,5000,0.4286694101508916,6664,0.4286694101508916,15000,13122,28122,5.6244,1022840,16,287886780813115929,1413457234261051687,2305843009213693951
5000,3.0,0.9,64,23,random,0.003444600006332621,6.889200012665242e-07,1968,0.3936,6,5245,11664,5000,0.4286694101508916,6664,0.4286694101508916,15000,15735,30735,6.147,1022840,16,287886780813115929,1413457234261051687,2305843009213693951
5000,1.5,0.5,65,24,random,0.005854899995028973,1.1709799990057946e-06,1638,0.3276,16,10591,10598,5000,0.47178712964710323,5598,0.47178712964710323,15000,31773,46773,9.3546,948584,16,666030003530279332,1185754838603315180,2305843009213693951
5000,1.5,0.75,65,24,random,0.005125700001372024,1.025140000274405e-06,2222,0.4444,15,10579,7065,5000,0.7077140835102619,2065,0.7077140835102619,15000,31737,46737,9.3474,711216,16,666030003530279332,1185754838603315180,2305843009213693951
5000,1.5,0.9,65,24,random,0.04218099999707192,8.436199999414384e-06,2593,0.5186,15,12691,7065,5000,0.7077140835102619,2065,0.7077140835102619,15000,38073,53073,10.6146,711216,16,666030003530279332,1185754838603315180,2305843009213693951
5000,2.0,0.5,65,24,random,0.005123199996887706,1.0246399993775413e-06,1433,0.2866,10,8194,16384,5000,0.30517578125,11384,0.30517578125,15000,24582,39582,7.9164,1335544,16,666030003530279332,1185754838603315180,2305843009213693951
5000,2.0,0.75,65,24,random,0.003863600009935908,7.727200019871816e-07,2039,0.4078,9,6141,8192,5000,0.6103515625,3192,0.6103515625,15000,18423,33423,6.6846,787896,16,666030003530279332,1185754838603315180,2305843009213693951
5000,2.0,0.9,65,24,random,0.003886699996655807,7.773399993311614e-07,2338,0.4676,9,7363,8192,5000,0.6103515625,3192,0.6103515625,15000,22089,37089,7.4178,787896,16,666030003530279332,1185754838603315180,2305843009213693951
5000,3.0,0.5,65,24,random,0.0038989999884506688,7.797999976901338e-07,1263,0.2526,6,2918,11664,5000,0.4286694101508916,6664,0.4286694101508916,15000,8754,23754,4.7508,1022008,16,666030003530279332,1185754838603315180,2305843009213693951
5000,3.0,0.75,65,24,random,0.003198499995050952,6.396999990101903e-07,1684,0.3368,6,4374,11664,5000,0.4286694101508916,6664,0.4286694101508916,15000,13122,28122,5.6244,1022008,16,666030003530279332,1185754838603315180,2305843009213693951
5000,3.0,0.9,65,24,random,0.0035755999997491017,7.151199999498204e-07,1988,0.3976,6,5245,11664,5000,0.4286694101508916,6664,0.4286694101508916,15000,15735,30735,6.147,1022008,16,666030003530279332,1185754838603315180,2305843009213693951
5000,1.5,0.5,66,25,random,0.005957999994279817,1.1915999988559634e-06,1603,0.3206,16,10591,10598,5000,0.47178712964710323,5598,0.47178712964710323,15000,31773,46773,9.3546,948424,16,719391770955253926,2130106160647316609,2305843009213693951
5000,1.5,0.75,66,25,random,0.0052106000075582415,1.0421200015116483e-06,2299,0.4598,15,10579,7065,5000,0.7077140835102619,2065,0.7077140835102619,15000,31737,46737,9.3474,711952,16,719391770955253926,2130106160647316609,2305843009213693951
5000,1.5,0.9,66,25,random,0.006515000000945292,1.3030000001890584e-06,2578,0.5156,15,12691,7065,5000,0.7077140835102619,2065,0.7077140835102619,15000,38073,53073,10.6146,711952,16,719391770955253926,2130106160647316609,2305843009213693951
5000,2.0,0.5,66,25,random,0.004756299997097813,9.512599994195625e-07,1439,0.2878,10,8194,16384,5000,0.30517578125,11384,0.30517578125,15000,24582,39582,7.9164,1333880,16,719391770955253926,2130106160647316609,2305843009213693951
5000,2.0,0.75,66,25,random,0.0037635999906342477,7.527199981268496e-07,2024,0.4048,9,6141,8192,5000,0.6103515625,3192,0.6103515625,15000,18423,33423,6.6846,787928,16,719391770955253926,2130106160647316609,2305843009213693951
5000,2.0,0.9,66,25,random,0.00401879999844823,8.037599996896461e-07,2299,0.4598,9,7363,8192,5000,0.6103515625,3192,0.6103515625,15000,22089,37089,7.4178,787928,16,719391770955253926,2130106160647316609,2305843009213693951
5000,3.0,0.5,66,25,random,0.002731200002017431,5.462400004034862e-07,1339,0.2678,6,2918,11664,5000,0.4286694101508916,6664,0.4286694101508916,15000,8754,23754,4.7508,1019192,16,719391770955253926,2130106160647316609,2305843009213693951
5000,3.0,0.75,66,25,random,0.003194799995981157,6.389599991962314e-07,1747,0.3494,6,4374,11664,5000,0.4286694101508916,6664,0.4286694101508916,15000,13122,28122,5.6244,1019192,16,719391770955253926,2130106160647316609,2305843009213693951
5000,3.0,0.9,66,25,random,0.0035645999887492508,7.129199977498502e-07,2012,0.4024,6,5245,11664,5000,0.4286694101508916,6664,0.4286694101508916,15000,15735,30735,6.147,1019192,16,719391770955253926,2130106160647316609,2305843009213693951
5000,1.5,0.5,67,26,random,0.03497120000247378,6.9942400004947555e-06,1634,0.3268,16,10591,10598,5000,0.47178712964710323,5598,0.47178712964710323,15000,31773,46773,9.3546,948232,16,267692963849940753,941673545738002381,2305843009213693951
5000,1.5,0.75,67,26,random,0.005076599991298281,1.0153199982596562e-06,2242,0.4484,15,10579,7065,5000,0.7077140835102619,2065,0.7077140835102619,15000,31737,46737,9.3474,712304,16,267692963849940753,941673545738002381,2305843009213693951
5000,1.5,0.9,67,26,random,0.005651499988744035,1.130299997748807e-06,2600,0.52,15,12691,7065,5000,0.7077140835102619,2065,0.7077140835102619,15000,38073,53073,10.6146,712304,16,267692963849940753,941673545738002381,2305843009213693951
5000,2.0,0.5,67,26,random,0.004905900001176633,9.811800002353266e-07,1451,0.2902,10,8194,16384,5000,0.30517578125,11384,0.30517578125,15000,24582,39582,7.9164,1334424,16,267692963849940753,941673545738002381,2305843009213693951
5000,2.0,0.75,67,26,random,0.003824200000963174,7.648400001926348e-07,2044,0.4088,9,6141,8192,5000,0.6103515625,3192,0.6103515625,15000,18423,33423,6.6846,787096,16,267692963849940753,941673545738002381,2305843009213693951
5000,2.0,0.9,67,26,random,0.003992900004959665,7.98580000991933e-07,2326,0.4652,9,7363,8192,5000,0.6103515625,3192,0.6103515625,15000,22089,37089,7.4178,787096,16,267692963849940753,941673545738002381,2305843009213693951
5000,3.0,0.5,67,26,random,0.002986899999086745,5.973799998173491e-07,1239,0.2478,6,2918,11664,5000,0.4286694101508916,6664,0.4286694101508916,15000,8754,23754,4.7508,1022072,16,267692963849940753,941673545738002381,2305843009213693951
5000,3.0,0.75,67,26,random,0.003137899999273941,6.275799998547882e-07,1648,0.3296,6,4374,11664,5000,0.4286694101508916,6664,0.4286694101508916,15000,13122,28122,5.6244,1022072,16,267692963849940753,941673545738002381,2305843009213693951
5000,3.0,0.9,67,26,random,0.0042678000027081,8.5356000054162e-07,1920,0.384,6,5245,11664,5000,0.4286694101508916,6664,0.4286694101508916,15000,15735,30735,6.147,1022072,16,267692963849940753,941673545738002381,2305843009213693951
5000,1.5,0.5,68,27,random,0.005713100006687455,1.142620001337491e-06,1618,0.3236,16,10591,10598,5000,0.47178712964710323,5598,0.47178712964710323,15000,31773,46773,9.3546,948200,16,1075367493781816306,1590101887495472611,2305843009213693951
5000,1.5,0.75,68,27,random,0.005246999993687496,1.0493999987374992e-06,2183,0.4366,15,10579,7065,5000,0.7077140835102619,2065,0.7077140835102619,15000,31737,46737,9.3474,713008,16,1075367493781816306,1590101887495472611,2305843009213693951
5000,1.5,0.9,68,27,random,0.005857700001797639,1.1715400003595278e-06,2490,0.498,15,12691,7065,5000,0.7077140835102619,2065,0.7077140835102619,15000,38073,53073,10.6146,713008,16,1075367493781816306,1590101887495472611,2305843009213693951
5000,2.0,0.5,68,27,random,0.005393400002503768,1.0786800005007536e-06,1478,0.2956,10,8194,16384,5000,0.30517578125,11384,0.30517578125,15000,24582,39582,7.9164,1331064,16,1075367493781816306,1590101887495472611,2305843009213693951
5000,2.0,0.75,68,27,random,0.004161699995165691,8.323399990331381e-07,2039,0.4078,9,6141,8192,5000,0.6103515625,3192,0.6103515625,15000,18423,33423,6.6846,786392,16,1075367493781816306,1590101887495472611,2305843009213693951
5000,2.0,0.9,68,27,random,0.03189710000879131,6.3794200017582625e-06,2301,0.4602,9,7363,8192,5000,0.6103515625,3192,0.6103515625,15000,22089,37089,7.4178,786392,16,1075367493781816306,1590101887495472611,2305843009213693951
5000,3.0,0.5,68,27,random,0.003129600008833222,6.259200017666444e-07,1245,0.249,6,2918,11664,5000,0.4286694101508916,6664,0.4286694101508916,15000,8754,23754,4.7508,1021688,16,1075367493781816306,1590101887495472611,2305843009213693951
5000,3.0,0.75,68,27,random,0.0032632999937050045,6.526599987410009e-07,1682,0.3364,6,4374,11664,5000,0.4286694101508916,6664,0.4286694101508916,15000,13122,28122,5.6244,1021688,16,1075367493781816306,1590101887495472611,2305843009213693951
5000,3.0,0.9,68,27,random,0.0033954999962588772,6.790999992517754e-07,1981,0.3962,6,5245,11664,5000,0.4286694101508916,6664,0.4286694101508916,15000,15735,30735,6.147,1021688,16,1075367493781816306,1590101887495472611,2305843009213693951
5000,1.5,0.5,69,28,random,0.005651899991789833,1.1303799983579666e-06,1714,0.3428,16,10591,10598,5000,0.47178712964710323,5598,0.47178712964710323,15000,31773,46773,9.3546,947944,16,86018572855962195,1847883699258444581,2305843009213693951
5000,1.5,0.75,69,28,random,0.005126100004417822,1.0252200008835643e-06,2252,0.4504,15,10579,7065,5000,0.7077140835102619,2065,0.7077140835102619,15000,31737,46737,9.3474,711440,16,86018572855962195,1847883699258444581,2305843009213693951
5000,1.5,0.9,69,28,random,0.005894000001717359,1.1788000003434717e-06,2552,0.5104,15,12691,7065,5000,0.7077140835102619,2065,0.7077140835102619,15000,38073,53073,10.6146,711440,16,86018572855962195,1847883699258444581,2305843009213693951
5000,2.0,0.5,69,28,random,0.004903900000499561,9.807800000999123e-07,1458,0.2916,10,8194,16384,5000,0.30517578125,11384,0.30517578125,15000,24582,39582,7.9164,1331512,16,86018572855962195,1847883699258444581,2305843009213693951
5000,2.0,0.75,69,28,random,0.004745700003695674,9.491400007391348e-07,2004,0.4008,9,6141,8192,5000,0.6103515625,3192,0.6103515625,15000,18423,33423,6.6846,786520,16,86018572855962195,1847883699258444581,2305843009213693951
5000,2.0,0.9,69,28,random,0.0038699999859090894,7.739999971818179e-07,2282,0.4564,9,7363,8192,5000,0.6103515625,3192,0.6103515625,15000,22089,37089,7.4178,786520,16,86018572855962195,1847883699258444581,2305843009213693951
5000,3.0,0.5,69,28,random,0.002930000002379529,5.860000004759059e-07,1202,0.2404,6,2918,11664,5000,0.4286694101508916,6664,0.4286694101508916,15000,8754,23754,4.7508,1023512,16,86018572855962195,1847883699258444581,2305843009213693951
5000,3.0,0.75,69,28,random,0.003202199994120747,6.404399988241494e-07,1645,0.329,6,4374,11664,5000,0.4286694101508916,6664,0.4286694101508916,15000,13122,28122,5.6244,1023512,16,86018572855962195,1847883699258444581,2305843009213693951
5000,3.0,0.9,69,28,random,0.0034998999908566475,6.999799981713295e-07,1948,0.3896,6,5245,11664,5000,0.4286694101508916,6664,0.4286694101508916,15000,15735,30735,6.147,1023512,16,86018572855962195,1847883699258444581,2305843009213693951
5000,1.5,0.5,70,29,random,0.005558100005146116,1.1116200010292232e-06,1614,0.3228,16,10591,10598,5000,0.47178712964710323,5598,0.47178712964710323,15000,31773,46773,9.3546,949128,16,273089160051860230,1621121173616640907,2305843009213693951
5000,1.5,0.75,70,29,random,0.005160100001376122,1.0320200002752245e-06,2265,0.453,15,10579,7065,5000,0.7077140835102619,2065,0.7077140835102619,15000,31737,46737,9.3474,712304,16,273089160051860230,1621121173616640907,2305843009213693951
5000,1.5,0.9,70,29,random,0.005523100000573322,1.1046200001146644e-06,2498,0.4996,15,12691,7065,5000,0.7077140835102619,2065,0.7077140835102619,15000,38073,53073,10.6146,712304,16,273089160051860230,1621121173616640907,2305843009213693951
5000,2.0,0.5,70,29,random,0.03174120000039693,6.348240000079386e-06,1401,0.2802,10,8194,16384,5000,0.30517578125,11384,0.30517578125,15000,24582,39582,7.9164,1334424,16,273089160051860230,1621121173616640907,2305843009213693951
5000,2.0,0.75,70,29,random,0.0035906999983126298,7.18139999662526e-07,1984,0.3968,9,6141,8192,5000,0.6103515625,3192,0.6103515625,15000,18423,33423,6.6846,788376,16,273089160051860230,1621121173616640907,2305843009213693951
5000,2.0,0.9,70,29,random,0.004184899997198954,8.369799994397908e-07,2280,0.456,9,7363,8192,5000,0.6103515625,3192,0.6103515625,15000,22089,37089,7.4178,788376,16,273089160051860230,1621121173616640907,2305843009213693951
5000,3.0,0.5,70,29,random,0.0028593000024557114,5.718600004911422e-07,1705,0.341,6,2918,11664,5000,0.4286694101508916,6664,0.4286694101508916,15000,8754,23754,4.7508,1004152,16,273089160051860230,1621121173616640907,2305843009213693951
5000,3.0,0.75,70,29,random,0.0033306999976048246,6.66139999520965e-07,1990,0.398,6,4374,11664,5000,0.4286694101508916,6664,0.4286694101508916,15000,13122,28122,5.6244,1004152,16,273089160051860230,1621121173616640907,2305843009213693951
5000,3.0,0.9,70,29,random,0.003640599999926053,7.281199999852106e-07,2210,0.442,6,5245,11664,5000,0.4286694101508916,6664,0.4286694101508916,15000,15735,30735,6.147,1004152,16,273089160051860230,1621121173616640907,2305843009213693951
5000,1.5,0.5,71,30,random,0.005850499990629032,1.1700999981258064e-06,1698,0.3396,16,10591,10598,5000,0.47178712964710323,5598,0.47178712964710323,15000,31773,46773,9.3546,949320,16,1172432318357405658,1841538480035479711,2305843009213693951
5000,1.5,0.75,71,30,random,0.005717099993489683,1.1434199986979366e-06,2473,0.4946,15,10579,7065,5000,0.7077140835102619,2065,0.7077140835102619,15000,31737,46737,9.3474,702384,16,1172432318357405658,1841538480035479711,2305843009213693951
5000,1.5,0.9,71,30,random,0.0054244999919319525,1.0848999983863906e-06,2688,0.5376,15,12691,7065,5000,0.7077140835102619,2065,0.7077140835102619,15000,38073,53073,10.6146,702384,16,1172432318357405658,1841538480035479711,2305843009213693951
5000,2.0,0.5,71,30,random,0.005210799994529225,1.0421599989058449e-06,1468,0.2936,10,8194,16384,5000,0.30517578125,11384,0.30517578125,15000,24582,39582,7.9164,1333272,16,1172432318357405658,1841538480035479711,2305843009213693951
5000,2.0,0.75,71,30,random,0.0038164999859873205,7.632999971974641e-07,2026,0.4052,9,6141,8192,5000,0.6103515625,3192,0.6103515625,15000,18423,33423,6.6846,787480,16,1172432318357405658,1841538480035479711,2305843009213693951
5000,2.0,0.9,71,30,random,0.003973899991251528,7.947799982503056e-07,2278,0.4556,9,7363,8192,5000,0.6103515625,3192,0.6103515625,15000,22089,37089,7.4178,787480,16,1172432318357405658,1841538480035479711,2305843009213693951
5000,3.0,0.5,71,30,random,0.002879800013033673,5.759600026067346e-07,1299,0.2598,6,2918,11664,5000,0.4286694101508916,6664,0.4286694101508916,15000,8754,23754,4.7508,1019416,16,1172432318357405658,1841538480035479711,2305843009213693951
5000,3.0,0.75,71,30,random,0.0032715999986976385,6.543199997395277e-07,1698,0.3396,6,4374,11664,5000,0.4286694101508916,6664,0.4286694101508916,15000,13122,28122,5.6244,1019416,16,1172432318357405658,1841538480035479711,2305843009213693951
5000,3.0,0.9,71,30,random,0.0034285000001545995,6.857000000309199e-07,1979,0.3958,6,5245,11664,5000,0.4286694101508916,6664,0.4286694101508916,15000,15735,30735,6.147,1019416,16,1172432318357405658,1841538480035479711,2305843009213693951
10000,1.5,0.5,42,1,random,0.04004729998996481,4.0047299989964815e-06,3256,0.3256,18,23840,23846,10000,0.41935754424222094,13846,0.41935754424222094,30000,71520,101520,10.152,2078088,16,256711980439665054,1709899044117486289,2305843009213693951
10000,1.5,0.75,42,1,random,0.011384000012185425,1.1384000012185424e-06,4452,0.4452,17,23827,15897,10000,0.6290495061961376,5897,0.6290495061961376,30000,71481,101481,10.1481,1547856,16,256711980439665054,1709899044117486289,2305843009213693951
10000,1.5,0.9,42,1,random,0.012652400007937104,1.2652400007937103e-06,5148,0.5148,17,28589,15897,10000,0.6290495061961376,5897,0.6290495061961376,30000,85767,115767,11.5767,1547856,16,256711980439665054,1709899044117486289,2305843009213693951
10000,2.0,0.5,42,1,random,0.010353000005125068,1.0353000005125069e-06,3073,0.3073,11,16387,32768,10000,0.30517578125,22768,0.30517578125,30000,49161,79161,7.9161,2667192,16,256711980439665054,1709899044117486289,2305843009213693951
10000,2.0,0.75,42,1,random,0.007801600004313514,7.801600004313513e-07,4162,0.4162,10,12286,16384,10000,0.6103515625,6384,0.6103515625,30000,36858,66858,6.6858,1568376,16,256711980439665054,1709899044117486289,2305843009213693951
10000,2.0,0.9,42,1,random,0.007980800000950694,7.980800000950694e-07,4658,0.4658,10,14736,16384,10000,0.6103515625,6384,0.6103515625,30000,44208,74208,7.4208,1568376,16,256711980439665054,1709899044117486289,2305843009213693951
10000,3.0,0.5,42,1,random,0.03777300000365358,3.7773000003653577e-06,2347,0.2347,7,8751,34992,10000,0.2857796067672611,24992,0.2857796067672611,30000,26253,56253,5.6253,2834520,16,256711980439665054,1709899044117486289,2305843009213693951
10000,3.0,0.75,42,1,random,0.008617200001026504,8.617200001026504e-07,3548,0.3548,7,13123,34992,10000,0.2857796067672611,24992,0.2857796067672611,30000,39369,69369,6.9369,2834520,16,256711980439665054,1709899044117486289,2305843009213693951
10000,3.0,0.9,42,1,random,0.005130400008056313,5.130400008056313e-07,4252,0.4252,6,5245,11664,10000,0.8573388203017832,1664,0.8573388203017832,30000,15735,45735,4.5735,1248184,16,256711980439665054,1709899044117486289,2305843009213693951
10000,1.5,0.5,43,2,random,0.013562799998908304,1.3562799998908303e-06,4432,0.4432,18,23840,23846,10000,0.41935754424222094,13846,0.41935754424222094,30000,71520,101520,10.152,1942024,16,659665203979258006,1758630025113616856,2305843009213693951
10000,1.5,0.75,43,2,random,0.011785800001234747,1.1785800001234746e-06,4479,0.4479,17,23827,15897,10000,0.6290495061961376,5897,0.6290495061961376,30000,71481,101481,10.1481,1550640,16,659665203979258006,1758630025113616856,2305843009213693951
10000,1.5,0.9,43,2,random,0.012408599999616854,1.2408599999616853e-06,5216,0.5216,17,28589,15897,10000,0.6290495061961376,5897,0.6290495061961376,30000,85767,115767,11.5767,1550640,16,659665203979258006,1758630025113616856,2305843009213693951
10000,2.0,0.5,43,2,random,0.0396381000027759,3.96381000027759e-06,2843,0.2843,11,16387,32768,10000,0.30517578125,22768,0.30517578125,30000,49161,79161,7.9161,2674872,16,659665203979258006,1758630025113616856,2305843009213693951
10000,2.0,0.75,43,2,random,0.008196000009775162,8.196000009775162e-07,4034,0.4034,10,12286,16384,10000,0.6103515625,6384,0.6103515625,30000,36858,66858,6.6858,1578968,16,659665203979258006,1758630025113616856,2305843009213693951
10000,2.0,0.9,43,2,random,0.008335999998962507,8.335999998962507e-07,4621,0.4621,10,14736,16384,10000,0.6103515625,6384,0.6103515625,30000,44208,74208,7.4208,1578968,16,659665203979258006,1758630025113616856,2305843009213693951
10000,3.0,0.5,43,2,random,0.0074653000046964735,7.465300004696473e-07,2370,0.237,7,8751,34992,10000,0.2857796067672611,24992,0.2857796067672611,30000,26253,56253,5.6253,2834968,16,659665203979258006,1758630025113616856,2305843009213693951
10000,3.0,0.75,43,2,random,0.008679200007463805,8.679200007463806e-07,3620,0.362,7,13123,34992,10000,0.2857796067672611,24992,0.2857796067672611,30000,39369,69369,6.9369,2834968,16,659665203979258006,1758630025113616856,2305843009213693951
10000,3.0,0.9,43,2,random,0.005135999992489815,5.135999992489815e-07,4338,0.4338,6,5245,11664,10000,0.8573388203017832,1664,0.8573388203017832,30000,15735,45735,4.5735,1245496,16,659665203979258006,1758630025113616856,2305843009213693951
10000,1.5,0.5,44,3,random,0.013456300002872013,1.3456300002872012e-06,3161,0.3161,18,23840,23846,10000,0.41935754424222094,13846,0.41935754424222094,30000,71520,101520,10.152,2075880,16,1199085610155232937,1617812241682181496,2305843009213693951
10000,1.5,0.75,44,3,random,0.040437999996356666,4.043799999635667e-06,4450,0.445,17,23827,15897,10000,0.6290495061961376,5897,0.6290495061961376,30000,71481,101481,10.1481,1547760,16,1199085610155232937,1617812241682181496,2305843009213693951
10000,1.5,0.9,44,3,random,0.012336400002823211,1.2336400002823211e-06,5105,0.5105,17,28589,15897,10000,0.6290495061961376,5897,0.6290495061961376,30000,85767,115767,11.5767,1547760,16,1199085610155232937,1617812241682181496,2305843009213693951
10000,2.0,0.5,44,3,random,0.010839199996553361,1.0839199996553362e-06,2800,0.28,11,16387,32768,10000,0.30517578125,22768,0.30517578125,30000,49161,79161,7.9161,2675256,16,1199085610155232937,1617812241682181496,2305843009213693951
10000,2.0,0.75,44,3,random,0.007977400004165247,7.977400004165247e-07,3960,0.396,10,12286,16384,10000,0.6103515625,6384,0.6103515625,30000,36858,66858,6.6858,1579256,16,1199085610155232937,1617812241682181496,2305843009213693951
10000,2.0,0.9,44,3,random,0.008085699999355711,8.085699999355711e-07,4528,0.4528,10,14736,16384,10000,0.6103515625,6384,0.6103515625,30000,44208,74208,7.4208,1579256,16,1199085610155232937,1617812241682181496,2305843009213693951
10000,3.0,0.5,44,3,random,0.007001000005402602,7.001000005402602e-07,2353,0.2353,7,8751,34992,10000,0.2857796067672611,24992,0.2857796067672611,30000,26253,56253,5.6253,2833816,16,1199085610155232937,1617812241682181496,2305843009213693951
10000,3.0,0.75,44,3,random,0.03839880001032725,3.839880001032725e-06,3614,0.3614,7,13123,34992,10000,0.2857796067672611,24992,0.2857796067672611,30000,39369,69369,6.9369,2833816,16,1199085610155232937,1617812241682181496,2305843009213693951
10000,3.0,0.9,44,3,random,0.004849000004469417,4.849000004469417e-07,4363,0.4363,6,5245,11664,10000,0.8573388203017832,1664,0.8573388203017832,30000,15735,45735,4.5735,1244664,16,1199085610155232937,1617812241682181496,2305843009213693951
10000,1.5,0.5,45,4,random,0.013303100000484847,1.3303100000484846e-06,4068,0.4068,18,23840,23846,10000,0.41935754424222094,13846,0.41935754424222094,30000,71520,101520,10.152,2075560,16,963130306873368709,594124941275654819,2305843009213693951
10000,1.5,0.75,45,4,random,0.012028600001940504,1.2028600001940503e-06,5587,0.5587,17,23827,15897,10000,0.6290495061961376,5897,0.6290495061961376,30000,71481,101481,10.1481,1547152,16,963130306873368709,594124941275654819,2305843009213693951
10000,1.5,0.9,45,4,random,0.013213700003689155,1.3213700003689154e-06,6469,0.6469,17,28589,15897,10000,0.6290495061961376,5897,0.6290495061961376,30000,85767,115767,11.5767,1547152,16,963130306873368709,594124941275654819,2305843009213693951
10000,2.0,0.5,45,4,random,0.010931700002402067,1.0931700002402067e-06,2902,0.2902,11,16387,32768,10000,0.30517578125,22768,0.30517578125,30000,49161,79161,7.9161,2673112,16,963130306873368709,594124941275654819,2305843009213693951
10000,2.0,0.75,45,4,random,0.037138100000447594,3.7138100000447595e-06,4020,0.402,10,12286,16384,10000,0.6103515625,6384,0.6103515625,30000,36858,66858,6.6858,1578200,16,963130306873368709,594124941275654819,2305843009213693951
10000,2.0,0.9,45,4,random,0.008069899995462038,8.069899995462038e-07,4566,0.4566,10,14736,16384,10000,0.6103515625,6384,0.6103515625,30000,44208,74208,7.4208,1578200,16,963130306873368709,594124941275654819,2305843009213693951
10000,3.0,0.5,45,4,random,0.007246300010592677,7.246300010592676e-07,2283,0.2283,7,8751,34992,10000,0.2857796067672611,24992,0.2857796067672611,30000,26253,56253,5.6253,2835640,16,963130306873368709,594124941275654819,2305843009213693951
10000,3.0,0.75,45,4,random,0.009994399995775893,9.994399995775893e-07,3507,0.3507,7,13123,34992,10000,0.2857796067672611,24992,0.2857796067672611,30000,39369,69369,6.9369,2835640,16,963130306873368709,594124941275654819,2305843009213693951
10000,3.0,0.9,45,4,random,0.005094599997391924,5.094599997391924e-07,4229,0.4229,6,5245,11664,10000,0.8573388203017832,1664,0.8573388203017832,30000,15735,45735,4.5735,1248408,16,963130306873368709,594124941275654819,2305843009213693951
10000,1.5,0.5,46,5,random,0.013162400005967356,1.3162400005967356e-06,3270,0.327,18,23840,23846,10000,0.41935754424222094,13846,0.41935754424222094,30000,71520,101520,10.152,2076040,16,176127807941085543,92145436972157049,2305843009213693951
10000,1.5,0.75,46,5,random,0.012525499987532385,1.2525499987532384e-06,4398,0.4398,17,23827,15897,10000,0.6290495061961376,5897,0.6290495061961376,30000,71481,101481,10.1481,1548752,16,176127807941085543,92145436972157049,2305843009213693951
10000,1.5,0.9,46,5,random,0.041526200002408586,4.1526200002408585e-06,5060,0.506,17,28589,15897,10000,0.6290495061961376,5897,0.6290495061961376,30000,85767,115767,11.5767,1548752,16,176127807941085543,92145436972157049,2305843009213693951
10000,2.0,0.5,46,5,random,0.010166499996557832,1.0166499996557832e-06,2797,0.2797,11,16387,32768,10000,0.30517578125,22768,0.30517578125,30000,49161,79161,7.9161,2674392,16,176127807941085543,92145436972157049,2305843009213693951
10000,2.0,0.75,46,5,random,0.007583900005556643,7.583900005556643e-07,4010,0.401,10,12286,16384,10000,0.6103515625,6384,0.6103515625,30000,36858,66858,6.6858,1577144,16,176127807941085543,92145436972157049,2305843009213693951
10000,2.0,0.9,46,5,random,0.008240499999374151,8.240499999374151e-07,4598,0.4598,10,14736,16384,10000,0.6103515625,6384,0.6103515625,30000,44208,74208,7.4208,1577144,16,176127807941085543,92145436972157049,2305843009213693951
10000,3.0,0.5,46,5,random,0.007538000005297363,7.538000005297363e-07,2307,0.2307,7,8751,34992,10000,0.2857796067672611,24992,0.2857796067672611,30000,26253,56253,5.6253,2837112,16,176127807941085543,92145436972157049,2305843009213693951
10000,3.0,0.75,46,5,random,0.008625500006019138,8.625500006019138e-07,3579,0.3579,7,13123,34992,10000,0.2857796067672611,24992,0.2857796067672611,30000,39369,69369,6.9369,2837112,16,176127807941085543,92145436972157049,2305843009213693951
10000,3.0,0.9,46,5,random,0.004976299998816103,4.976299998816103e-07,4267,0.4267,6,5245,11664,10000,0.8573388203017832,1664,0.8573388203017832,30000,15735,45735,4.5735,1247192,16,176127807941085543,92145436972157049,2305843009213693951
10000,1.5,0.5,47,6,random,0.04221549999783747,4.221549999783747e-06,3249,0.3249,18,23840,23846,10000,0.41935754424222094,13846,0.41935754424222094,30000,71520,101520,10.152,2078440,16,144173240364996770,1276607102766329742,2305843009213693951
10000,1.5,0.75,47,6,random,0.011961900003370829,1.196190000337083e-06,4613,0.4613,17,23827,15897,10000,0.6290495061961376,5897,0.6290495061961376,30000,71481,101481,10.1481,1547664,16,144173240364996770,1276607102766329742,2305843009213693951
10000,1.5,0.9,47,6,random,0.01292480000120122,1.292480000120122e-06,5254,0.5254,17,28589,15897,10000,0.6290495061961376,5897,0.6290495061961376,30000,85767,115767,11.5767,1547664,16,144173240364996770,1276607102766329742,2305843009213693951
10000,2.0,0.5,47,6,random,0.010644199996022508,1.0644199996022507e-06,2866,0.2866,11,16387,32768,10000,0.30517578125,22768,0.30517578125,30000,49161,79161,7.9161,2673304,16,144173240364996770,1276607102766329742,2305843009213693951
10000,2.0,0.75,47,6,random,0.008032199999433942,8.032199999433942e-07,4024,0.4024,10,12286,16384,10000,0.6103515625,6384,0.6103515625,30000,36858,66858,6.6858,1577272,16,144173240364996770,1276607102766329742,2305843009213693951
10000,2.0,0.9,47,6,random,0.008517000009305775,8.517000009305775e-07,4588,0.4588,10,14736,16384,10000,0.6103515625,6384,0.6103515625,30000,44208,74208,7.4208,1577272,16,144173240364996770,1276607102766329742,2305843009213693951
10000,3.0,0.5,47,6,random,0.03602780000073835,3.6027800000738354e-06,2356,0.2356,7,8751,34992,10000,0.2857796067672611,24992,0.2857796067672611,30000,26253,56253,5.6253,2835768,16,144173240364996770,1276607102766329742,2305843009213693951
10000,3.0,0.75,47,6,random,0.0088473000068916,8.8473000068916e-07,3573,0.3573,7,13123,34992,10000,0.2857796067672611,24992,0.2857796067672611,30000,39369,69369,6.9369,2835768,16,144173240364996770,1276607102766329742,2305843009213693951
10000,3.0,0.9,47,6,random,0.005237400007899851,5.237400007899851e-07,4272,0.4272,6,5245,11664,10000,0.8573388203017832,1664,0.8573388203017832,30000,15735,45735,4.5735,1247608,16,144173240364996770,1276607102766329742,2305843009213693951
10000,1.5,0.5,48,7,random,0.0131863999995403,1.3186399999540298e-06,3189,0.3189,18,23840,23846,10000,0.41935754424222094,13846,0.41935754424222094,30000,71520,101520,10.152,2076360,16,727386515324539458,1284136067485901726,2305843009213693951
10000,1.5,0.75,48,7,random,0.011677100002998486,1.1677100002998485e-06,4475,0.4475,17,23827,15897,10000,0.6290495061961376,5897,0.6290495061961376,30000,71481,101481,10.1481,1548048,16,727386515324539458,1284136067485901726,2305843009213693951
10000,1.5,0.9,48,7,random,0.012985900000785477,1.2985900000785478e-06,5126,0.5126,17,28589,15897,10000,0.6290495061961376,5897,0.6290495061961376,30000,85767,115767,11.5767,1548048,16,727386515324539458,1284136067485901726,2305843009213693951
10000,2.0,0.5,48,7,random,0.04002570000011474,4.002570000011474e-06,2811,0.2811,11,16387,32768,10000,0.30517578125,22768,0.30517578125,30000,49161,79161,7.9161,2674232,16,727386515324539458,1284136067485901726,2305843009213693951
10000,2.0,0.75,48,7,random,0.007643399992957711,7.643399992957712e-07,3993,0.3993,10,12286,16384,10000,0.6103515625,6384,0.6103515625,30000,36858,66858,6.6858,1579128,16,727386515324539458,1284136067485901726,2305843009213693951
10000,2.0,0.9,48,7,random,0.008893899997929111,8.893899997929111e-07,4525,0.4525,10,14736,16384,10000,0.6103515625,6384,0.6103515625,30000,44208,74208,7.4208,1579128,16,727386515324539458,1284136067485901726,2305843009213693951
10000,3.0,0.5,48,7,random,0.00786579999839887,7.86579999839887e-07,2328,0.2328,7,8751,34992,10000,0.2857796067672611,24992,0.2857796067672611,30000,26253,56253,5.6253,2835128,16,727386515324539458,1284136067485901726,2305843009213693951
10000,3.0,0.75,48,7,random,0.009318700002040714,9.318700002040714e-07,3538,0.3538,7,13123,34992,10000,0.2857796067672611,24992,0.2857796067672611,30000,39369,69369,6.9369,2835128,16,727386515324539458,1284136067485901726,2305843009213693951
10000,3.0,0.9,48,7,random,0.005160600005183369,5.160600005183369e-07,4250,0.425,6,5245,11664,10000,0.8573388203017832,1664,0.8573388203017832,30000,15735,45735,4.5735,1248120,16,727386515324539458,1284136067485901726,2305843009213693951
10000,1.5,0.5,49,8,random,0.06000210001366213,6.000210001366213e-06,3232,0.3232,18,23840,23846,10000,0.41935754424222094,13846,0.41935754424222094,30000,71520,101520,10.152,2075656,16,793970665397899006,2152094108188559335,2305843009213693951
10000,1.5,0.75,49,8,random,0.011627999992924742,1.1627999992924743e-06,4569,0.4569,17,23827,15897,10000,0.6290495061961376,5897,0.6290495061961376,30000,71481,101481,10.1481,1549104,16,793970665397899006,2152094108188559335,2305843009213693951
10000,1.5,0.9,49,8,random,0.01290629999130033,1.290629999130033e-06,5238,0.5238,17,28589,15897,10000,0.6290495061961376,5897,0.6290495061961376,30000,85767,115767,11.5767,1549104,16,793970665397899006,2152094108188559335,2305843009213693951
10000,2.0,0.5,49,8,random,0.01090239999757614,1.090239999757614e-06,2892,0.2892,11,16387,32768,10000,0.30517578125,22768,0.30517578125,30000,49161,79161,7.9161,2670616,16,793970665397899006,2152094108188559335,2305843009213693951
10000,2.0,0.75,49,8,random,0.007978000008733943,7.978000008733943e-07,4064,0.4064,10,12286,16384,10000,0.6103515625,6384,0.6103515625,30000,36858,66858,6.6858,1574808,16,793970665397899006,2152094108188559335,2305843009213693951
10000,2.0,0.9,49,8,random,0.008457199990516528,8.457199990516528e-07,4570,0.457,10,14736,16384,10000,0.6103515625,6384,0.6103515625,30000,44208,74208,7.4208,1574808,16,793970665397899006,2152094108188559335,2305843009213693951
10000,3.0,0.5,49,8,random,0.00830659999337513,8.30659999337513e-07,2329,0.2329,7,8751,34992,10000,0.2857796067672611,24992,0.2857796067672611,30000,26253,56253,5.6253,2834392,16,793970665397899006,2152094108188559335,2305843009213693951
10000,3.0,0.75,49,8,random,0.03950690000783652,3.950690000783652e-06,3543,0.3543,7,13123,34992,10000,0.2857796067672611,24992,0.2857796067672611,30000,39369,69369,6.9369,2834392,16,793970665397899006,2152094108188559335,2305843009213693951
10000,3.0,0.9,49,8,random,0.005268399996566586,5.268399996566586e-07,4295,0.4295,6,5245,11664,10000,0.8573388203017832,1664,0.8573388203017832,30000,15735,45735,4.5735,1246488,16,793970665397899006,2152094108188559335,2305843009213693951
10000,1.5,0.5,50,9,random,0.013314300013007596,1.3314300013007595e-06,3219,0.3219,18,23840,23846,10000,0.41935754424222094,13846,0.41935754424222094,30000,71520,101520,10.152,2077352,16,1973099216186019426,839551891445904909,2305843009213693951
10000,1.5,0.75,50,9,random,0.012073200006852858,1.2073200006852859e-06,4436,0.4436,17,23827,15897,10000,0.6290495061961376,5897,0.6290495061961376,30000,71481,101481,10.1481,1547920,16,1973099216186019426,839551891445904909,2305843009213693951
10000,1.5,0.9,50,9,random,0.013383199999225326,1.3383199999225326e-06,5148,0.5148,17,28589,15897,10000,0.6290495061961376,5897,0.6290495061961376,30000,85767,115767,11.5767,1547920,16,1973099216186019426,839551891445904909,2305843009213693951
10000,2.0,0.5,50,9,random,0.01097200000367593,1.097200000367593e-06,2857,0.2857,11,16387,32768,10000,0.30517578125,22768,0.30517578125,30000,49161,79161,7.9161,2673464,16,1973099216186019426,839551891445904909,2305843009213693951
10000,2.0,0.75,50,9,random,0.03831760000321083,3.831760000321083e-06,4034,0.4034,10,12286,16384,10000,0.6103515625,6384,0.6103515625,30000,36858,66858,6.6858,1577880,16,1973099216186019426,839551891445904909,2305843009213693951
10000,2.0,0.9,50,9,random,0.008713000002899207,8.713000002899208e-07,4588,0.4588,10,14736,16384,10000,0.6103515625,6384,0.6103515625,30000,44208,74208,7.4208,1577880,16,1973099216186019426,839551891445904909,2305843009213693951
10000,3.0,0.5,50,9,random,0.0088162000029115,8.816200002911501e-07,2307,0.2307,7,8751,34992,10000,0.2857796067672611,24992,0.2857796067672611,30000,26253,56253,5.6253,2836312,16,1973099216186019426,839551891445904909,2305843009213693951
10000,3.0,0.75,50,9,random,0.009810999996261671,9.810999996261671e-07,3544,0.3544,7,13123,34992,10000,0.2857796067672611,24992,0.2857796067672611,30000,39369,69369,6.9369,2836312,16,1973099216186019426,839551891445904909,2305843009213693951
10000,3.0,0.9,50,9,random,0.005506900008185767,5.506900008185767e-07,4250,0.425,6,5245,11664,10000,0.8573388203017832,1664,0.8573388203017832,30000,15735,45735,4.5735,1247256,16,1973099216186019426,839551891445904909,2305843009213693951
10000,1.5,0.5,51,10,random,0.013485799994668923,1.3485799994668923e-06,3203,0.3203,18,23840,23846,10000,0.41935754424222094,13846,0.41935754424222094,30000,71520,101520,10.152,2077160,16,1933427113282973200,1273492775044695229,2305843009213693951
10000,1.5,0.75,51,10,random,0.012139400001615286,1.2139400001615285e-06,4443,0.4443,17,23827,15897,10000,0.6290495061961376,5897,0.6290495061961376,30000,71481,101481,10.1481,1548976,16,1933427113282973200,1273492775044695229,2305843009213693951
10000,1.5,0.9,51,10,random,0.045707400000537746,4.570740000053774e-06,5100,0.51,17,28589,15897,10000,0.6290495061961376,5897,0.6290495061961376,30000,85767,115767,11.5767,1548976,16,1933427113282973200,1273492775044695229,2305843009213693951
10000,2.0,0.5,51,10,random,0.01153129999875091,1.153129999875091e-06,2879,0.2879,11,16387,32768,10000,0.30517578125,22768,0.30517578125,30000,49161,79161,7.9161,2674232,16,1933427113282973200,1273492775044695229,2305843009213693951
10000,2.0,0.75,51,10,random,0.008145400002831593,8.145400002831593e-07,4060,0.406,10,12286,16384,10000,0.6103515625,6384,0.6103515625,30000,36858,66858,6.6858,1577176,16,1933427113282973200,1273492775044695229,2305843009213693951
10000,2.0,0.9,51,10,random,0.008721099991817027,8.721099991817027e-07,4586,0.4586,10,14736,16384,10000,0.6103515625,6384,0.6103515625,30000,44208,74208,7.4208,1577176,16,1933427113282973200,1273492775044695229,2305843009213693951
10000,3.0,0.5,51,10,random,0.00771389999135863,7.71389999135863e-07,2369,0.2369,7,8751,34992,10000,0.2857796067672611,24992,0.2857796067672611,30000,26253,56253,5.6253,2833880,16,1933427113282973200,1273492775044695229,2305843009213693951
10000,3.0,0.75,51,10,random,0.008939599996665493,8.939599996665493e-07,3623,0.3623,7,13123,34992,10000,0.2857796067672611,24992,0.2857796067672611,30000,39369,69369,6.9369,2833880,16,1933427113282973200,1273492775044695229,2305843009213693951
10000,3.0,0.9,51,10,random,0.037444600005983375,3.7444600005983374e-06,4303,0.4303,6,5245,11664,10000,0.8573388203017832,1664,0.8573388203017832,30000,15735,45735,4.5735,1246776,16,1933427113282973200,1273492775044695229,2305843009213693951
10000,1.5,0.5,52,11,random,0.013379900003201328,1.3379900003201328e-06,3263,0.3263,18,23840,23846,10000,0.41935754424222094,13846,0.41935754424222094,30000,71520,101520,10.152,2076488,16,618696799174358726,2029214271970554437,2305843009213693951
10000,1.5,0.75,52,11,random,0.012014399995678104,1.2014399995678104e-06,4467,0.4467,17,23827,15897,10000,0.6290495061961376,5897,0.6290495061961376,30000,71481,101481,10.1481,1548720,16,618696799174358726,2029214271970554437,2305843009213693951
10000,1.5,0.9,52,11,random,0.01306990000011865,1.3069900000118651e-06,5153,0.5153,17,28589,15897,10000,0.6290495061961376,5897,0.6290495061961376,30000,85767,115767,11.5767,1548720,16,618696799174358726,2029214271970554437,2305843009213693951
10000,2.0,0.5,52,11,random,0.010800499992910773,1.0800499992910772e-06,2839,0.2839,11,16387,32768,10000,0.30517578125,22768,0.30517578125,30000,49161,79161,7.9161,2674360,16,618696799174358726,2029214271970554437,2305843009213693951
10000,2.0,0.75,52,11,random,0.007974599997396581,7.974599997396581e-07,3964,0.3964,10,12286,16384,10000,0.6103515625,6384,0.6103515625,30000,36858,66858,6.6858,1577336,16,618696799174358726,2029214271970554437,2305843009213693951
10000,2.0,0.9,52,11,random,0.03817830000480171,3.817830000480172e-06,4557,0.4557,10,14736,16384,10000,0.6103515625,6384,0.6103515625,30000,44208,74208,7.4208,1577336,16,618696799174358726,2029214271970554437,2305843009213693951
10000,3.0,0.5,52,11,random,0.007991299993591383,7.991299993591383e-07,2309,0.2309,7,8751,34992,10000,0.2857796067672611,24992,0.2857796067672611,30000,26253,56253,5.6253,2835992,16,618696799174358726,2029214271970554437,2305843009213693951
10000,3.0,0.75,52,11,random,0.0091312000004109,9.131200000410899e-07,3551,0.3551,7,13123,34992,10000,0.2857796067672611,24992,0.2857796067672611,30000,39369,69369,6.9369,2835992,16,618696799174358726,2029214271970554437,2305843009213693951
10000,3.0,0.9,52,11,random,0.005426499992609024,5.426499992609025e-07,4247,0.4247,6,5245,11664,10000,0.8573388203017832,1664,0.8573388203017832,30000,15735,45735,4.5735,1248728,16,618696799174358726,2029214271970554437,2305843009213693951
10000,1.5,0.5,53,12,random,0.013594000003649853,1.3594000003649853e-06,3266,0.3266,18,23840,23846,10000,0.41935754424222094,13846,0.41935754424222094,30000,71520,101520,10.152,2073416,16,1967359095987829717,498185230560009946,2305843009213693951
10000,1.5,0.75,53,12,random,0.011821200008853339,1.1821200008853339e-06,4532,0.4532,17,23827,15897,10000,0.6290495061961376,5897,0.6290495061961376,30000,71481,101481,10.1481,1546800,16,1967359095987829717,498185230560009946,2305843009213693951
10000,1.5,0.9,53,12,random,0.012915700004668906,1.2915700004668906e-06,5166,0.5166,17,28589,15897,10000,0.6290495061961376,5897,0.6290495061961376,30000,85767,115767,11.5767,1546800,16,1967359095987829717,498185230560009946,2305843009213693951
10000,2.0,0.5,53,12,random,0.03954420000081882,3.954420000081882e-06,2785,0.2785,11,16387,32768,10000,0.30517578125,22768,0.30517578125,30000,49161,79161,7.9161,2674872,16,1967359095987829717,498185230560009946,2305843009213693951
10000,2.0,0.75,53,12,random,0.00791840000601951,7.91840000601951e-07,3948,0.3948,10,12286,16384,10000,0.6103515625,6384,0.6103515625,30000,36858,66858,6.6858,1578872,16,1967359095987829717,498185230560009946,2305843009213693951
10000,2.0,0.9,53,12,random,0.008597399995778687,8.597399995778687e-07,4520,0.452,10,14736,16384,10000,0.6103515625,6384,0.6103515625,30000,44208,74208,7.4208,1578872,16,1967359095987829717,498185230560009946,2305843009213693951
10000,3.0,0.5,53,12,random,0.00789029999577906,7.89029999577906e-07,2286,0.2286,7,8751,34992,10000,0.2857796067672611,24992,0.2857796067672611,30000,26253,56253,5.6253,2836792,16,1967359095987829717,498185230560009946,2305843009213693951
10000,3.0,0.75,53,12,random,0.009216100006597117,9.216100006597117e-07,3576,0.3576,7,13123,34992,10000,0.2857796067672611,24992,0.2857796067672611,30000,39369,69369,6.9369,2836792,16,1967359095987829717,498185230560009946,2305843009213693951
10000,3.0,0.9,53,12,random,0.005428099990240298,5.428099990240299e-07,4309,0.4309,6,5245,11664,10000,0.8573388203017832,1664,0.8573388203017832,30000,15735,45735,4.5735,1246776,16,1967359095987829717,498185230560009946,2305843009213693951
10000,1.5,0.5,54,13,random,0.043583499995293096,4.358349999529309e-06,3689,0.3689,18,23840,23846,10000,0.41935754424222094,13846,0.41935754424222094,30000,71520,101520,10.152,2073352,16,2258536001366688123,1012121370449003109,2305843009213693951
10000,1.5,0.75,54,13,random,0.012206500003230758,1.2206500003230759e-06,5060,0.506,17,23827,15897,10000,0.6290495061961376,5897,0.6290495061961376,30000,71481,101481,10.1481,1525424,16,2258536001366688123,1012121370449003109,2305843009213693951
10000,1.5,0.9,54,13,random,0.013099199990392663,1.3099199990392663e-06,5618,0.5618,17,28589,15897,10000,0.6290495061961376,5897,0.6290495061961376,30000,85767,115767,11.5767,1525424,16,2258536001366688123,1012121370449003109,2305843009213693951
10000,2.0,0.5,54,13,random,0.010857599991140887,1.0857599991140887e-06,2820,0.282,11,16387,32768,10000,0.30517578125,22768,0.30517578125,30000,49161,79161,7.9161,2671832,16,2258536001366688123,1012121370449003109,2305843009213693951
10000,2.0,0.75,54,13,random,0.007854600000428036,7.854600000428035e-07,4023,0.4023,10,12286,16384,10000,0.6103515625,6384,0.6103515625,30000,36858,66858,6.6858,1578904,16,2258536001366688123,1012121370449003109,2305843009213693951
10000,2.0,0.9,54,13,random,0.009007799992104992,9.007799992104992e-07,4601,0.4601,10,14736,16384,10000,0.6103515625,6384,0.6103515625,30000,44208,74208,7.4208,1578904,16,2258536001366688123,1012121370449003109,2305843009213693951
10000,3.0,0.5,54,13,random,0.008204499987186864,8.204499987186864e-07,2350,0.235,7,8751,34992,10000,0.2857796067672611,24992,0.2857796067672611,30000,26253,56253,5.6253,2834936,16,2258536001366688123,1012121370449003109,2305843009213693951
10000,3.0,0.75,54,13,random,0.039479400002164766,3.947940000216476e-06,3589,0.3589,7,13123,34992,10000,0.2857796067672611,24992,0.2857796067672611,30000,39369,69369,6.9369,2834936,16,2258536001366688123,1012121370449003109,2305843009213693951
10000,3.0,0.9,54,13,random,0.005468899995321408,5.468899995321408e-07,4303,0.4303,6,5245,11664,10000,0.8573388203017832,1664,0.8573388203017832,30000,15735,45735,4.5735,1247416,16,2258536001366688123,1012121370449003109,2305843009213693951
10000,1.5,0.5,55,14,random,0.01416790000803303,1.416790000803303e-06,3513,0.3513,18,23840,23846,10000,0.41935754424222094,13846,0.41935754424222094,30000,71520,101520,10.152,2049480,16,2277903568736387890,452514279465990313,2305843009213693951
10000,1.5,0.75,55,14,random,0.012297699999180622,1.2297699999180621e-06,4488,0.4488,17,23827,15897,10000,0.6290495061961376,5897,0.6290495061961376,30000,71481,101481,10.1481,1548368,16,2277903568736387890,452514279465990313,2305843009213693951
10000,1.5,0.9,55,14,random,0.014029400001163594,1.4029400001163594e-06,5185,0.5185,17,28589,15897,10000,0.6290495061961376,5897,0.6290495061961376,30000,85767,115767,11.5767,1548368,16,2277903568736387890,452514279465990313,2305843009213693951
10000,2.0,0.5,55,14,random,0.011449900004663505,1.1449900004663505e-06,2935,0.2935,11,16387,32768,10000,0.30517578125,22768,0.30517578125,30000,49161,79161,7.9161,2672728,16,2277903568736387890,452514279465990313,2305843009213693951
10000,2.0,0.75,55,14,random,0.03791009999986272,3.791009999986272e-06,4094,0.4094,10,12286,16384,10000,0.6103515625,6384,0.6103515625,30000,36858,66858,6.6858,1576088,16,2277903568736387890,452514279465990313,2305843009213693951
10000,2.0,0.9,55,14,random,0.009298199991462752,9.298199991462752e-07,4642,0.4642,10,14736,16384,10000,0.6103515625,6384,0.6103515625,30000,44208,74208,7.4208,1576088,16,2277903568736387890,452514279465990313,2305843009213693951
10000,3.0,0.5,55,14,random,0.008442499994998798,8.442499994998798e-07,2357,0.2357,7,8751,34992,10000,0.2857796067672611,24992,0.2857796067672611,30000,26253,56253,5.6253,2834168,16,2277903568736387890,452514279465990313,2305843009213693951
10000,3.0,0.75,55,14,random,0.00932509999256581,9.32509999256581e-07,3583,0.3583,7,13123,34992,10000,0.2857796067672611,24992,0.2857796067672611,30000,39369,69369,6.9369,2834168,16,2277903568736387890,452514279465990313,2305843009213693951
10000,3.0,0.9,55,14,random,0.005354900000384077,5.354900000384078e-07,4269,0.4269,6,5245,11664,10000,0.8573388203017832,1664,0.8573388203017832,30000,15735,45735,4.5735,1247448,16,2277903568736387890,452514279465990313,2305843009213693951
10000,1.5,0.5,56,15,random,0.01378330000443384,1.378330000443384e-06,3225,0.3225,18,23840,23846,10000,0.41935754424222094,13846,0.41935754424222094,30000,71520,101520,10.152,2075624,16,1956076132499880650,26508845497723367,2305843009213693951
10000,1.5,0.75,56,15,random,0.043013900009100325,4.301390000910033e-06,4497,0.4497,17,23827,15897,10000,0.6290495061961376,5897,0.6290495061961376,30000,71481,101481,10.1481,1552080,16,1956076132499880650,26508845497723367,2305843009213693951
10000,1.5,0.9,56,15,random,0.013105300007737242,1.3105300007737241e-06,5171,0.5171,17,28589,15897,10000,0.6290495061961376,5897,0.6290495061961376,30000,85767,115767,11.5767,1552080,16,1956076132499880650,26508845497723367,2305843009213693951
10000,2.0,0.5,56,15,random,0.011140499991597608,1.1140499991597608e-06,2816,0.2816,11,16387,32768,10000,0.30517578125,22768,0.30517578125,30000,49161,79161,7.9161,2674584,16,1956076132499880650,26508845497723367,2305843009213693951
10000,2.0,0.75,56,15,random,0.007969800004502758,7.969800004502759e-07,3982,0.3982,10,12286,16384,10000,0.6103515625,6384,0.6103515625,30000,36858,66858,6.6858,1579224,16,1956076132499880650,26508845497723367,2305843009213693951
10000,2.0,0.9,56,15,random,0.009359000003314577,9.359000003314577e-07,4575,0.4575,10,14736,16384,10000,0.6103515625,6384,0.6103515625,30000,44208,74208,7.4208,1579224,16,1956076132499880650,26508845497723367,2305843009213693951
10000,3.0,0.5,56,15,random,0.008324900001753122,8.324900001753121e-07,2293,0.2293,7,8751,34992,10000,0.2857796067672611,24992,0.2857796067672611,30000,26253,56253,5.6253,2835448,16,1956076132499880650,26508845497723367,2305843009213693951
10000,3.0,0.75,56,15,random,0.009227899994584732,9.227899994584732e-07,3552,0.3552,7,13123,34992,10000,0.2857796067672611,24992,0.2857796067672611,30000,39369,69369,6.9369,2835448,16,1956076132499880650,26508845497723367,2305843009213693951
10000,3.0,0.9,56,15,random,0.03406080001150258,3.406080001150258e-06,4272,0.4272,6,5245,11664,10000,0.8573388203017832,1664,0.8573388203017832,30000,15735,45735,4.5735,1247480,16,1956076132499880650,26508845497723367,2305843009213693951
10000,1.5,0.5,57,16,random,0.01339209999423474,1.339209999423474e-06,3154,0.3154,18,23840,23846,10000,0.41935754424222094,13846,0.41935754424222094,30000,71520,101520,10.152,2077128,16,847978861133403702,1395714462194184430,2305843009213693951
10000,1.5,0.75,57,16,random,0.011611499998252839,1.1611499998252839e-06,4491,0.4491,17,23827,15897,10000,0.6290495061961376,5897,0.6290495061961376,30000,71481,101481,10.1481,1547984,16,847978861133403702,1395714462194184430,2305843009213693951
10000,1.5,0.9,57,16,random,0.01345880000735633,1.345880000735633e-06,5209,0.5209,17,28589,15897,10000,0.6290495061961376,5897,0.6290495061961376,30000,85767,115767,11.5767,1547984,16,847978861133403702,1395714462194184430,2305843009213693951
10000,2.0,0.5,57,16,random,0.01077350000559818,1.077350000559818e-06,2880,0.288,11,16387,32768,10000,0.30517578125,22768,0.30517578125,30000,49161,79161,7.9161,2672792,16,847978861133403702,1395714462194184430,2305843009213693951
10000,2.0,0.75,57,16,random,0.008174599992344156,8.174599992344156e-07,4085,0.4085,10,12286,16384,10000,0.6103515625,6384,0.6103515625,30000,36858,66858,6.6858,1576248,16,847978861133403702,1395714462194184430,2305843009213693951
10000,2.0,0.9,57,16,random,0.038153400004375726,3.815340000437573e-06,4635,0.4635,10,14736,16384,10000,0.6103515625,6384,0.6103515625,30000,44208,74208,7.4208,1576248,16,847978861133403702,1395714462194184430,2305843009213693951
10000,3.0,0.5,57,16,random,0.007603100006235763,7.603100006235763e-07,2275,0.2275,7,8751,34992,10000,0.2857796067672611,24992,0.2857796067672611,30000,26253,56253,5.6253,2836216,16,847978861133403702,1395714462194184430,2305843009213693951
10000,3.0,0.75,57,16,random,0.009183999995002523,9.183999995002523e-07,3491,0.3491,7,13123,34992,10000,0.2857796067672611,24992,0.2857796067672611,30000,39369,69369,6.9369,2836216,16,847978861133403702,1395714462194184430,2305843009213693951
10000,3.0,0.9,57,16,random,0.005176000006031245,5.176000006031245e-07,4198,0.4198,6,5245,11664,10000,0.8573388203017832,1664,0.8573388203017832,30000,15735,45735,4.5735,1248824,16,847978861133403702,1395714462194184430,2305843009213693951
10000,1.5,0.5,58,17,random,0.013654800000949763,1.3654800000949763e-06,3140,0.314,18,23840,23846,10000,0.41935754424222094,13846,0.41935754424222094,30000,71520,101520,10.152,2078344,16,454612962106966139,1702438209959121919,2305843009213693951
10000,1.5,0.75,58,17,random,0.011745299998437986,1.1745299998437986e-06,4401,0.4401,17,23827,15897,10000,0.6290495061961376,5897,0.6290495061961376,30000,71481,101481,10.1481,1550896,16,454612962106966139,1702438209959121919,2305843009213693951
10000,1.5,0.9,58,17,random,0.013467800003127195,1.3467800003127195e-06,5118,0.5118,17,28589,15897,10000,0.6290495061961376,5897,0.6290495061961376,30000,85767,115767,11.5767,1550896,16,454612962106966139,1702438209959121919,2305843009213693951
10000,2.0,0.5,58,17,random,0.039233499992405996,3.9233499992406e-06,2739,0.2739,11,16387,32768,10000,0.30517578125,22768,0.30517578125,30000,49161,79161,7.9161,2675608,16,454612962106966139,1702438209959121919,2305843009213693951
10000,2.0,0.75,58,17,random,0.007906800005002879,7.906800005002878e-07,3949,0.3949,10,12286,16384,10000,0.6103515625,6384,0.6103515625,30000,36858,66858,6.6858,1580248,16,454612962106966139,1702438209959121919,2305843009213693951
10000,2.0,0.9,58,17,random,0.008298899992951192,8.298899992951192e-07,4533,0.4533,10,14736,16384,10000,0.6103515625,6384,0.6103515625,30000,44208,74208,7.4208,1580248,16,454612962106966139,1702438209959121919,2305843009213693951
10000,3.0,0.5,58,17,random,0.007753199999569915,7.753199999569915e-07,2305,0.2305,7,8751,34992,10000,0.2857796067672611,24992,0.2857796067672611,30000,26253,56253,5.6253,2834552,16,454612962106966139,1702438209959121919,2305843009213693951
10000,3.0,0.75,58,17,random,0.00925709999864921,9.25709999864921e-07,3559,0.3559,7,13123,34992,10000,0.2857796067672611,24992,0.2857796067672611,30000,39369,69369,6.9369,2834552,16,454612962106966139,1702438209959121919,2305843009213693951
10000,3.0,0.9,58,17,random,0.005291699999361299,5.291699999361299e-07,4262,0.4262,6,5245,11664,10000,0.8573388203017832,1664,0.8573388203017832,30000,15735,45735,4.5735,1247928,16,454612962106966139,1702438209959121919,2305843009213693951
10000,1.5,0.5,59,18,random,0.043522899999516085,4.352289999951608e-06,3178,0.3178,18,23840,23846,10000,0.41935754424222094,13846,0.41935754424222094,30000,71520,101520,10.152,2072552,16,195095767942445094,1500048066919629750,2305843009213693951
10000,1.5,0.75,59,18,random,0.011609299996052869,1.1609299996052868e-06,4488,0.4488,17,23827,15897,10000,0.6290495061961376,5897,0.6290495061961376,30000,71481,101481,10.1481,1550288,16,195095767942445094,1500048066919629750,2305843009213693951
10000,1.5,0.9,59,18,random,0.013833499993779697,1.3833499993779696e-06,5198,0.5198,17,28589,15897,10000,0.6290495061961376,5897,0.6290495061961376,30000,85767,115767,11.5767,1550288,16,195095767942445094,1500048066919629750,2305843009213693951
10000,2.0,0.5,59,18,random,0.010757200012449175,1.0757200012449174e-06,2843,0.2843,11,16387,32768,10000,0.30517578125,22768,0.30517578125,30000,49161,79161,7.9161,2674904,16,195095767942445094,1500048066919629750,2305843009213693951
10000,2.0,0.75,59,18,random,0.008076400001300499,8.076400001300499e-07,4018,0.4018,10,12286,16384,10000,0.6103515625,6384,0.6103515625,30000,36858,66858,6.6858,1578264,16,195095767942445094,1500048066919629750,2305843009213693951
10000,2.0,0.9,59,18,random,0.008469199994578958,8.469199994578958e-07,4562,0.4562,10,14736,16384,10000,0.6103515625,6384,0.6103515625,30000,44208,74208,7.4208,1578264,16,195095767942445094,1500048066919629750,2305843009213693951
10000,3.0,0.5,59,18,random,0.037872700006118976,3.7872700006118976e-06,2262,0.2262,7,8751,34992,10000,0.2857796067672611,24992,0.2857796067672611,30000,26253,56253,5.6253,2837272,16,195095767942445094,1500048066919629750,2305843009213693951
10000,3.0,0.75,59,18,random,0.009574700001394376,9.574700001394377e-07,3513,0.3513,7,13123,34992,10000,0.2857796067672611,24992,0.2857796067672611,30000,39369,69369,6.9369,2837272,16,195095767942445094,1500048066919629750,2305843009213693951
10000,3.0,0.9,59,18,random,0.005316900002071634,5.316900002071634e-07,4214,0.4214,6,5245,11664,10000,0.8573388203017832,1664,0.8573388203017832,30000,15735,45735,4.5735,1248632,16,195095767942445094,1500048066919629750,2305843009213693951
10000,1.5,0.5,60,19,random,0.014079900007345714,1.4079900007345714e-06,3304,0.3304,18,23840,23846,10000,0.41935754424222094,13846,0.41935754424222094,30000,71520,101520,10.152,2070536,16,653524007492807808,355415340864572460,2305843009213693951
10000,1.5,0.75,60,19,random,0.01222319999942556,1.222319999942556e-06,4470,0.447,17,23827,15897,10000,0.6290495061961376,5897,0.6290495061961376,30000,71481,101481,10.1481,1548688,16,653524007492807808,355415340864572460,2305843009213693951
10000,1.5,0.9,60,19,random,0.013153899999451824,1.3153899999451824e-06,5206,0.5206,17,28589,15897,10000,0.6290495061961376,5897,0.6290495061961376,30000,85767,115767,11.5767,1548688,16,653524007492807808,355415340864572460,2305843009213693951
10000,2.0,0.5,60,19,random,0.04321580000396352,4.321580000396352e-06,2865,0.2865,11,16387,32768,10000,0.30517578125,22768,0.30517578125,30000,49161,79161,7.9161,2670392,16,653524007492807808,355415340864572460,2305843009213693951
10000,2.0,0.75,60,19,random,0.00817700001061894,8.17700001061894e-07,4023,0.4023,10,12286,16384,10000,0.6103515625,6384,0.6103515625,30000,36858,66858,6.6858,1577944,16,653524007492807808,355415340864572460,2305843009213693951
10000,2.0,0.9,60,19,random,0.008379999999306165,8.379999999306164e-07,4607,0.4607,10,14736,16384,10000,0.6103515625,6384,0.6103515625,30000,44208,74208,7.4208,1577944,16,653524007492807808,355415340864572460,2305843009213693951
10000,3.0,0.5,60,19,random,0.007975600005011074,7.975600005011074e-07,2346,0.2346,7,8751,34992,10000,0.2857796067672611,24992,0.2857796067672611,30000,26253,56253,5.6253,2835192,16,653524007492807808,355415340864572460,2305843009213693951
10000,3.0,0.75,60,19,random,0.009183100002701394,9.183100002701395e-07,3609,0.3609,7,13123,34992,10000,0.2857796067672611,24992,0.2857796067672611,30000,39369,69369,6.9369,2835192,16,653524007492807808,355415340864572460,2305843009213693951
10000,3.0,0.9,60,19,random,0.005555399999138899,5.5553999991389e-07,4303,0.4303,6,5245,11664,10000,0.8573388203017832,1664,0.8573388203017832,30000,15735,45735,4.5735,1247000,16,653524007492807808,355415340864572460,2305843009213693951
10000,1.5,0.5,61,20,random,0.013288799993460998,1.3288799993460999e-06,3285,0.3285,18,23840,23846,10000,0.41935754424222094,13846,0.41935754424222094,30000,71520,101520,10.152,2073192,16,418983635330710152,499844581152741729,2305843009213693951
10000,1.5,0.75,61,20,random,0.040438999989419244,4.043899998941924e-06,4415,0.4415,17,23827,15897,10000,0.6290495061961376,5897,0.6290495061961376,30000,71481,101481,10.1481,1548976,16,418983635330710152,499844581152741729,2305843009213693951
10000,1.5,0.9,61,20,random,0.013802000001305714,1.3802000001305713e-06,5074,0.5074,17,28589,15897,10000,0.6290495061961376,5897,0.6290495061961376,30000,85767,115767,11.5767,1548976,16,418983635330710152,499844581152741729,2305843009213693951
10000,2.0,0.5,61,20,random,0.011042600002838299,1.1042600002838299e-06,2813,0.2813,11,16387,32768,10000,0.30517578125,22768,0.30517578125,30000,49161,79161,7.9161,2673240,16,418983635330710152,499844581152741729,2305843009213693951
10000,2.0,0.75,61,20,random,0.008740799996303394,8.740799996303395e-07,3981,0.3981,10,12286,16384,10000,0.6103515625,6384,0.6103515625,30000,36858,66858,6.6858,1578616,16,418983635330710152,499844581152741729,2305843009213693951
10000,2.0,0.9,61,20,random,0.008646999995107763,8.646999995107763e-07,4542,0.4542,10,14736,16384,10000,0.6103515625,6384,0.6103515625,30000,44208,74208,7.4208,1578616,16,418983635330710152,499844581152741729,2305843009213693951
10000,3.0,0.5,61,20,random,0.008065399990300648,8.065399990300648e-07,2321,0.2321,7,8751,34992,10000,0.2857796067672611,24992,0.2857796067672611,30000,26253,56253,5.6253,2836120,16,418983635330710152,499844581152741729,2305843009213693951
10000,3.0,0.75,61,20,random,0.04106570000294596,4.106570000294596e-06,3507,0.3507,7,13123,34992,10000,0.2857796067672611,24992,0.2857796067672611,30000,39369,69369,6.9369,2836120,16,418983635330710152,499844581152741729,2305843009213693951
10000,3.0,0.9,61,20,random,0.0070761999959358945,7.076199995935895e-07,4245,0.4245,6,5245,11664,10000,0.8573388203017832,1664,0.8573388203017832,30000,15735,45735,4.5735,1248216,16,418983635330710152,499844581152741729,2305843009213693951
10000,1.5,0.5,62,21,random,0.013923100006650202,1.3923100006650202e-06,3237,0.3237,18,23840,23846,10000,0.41935754424222094,13846,0.41935754424222094,30000,71520,101520,10.152,2068392,16,1326467972949138173,150235521510768009,2305843009213693951
10000,1.5,0.75,62,21,random,0.012548800004879013,1.2548800004879013e-06,4416,0.4416,17,23827,15897,10000,0.6290495061961376,5897,0.6290495061961376,30000,71481,101481,10.1481,1549424,16,1326467972949138173,150235521510768009,2305843009213693951
10000,1.5,0.9,62,21,random,0.013002899999264628,1.3002899999264627e-06,5121,0.5121,17,28589,15897,10000,0.6290495061961376,5897,0.6290495061961376,30000,85767,115767,11.5767,1549424,16,1326467972949138173,150235521510768009,2305843009213693951
10000,2.0,0.5,62,21,random,0.011057600000640377,1.1057600000640378e-06,2851,0.2851,11,16387,32768,10000,0.30517578125,22768,0.30517578125,30000,49161,79161,7.9161,2670872,16,1326467972949138173,150235521510768009,2305843009213693951
10000,2.0,0.75,62,21,random,0.007948700003908016,7.948700003908015e-07,4061,0.4061,10,12286,16384,10000,0.6103515625,6384,0.6103515625,30000,36858,66858,6.6858,1576472,16,1326467972949138173,150235521510768009,2305843009213693951
10000,2.0,0.9,62,21,random,0.03664760000538081,3.664760000538081e-06,4625,0.4625,10,14736,16384,10000,0.6103515625,6384,0.6103515625,30000,44208,74208,7.4208,1576472,16,1326467972949138173,150235521510768009,2305843009213693951
10000,3.0,0.5,62,21,random,0.008151400004862808,8.151400004862807e-07,2342,0.2342,7,8751,34992,10000,0.2857796067672611,24992,0.2857796067672611,30000,26253,56253,5.6253,2834648,16,1326467972949138173,150235521510768009,2305843009213693951
10000,3.0,0.75,62,21,random,0.008924299996579066,8.924299996579066e-07,3590,0.359,7,13123,34992,10000,0.2857796067672611,24992,0.2857796067672611,30000,39369,69369,6.9369,2834648,16,1326467972949138173,150235521510768009,2305843009213693951
10000,3.0,0.9,62,21,random,0.005532499999389984,5.532499999389983e-07,4301,0.4301,6,5245,11664,10000,0.8573388203017832,1664,0.8573388203017832,30000,15735,45735,4.5735,1247800,16,1326467972949138173,150235521510768009,2305843009213693951
10000,1.5,0.5,63,22,random,0.01314260000071954,1.314260000071954e-06,3178,0.3178,18,23840,23846,10000,0.41935754424222094,13846,0.41935754424222094,30000,71520,101520,10.152,2076072,16,1024322815512585445,2145571529822921201,2305843009213693951
10000,1.5,0.75,63,22,random,0.012311400001635775,1.2311400001635775e-06,4477,0.4477,17,23827,15897,10000,0.6290495061961376,5897,0.6290495061961376,30000,71481,101481,10.1481,1547824,16,1024322815512585445,2145571529822921201,2305843009213693951
10000,1.5,0.9,63,22,random,0.04346770000120159,4.346770000120159e-06,5088,0.5088,17,28589,15897,10000,0.6290495061961376,5897,0.6290495061961376,30000,85767,115767,11.5767,1547824,16,1024322815512585445,2145571529822921201,2305843009213693951
10000,2.0,0.5,63,22,random,0.01171279999834951,1.171279999834951e-06,3096,0.3096,11,16387,32768,10000,0.30517578125,22768,0.30517578125,30000,49161,79161,7.9161,2647640,16,1024322815512585445,2145571529822921201,2305843009213693951
10000,2.0,0.75,63,22,random,0.0076659000042127445,7.665900004212744e-07,4014,0.4014,10,12286,16384,10000,0.6103515625,6384,0.6103515625,30000,36858,66858,6.6858,1577720,16,1024322815512585445,2145571529822921201,2305843009213693951
10000,2.0,0.9,63,22,random,0.0087850999989314,8.7850999989314e-07,4603,0.4603,10,14736,16384,10000,0.6103515625,6384,0.6103515625,30000,44208,74208,7.4208,1577720,16,1024322815512585445,2145571529822921201,2305843009213693951
10000,3.0,0.5,63,22,random,0.008111999995890073,8.111999995890074e-07,2290,0.229,7,8751,34992,10000,0.2857796067672611,24992,0.2857796067672611,30000,26253,56253,5.6253,2836824,16,1024322815512585445,2145571529822921201,2305843009213693951
10000,3.0,0.75,63,22,random,0.009082100004889071,9.082100004889071e-07,3588,0.3588,7,13123,34992,10000,0.2857796067672611,24992,0.2857796067672611,30000,39369,69369,6.9369,2836824,16,1024322815512585445,2145571529822921201,2305843009213693951
10000,3.0,0.9,63,22,random,0.005417300009867176,5.417300009867176e-07,4302,0.4302,6,5245,11664,10000,0.8573388203017832,1664,0.8573388203017832,30000,15735,45735,4.5735,1246840,16,1024322815512585445,2145571529822921201,2305843009213693951
10000,1.5,0.5,64,23,random,0.0427884999953676,4.27884999953676e-06,3183,0.3183,18,23840,23846,10000,0.41935754424222094,13846,0.41935754424222094,30000,71520,101520,10.152,2076840,16,287886780813115929,1413457234261051687,2305843009213693951
10000,1.5,0.75,64,23,random,0.012421199993696064,1.2421199993696064e-06,4490,0.449,17,23827,15897,10000,0.6290495061961376,5897,0.6290495061961376,30000,71481,101481,10.1481,1549424,16,287886780813115929,1413457234261051687,2305843009213693951
10000,1.5,0.9,64,23,random,0.012952700009918772,1.2952700009918772e-06,5216,0.5216,17,28589,15897,10000,0.6290495061961376,5897,0.6290495061961376,30000,85767,115767,11.5767,1549424,16,287886780813115929,1413457234261051687,2305843009213693951
10000,2.0,0.5,64,23,random,0.011082199998782016,1.1082199998782017e-06,2835,0.2835,11,16387,32768,10000,0.30517578125,22768,0.30517578125,30000,49161,79161,7.9161,2673688,16,287886780813115929,1413457234261051687,2305843009213693951
10000,2.0,0.75,64,23,random,0.008037200008402579,8.037200008402579e-07,4048,0.4048,10,12286,16384,10000,0.6103515625,6384,0.6103515625,30000,36858,66858,6.6858,1577880,16,287886780813115929,1413457234261051687,2305843009213693951
10000,2.0,0.9,64,23,random,0.008597199994255789,8.597199994255789e-07,4625,0.4625,10,14736,16384,10000,0.6103515625,6384,0.6103515625,30000,44208,74208,7.4208,1577880,16,287886780813115929,1413457234261051687,2305843009213693951
10000,3.0,0.5,64,23,random,0.040008400013903156,4.000840001390316e-06,2409,0.2409,7,8751,34992,10000,0.2857796067672611,24992,0.2857796067672611,30000,26253,56253,5.6253,2833464,16,287886780813115929,1413457234261051687,2305843009213693951
10000,3.0,0.75,64,23,random,0.009187000003294088,9.187000003294088e-07,3595,0.3595,7,13123,34992,10000,0.2857796067672611,24992,0.2857796067672611,30000,39369,69369,6.9369,2833464,16,287886780813115929,1413457234261051687,2305843009213693951
10000,3.0,0.9,64,23,random,0.005283899998175912,5.283899998175912e-07,4285,0.4285,6,5245,11664,10000,0.8573388203017832,1664,0.8573388203017832,30000,15735,45735,4.5735,1247448,16,287886780813115929,1413457234261051687,2305843009213693951
10000,1.5,0.5,65,24,random,0.013193499995395541,1.319349999539554e-06,4398,0.4398,18,23840,23846,10000,0.41935754424222094,13846,0.41935754424222094,30000,71520,101520,10.152,1952808,16,666030003530279332,1185754838603315180,2305843009213693951
10000,1.5,0.75,65,24,random,0.011924299993552268,1.1924299993552267e-06,4419,0.4419,17,23827,15897,10000,0.6290495061961376,5897,0.6290495061961376,30000,71481,101481,10.1481,1547984,16,666030003530279332,1185754838603315180,2305843009213693951
10000,1.5,0.9,65,24,random,0.013192400001571514,1.3192400001571513e-06,5164,0.5164,17,28589,15897,10000,0.6290495061961376,5897,0.6290495061961376,30000,85767,115767,11.5767,1547984,16,666030003530279332,1185754838603315180,2305843009213693951
10000,2.0,0.5,65,24,random,0.04289880000578705,4.289880000578705e-06,2827,0.2827,11,16387,32768,10000,0.30517578125,22768,0.30517578125,30000,49161,79161,7.9161,2674776,16,666030003530279332,1185754838603315180,2305843009213693951
10000,2.0,0.75,65,24,random,0.008092499992926605,8.092499992926605e-07,4004,0.4004,10,12286,16384,10000,0.6103515625,6384,0.6103515625,30000,36858,66858,6.6858,1579224,16,666030003530279332,1185754838603315180,2305843009213693951
10000,2.0,0.9,65,24,random,0.008853999999701045,8.853999999701045e-07,4540,0.454,10,14736,16384,10000,0.6103515625,6384,0.6103515625,30000,44208,74208,7.4208,1579224,16,666030003530279332,1185754838603315180,2305843009213693951
10000,3.0,0.5,65,24,random,0.008061100001214072,8.061100001214072e-07,2338,0.2338,7,8751,34992,10000,0.2857796067672611,24992,0.2857796067672611,30000,26253,56253,5.6253,2834776,16,666030003530279332,1185754838603315180,2305843009213693951
10000,3.0,0.75,65,24,random,0.011331500005326234,1.1331500005326233e-06,3583,0.3583,7,13123,34992,10000,0.2857796067672611,24992,0.2857796067672611,30000,39369,69369,6.9369,2834776,16,666030003530279332,1185754838603315180,2305843009213693951
10000,3.0,0.9,65,24,random,0.005558500008191913,5.558500008191913e-07,4278,0.4278,6,5245,11664,10000,0.8573388203017832,1664,0.8573388203017832,30000,15735,45735,4.5735,1247352,16,666030003530279332,1185754838603315180,2305843009213693951
10000,1.5,0.5,66,25,random,0.014651999998022802,1.4651999998022802e-06,3145,0.3145,18,23840,23846,10000,0.41935754424222094,13846,0.41935754424222094,30000,71520,101520,10.152,2076776,16,719391770955253926,2130106160647316609,2305843009213693951
10000,1.5,0.75,66,25,random,0.04142909999063704,4.142909999063704e-06,4458,0.4458,17,23827,15897,10000,0.6290495061961376,5897,0.6290495061961376,30000,71481,101481,10.1481,1550896,16,719391770955253926,2130106160647316609,2305843009213693951
10000,1.5,0.9,66,25,random,0.013296899996930733,1.3296899996930733e-06,5191,0.5191,17,28589,15897,10000,0.6290495061961376,5897,0.6290495061961376,30000,85767,115767,11.5767,1550896,16,719391770955253926,2130106160647316609,2305843009213693951
10000,2.0,0.5,66,25,random,0.01115649999701418,1.115649999701418e-06,2917,0.2917,11,16387,32768,10000,0.30517578125,22768,0.30517578125,30000,49161,79161,7.9161,2670008,16,719391770955253926,2130106160647316609,2305843009213693951
10000,2.0,0.75,66,25,random,0.00818279999657534,8.18279999657534e-07,4045,0.4045,10,12286,16384,10000,0.6103515625,6384,0.6103515625,30000,36858,66858,6.6858,1576952,16,719391770955253926,2130106160647316609,2305843009213693951
10000,2.0,0.9,66,25,random,0.008495799993397668,8.495799993397668e-07,4630,0.463,10,14736,16384,10000,0.6103515625,6384,0.6103515625,30000,44208,74208,7.4208,1576952,16,719391770955253926,2130106160647316609,2305843009213693951
10000,3.0,0.5,66,25,random,0.007745399998384528,7.745399998384528e-07,2338,0.2338,7,8751,34992,10000,0.2857796067672611,24992,0.2857796067672611,30000,26253,56253,5.6253,2834744,16,719391770955253926,2130106160647316609,2305843009213693951
10000,3.0,0.75,66,25,random,0.04201570000441279,4.201570000441279e-06,3586,0.3586,7,13123,34992,10000,0.2857796067672611,24992,0.2857796067672611,30000,39369,69369,6.9369,2834744,16,719391770955253926,2130106160647316609,2305843009213693951
10000,3.0,0.9,66,25,random,0.005550300003960729,5.550300003960729e-07,4279,0.4279,6,5245,11664,10000,0.8573388203017832,1664,0.8573388203017832,30000,15735,45735,4.5735,1247256,16,719391770955253926,2130106160647316609,2305843009213693951
10000,1.5,0.5,67,26,random,0.013483700007782318,1.3483700007782317e-06,3507,0.3507,18,23840,23846,10000,0.41935754424222094,13846,0.41935754424222094,30000,71520,101520,10.152,2047592,16,267692963849940753,941673545738002381,2305843009213693951
10000,1.5,0.75,67,26,random,0.011916999996174127,1.1916999996174128e-06,4506,0.4506,17,23827,15897,10000,0.6290495061961376,5897,0.6290495061961376,30000,71481,101481,10.1481,1548496,16,267692963849940753,941673545738002381,2305843009213693951
10000,1.5,0.9,67,26,random,0.013380700009292923,1.3380700009292923e-06,5146,0.5146,17,28589,15897,10000,0.6290495061961376,5897,0.6290495061961376,30000,85767,115767,11.5767,1548496,16,267692963849940753,941673545738002381,2305843009213693951
10000,2.0,0.5,67,26,random,0.011750199992093258,1.1750199992093258e-06,2797,0.2797,11,16387,32768,10000,0.30517578125,22768,0.30517578125,30000,49161,79161,7.9161,2673496,16,267692963849940753,941673545738002381,2305843009213693951
10000,2.0,0.75,67,26,random,0.008377100006327964,8.377100006327964e-07,3949,0.3949,10,12286,16384,10000,0.6103515625,6384,0.6103515625,30000,36858,66858,6.6858,1577208,16,267692963849940753,941673545738002381,2305843009213693951
10000,2.0,0.9,67,26,random,0.03737089999776799,3.737089999776799e-06,4508,0.4508,10,14736,16384,10000,0.6103515625,6384,0.6103515625,30000,44208,74208,7.4208,1577208,16,267692963849940753,941673545738002381,2305843009213693951
10000,3.0,0.5,67,26,random,0.00791919999755919,7.91919999755919e-07,2350,0.235,7,8751,34992,10000,0.2857796067672611,24992,0.2857796067672611,30000,26253,56253,5.6253,2835832,16,267692963849940753,941673545738002381,2305843009213693951
10000,3.0,0.75,67,26,random,0.00936879999062512,9.36879999062512e-07,3606,0.3606,7,13123,34992,10000,0.2857796067672611,24992,0.2857796067672611,30000,39369,69369,6.9369,2835832,16,267692963849940753,941673545738002381,2305843009213693951
10000,3.0,0.9,67,26,random,0.005129500001203269,5.129500001203269e-07,4304,0.4304,6,5245,11664,10000,0.8573388203017832,1664,0.8573388203017832,30000,15735,45735,4.5735,1247448,16,267692963849940753,941673545738002381,2305843009213693951
10000,1.5,0.5,68,27,random,0.013639600001624785,1.3639600001624784e-06,3228,0.3228,18,23840,23846,10000,0.41935754424222094,13846,0.41935754424222094,30000,71520,101520,10.152,2077512,16,1075367493781816306,1590101887495472611,2305843009213693951
10000,1.5,0.75,68,27,random,0.01194240000040736,1.1942400000407361e-06,4516,0.4516,17,23827,15897,10000,0.6290495061961376,5897,0.6290495061961376,30000,71481,101481,10.1481,1548560,16,1075367493781816306,1590101887495472611,2305843009213693951
10000,1.5,0.9,68,27,random,0.04253130000142846,4.2531300001428466e-06,5162,0.5162,17,28589,15897,10000,0.6290495061961376,5897,0.6290495061961376,30000,85767,115767,11.5767,1548560,16,1075367493781816306,1590101887495472611,2305843009213693951
10000,2.0,0.5,68,27,random,0.01138530000753235,1.138530000753235e-06,3047,0.3047,11,16387,32768,10000,0.30517578125,22768,0.30517578125,30000,49161,79161,7.9161,2664248,16,1075367493781816306,1590101887495472611,2305843009213693951
10000,2.0,0.75,68,27,random,0.00843100000929553,8.43100000929553e-07,4156,0.4156,10,12286,16384,10000,0.6103515625,6384,0.6103515625,30000,36858,66858,6.6858,1572632,16,1075367493781816306,1590101887495472611,2305843009213693951
10000,2.0,0.9,68,27,random,0.008698100005858578,8.698100005858577e-07,4713,0.4713,10,14736,16384,10000,0.6103515625,6384,0.6103515625,30000,44208,74208,7.4208,1572632,16,1075367493781816306,1590101887495472611,2305843009213693951
10000,3.0,0.5,68,27,random,0.008287700009532273,8.287700009532273e-07,2345,0.2345,7,8751,34992,10000,0.2857796067672611,24992,0.2857796067672611,30000,26253,56253,5.6253,2834200,16,1075367493781816306,1590101887495472611,2305843009213693951
10000,3.0,0.75,68,27,random,0.009523700005956925,9.523700005956925e-07,3540,0.354,7,13123,34992,10000,0.2857796067672611,24992,0.2857796067672611,30000,39369,69369,6.9369,2834200,16,1075367493781816306,1590101887495472611,2305843009213693951
10000,3.0,0.9,68,27,random,0.005480000007082708,5.480000007082708e-07,4235,0.4235,6,5245,11664,10000,0.8573388203017832,1664,0.8573388203017832,30000,15735,45735,4.5735,1248760,16,1075367493781816306,1590101887495472611,2305843009213693951
10000,1.5,0.5,69,28,random,0.04379579999658745,4.379579999658745e-06,3248,0.3248,18,23840,23846,10000,0.41935754424222094,13846,0.41935754424222094,30000,71520,101520,10.152,2077096,16,86018572855962195,1847883699258444581,2305843009213693951
10000,1.5,0.75,69,28,random,0.012150799986557104,1.2150799986557103e-06,4533,0.4533,17,23827,15897,10000,0.6290495061961376,5897,0.6290495061961376,30000,71481,101481,10.1481,1546768,16,86018572855962195,1847883699258444581,2305843009213693951
10000,1.5,0.9,69,28,random,0.012986300003831275,1.2986300003831275e-06,5183,0.5183,17,28589,15897,10000,0.6290495061961376,5897,0.6290495061961376,30000,85767,115767,11.5767,1546768,16,86018572855962195,1847883699258444581,2305843009213693951
10000,2.0,0.5,69,28,random,0.01053269999101758,1.053269999101758e-06,3038,0.3038,11,16387,32768,10000,0.30517578125,22768,0.30517578125,30000,49161,79161,7.9161,2662136,16,86018572855962195,1847883699258444581,2305843009213693951
10000,2.0,0.75,69,28,random,0.008343199995579198,8.343199995579198e-07,4124,0.4124,10,12286,16384,10000,0.6103515625,6384,0.6103515625,30000,36858,66858,6.6858,1573144,16,86018572855962195,1847883699258444581,2305843009213693951
10000,2.0,0.9,69,28,random,0.00890810000419151,8.90810000419151e-07,4685,0.4685,10,14736,16384,10000,0.6103515625,6384,0.6103515625,30000,44208,74208,7.4208,1573144,16,86018572855962195,1847883699258444581,2305843009213693951
10000,3.0,0.5,69,28,random,0.03705820000323001,3.7058200003230015e-06,2327,0.2327,7,8751,34992,10000,0.2857796067672611,24992,0.2857796067672611,30000,26253,56253,5.6253,2835000,16,86018572855962195,1847883699258444581,2305843009213693951
10000,3.0,0.75,69,28,random,0.009145000003627501,9.145000003627501e-07,3562,0.3562,7,13123,34992,10000,0.2857796067672611,24992,0.2857796067672611,30000,39369,69369,6.9369,2835000,16,86018572855962195,1847883699258444581,2305843009213693951
10000,3.0,0.9,69,28,random,0.005232299998169765,5.232299998169765e-07,4274,0.4274,6,5245,11664,10000,0.8573388203017832,1664,0.8573388203017832,30000,15735,45735,4.5735,1247160,16,86018572855962195,1847883699258444581,2305843009213693951
10000,1.5,0.5,70,29,random,0.013451899998472072,1.3451899998472073e-06,3147,0.3147,18,23840,23846,10000,0.41935754424222094,13846,0.41935754424222094,30000,71520,101520,10.152,2076360,16,273089160051860230,1621121173616640907,2305843009213693951
10000,1.5,0.75,70,29,random,0.01208309999492485,1.2083099994924852e-06,4565,0.4565,17,23827,15897,10000,0.6290495061961376,5897,0.6290495061961376,30000,71481,101481,10.1481,1548848,16,273089160051860230,1621121173616640907,2305843009213693951
10000,1.5,0.9,70,29,random,0.013495399995008484,1.3495399995008484e-06,5193,0.5193,17,28589,15897,10000,0.6290495061961376,5897,0.6290495061961376,30000,85767,115767,11.5767,1548848,16,273089160051860230,1621121173616640907,2305843009213693951
10000,2.0,0.5,70,29,random,0.04006610000215005,4.0066100002150055e-06,2815,0.2815,11,16387,32768,10000,0.30517578125,22768,0.30517578125,30000,49161,79161,7.9161,2673912,16,273089160051860230,1621121173616640907,2305843009213693951
10000,2.0,0.75,70,29,random,0.008294600003864616,8.294600003864617e-07,3969,0.3969,10,12286,16384,10000,0.6103515625,6384,0.6103515625,30000,36858,66858,6.6858,1578168,16,273089160051860230,1621121173616640907,2305843009213693951
10000,2.0,0.9,70,29,random,0.008503399993060157,8.503399993060157e-07,4566,0.4566,10,14736,16384,10000,0.6103515625,6384,0.6103515625,30000,44208,74208,7.4208,1578168,16,273089160051860230,1621121173616640907,2305843009213693951
10000,3.0,0.5,70,29,random,0.008077600010437891,8.07760001043789e-07,3016,0.3016,7,8751,34992,10000,0.2857796067672611,24992,0.2857796067672611,30000,26253,56253,5.6253,2819000,16,273089160051860230,1621121173616640907,2305843009213693951
10000,3.0,0.75,70,29,random,0.008913099998608232,8.913099998608232e-07,4368,0.4368,7,13123,34992,10000,0.2857796067672611,24992,0.2857796067672611,30000,39369,69369,6.9369,2819000,16,273089160051860230,1621121173616640907,2305843009213693951
10000,3.0,0.9,70,29,random,0.005692500009899959,5.692500009899959e-07,5074,0.5074,6,5245,11664,10000,0.8573388203017832,1664,0.8573388203017832,30000,15735,45735,4.5735,1219160,16,273089160051860230,1621121173616640907,2305843009213693951
10000,1.5,0.5,71,30,random,0.01352480000059586,1.352480000059586e-06,3267,0.3267,18,23840,23846,10000,0.41935754424222094,13846,0.41935754424222094,30000,71520,101520,10.152,2076904,16,1172432318357405658,1841538480035479711,2305843009213693951
10000,1.5,0.75,71,30,random,0.04006440000375733,4.0064400003757325e-06,4632,0.4632,17,23827,15897,10000,0.6290495061961376,5897,0.6290495061961376,30000,71481,101481,10.1481,1547056,16,1172432318357405658,1841538480035479711,2305843009213693951
10000,1.5,0.9,71,30,random,0.013828299997840077,1.3828299997840078e-06,5225,0.5225,17,28589,15897,10000,0.6290495061961376,5897,0.6290495061961376,30000,85767,115767,11.5767,1547056,16,1172432318357405658,1841538480035479711,2305843009213693951
10000,2.0,0.5,71,30,random,0.010805700003402308,1.0805700003402308e-06,2918,0.2918,11,16387,32768,10000,0.30517578125,22768,0.30517578125,30000,49161,79161,7.9161,2672920,16,1172432318357405658,1841538480035479711,2305843009213693951
10000,2.0,0.75,71,30,random,0.008056199993006885,8.056199993006885e-07,4035,0.4035,10,12286,16384,10000,0.6103515625,6384,0.6103515625,30000,36858,66858,6.6858,1576632,16,1172432318357405658,1841538480035479711,2305843009213693951
10000,2.0,0.9,71,30,random,0.008622199995443225,8.622199995443225e-07,4589,0.4589,10,14736,16384,10000,0.6103515625,6384,0.6103515625,30000,44208,74208,7.4208,1576632,16,1172432318357405658,1841538480035479711,2305843009213693951
10000,3.0,0.5,71,30,random,0.008149900007992983,8.149900007992983e-07,2391,0.2391,7,8751,34992,10000,0.2857796067672611,24992,0.2857796067672611,30000,26253,56253,5.6253,2833752,16,1172432318357405658,1841538480035479711,2305843009213693951
10000,3.0,0.75,71,30,random,0.04151650000130758,4.151650000130758e-06,3664,0.3664,7,13123,34992,10000,0.2857796067672611,24992,0.2857796067672611,30000,39369,69369,6.9369,2833752,16,1172432318357405658,1841538480035479711,2305843009213693951
10000,3.0,0.9,71,30,random,0.005512800009455532,5.512800009455531e-07,4369,0.4369,6,5245,11664,10000,0.8573388203017832,1664,0.8573388203017832,30000,15735,45735,4.5735,1244120,16,1172432318357405658,1841538480035479711,2305843009213693951
25000,1.5,0.5,42,1,random,0.035799999997834675,1.431999999913387e-06,8430,0.3372,20,53649,53654,25000,0.46594848473552763,28654,0.46594848473552763,75000,160947,235947,9.43788,4790024,16,256711980439665054,1709899044117486289,2305843009213693951
25000,1.5,0.75,42,1,random,0.06318939999619033,2.527575999847613e-06,11279,0.45116,19,53635,35769,25000,0.6989292404037015,10769,0.6989292404037015,75000,160905,235905,9.4362,3600432,16,256711980439665054,1709899044117486289,2305843009213693951
25000,1.5,0.9,42,1,random,0.03546719999576453,1.4186879998305813e-06,12678,0.50712,19,64359,35769,25000,0.6989292404037015,10769,0.6989292404037015,75000,193077,268077,10.72308,3600432,16,256711980439665054,1709899044117486289,2305843009213693951
25000,2.0,0.5,42,1,random,0.029149899986805394,1.1659959994722157e-06,7322,0.29288,12,32772,65536,25000,0.3814697265625,40536,0.3814697265625,75000,98316,173316,6.93264,5603928,16,256711980439665054,1709899044117486289,2305843009213693951
25000,2.0,0.75,42,1,random,0.07166929999948479,2.8667719999793916e-06,10629,0.42516,12,49152,65536,25000,0.3814697265625,40536,0.3814697265625,75000,147456,222456,8.89824,5603928,16,256711980439665054,1709899044117486289,2305843009213693951
25000,2.0,0.9,42,1,random,0.0187554000003729,7.502160000149161e-07,11792,0.47168,11,29482,32768,25000,0.762939453125,7768,0.762939453125,75000,88446,163446,6.53784,3375768,16,256711980439665054,1709899044117486289,2305843009213693951
25000,3.0,0.5,42,1,random,0.059133699993253686,2.3653479997301473e-06,5839,0.23356,8,26248,104976,25000,0.2381496723060509,79976,0.2381496723060509,75000,78744,153744,6.14976,8206552,16,256711980439665054,1709899044117486289,2305843009213693951
25000,3.0,0.75,42,1,random,0.014005199991515838,5.602079996606335e-07,9262,0.37048,7,13123,34992,25000,0.7144490169181528,9992,0.7144490169181528,75000,39369,114369,4.57476,3552504,16,256711980439665054,1709899044117486289,2305843009213693951
25000,3.0,0.9,42,1,random,0.015631300004315563,6.252520001726225e-07,10115,0.4046,7,15743,34992,25000,0.7144490169181528,9992,0.7144490169181528,75000,47229,122229,4.88916,3552504,16,256711980439665054,1709899044117486289,2305843009213693951
25000,1.5,0.5,43,2,random,0.06773779999639373,2.7095119998557494e-06,12497,0.49988,20,53649,53654,25000,0.46594848473552763,28654,0.46594848473552763,75000,160947,235947,9.43788,4801512,16,659665203979258006,1758630025113616856,2305843009213693951
25000,1.5,0.75,43,2,random,0.02882179999141954,1.1528719996567815e-06,17011,0.68044,19,53635,35769,25000,0.6989292404037015,10769,0.6989292404037015,75000,160905,235905,9.4362,3383376,16,659665203979258006,1758630025113616856,2305843009213693951
25000,1.5,0.9,43,2,random,0.03237719999742694,1.2950879998970776e-06,17468,0.69872,19,64359,35769,25000,0.6989292404037015,10769,0.6989292404037015,75000,193077,268077,10.72308,3383376,16,659665203979258006,1758630025113616856,2305843009213693951
25000,2.0,0.5,43,2,random,0.05896720000600908,2.358688000240363e-06,7394,0.29576,12,32772,65536,25000,0.3814697265625,40536,0.3814697265625,75000,98316,173316,6.93264,5600024,16,659665203979258006,1758630025113616856,2305843009213693951
25000,2.0,0.75,43,2,random,0.030273800002760254,1.2109520001104102e-06,10528,0.42112,12,49152,65536,25000,0.3814697265625,40536,0.3814697265625,75000,147456,222456,8.89824,5600024,16,659665203979258006,1758630025113616856,2305843009213693951
25000,2.0,0.9,43,2,random,0.019787999990512617,7.915199996205047e-07,11679,0.46716,11,29482,32768,25000,0.762939453125,7768,0.762939453125,75000,88446,163446,6.53784,3376760,16,659665203979258006,1758630025113616856,2305843009213693951
25000,3.0,0.5,43,2,random,0.060740699991583824,2.429627999663353e-06,5867,0.23468,8,26248,104976,25000,0.2381496723060509,79976,0.2381496723060509,75000,78744,153744,6.14976,8206520,16,659665203979258006,1758630025113616856,2305843009213693951
25000,3.0,0.75,43,2,random,0.015451300001586787,6.180520000634715e-07,9193,0.36772,7,13123,34992,25000,0.7144490169181528,9992,0.7144490169181528,75000,39369,114369,4.57476,3554040,16,659665203979258006,1758630025113616856,2305843009213693951
25000,3.0,0.9,43,2,random,0.016194800002267584,6.477920000907034e-07,10045,0.4018,7,15743,34992,25000,0.7144490169181528,9992,0.7144490169181528,75000,47229,122229,4.88916,3554040,16,659665203979258006,1758630025113616856,2305843009213693951
25000,1.5,0.5,44,3,random,0.06565360000240617,2.6261440000962468e-06,8115,0.3246,20,53649,53654,25000,0.46594848473552763,28654,0.46594848473552763,75000,160947,235947,9.43788,4792744,16,1199085610155232937,1617812241682181496,2305843009213693951
25000,1.5,0.75,44,3,random,0.03071049999562092,1.2284199998248369e-06,11208,0.44832,19,53635,35769,25000,0.6989292404037015,10769,0.6989292404037015,75000,160905,235905,9.4362,3600336,16,1199085610155232937,1617812241682181496,2305843009213693951
25000,1.5,0.9,44,3,random,0.06597699999110773,2.6390799996443094e-06,12753,0.51012,19,64359,35769,25000,0.6989292404037015,10769,0.6989292404037015,75000,193077,268077,10.72308,3600336,16,1199085610155232937,1617812241682181496,2305843009213693951
25000,2.0,0.5,44,3,random,0.026406200006022118,1.0562480002408847e-06,7118,0.28472,12,32772,65536,25000,0.3814697265625,40536,0.3814697265625,75000,98316,173316,6.93264,5608376,16,1199085610155232937,1617812241682181496,2305843009213693951
25000,2.0,0.75,44,3,random,0.06404829998791683,2.5619319995166733e-06,10334,0.41336,12,49152,65536,25000,0.3814697265625,40536,0.3814697265625,75000,147456,222456,8.89824,5608376,16,1199085610155232937,1617812241682181496,2305843009213693951
25000,2.0,0.9,44,3,random,0.020889399995212443,8.355759998084978e-07,11580,0.4632,11,29482,32768,25000,0.762939453125,7768,0.762939453125,75000,88446,163446,6.53784,3381784,16,1199085610155232937,1617812241682181496,2305843009213693951
25000,3.0,0.5,44,3,random,0.025962100000469945,1.0384840000187979e-06,5965,0.2386,8,26248,104976,25000,0.2381496723060509,79976,0.2381496723060509,75000,78744,153744,6.14976,8205624,16,1199085610155232937,1617812241682181496,2305843009213693951
25000,3.0,0.75,44,3,random,0.045001599995885044,1.8000639998354018e-06,9325,0.373,7,13123,34992,25000,0.7144490169181528,9992,0.7144490169181528,75000,39369,114369,4.57476,3550232,16,1199085610155232937,1617812241682181496,2305843009213693951
25000,3.0,0.9,44,3,random,0.015299499995307997,6.119799998123198e-07,10175,0.407,7,15743,34992,25000,0.7144490169181528,9992,0.7144490169181528,75000,47229,122229,4.88916,3550232,16,1199085610155232937,1617812241682181496,2305843009213693951
25000,1.5,0.5,45,4,random,0.034262800007127225,1.370512000285089e-06,8739,0.34956,20,53649,53654,25000,0.46594848473552763,28654,0.46594848473552763,75000,160947,235947,9.43788,4772264,16,963130306873368709,594124941275654819,2305843009213693951
25000,1.5,0.75,45,4,random,0.05925269999715965,2.370107999886386e-06,11761,0.47044,19,53635,35769,25000,0.6989292404037015,10769,0.6989292404037015,75000,160905,235905,9.4362,3599088,16,963130306873368709,594124941275654819,2305843009213693951
25000,1.5,0.9,45,4,random,0.03256649999821093,1.3026599999284371e-06,13313,0.53252,19,64359,35769,25000,0.6989292404037015,10769,0.6989292404037015,75000,193077,268077,10.72308,3599088,16,963130306873368709,594124941275654819,2305843009213693951
25000,2.0,0.5,45,4,random,0.059887800001888536,2.3955120000755415e-06,7043,0.28172,12,32772,65536,25000,0.3814697265625,40536,0.3814697265625,75000,98316,173316,6.93264,5610520,16,963130306873368709,594124941275654819,2305843009213693951
25000,2.0,0.75,45,4,random,0.028838600002927706,1.1535440001171082e-06,10362,0.41448,12,49152,65536,25000,0.3814697265625,40536,0.3814697265625,75000,147456,222456,8.89824,5610520,16,963130306873368709,594124941275654819,2305843009213693951
25000,2.0,0.9,45,4,random,0.020729600000777282,8.291840000310913e-07,11566,0.46264,11,29482,32768,25000,0.762939453125,7768,0.762939453125,75000,88446,163446,6.53784,3382968,16,963130306873368709,594124941275654819,2305843009213693951
25000,3.0,0.5,45,4,random,0.0627952000068035,2.51180800027214e-06,5947,0.23788,8,26248,104976,25000,0.2381496723060509,79976,0.2381496723060509,75000,78744,153744,6.14976,8205336,16,963130306873368709,594124941275654819,2305843009213693951
25000,3.0,0.75,45,4,random,0.014598399997339584,5.839359998935834e-07,9247,0.36988,7,13123,34992,25000,0.7144490169181528,9992,0.7144490169181528,75000,39369,114369,4.57476,3551896,16,963130306873368709,594124941275654819,2305843009213693951
25000,3.0,0.9,45,4,random,0.015129099992918782,6.051639997167512e-07,10103,0.40412,7,15743,34992,25000,0.7144490169181528,9992,0.7144490169181528,75000,47229,122229,4.88916,3551896,16,963130306873368709,594124941275654819,2305843009213693951
25000,1.5,0.5,46,5,random,0.06827930000144988,2.7311720000579954e-06,8099,0.32396,20,53649,53654,25000,0.46594848473552763,28654,0.46594848473552763,75000,160947,235947,9.43788,4795240,16,176127807941085543,92145436972157049,2305843009213693951
25000,1.5,0.75,46,5,random,0.031125800000154413,1.2450320000061765e-06,11227,0.44908,19,53635,35769,25000,0.6989292404037015,10769,0.6989292404037015,75000,160905,235905,9.4362,3599856,16,176127807941085543,92145436972157049,2305843009213693951
25000,1.5,0.9,46,5,random,0.03309730000910349,1.3238920003641396e-06,12698,0.50792,19,64359,35769,25000,0.6989292404037015,10769,0.6989292404037015,75000,193077,268077,10.72308,3599856,16,176127807941085543,92145436972157049,2305843009213693951
25000,2.0,0.5,46,5,random,0.05527299999084789,2.2109199996339157e-06,7102,0.28408,12,32772,65536,25000,0.3814697265625,40536,0.3814697265625,75000,98316,173316,6.93264,5610552,16,176127807941085543,92145436972157049,2305843009213693951
25000,2.0,0.75,46,5,random,0.031053999991854653,1.2421599996741861e-06,10348,0.41392,12,49152,65536,25000,0.3814697265625,40536,0.3814697265625,75000,147456,222456,8.89824,5610552,16,176127807941085543,92145436972157049,2305843009213693951
25000,2.0,0.9,46,5,random,0.051604199994471855,2.064167999778874e-06,11572,0.46288,11,29482,32768,25000,0.762939453125,7768,0.762939453125,75000,88446,163446,6.53784,3383512,16,176127807941085543,92145436972157049,2305843009213693951
25000,3.0,0.5,46,5,random,0.026905600010650232,1.0762240004260093e-06,5836,0.23344,8,26248,104976,25000,0.2381496723060509,79976,0.2381496723060509,75000,78744,153744,6.14976,8205720,16,176127807941085543,92145436972157049,2305843009213693951
25000,3.0,0.75,46,5,random,0.015056700009154156,6.022680003661662e-07,9190,0.3676,7,13123,34992,25000,0.7144490169181528,9992,0.7144490169181528,75000,39369,114369,4.57476,3554136,16,176127807941085543,92145436972157049,2305843009213693951
25000,3.0,0.9,46,5,random,0.04616720000922214,1.8466880003688857e-06,10033,0.40132,7,15743,34992,25000,0.7144490169181528,9992,0.7144490169181528,75000,47229,122229,4.88916,3554136,16,176127807941085543,92145436972157049,2305843009213693951
25000,1.5,0.5,47,6,random,0.03434030000062194,1.3736120000248775e-06,8154,0.32616,20,53649,53654,25000,0.46594848473552763,28654,0.46594848473552763,75000,160947,235947,9.43788,4803464,16,144173240364996770,1276607102766329742,2305843009213693951
25000,1.5,0.75,47,6,random,0.0629283000016585,2.51713200006634e-06,11348,0.45392,19,53635,35769,25000,0.6989292404037015,10769,0.6989292404037015,75000,160905,235905,9.4362,3597808,16,144173240364996770,1276607102766329742,2305843009213693951
25000,1.5,0.9,47,6,random,0.034133599998313,1.36534399993252e-06,12763,0.51052,19,64359,35769,25000,0.6989292404037015,10769,0.6989292404037015,75000,193077,268077,10.72308,3597808,16,144173240364996770,1276607102766329742,2305843009213693951
25000,2.0,0.5,47,6,random,0.0241944000008516,9.677760000340641e-07,7030,0.2812,12,32772,65536,25000,0.3814697265625,40536,0.3814697265625,75000,98316,173316,6.93264,5610840,16,144173240364996770,1276607102766329742,2305843009213693951
25000,2.0,0.75,47,6,random,0.06220220000250265,2.488088000100106e-06,10303,0.41212,12,49152,65536,25000,0.3814697265625,40536,0.3814697265625,75000,147456,222456,8.89824,5610840,16,144173240364996770,1276607102766329742,2305843009213693951
25000,2.0,0.9,47,6,random,0.020591100008459762,8.236440003383905e-07,11540,0.4616,11,29482,32768,25000,0.762939453125,7768,0.762939453125,75000,88446,163446,6.53784,3385176,16,144173240364996770,1276607102766329742,2305843009213693951
25000,3.0,0.5,47,6,random,0.06260069999552798,2.504027999821119e-06,5871,0.23484,8,26248,104976,25000,0.2381496723060509,79976,0.2381496723060509,75000,78744,153744,6.14976,8205720,16,144173240364996770,1276607102766329742,2305843009213693951
25000,3.0,0.75,47,6,random,0.01650889999291394,6.603559997165576e-07,9139,0.36556,7,13123,34992,25000,0.7144490169181528,9992,0.7144490169181528,75000,39369,114369,4.57476,3557432,16,144173240364996770,1276607102766329742,2305843009213693951
25000,3.0,0.9,47,6,random,0.018262700003106147,7.305080001242459e-07,9971,0.39884,7,15743,34992,25000,0.7144490169181528,9992,0.7144490169181528,75000,47229,122229,4.88916,3557432,16,144173240364996770,1276607102766329742,2305843009213693951
25000,1.5,0.5,48,7,random,0.07321499999670777,2.928599999868311e-06,11993,0.47972,20,53649,53654,25000,0.46594848473552763,28654,0.46594848473552763,75000,160947,235947,9.43788,4491112,16,727386515324539458,1284136067485901726,2305843009213693951
25000,1.5,0.75,48,7,random,0.0290409000008367,1.161636000033468e-06,11298,0.45192,19,53635,35769,25000,0.6989292404037015,10769,0.6989292404037015,75000,160905,235905,9.4362,3596752,16,727386515324539458,1284136067485901726,2305843009213693951
25000,1.5,0.9,48,7,random,0.03323430000455119,1.3293720001820475e-06,12759,0.51036,19,64359,35769,25000,0.6989292404037015,10769,0.6989292404037015,75000,193077,268077,10.72308,3596752,16,727386515324539458,1284136067485901726,2305843009213693951
25000,2.0,0.5,48,7,random,0.055450600004405715,2.2180240001762286e-06,7057,0.28228,12,32772,65536,25000,0.3814697265625,40536,0.3814697265625,75000,98316,173316,6.93264,5612728,16,727386515324539458,1284136067485901726,2305843009213693951
25000,2.0,0.75,48,7,random,0.030339199991431087,1.2135679996572435e-06,10442,0.41768,12,49152,65536,25000,0.3814697265625,40536,0.3814697265625,75000,147456,222456,8.89824,5612728,16,727386515324539458,1284136067485901726,2305843009213693951
25000,2.0,0.9,48,7,random,0.020195700009935535,8.078280003974215e-07,11612,0.46448,11,29482,32768,25000,0.762939453125,7768,0.762939453125,75000,88446,163446,6.53784,3380760,16,727386515324539458,1284136067485901726,2305843009213693951
25000,3.0,0.5,48,7,random,0.06009970000013709,2.4039880000054836e-06,5827,0.23308,8,26248,104976,25000,0.2381496723060509,79976,0.2381496723060509,75000,78744,153744,6.14976,8207384,16,727386515324539458,1284136067485901726,2305843009213693951
25000,3.0,0.75,48,7,random,0.015226799994707108,6.090719997882843e-07,9205,0.3682,7,13123,34992,25000,0.7144490169181528,9992,0.7144490169181528,75000,39369,114369,4.57476,3554424,16,727386515324539458,1284136067485901726,2305843009213693951
25000,3.0,0.9,48,7,random,0.015302399988286197,6.120959995314479e-07,10095,0.4038,7,15743,34992,25000,0.7144490169181528,9992,0.7144490169181528,75000,47229,122229,4.88916,3554424,16,727386515324539458,1284136067485901726,2305843009213693951
25000,1.5,0.5,49,8,random,0.06652920000487939,2.6611680001951754e-06,8178,0.32712,20,53649,53654,25000,0.46594848473552763,28654,0.46594848473552763,75000,160947,235947,9.43788,4799816,16,793970665397899006,2152094108188559335,2305843009213693951
25000,1.5,0.75,49,8,random,0.030120900002657436,1.2048360001062974e-06,11276,0.45104,19,53635,35769,25000,0.6989292404037015,10769,0.6989292404037015,75000,160905,235905,9.4362,3599088,16,793970665397899006,2152094108188559335,2305843009213693951
25000,1.5,0.9,49,8,random,0.06490280000434723,2.596112000173889e-06,12767,0.51068,19,64359,35769,25000,0.6989292404037015,10769,0.6989292404037015,75000,193077,268077,10.72308,3599088,16,793970665397899006,2152094108188559335,2305843009213693951
25000,2.0,0.5,49,8,random,0.025164599996060133,1.0065839998424053e-06,7180,0.2872,12,32772,65536,25000,0.3814697265625,40536,0.3814697265625,75000,98316,173316,6.93264,5608952,16,793970665397899006,2152094108188559335,2305843009213693951
25000,2.0,0.75,49,8,random,0.068089799999143,2.72359199996572e-06,10407,0.41628,12,49152,65536,25000,0.3814697265625,40536,0.3814697265625,75000,147456,222456,8.89824,5608952,16,793970665397899006,2152094108188559335,2305843009213693951
25000,2.0,0.9,49,8,random,0.0198474999924656,7.93899999698624e-07,11646,0.46584,11,29482,32768,25000,0.762939453125,7768,0.762939453125,75000,88446,163446,6.53784,3381560,16,793970665397899006,2152094108188559335,2305843009213693951
25000,3.0,0.5,49,8,random,0.026490699994610623,1.059627999784425e-06,5931,0.23724,8,26248,104976,25000,0.2381496723060509,79976,0.2381496723060509,75000,78744,153744,6.14976,8204024,16,793970665397899006,2152094108188559335,2305843009213693951
25000,3.0,0.75,49,8,random,0.0448478000034811,1.793912000139244e-06,9185,0.3674,7,13123,34992,25000,0.7144490169181528,9992,0.7144490169181528,75000,39369,114369,4.57476,3552888,16,793970665397899006,2152094108188559335,2305843009213693951
25000,3.0,0.9,49,8,random,0.01632229999813717,6.528919999254867e-07,10058,0.40232,7,15743,34992,25000,0.7144490169181528,9992,0.7144490169181528,75000,47229,122229,4.88916,3552888,16,793970665397899006,2152094108188559335,2305843009213693951
25000,1.5,0.5,50,9,random,0.03825899999355897,1.530359999742359e-06,8099,0.32396,20,53649,53654,25000,0.46594848473552763,28654,0.46594848473552763,75000,160947,235947,9.43788,4803752,16,1973099216186019426,839551891445904909,2305843009213693951
25000,1.5,0.75,50,9,random,0.06193380001059268,2.477352000423707e-06,11271,0.45084,19,53635,35769,25000,0.6989292404037015,10769,0.6989292404037015,75000,160905,235905,9.4362,3599600,16,1973099216186019426,839551891445904909,2305843009213693951
25000,1.5,0.9,50,9,random,0.034909499998320825,1.396379999932833e-06,12818,0.51272,19,64359,35769,25000,0.6989292404037015,10769,0.6989292404037015,75000,193077,268077,10.72308,3599600,16,1973099216186019426,839551891445904909,2305843009213693951
25000,2.0,0.5,50,9,random,0.061696900011156686,2.4678760004462672e-06,7026,0.28104,12,32772,65536,25000,0.3814697265625,40536,0.3814697265625,75000,98316,173316,6.93264,5611864,16,1973099216186019426,839551891445904909,2305843009213693951
25000,2.0,0.75,50,9,random,0.037391400008345954,1.4956560003338381e-06,10323,0.41292,12,49152,65536,25000,0.3814697265625,40536,0.3814697265625,75000,147456,222456,8.89824,5611864,16,1973099216186019426,839551891445904909,2305843009213693951
25000,2.0,0.9,50,9,random,0.021110300003783777,8.444120001513511e-07,11470,0.4588,11,29482,32768,25000,0.762939453125,7768,0.762939453125,75000,88446,163446,6.53784,3383512,16,1973099216186019426,839551891445904909,2305843009213693951
25000,3.0,0.5,50,9,random,0.06052310000814032,2.420924000325613e-06,5947,0.23788,8,26248,104976,25000,0.2381496723060509,79976,0.2381496723060509,75000,78744,153744,6.14976,8200920,16,1973099216186019426,839551891445904909,2305843009213693951
25000,3.0,0.75,50,9,random,0.015205000003334135,6.082000001333654e-07,9207,0.36828,7,13123,34992,25000,0.7144490169181528,9992,0.7144490169181528,75000,39369,114369,4.57476,3554232,16,1973099216186019426,839551891445904909,2305843009213693951
25000,3.0,0.9,50,9,random,0.016504999992321245,6.601999996928498e-07,10054,0.40216,7,15743,34992,25000,0.7144490169181528,9992,0.7144490169181528,75000,47229,122229,4.88916,3554232,16,1973099216186019426,839551891445904909,2305843009213693951
25000,1.5,0.5,51,10,random,0.06660740000370424,2.6642960001481697e-06,8016,0.32064,20,53649,53654,25000,0.46594848473552763,28654,0.46594848473552763,75000,160947,235947,9.43788,4800456,16,1933427113282973200,1273492775044695229,2305843009213693951
25000,1.5,0.75,51,10,random,0.030236400009016506,1.2094560003606604e-06,11104,0.44416,19,53635,35769,25000,0.6989292404037015,10769,0.6989292404037015,75000,160905,235905,9.4362,3604016,16,1933427113282973200,1273492775044695229,2305843009213693951
25000,1.5,0.9,51,10,random,0.033290899998974055,1.3316359999589621e-06,12579,0.50316,19,64359,35769,25000,0.6989292404037015,10769,0.6989292404037015,75000,193077,268077,10.72308,3604016,16,1933427113282973200,1273492775044695229,2305843009213693951
25000,2.0,0.5,51,10,random,0.055944599997019395,2.237783999880776e-06,7316,0.29264,12,32772,65536,25000,0.3814697265625,40536,0.3814697265625,75000,98316,173316,6.93264,5601112,16,1933427113282973200,1273492775044695229,2305843009213693951
25000,2.0,0.75,51,10,random,0.03066190000390634,1.2264760001562537e-06,10457,0.41828,12,49152,65536,25000,0.3814697265625,40536,0.3814697265625,75000,147456,222456,8.89824,5601112,16,1933427113282973200,1273492775044695229,2305843009213693951
25000,2.0,0.9,51,10,random,0.05071630000020377,2.028652000008151e-06,11628,0.46512,11,29482,32768,25000,0.762939453125,7768,0.762939453125,75000,88446,163446,6.53784,3379992,16,1933427113282973200,1273492775044695229,2305843009213693951
25000,3.0,0.5,51,10,random,0.03988029999891296,1.5952119999565183e-06,5965,0.2386,8,26248,104976,25000,0.2381496723060509,79976,0.2381496723060509,75000,78744,153744,6.14976,8205208,16,1933427113282973200,1273492775044695229,2305843009213693951
25000,3.0,0.75,51,10,random,0.015106599996215664,6.042639998486266e-07,9340,0.3736,7,13123,34992,25000,0.7144490169181528,9992,0.7144490169181528,75000,39369,114369,4.57476,3551192,16,1933427113282973200,1273492775044695229,2305843009213693951
25000,3.0,0.9,51,10,random,0.04711550001229625,1.88462000049185e-06,10201,0.40804,7,15743,34992,25000,0.7144490169181528,9992,0.7144490169181528,75000,47229,122229,4.88916,3551192,16,1933427113282973200,1273492775044695229,2305843009213693951
25000,1.5,0.5,52,11,random,0.03371230000630021,1.3484920002520085e-06,8198,0.32792,20,53649,53654,25000,0.46594848473552763,28654,0.46594848473552763,75000,160947,235947,9.43788,4799208,16,618696799174358726,2029214271970554437,2305843009213693951
25000,1.5,0.75,52,11,random,0.03072430001338944,1.2289720005355775e-06,11306,0.45224,19,53635,35769,25000,0.6989292404037015,10769,0.6989292404037015,75000,160905,235905,9.4362,3599792,16,618696799174358726,2029214271970554437,2305843009213693951
25000,1.5,0.9,52,11,random,0.05982989999756683,2.393195999902673e-06,12841,0.51364,19,64359,35769,25000,0.6989292404037015,10769,0.6989292404037015,75000,193077,268077,10.72308,3599792,16,618696799174358726,2029214271970554437,2305843009213693951
25000,2.0,0.5,52,11,random,0.02521089999936521,1.0084359999746084e-06,6989,0.27956,12,32772,65536,25000,0.3814697265625,40536,0.3814697265625,75000,98316,173316,6.93264,5612952,16,618696799174358726,2029214271970554437,2305843009213693951
25000,2.0,0.75,52,11,random,0.06824520000373013,2.729808000149205e-06,10334,0.41336,12,49152,65536,25000,0.3814697265625,40536,0.3814697265625,75000,147456,222456,8.89824,5612952,16,618696799174358726,2029214271970554437,2305843009213693951
25000,2.0,0.9,52,11,random,0.02092419999826234,8.369679999304935e-07,11561,0.46244,11,29482,32768,25000,0.762939453125,7768,0.762939453125,75000,88446,163446,6.53784,3383128,16,618696799174358726,2029214271970554437,2305843009213693951
25000,3.0,0.5,52,11,random,0.06023409999033902,2.4093639996135607e-06,5828,0.23312,8,26248,104976,25000,0.2381496723060509,79976,0.2381496723060509,75000,78744,153744,6.14976,8207256,16,618696799174358726,2029214271970554437,2305843009213693951
25000,3.0,0.75,52,11,random,0.015451600003871135,6.180640001548454e-07,9191,0.36764,7,13123,34992,25000,0.7144490169181528,9992,0.7144490169181528,75000,39369,114369,4.57476,3552760,16,618696799174358726,2029214271970554437,2305843009213693951
25000,3.0,0.9,52,11,random,0.015100099990377203,6.040039996150881e-07,10018,0.40072,7,15743,34992,25000,0.7144490169181528,9992,0.7144490169181528,75000,47229,122229,4.88916,3552760,16,618696799174358726,2029214271970554437,2305843009213693951
25000,1.5,0.5,53,12,random,0.0330787999992026,1.3231519999681042e-06,8149,0.32596,20,53649,53654,25000,0.46594848473552763,28654,0.46594848473552763,75000,160947,235947,9.43788,4794664,16,1967359095987829717,498185230560009946,2305843009213693951
25000,1.5,0.75,53,12,random,0.05694019999646116,2.2776079998584466e-06,11328,0.45312,19,53635,35769,25000,0.6989292404037015,10769,0.6989292404037015,75000,160905,235905,9.4362,3601360,16,1967359095987829717,498185230560009946,2305843009213693951
25000,1.5,0.9,53,12,random,0.03226390000781976,1.2905560003127902e-06,12813,0.51252,19,64359,35769,25000,0.6989292404037015,10769,0.6989292404037015,75000,193077,268077,10.72308,3601360,16,1967359095987829717,498185230560009946,2305843009213693951
25000,2.0,0.5,53,12,random,0.05736770000657998,2.294708000263199e-06,7144,0.28576,12,32772,65536,25000,0.3814697265625,40536,0.3814697265625,75000,98316,173316,6.93264,5607832,16,1967359095987829717,498185230560009946,2305843009213693951
25000,2.0,0.75,53,12,random,0.030097399998339824,1.203895999933593e-06,10365,0.4146,12,49152,65536,25000,0.3814697265625,40536,0.3814697265625,75000,147456,222456,8.89824,5607832,16,1967359095987829717,498185230560009946,2305843009213693951
25000,2.0,0.9,53,12,random,0.019827899988740683,7.931159995496273e-07,11570,0.4628,11,29482,32768,25000,0.762939453125,7768,0.762939453125,75000,88446,163446,6.53784,3380696,16,1967359095987829717,498185230560009946,2305843009213693951
25000,3.0,0.5,53,12,random,0.05655520000436809,2.2622080001747238e-06,5969,0.23876,8,26248,104976,25000,0.2381496723060509,79976,0.2381496723060509,75000,78744,153744,6.14976,8204920,16,1967359095987829717,498185230560009946,2305843009213693951
25000,3.0,0.75,53,12,random,0.016797200005385093,6.718880002154037e-07,9308,0.37232,7,13123,34992,25000,0.7144490169181528,9992,0.7144490169181528,75000,39369,114369,4.57476,3551768,16,1967359095987829717,498185230560009946,2305843009213693951
25000,3.0,0.9,53,12,random,0.015468600002350286,6.187440000940114e-07,10180,0.4072,7,15743,34992,25000,0.7144490169181528,9992,0.7144490169181528,75000,47229,122229,4.88916,3551768,16,1967359095987829717,498185230560009946,2305843009213693951
25000,1.5,0.5,54,13,random,0.06502529999124818,2.601011999649927e-06,8440,0.3376,20,53649,53654,25000,0.46594848473552763,28654,0.46594848473552763,75000,160947,235947,9.43788,4800392,16,2258536001366688123,1012121370449003109,2305843009213693951
25000,1.5,0.75,54,13,random,0.030155300002661534,1.2062120001064613e-06,11795,0.4718,19,53635,35769,25000,0.6989292404037015,10769,0.6989292404037015,75000,160905,235905,9.4362,3591920,16,2258536001366688123,1012121370449003109,2305843009213693951
25000,1.5,0.9,54,13,random,0.06424609999521635,2.5698439998086543e-06,13373,0.53492,19,64359,35769,25000,0.6989292404037015,10769,0.6989292404037015,75000,193077,268077,10.72308,3591920,16,2258536001366688123,1012121370449003109,2305843009213693951
25000,2.0,0.5,54,13,random,0.0239168999978574,9.56675999914296e-07,7148,0.28592,12,32772,65536,25000,0.3814697265625,40536,0.3814697265625,75000,98316,173316,6.93264,5607736,16,2258536001366688123,1012121370449003109,2305843009213693951
25000,2.0,0.75,54,13,random,0.06739189999643713,2.6956759998574855e-06,10375,0.415,12,49152,65536,25000,0.3814697265625,40536,0.3814697265625,75000,147456,222456,8.89824,5607736,16,2258536001366688123,1012121370449003109,2305843009213693951
25000,2.0,0.9,54,13,random,0.022596800001338124,9.03872000053525e-07,11568,0.46272,11,29482,32768,25000,0.762939453125,7768,0.762939453125,75000,88446,163446,6.53784,3383544,16,2258536001366688123,1012121370449003109,2305843009213693951
25000,3.0,0.5,54,13,random,0.02906670000811573,1.1626680003246293e-06,5941,0.23764,8,26248,104976,25000,0.2381496723060509,79976,0.2381496723060509,75000,78744,153744,6.14976,8205528,16,2258536001366688123,1012121370449003109,2305843009213693951
25000,3.0,0.75,54,13,random,0.049916700008907355,1.996668000356294e-06,9307,0.37228,7,13123,34992,25000,0.7144490169181528,9992,0.7144490169181528,75000,39369,114369,4.57476,3551352,16,2258536001366688123,1012121370449003109,2305843009213693951
25000,3.0,0.9,54,13,random,0.01618900000175927,6.475600000703708e-07,10137,0.40548,7,15743,34992,25000,0.7144490169181528,9992,0.7144490169181528,75000,47229,122229,4.88916,3551352,16,2258536001366688123,1012121370449003109,2305843009213693951
25000,1.5,0.5,55,14,random,0.03307350000250153,1.3229400001000614e-06,8894,0.35576,20,53649,53654,25000,0.46594848473552763,28654,0.46594848473552763,75000,160947,235947,9.43788,4750056,16,2277903568736387890,452514279465990313,2305843009213693951
25000,1.5,0.75,55,14,random,0.06348999998590443,2.5395999994361774e-06,11392,0.45568,19,53635,35769,25000,0.6989292404037015,10769,0.6989292404037015,75000,160905,235905,9.4362,3601808,16,2277903568736387890,452514279465990313,2305843009213693951
25000,1.5,0.9,55,14,random,0.03529739999794401,1.4118959999177604e-06,12928,0.51712,19,64359,35769,25000,0.6989292404037015,10769,0.6989292404037015,75000,193077,268077,10.72308,3601808,16,2277903568736387890,452514279465990313,2305843009213693951
25000,2.0,0.5,55,14,random,0.02654570000595413,1.0618280002381652e-06,7104,0.28416,12,32772,65536,25000,0.3814697265625,40536,0.3814697265625,75000,98316,173316,6.93264,5610552,16,2277903568736387890,452514279465990313,2305843009213693951
25000,2.0,0.75,55,14,random,0.06042009999509901,2.41680399980396e-06,10359,0.41436,12,49152,65536,25000,0.3814697265625,40536,0.3814697265625,75000,147456,222456,8.89824,5610552,16,2277903568736387890,452514279465990313,2305843009213693951
25000,2.0,0.9,55,14,random,0.019877600003383122,7.951040001353249e-07,11563,0.46252,11,29482,32768,25000,0.762939453125,7768,0.762939453125,75000,88446,163446,6.53784,3383544,16,2277903568736387890,452514279465990313,2305843009213693951
25000,3.0,0.5,55,14,random,0.059249300000374205,2.369972000014968e-06,5972,0.23888,8,26248,104976,25000,0.2381496723060509,79976,0.2381496723060509,75000,78744,153744,6.14976,8204024,16,2277903568736387890,452514279465990313,2305843009213693951
25000,3.0,0.75,55,14,random,0.01566600000660401,6.266400002641604e-07,9274,0.37096,7,13123,34992,25000,0.7144490169181528,9992,0.7144490169181528,75000,39369,114369,4.57476,3551256,16,2277903568736387890,452514279465990313,2305843009213693951
25000,3.0,0.9,55,14,random,0.0154406000074232,6.17624000296928e-07,10128,0.40512,7,15743,34992,25000,0.7144490169181528,9992,0.7144490169181528,75000,47229,122229,4.88916,3551256,16,2277903568736387890,452514279465990313,2305843009213693951
25000,1.5,0.5,56,15,random,0.06856070000503678,2.742428000201471e-06,8160,0.3264,20,53649,53654,25000,0.46594848473552763,28654,0.46594848473552763,75000,160947,235947,9.43788,4798248,16,1956076132499880650,26508845497723367,2305843009213693951
25000,1.5,0.75,56,15,random,0.03163580001273658,1.2654320005094632e-06,11267,0.45068,19,53635,35769,25000,0.6989292404037015,10769,0.6989292404037015,75000,160905,235905,9.4362,3600688,16,1956076132499880650,26508845497723367,2305843009213693951
25000,1.5,0.9,56,15,random,0.032085500002722256,1.2834200001088903e-06,12734,0.50936,19,64359,35769,25000,0.6989292404037015,10769,0.6989292404037015,75000,193077,268077,10.72308,3600688,16,1956076132499880650,26508845497723367,2305843009213693951
25000,2.0,0.5,56,15,random,0.0582637000043178,2.3305480001727117e-06,7058,0.28232,12,32772,65536,25000,0.3814697265625,40536,0.3814697265625,75000,98316,173316,6.93264,5610744,16,1956076132499880650,26508845497723367,2305843009213693951
25000,2.0,0.75,56,15,random,0.031781199999386445,1.2712479999754577e-06,10377,0.41508,12,49152,65536,25000,0.3814697265625,40536,0.3814697265625,75000,147456,222456,8.89824,5610744,16,1956076132499880650,26508845497723367,2305843009213693951
25000,2.0,0.9,56,15,random,0.052095599996391684,2.0838239998556674e-06,11617,0.46468,11,29482,32768,25000,0.762939453125,7768,0.762939453125,75000,88446,163446,6.53784,3379960,16,1956076132499880650,26508845497723367,2305843009213693951
25000,3.0,0.5,56,15,random,0.028924899990670383,1.1569959996268153e-06,5869,0.23476,8,26248,104976,25000,0.2381496723060509,79976,0.2381496723060509,75000,78744,153744,6.14976,8205048,16,1956076132499880650,26508845497723367,2305843009213693951
25000,3.0,0.75,56,15,random,0.014859400005661882,5.943760002264753e-07,9254,0.37016,7,13123,34992,25000,0.7144490169181528,9992,0.7144490169181528,75000,39369,114369,4.57476,3552280,16,1956076132499880650,26508845497723367,2305843009213693951
25000,3.0,0.9,56,15,random,0.015125799996894784,6.050319998757914e-07,10116,0.40464,7,15743,34992,25000,0.7144490169181528,9992,0.7144490169181528,75000,47229,122229,4.88916,3552280,16,1956076132499880650,26508845497723367,2305843009213693951
25000,1.5,0.5,57,16,random,0.06114220000745263,2.445688000298105e-06,8148,0.32592,20,53649,53654,25000,0.46594848473552763,28654,0.46594848473552763,75000,160947,235947,9.43788,4791592,16,847978861133403702,1395714462194184430,2305843009213693951
25000,1.5,0.75,57,16,random,0.030207999996491708,1.2083199998596683e-06,11361,0.45444,19,53635,35769,25000,0.6989292404037015,10769,0.6989292404037015,75000,160905,235905,9.4362,3597904,16,847978861133403702,1395714462194184430,2305843009213693951
25000,1.5,0.9,57,16,random,0.0614140999969095,2.45656399987638e-06,12855,0.5142,19,64359,35769,25000,0.6989292404037015,10769,0.6989292404037015,75000,193077,268077,10.72308,3597904,16,847978861133403702,1395714462194184430,2305843009213693951
25000,2.0,0.5,57,16,random,0.025809500002651475,1.032380000106059e-06,7313,0.29252,12,32772,65536,25000,0.3814697265625,40536,0.3814697265625,75000,98316,173316,6.93264,5604152,16,847978861133403702,1395714462194184430,2305843009213693951
25000,2.0,0.75,57,16,random,0.06269470001279842,2.507788000511937e-06,10460,0.4184,12,49152,65536,25000,0.3814697265625,40536,0.3814697265625,75000,147456,222456,8.89824,5604152,16,847978861133403702,1395714462194184430,2305843009213693951
25000,2.0,0.9,57,16,random,0.020459099992876872,8.183639997150749e-07,11681,0.46724,11,29482,32768,25000,0.762939453125,7768,0.762939453125,75000,88446,163446,6.53784,3375640,16,847978861133403702,1395714462194184430,2305843009213693951
25000,3.0,0.5,57,16,random,0.062279299992951564,2.4911719997180626e-06,5893,0.23572,8,26248,104976,25000,0.2381496723060509,79976,0.2381496723060509,75000,78744,153744,6.14976,8205272,16,847978861133403702,1395714462194184430,2305843009213693951
25000,3.0,0.75,57,16,random,0.015149300001212396,6.059720000484958e-07,9169,0.36676,7,13123,34992,25000,0.7144490169181528,9992,0.7144490169181528,75000,39369,114369,4.57476,3552984,16,847978861133403702,1395714462194184430,2305843009213693951
25000,3.0,0.9,57,16,random,0.01554269999905955,6.21707999962382e-07,10017,0.40068,7,15743,34992,25000,0.7144490169181528,9992,0.7144490169181528,75000,47229,122229,4.88916,3552984,16,847978861133403702,1395714462194184430,2305843009213693951
25000,1.5,0.5,58,17,random,0.03467219999583904,1.3868879998335615e-06,8124,0.32496,20,53649,53654,25000,0.46594848473552763,28654,0.46594848473552763,75000,160947,235947,9.43788,4798024,16,454612962106966139,1702438209959121919,2305843009213693951
25000,1.5,0.75,58,17,random,0.05786369999987073,2.3145479999948294e-06,11355,0.4542,19,53635,35769,25000,0.6989292404037015,10769,0.6989292404037015,75000,160905,235905,9.4362,3600240,16,454612962106966139,1702438209959121919,2305843009213693951
25000,1.5,0.9,58,17,random,0.03378079998947214,1.3512319995788858e-06,12845,0.5138,19,64359,35769,25000,0.6989292404037015,10769,0.6989292404037015,75000,193077,268077,10.72308,3600240,16,454612962106966139,1702438209959121919,2305843009213693951
25000,2.0,0.5,58,17,random,0.08517269999720156,3.4069079998880626e-06,7066,0.28264,12,32772,65536,25000,0.3814697265625,40536,0.3814697265625,75000,98316,173316,6.93264,5610904,16,454612962106966139,1702438209959121919,2305843009213693951
25000,2.0,0.75,58,17,random,0.03208469999663066,1.2833879998652264e-06,10461,0.41844,12,49152,65536,25000,0.3814697265625,40536,0.3814697265625,75000,147456,222456,8.89824,5610904,16,454612962106966139,1702438209959121919,2305843009213693951
25000,2.0,0.9,58,17,random,0.020481900006416254,8.192760002566501e-07,11651,0.46604,11,29482,32768,25000,0.762939453125,7768,0.762939453125,75000,88446,163446,6.53784,3381432,16,454612962106966139,1702438209959121919,2305843009213693951
25000,3.0,0.5,58,17,random,0.059353100004955195,2.374124000198208e-06,6038,0.24152,8,26248,104976,25000,0.2381496723060509,79976,0.2381496723060509,75000,78744,153744,6.14976,8200664,16,454612962106966139,1702438209959121919,2305843009213693951
25000,3.0,0.75,58,17,random,0.015377899995655753,6.151159998262301e-07,9267,0.37068,7,13123,34992,25000,0.7144490169181528,9992,0.7144490169181528,75000,39369,114369,4.57476,3552632,16,454612962106966139,1702438209959121919,2305843009213693951
25000,3.0,0.9,58,17,random,0.015930800000205636,6.372320000082255e-07,10076,0.40304,7,15743,34992,25000,0.7144490169181528,9992,0.7144490169181528,75000,47229,122229,4.88916,3552632,16,454612962106966139,1702438209959121919,2305843009213693951
25000,1.5,0.5,59,18,random,0.06898479998926632,2.759391999570653e-06,8171,0.32684,20,53649,53654,25000,0.46594848473552763,28654,0.46594848473552763,75000,160947,235947,9.43788,4802344,16,195095767942445094,1500048066919629750,2305843009213693951
25000,1.5,0.75,59,18,random,0.02994419999595266,1.1977679998381063e-06,11278,0.45112,19,53635,35769,25000,0.6989292404037015,10769,0.6989292404037015,75000,160905,235905,9.4362,3594864,16,195095767942445094,1500048066919629750,2305843009213693951
25000,1.5,0.9,59,18,random,0.06679609999991953,2.671843999996781e-06,12705,0.5082,19,64359,35769,25000,0.6989292404037015,10769,0.6989292404037015,75000,193077,268077,10.72308,3594864,16,195095767942445094,1500048066919629750,2305843009213693951
25000,2.0,0.5,59,18,random,0.02507020000484772,1.0028080001939089e-06,7215,0.2886,12,32772,65536,25000,0.3814697265625,40536,0.3814697265625,75000,98316,173316,6.93264,5610424,16,195095767942445094,1500048066919629750,2305843009213693951
25000,2.0,0.75,59,18,random,0.06830189999891445,2.732075999956578e-06,10457,0.41828,12,49152,65536,25000,0.3814697265625,40536,0.3814697265625,75000,147456,222456,8.89824,5610424,16,195095767942445094,1500048066919629750,2305843009213693951
25000,2.0,0.9,59,18,random,0.02114459998847451,8.457839995389804e-07,11624,0.46496,11,29482,32768,25000,0.762939453125,7768,0.762939453125,75000,88446,163446,6.53784,3379160,16,195095767942445094,1500048066919629750,2305843009213693951
25000,3.0,0.5,59,18,random,0.026256600001943298,1.050264000077732e-06,5904,0.23616,8,26248,104976,25000,0.2381496723060509,79976,0.2381496723060509,75000,78744,153744,6.14976,8206840,16,195095767942445094,1500048066919629750,2305843009213693951
25000,3.0,0.75,59,18,random,0.016783499988378026,6.71339999535121e-07,9267,0.37068,7,13123,34992,25000,0.7144490169181528,9992,0.7144490169181528,75000,39369,114369,4.57476,3552568,16,195095767942445094,1500048066919629750,2305843009213693951
25000,3.0,0.9,59,18,random,0.046932099998230115,1.8772839999292046e-06,10142,0.40568,7,15743,34992,25000,0.7144490169181528,9992,0.7144490169181528,75000,47229,122229,4.88916,3552568,16,195095767942445094,1500048066919629750,2305843009213693951
25000,1.5,0.5,60,19,random,0.035681499997735955,1.4272599999094382e-06,8240,0.3296,20,53649,53654,25000,0.46594848473552763,28654,0.46594848473552763,75000,160947,235947,9.43788,4797576,16,653524007492807808,355415340864572460,2305843009213693951
25000,1.5,0.75,60,19,random,0.06352749999496154,2.5410999997984618e-06,11396,0.45584,19,53635,35769,25000,0.6989292404037015,10769,0.6989292404037015,75000,160905,235905,9.4362,3599088,16,653524007492807808,355415340864572460,2305843009213693951
25000,1.5,0.9,60,19,random,0.03404150001006201,1.3616600004024804e-06,12884,0.51536,19,64359,35769,25000,0.6989292404037015,10769,0.6989292404037015,75000,193077,268077,10.72308,3599088,16,653524007492807808,355415340864572460,2305843009213693951
25000,2.0,0.5,60,19,random,0.027606900010141544,1.1042760004056618e-06,7318,0.29272,12,32772,65536,25000,0.3814697265625,40536,0.3814697265625,75000,98316,173316,6.93264,5593496,16,653524007492807808,355415340864572460,2305843009213693951
25000,2.0,0.75,60,19,random,0.0622678000072483,2.490712000289932e-06,10449,0.41796,12,49152,65536,25000,0.3814697265625,40536,0.3814697265625,75000,147456,222456,8.89824,5593496,16,653524007492807808,355415340864572460,2305843009213693951
25000,2.0,0.9,60,19,random,0.020372600003611296,8.149040001444519e-07,11676,0.46704,11,29482,32768,25000,0.762939453125,7768,0.762939453125,75000,88446,163446,6.53784,3377976,16,653524007492807808,355415340864572460,2305843009213693951
25000,3.0,0.5,60,19,random,0.06175290000101086,2.4701160000404343e-06,5846,0.23384,8,26248,104976,25000,0.2381496723060509,79976,0.2381496723060509,75000,78744,153744,6.14976,8208376,16,653524007492807808,355415340864572460,2305843009213693951
25000,3.0,0.75,60,19,random,0.015785499999765307,6.314199999906123e-07,9300,0.372,7,13123,34992,25000,0.7144490169181528,9992,0.7144490169181528,75000,39369,114369,4.57476,3551672,16,653524007492807808,355415340864572460,2305843009213693951
25000,3.0,0.9,60,19,random,0.01693679999152664,6.774719996610656e-07,10164,0.40656,7,15743,34992,25000,0.7144490169181528,9992,0.7144490169181528,75000,47229,122229,4.88916,3551672,16,653524007492807808,355415340864572460,2305843009213693951
25000,1.5,0.5,61,20,random,0.08507659999304451,3.4030639997217805e-06,8985,0.3594,20,53649,53654,25000,0.46594848473552763,28654,0.46594848473552763,75000,160947,235947,9.43788,4799208,16,418983635330710152,499844581152741729,2305843009213693951
25000,1.5,0.75,61,20,random,0.031057400003192015,1.2422960001276805e-06,12419,0.49676,19,53635,35769,25000,0.6989292404037015,10769,0.6989292404037015,75000,160905,235905,9.4362,3518032,16,418983635330710152,499844581152741729,2305843009213693951
25000,1.5,0.9,61,20,random,0.034091699999407865,1.3636679999763146e-06,13481,0.53924,19,64359,35769,25000,0.6989292404037015,10769,0.6989292404037015,75000,193077,268077,10.72308,3518032,16,418983635330710152,499844581152741729,2305843009213693951
25000,2.0,0.5,61,20,random,0.05983410000044387,2.3933640000177548e-06,7067,0.28268,12,32772,65536,25000,0.3814697265625,40536,0.3814697265625,75000,98316,173316,6.93264,5611768,16,418983635330710152,499844581152741729,2305843009213693951
25000,2.0,0.75,61,20,random,0.03215980000095442,1.2863920000381767e-06,10327,0.41308,12,49152,65536,25000,0.3814697265625,40536,0.3814697265625,75000,147456,222456,8.89824,5611768,16,418983635330710152,499844581152741729,2305843009213693951
25000,2.0,0.9,61,20,random,0.056350700004259124,2.254028000170365e-06,11530,0.4612,11,29482,32768,25000,0.762939453125,7768,0.762939453125,75000,88446,163446,6.53784,3384568,16,418983635330710152,499844581152741729,2305843009213693951
25000,3.0,0.5,61,20,random,0.026840400008950382,1.0736160003580152e-06,5841,0.23364,8,26248,104976,25000,0.2381496723060509,79976,0.2381496723060509,75000,78744,153744,6.14976,8206392,16,418983635330710152,499844581152741729,2305843009213693951
25000,3.0,0.75,61,20,random,0.015611800001352094,6.244720000540838e-07,9219,0.36876,7,13123,34992,25000,0.7144490169181528,9992,0.7144490169181528,75000,39369,114369,4.57476,3553656,16,418983635330710152,499844581152741729,2305843009213693951
25000,3.0,0.9,61,20,random,0.015023600004496984,6.009440001798794e-07,10091,0.40364,7,15743,34992,25000,0.7144490169181528,9992,0.7144490169181528,75000,47229,122229,4.88916,3553656,16,418983635330710152,499844581152741729,2305843009213693951
25000,1.5,0.5,62,21,random,0.06525490000785794,2.6101960003143177e-06,10733,0.42932,20,53649,53654,25000,0.46594848473552763,28654,0.46594848473552763,75000,160947,235947,9.43788,4801992,16,1326467972949138173,150235521510768009,2305843009213693951
25000,1.5,0.75,62,21,random,0.030786899995291606,1.2314759998116643e-06,14475,0.579,19,53635,35769,25000,0.6989292404037015,10769,0.6989292404037015,75000,160905,235905,9.4362,3358640,16,1326467972949138173,150235521510768009,2305843009213693951
25000,1.5,0.9,62,21,random,0.06528850000177044,2.6115400000708176e-06,14418,0.57672,19,64359,35769,25000,0.6989292404037015,10769,0.6989292404037015,75000,193077,268077,10.72308,3358640,16,1326467972949138173,150235521510768009,2305843009213693951
25000,2.0,0.5,62,21,random,0.026331800007028505,1.0532720002811402e-06,7092,0.28368,12,32772,65536,25000,0.3814697265625,40536,0.3814697265625,75000,98316,173316,6.93264,5607416,16,1326467972949138173,150235521510768009,2305843009213693951
25000,2.0,0.75,62,21,random,0.06756820000009611,2.7027280000038446e-06,10375,0.415,12,49152,65536,25000,0.3814697265625,40536,0.3814697265625,75000,147456,222456,8.89824,5607416,16,1326467972949138173,150235521510768009,2305843009213693951
25000,2.0,0.9,62,21,random,0.02157240000087768,8.628960000351071e-07,11574,0.46296,11,29482,32768,25000,0.762939453125,7768,0.762939453125,75000,88446,163446,6.53784,3382872,16,1326467972949138173,150235521510768009,2305843009213693951
25000,3.0,0.5,62,21,random,0.026902700003120117,1.0761080001248048e-06,5864,0.23456,8,26248,104976,25000,0.2381496723060509,79976,0.2381496723060509,75000,78744,153744,6.14976,8204792,16,1326467972949138173,150235521510768009,2305843009213693951
25000,3.0,0.75,62,21,random,0.04827339999610558,1.930935999844223e-06,9158,0.36632,7,13123,34992,25000,0.7144490169181528,9992,0.7144490169181528,75000,39369,114369,4.57476,3553400,16,1326467972949138173,150235521510768009,2305843009213693951
25000,3.0,0.9,62,21,random,0.01676279999082908,6.705119996331633e-07,10069,0.40276,7,15743,34992,25000,0.7144490169181528,9992,0.7144490169181528,75000,47229,122229,4.88916,3553400,16,1326467972949138173,150235521510768009,2305843009213693951
25000,1.5,0.5,63,22,random,0.035500699988915585,1.4200279995566235e-06,7958,0.31832,20,53649,53654,25000,0.46594848473552763,28654,0.46594848473552763,75000,160947,235947,9.43788,4804648,16,1024322815512585445,2145571529822921201,2305843009213693951
25000,1.5,0.75,63,22,random,0.060217399994144216,2.4086959997657685e-06,11409,0.45636,19,53635,35769,25000,0.6989292404037015,10769,0.6989292404037015,75000,160905,235905,9.4362,3602992,16,1024322815512585445,2145571529822921201,2305843009213693951
25000,1.5,0.9,63,22,random,0.03316609999455977,1.326643999782391e-06,12864,0.51456,19,64359,35769,25000,0.6989292404037015,10769,0.6989292404037015,75000,193077,268077,10.72308,3602992,16,1024322815512585445,2145571529822921201,2305843009213693951
25000,2.0,0.5,63,22,random,0.06231760000810027,2.492704000324011e-06,10314,0.41256,12,32772,65536,25000,0.3814697265625,40536,0.3814697265625,75000,98316,173316,6.93264,5447128,16,1024322815512585445,2145571529822921201,2305843009213693951
25000,2.0,0.75,63,22,random,0.031245600010151975,1.249824000406079e-06,11640,0.4656,12,49152,65536,25000,0.3814697265625,40536,0.3814697265625,75000,147456,222456,8.89824,5447128,16,1024322815512585445,2145571529822921201,2305843009213693951
25000,2.0,0.9,63,22,random,0.02103450000868179,8.413800003472715e-07,12561,0.50244,11,29482,32768,25000,0.762939453125,7768,0.762939453125,75000,88446,163446,6.53784,3326968,16,1024322815512585445,2145571529822921201,2305843009213693951
25000,3.0,0.5,63,22,random,0.05862830000114627,2.345132000045851e-06,5811,0.23244,8,26248,104976,25000,0.2381496723060509,79976,0.2381496723060509,75000,78744,153744,6.14976,8207832,16,1024322815512585445,2145571529822921201,2305843009213693951
25000,3.0,0.75,63,22,random,0.01667009999800939,6.668039999203756e-07,9153,0.36612,7,13123,34992,25000,0.7144490169181528,9992,0.7144490169181528,75000,39369,114369,4.57476,3555544,16,1024322815512585445,2145571529822921201,2305843009213693951
25000,3.0,0.9,63,22,random,0.014844599994830787,5.937839997932314e-07,10036,0.40144,7,15743,34992,25000,0.7144490169181528,9992,0.7144490169181528,75000,47229,122229,4.88916,3555544,16,1024322815512585445,2145571529822921201,2305843009213693951
25000,1.5,0.5,64,23,random,0.06691199999477249,2.6764799997908993e-06,8169,0.32676,20,53649,53654,25000,0.46594848473552763,28654,0.46594848473552763,75000,160947,235947,9.43788,4797928,16,287886780813115929,1413457234261051687,2305843009213693951
25000,1.5,0.75,64,23,random,0.02994919999036938,1.197967999614775e-06,11140,0.4456,19,53635,35769,25000,0.6989292404037015,10769,0.6989292404037015,75000,160905,235905,9.4362,3598704,16,287886780813115929,1413457234261051687,2305843009213693951
25000,1.5,0.9,64,23,random,0.06931330000224989,2.7725320000899957e-06,12655,0.5062,19,64359,35769,25000,0.6989292404037015,10769,0.6989292404037015,75000,193077,268077,10.72308,3598704,16,287886780813115929,1413457234261051687,2305843009213693951
25000,2.0,0.5,64,23,random,0.02733989999978803,1.0935959999915213e-06,7117,0.28468,12,32772,65536,25000,0.3814697265625,40536,0.3814697265625,75000,98316,173316,6.93264,5611320,16,287886780813115929,1413457234261051687,2305843009213693951
25000,2.0,0.75,64,23,random,0.0319727000023704,1.2789080000948162e-06,10447,0.41788,12,49152,65536,25000,0.3814697265625,40536,0.3814697265625,75000,147456,222456,8.89824,5611320,16,287886780813115929,1413457234261051687,2305843009213693951
25000,2.0,0.9,64,23,random,0.05315120000159368,2.126048000063747e-06,11690,0.4676,11,29482,32768,25000,0.762939453125,7768,0.762939453125,75000,88446,163446,6.53784,3381688,16,287886780813115929,1413457234261051687,2305843009213693951
25000,3.0,0.5,64,23,random,0.03038570001081098,1.215428000432439e-06,5944,0.23776,8,26248,104976,25000,0.2381496723060509,79976,0.2381496723060509,75000,78744,153744,6.14976,8201592,16,287886780813115929,1413457234261051687,2305843009213693951
25000,3.0,0.75,64,23,random,0.018848499996238388,7.539399998495355e-07,9257,0.37028,7,13123,34992,25000,0.7144490169181528,9992,0.7144490169181528,75000,39369,114369,4.57476,3552600,16,287886780813115929,1413457234261051687,2305843009213693951
25000,3.0,0.9,64,23,random,0.0446032999898307,1.7841319995932281e-06,10158,0.40632,7,15743,34992,25000,0.7144490169181528,9992,0.7144490169181528,75000,47229,122229,4.88916,3552600,16,287886780813115929,1413457234261051687,2305843009213693951
25000,1.5,0.5,65,24,random,0.034353299997746944,1.3741319999098777e-06,13105,0.5242,20,53649,53654,25000,0.46594848473552763,28654,0.46594848473552763,75000,160947,235947,9.43788,4801096,16,666030003530279332,1185754838603315180,2305843009213693951
25000,1.5,0.75,65,24,random,0.06385379999119323,2.554151999647729e-06,17299,0.69196,19,53635,35769,25000,0.6989292404037015,10769,0.6989292404037015,75000,160905,235905,9.4362,3329264,16,666030003530279332,1185754838603315180,2305843009213693951
25000,1.5,0.9,65,24,random,0.03343730000779033,1.3374920003116131e-06,17371,0.69484,19,64359,35769,25000,0.6989292404037015,10769,0.6989292404037015,75000,193077,268077,10.72308,3329264,16,666030003530279332,1185754838603315180,2305843009213693951
25000,2.0,0.5,65,24,random,0.025034099991898984,1.0013639996759594e-06,7052,0.28208,12,32772,65536,25000,0.3814697265625,40536,0.3814697265625,75000,98316,173316,6.93264,5611832,16,666030003530279332,1185754838603315180,2305843009213693951
25000,2.0,0.75,65,24,random,0.06279199999698903,2.5116799998795616e-06,10234,0.40936,12,49152,65536,25000,0.3814697265625,40536,0.3814697265625,75000,147456,222456,8.89824,5611832,16,666030003530279332,1185754838603315180,2305843009213693951
25000,2.0,0.9,65,24,random,0.020552599991788156,8.221039996715263e-07,11478,0.45912,11,29482,32768,25000,0.762939453125,7768,0.762939453125,75000,88446,163446,6.53784,3384920,16,666030003530279332,1185754838603315180,2305843009213693951
25000,3.0,0.5,65,24,random,0.06137940000917297,2.4551760003669186e-06,5887,0.23548,8,26248,104976,25000,0.2381496723060509,79976,0.2381496723060509,75000,78744,153744,6.14976,8204632,16,666030003530279332,1185754838603315180,2305843009213693951
25000,3.0,0.75,65,24,random,0.01654479998978786,6.617919995915145e-07,9241,0.36964,7,13123,34992,25000,0.7144490169181528,9992,0.7144490169181528,75000,39369,114369,4.57476,3554264,16,666030003530279332,1185754838603315180,2305843009213693951
25000,3.0,0.9,65,24,random,0.015935799994622357,6.374319997848942e-07,10122,0.40488,7,15743,34992,25000,0.7144490169181528,9992,0.7144490169181528,75000,47229,122229,4.88916,3554264,16,666030003530279332,1185754838603315180,2305843009213693951
25000,1.5,0.5,66,25,random,0.06931740000436548,2.7726960001746193e-06,8072,0.32288,20,53649,53654,25000,0.46594848473552763,28654,0.46594848473552763,75000,160947,235947,9.43788,4801096,16,719391770955253926,2130106160647316609,2305843009213693951
25000,1.5,0.75,66,25,random,0.02968610000971239,1.1874440003884957e-06,11211,0.44844,19,53635,35769,25000,0.6989292404037015,10769,0.6989292404037015,75000,160905,235905,9.4362,3604048,16,719391770955253926,2130106160647316609,2305843009213693951
25000,1.5,0.9,66,25,random,0.03178819999448024,1.2715279997792096e-06,12653,0.50612,19,64359,35769,25000,0.6989292404037015,10769,0.6989292404037015,75000,193077,268077,10.72308,3604048,16,719391770955253926,2130106160647316609,2305843009213693951
25000,2.0,0.5,66,25,random,0.058847899999818765,2.3539159999927507e-06,7287,0.29148,12,32772,65536,25000,0.3814697265625,40536,0.3814697265625,75000,98316,173316,6.93264,5605368,16,719391770955253926,2130106160647316609,2305843009213693951
25000,2.0,0.75,66,25,random,0.0327532999945106,1.3101319997804239e-06,10467,0.41868,12,49152,65536,25000,0.3814697265625,40536,0.3814697265625,75000,147456,222456,8.89824,5605368,16,719391770955253926,2130106160647316609,2305843009213693951
25000,2.0,0.9,66,25,random,0.021283299996866845,8.513319998746738e-07,11664,0.46656,11,29482,32768,25000,0.762939453125,7768,0.762939453125,75000,88446,163446,6.53784,3377272,16,719391770955253926,2130106160647316609,2305843009213693951
25000,3.0,0.5,66,25,random,0.05707840000104625,2.2831360000418497e-06,5840,0.2336,8,26248,104976,25000,0.2381496723060509,79976,0.2381496723060509,75000,78744,153744,6.14976,8206232,16,719391770955253926,2130106160647316609,2305843009213693951
25000,3.0,0.75,66,25,random,0.015565399997285567,6.226159998914227e-07,9191,0.36764,7,13123,34992,25000,0.7144490169181528,9992,0.7144490169181528,75000,39369,114369,4.57476,3554936,16,719391770955253926,2130106160647316609,2305843009213693951
25000,3.0,0.9,66,25,random,0.01749629998812452,6.998519995249808e-07,10029,0.40116,7,15743,34992,25000,0.7144490169181528,9992,0.7144490169181528,75000,47229,122229,4.88916,3554936,16,719391770955253926,2130106160647316609,2305843009213693951
25000,1.5,0.5,67,26,random,0.06318399999872781,2.5273599999491127e-06,8120,0.3248,20,53649,53654,25000,0.46594848473552763,28654,0.46594848473552763,75000,160947,235947,9.43788,4798216,16,267692963849940753,941673545738002381,2305843009213693951
25000,1.5,0.75,67,26,random,0.03026329999556765,1.210531999822706e-06,11356,0.45424,19,53635,35769,25000,0.6989292404037015,10769,0.6989292404037015,75000,160905,235905,9.4362,3596720,16,267692963849940753,941673545738002381,2305843009213693951
25000,1.5,0.9,67,26,random,0.06403989999671467,2.5615959998685867e-06,12876,0.51504,19,64359,35769,25000,0.6989292404037015,10769,0.6989292404037015,75000,193077,268077,10.72308,3596720,16,267692963849940753,941673545738002381,2305843009213693951
25000,2.0,0.5,67,26,random,0.02471559999685269,9.886239998741076e-07,7140,0.2856,12,32772,65536,25000,0.3814697265625,40536,0.3814697265625,75000,98316,173316,6.93264,5606392,16,267692963849940753,941673545738002381,2305843009213693951
25000,2.0,0.75,67,26,random,0.06633120001060888,2.6532480004243554e-06,10296,0.41184,12,49152,65536,25000,0.3814697265625,40536,0.3814697265625,75000,147456,222456,8.89824,5606392,16,267692963849940753,941673545738002381,2305843009213693951
25000,2.0,0.9,67,26,random,0.020406399999046698,8.162559999618679e-07,11529,0.46116,11,29482,32768,25000,0.762939453125,7768,0.762939453125,75000,88446,163446,6.53784,3384120,16,267692963849940753,941673545738002381,2305843009213693951
25000,3.0,0.5,67,26,random,0.025901600005454384,1.0360640002181753e-06,5855,0.2342,8,26248,104976,25000,0.2381496723060509,79976,0.2381496723060509,75000,78744,153744,6.14976,8207288,16,267692963849940753,941673545738002381,2305843009213693951
25000,3.0,0.75,67,26,random,0.04422280000289902,1.7689120001159607e-06,9310,0.3724,7,13123,34992,25000,0.7144490169181528,9992,0.7144490169181528,75000,39369,114369,4.57476,3553432,16,267692963849940753,941673545738002381,2305843009213693951
25000,3.0,0.9,67,26,random,0.014981500004068948,5.992600001627579e-07,10156,0.40624,7,15743,34992,25000,0.7144490169181528,9992,0.7144490169181528,75000,47229,122229,4.88916,3553432,16,267692963849940753,941673545738002381,2305843009213693951
25000,1.5,0.5,68,27,random,0.03371629999310244,1.3486519997240975e-06,8146,0.32584,20,53649,53654,25000,0.46594848473552763,28654,0.46594848473552763,75000,160947,235947,9.43788,4798856,16,1075367493781816306,1590101887495472611,2305843009213693951
25000,1.5,0.75,68,27,random,0.05988410000281874,2.3953640001127496e-06,11249,0.44996,19,53635,35769,25000,0.6989292404037015,10769,0.6989292404037015,75000,160905,235905,9.4362,3599152,16,1075367493781816306,1590101887495472611,2305843009213693951
25000,1.5,0.9,68,27,random,0.032375100010540336,1.2950040004216134e-06,12760,0.5104,19,64359,35769,25000,0.6989292404037015,10769,0.6989292404037015,75000,193077,268077,10.72308,3599152,16,1075367493781816306,1590101887495472611,2305843009213693951
25000,2.0,0.5,68,27,random,0.06289240000478458,2.515696000191383e-06,7085,0.2834,12,32772,65536,25000,0.3814697265625,40536,0.3814697265625,75000,98316,173316,6.93264,5610776,16,1075367493781816306,1590101887495472611,2305843009213693951
25000,2.0,0.75,68,27,random,0.030946599988965318,1.2378639995586127e-06,10480,0.4192,12,49152,65536,25000,0.3814697265625,40536,0.3814697265625,75000,147456,222456,8.89824,5610776,16,1075367493781816306,1590101887495472611,2305843009213693951
25000,2.0,0.9,68,27,random,0.021019799998612143,8.407919999444857e-07,11649,0.46596,11,29482,32768,25000,0.762939453125,7768,0.762939453125,75000,88446,163446,6.53784,3380536,16,1075367493781816306,1590101887495472611,2305843009213693951
25000,3.0,0.5,68,27,random,0.06080550000478979,2.4322200001915916e-06,5812,0.23248,8,26248,104976,25000,0.2381496723060509,79976,0.2381496723060509,75000,78744,153744,6.14976,8209080,16,1075367493781816306,1590101887495472611,2305843009213693951
25000,3.0,0.75,68,27,random,0.015546000009635463,6.218400003854185e-07,9206,0.36824,7,13123,34992,25000,0.7144490169181528,9992,0.7144490169181528,75000,39369,114369,4.57476,3553688,16,1075367493781816306,1590101887495472611,2305843009213693951
25000,3.0,0.9,68,27,random,0.016169199996511452,6.467679998604581e-07,10054,0.40216,7,15743,34992,25000,0.7144490169181528,9992,0.7144490169181528,75000,47229,122229,4.88916,3553688,16,1075367493781816306,1590101887495472611,2305843009213693951
25000,1.5,0.5,69,28,random,0.07213349999801721,2.8853399999206885e-06,8187,0.32748,20,53649,53654,25000,0.46594848473552763,28654,0.46594848473552763,75000,160947,235947,9.43788,4799272,16,86018572855962195,1847883699258444581,2305843009213693951
25000,1.5,0.75,69,28,random,0.030416800000239164,1.2166720000095666e-06,11160,0.4464,19,53635,35769,25000,0.6989292404037015,10769,0.6989292404037015,75000,160905,235905,9.4362,3603088,16,86018572855962195,1847883699258444581,2305843009213693951
25000,1.5,0.9,69,28,random,0.03352860000450164,1.3411440001800656e-06,12647,0.50588,19,64359,35769,25000,0.6989292404037015,10769,0.6989292404037015,75000,193077,268077,10.72308,3603088,16,86018572855962195,1847883699258444581,2305843009213693951
25000,2.0,0.5,69,28,random,0.05382720001216512,2.153088000486605e-06,7113,0.28452,12,32772,65536,25000,0.3814697265625,40536,0.3814697265625,75000,98316,173316,6.93264,5610616,16,86018572855962195,1847883699258444581,2305843009213693951
25000,2.0,0.75,69,28,random,0.031310099991969764,1.2524039996787905e-06,10416,0.41664,12,49152,65536,25000,0.3814697265625,40536,0.3814697265625,75000,147456,222456,8.89824,5610616,16,86018572855962195,1847883699258444581,2305843009213693951
25000,2.0,0.9,69,28,random,0.051093699992634356,2.043747999705374e-06,11630,0.4652,11,29482,32768,25000,0.762939453125,7768,0.762939453125,75000,88446,163446,6.53784,3380760,16,86018572855962195,1847883699258444581,2305843009213693951
25000,3.0,0.5,69,28,random,0.028047500003594905,1.1219000001437961e-06,5896,0.23584,8,26248,104976,25000,0.2381496723060509,79976,0.2381496723060509,75000,78744,153744,6.14976,8207544,16,86018572855962195,1847883699258444581,2305843009213693951
25000,3.0,0.75,69,28,random,0.016199200006667525,6.47968000266701e-07,9272,0.37088,7,13123,34992,25000,0.7144490169181528,9992,0.7144490169181528,75000,39369,114369,4.57476,3552376,16,86018572855962195,1847883699258444581,2305843009213693951
25000,3.0,0.9,69,28,random,0.048466299995197915,1.9386519998079168e-06,10127,0.40508,7,15743,34992,25000,0.7144490169181528,9992,0.7144490169181528,75000,47229,122229,4.88916,3552376,16,86018572855962195,1847883699258444581,2305843009213693951
25000,1.5,0.5,70,29,random,0.03618389999610372,1.4473559998441489e-06,8100,0.324,20,53649,53654,25000,0.46594848473552763,28654,0.46594848473552763,75000,160947,235947,9.43788,4798600,16,273089160051860230,1621121173616640907,2305843009213693951
25000,1.5,0.75,70,29,random,0.03267210000194609,1.3068840000778437e-06,11238,0.44952,19,53635,35769,25000,0.6989292404037015,10769,0.6989292404037015,75000,160905,235905,9.4362,3601328,16,273089160051860230,1621121173616640907,2305843009213693951
25000,1.5,0.9,70,29,random,0.1152457999996841,4.6098319999873635e-06,12804,0.51216,19,64359,35769,25000,0.6989292404037015,10769,0.6989292404037015,75000,193077,268077,10.72308,3601328,16,273089160051860230,1621121173616640907,2305843009213693951
25000,2.0,0.5,70,29,random,0.028725399999530055,1.1490159999812022e-06,7165,0.2866,12,32772,65536,25000,0.3814697265625,40536,0.3814697265625,75000,98316,173316,6.93264,5609336,16,273089160051860230,1621121173616640907,2305843009213693951
25000,2.0,0.75,70,29,random,0.06837870000163093,2.735148000065237e-06,10406,0.41624,12,49152,65536,25000,0.3814697265625,40536,0.3814697265625,75000,147456,222456,8.89824,5609336,16,273089160051860230,1621121173616640907,2305843009213693951
25000,2.0,0.9,70,29,random,0.02120390000345651,8.481560001382604e-07,11620,0.4648,11,29482,32768,25000,0.762939453125,7768,0.762939453125,75000,88446,163446,6.53784,3381240,16,273089160051860230,1621121173616640907,2305843009213693951
25000,3.0,0.5,70,29,random,0.06513259999337606,2.6053039997350426e-06,5869,0.23476,8,26248,104976,25000,0.2381496723060509,79976,0.2381496723060509,75000,78744,153744,6.14976,8208504,16,273089160051860230,1621121173616640907,2305843009213693951
25000,3.0,0.75,70,29,random,0.016249099993729033,6.499639997491613e-07,9287,0.37148,7,13123,34992,25000,0.7144490169181528,9992,0.7144490169181528,75000,39369,114369,4.57476,3551896,16,273089160051860230,1621121173616640907,2305843009213693951
25000,3.0,0.9,70,29,random,0.01704819999577012,6.819279998308048e-07,10171,0.40684,7,15743,34992,25000,0.7144490169181528,9992,0.7144490169181528,75000,47229,122229,4.88916,3551896,16,273089160051860230,1621121173616640907,2305843009213693951
25000,1.5,0.5,71,30,random,0.07178959999873769,2.8715839999495072e-06,8082,0.32328,20,53649,53654,25000,0.46594848473552763,28654,0.46594848473552763,75000,160947,235947,9.43788,4801096,16,1172432318357405658,1841538480035479711,2305843009213693951
25000,1.5,0.75,71,30,random,0.030306700005894527,1.2122680002357811e-06,11360,0.4544,19,53635,35769,25000,0.6989292404037015,10769,0.6989292404037015,75000,160905,235905,9.4362,3599376,16,1172432318357405658,1841538480035479711,2305843009213693951
25000,1.5,0.9,71,30,random,0.034171699997386895,1.3668679998954759e-06,12899,0.51596,19,64359,35769,25000,0.6989292404037015,10769,0.6989292404037015,75000,193077,268077,10.72308,3599376,16,1172432318357405658,1841538480035479711,2305843009213693951
25000,2.0,0.5,71,30,random,0.05820980000135023,2.328392000054009e-06,7106,0.28424,12,32772,65536,25000,0.3814697265625,40536,0.3814697265625,75000,98316,173316,6.93264,5607128,16,1172432318357405658,1841538480035479711,2305843009213693951
25000,2.0,0.75,71,30,random,0.031067499992786907,1.2426999997114762e-06,10401,0.41604,12,49152,65536,25000,0.3814697265625,40536,0.3814697265625,75000,147456,222456,8.89824,5607128,16,1172432318357405658,1841538480035479711,2305843009213693951
25000,2.0,0.9,71,30,random,0.02071649998833891,8.286599995335564e-07,11638,0.46552,11,29482,32768,25000,0.762939453125,7768,0.762939453125,75000,88446,163446,6.53784,3381496,16,1172432318357405658,1841538480035479711,2305843009213693951
25000,3.0,0.5,71,30,random,0.05802189999667462,2.3208759998669848e-06,5988,0.23952,8,26248,104976,25000,0.2381496723060509,79976,0.2381496723060509,75000,78744,153744,6.14976,8204952,16,1172432318357405658,1841538480035479711,2305843009213693951
25000,3.0,0.75,71,30,random,0.015030100010335445,6.012040004134178e-07,9365,0.3746,7,13123,34992,25000,0.7144490169181528,9992,0.7144490169181528,75000,39369,114369,4.57476,3548792,16,1172432318357405658,1841538480035479711,2305843009213693951
25000,3.0,0.9,71,30,random,0.014719400001922622,5.887760000769049e-07,10237,0.40948,7,15743,34992,25000,0.7144490169181528,9992,0.7144490169181528,75000,47229,122229,4.88916,3548792,16,1172432318357405658,1841538480035479711,2305843009213693951
50000,1.5,0.5,42,1,random,0.1635006999858888,3.270013999717776e-06,16214,0.32428,22,120718,120722,50000,0.4141747154619705,70722,0.4141747154619705,150000,362154,512154,10.24308,10510600,16,256711980439665054,1709899044117486289,2305843009213693951
50000,1.5,0.75,42,1,random,0.11140819999855012,2.2281639999710022e-06,22525,0.4505,21,120703,80481,50000,0.6212646463140369,30481,0.6212646463140369,150000,362109,512109,10.24218,7814064,16,256711980439665054,1709899044117486289,2305843009213693951
50000,1.5,0.9,42,1,random,0.08025360001192894,1.6050720002385789e-06,25726,0.51452,21,144841,80481,50000,0.6212646463140369,30481,0.6212646463140369,150000,434523,584523,11.69046,7814064,16,256711980439665054,1709899044117486289,2305843009213693951
50000,2.0,0.5,42,1,random,0.09817749999638181,1.9635499999276363e-06,14003,0.28006,13,65541,131072,50000,0.3814697265625,81072,0.3814697265625,150000,196623,346623,6.93246,11240472,16,256711980439665054,1709899044117486289,2305843009213693951
50000,2.0,0.75,42,1,random,0.09977449999132659,1.995489999826532e-06,20785,0.4157,13,98305,131072,50000,0.3814697265625,81072,0.3814697265625,150000,294915,444915,8.8983,11240472,16,256711980439665054,1709899044117486289,2305843009213693951
50000,2.0,0.9,42,1,random,0.07533029999467544,1.5066059998935088e-06,23184,0.46368,12,58974,65536,50000,0.762939453125,15536,0.762939453125,150000,176922,326922,6.53844,6772824,16,256711980439665054,1709899044117486289,2305843009213693951
50000,3.0,0.5,42,1,random,0.040581099994597025,8.116219998919405e-07,13039,0.26078,8,26248,104976,50000,0.4762993446121018,54976,0.4762993446121018,150000,78744,228744,4.57488,9476600,16,256711980439665054,1709899044117486289,2305843009213693951
50000,3.0,0.75,42,1,random,0.07826160000695381,1.5652320001390763e-06,16748,0.33496,8,39368,104976,50000,0.4762993446121018,54976,0.4762993446121018,150000,118104,268104,5.36208,9476600,16,256711980439665054,1709899044117486289,2305843009213693951
50000,3.0,0.9,42,1,random,0.04799019999336451,9.598039998672903e-07,19292,0.38584,8,47236,104976,50000,0.4762993446121018,54976,0.4762993446121018,150000,141708,291708,5.83416,9476600,16,256711980439665054,1709899044117486289,2305843009213693951
50000,1.5,0.5,43,2,random,0.15780800000356976,3.1561600000713953e-06,20211,0.40422,22,120718,120722,50000,0.4141747154619705,70722,0.4141747154619705,150000,362154,512154,10.24308,10506184,16,659665203979258006,1758630025113616856,2305843009213693951
50000,1.5,0.75,43,2,random,0.11515289999078959,2.3030579998157916e-06,28384,0.56768,21,120703,80481,50000,0.6212646463140369,30481,0.6212646463140369,150000,362109,512109,10.24218,7829488,16,659665203979258006,1758630025113616856,2305843009213693951
50000,1.5,0.9,43,2,random,0.12762780000048224,2.5525560000096447e-06,32562,0.65124,21,144841,80481,50000,0.6212646463140369,30481,0.6212646463140369,150000,434523,584523,11.69046,7829488,16,659665203979258006,1758630025113616856,2305843009213693951
50000,2.0,0.5,43,2,random,0.06318260000261944,1.2636520000523888e-06,14629,0.29258,13,65541,131072,50000,0.3814697265625,81072,0.3814697265625,150000,196623,346623,6.93246,11212760,16,659665203979258006,1758630025113616856,2305843009213693951
50000,2.0,0.75,43,2,random,0.10176610000780784,2.035322000156157e-06,20898,0.41796,13,98305,131072,50000,0.3814697265625,81072,0.3814697265625,150000,294915,444915,8.8983,11212760,16,659665203979258006,1758630025113616856,2305843009213693951
50000,2.0,0.9,43,2,random,0.08028020001074765,1.605604000214953e-06,23229,0.46458,12,58974,65536,50000,0.762939453125,15536,0.762939453125,150000,176922,326922,6.53844,6761176,16,659665203979258006,1758630025113616856,2305843009213693951
50000,3.0,0.5,43,2,random,0.03966700000455603,7.933400000911206e-07,13074,0.26148,8,26248,104976,50000,0.4762993446121018,54976,0.4762993446121018,150000,78744,228744,4.57488,9475896,16,659665203979258006,1758630025113616856,2305843009213693951
50000,3.0,0.75,43,2,random,0.07408439999562688,1.4816879999125377e-06,16711,0.33422,8,39368,104976,50000,0.4762993446121018,54976,0.4762993446121018,150000,118104,268104,5.36208,9475896,16,659665203979258006,1758630025113616856,2305843009213693951
50000,3.0,0.9,43,2,random,0.07967179999104701,1.5934359998209402e-06,19344,0.38688,8,47236,104976,50000,0.4762993446121018,54976,0.4762993446121018,150000,141708,291708,5.83416,9475896,16,659665203979258006,1758630025113616856,2305843009213693951
50000,1.5,0.5,44,3,random,0.12456730000849348,2.4913460001698697e-06,16294,0.32588,22,120718,120722,50000,0.4141747154619705,70722,0.4141747154619705,150000,362154,512154,10.24308,10513320,16,1199085610155232937,1617812241682181496,2305843009213693951
50000,1.5,0.75,44,3,random,0.10666150000179186,2.1332300000358373e-06,22494,0.44988,21,120703,80481,50000,0.6212646463140369,30481,0.6212646463140369,150000,362109,512109,10.24218,7826480,16,1199085610155232937,1617812241682181496,2305843009213693951
50000,1.5,0.9,44,3,random,0.11945699999341741,2.389139999868348e-06,25882,0.51764,21,144841,80481,50000,0.6212646463140369,30481,0.6212646463140369,150000,434523,584523,11.69046,7826480,16,1199085610155232937,1617812241682181496,2305843009213693951
50000,2.0,0.5,44,3,random,0.09573210000235122,1.9146420000470245e-06,14022,0.28044,13,65541,131072,50000,0.3814697265625,81072,0.3814697265625,150000,196623,346623,6.93246,11240056,16,1199085610155232937,1617812241682181496,2305843009213693951
50000,2.0,0.75,44,3,random,0.10742470000695903,2.1484940001391807e-06,20699,0.41398,13,98305,131072,50000,0.3814697265625,81072,0.3814697265625,150000,294915,444915,8.8983,11240056,16,1199085610155232937,1617812241682181496,2305843009213693951
50000,2.0,0.9,44,3,random,0.04524199999286793,9.048399998573586e-07,23146,0.46292,12,58974,65536,50000,0.762939453125,15536,0.762939453125,150000,176922,326922,6.53844,6774040,16,1199085610155232937,1617812241682181496,2305843009213693951
50000,3.0,0.5,44,3,random,0.07426480000140145,1.485296000028029e-06,12960,0.2592,8,26248,104976,50000,0.4762993446121018,54976,0.4762993446121018,150000,78744,228744,4.57488,9478232,16,1199085610155232937,1617812241682181496,2305843009213693951
50000,3.0,0.75,44,3,random,0.043124900010298006,8.624980002059601e-07,16658,0.33316,8,39368,104976,50000,0.4762993446121018,54976,0.4762993446121018,150000,118104,268104,5.36208,9478232,16,1199085610155232937,1617812241682181496,2305843009213693951
50000,3.0,0.9,44,3,random,0.07825069999671541,1.5650139999343082e-06,19286,0.38572,8,47236,104976,50000,0.4762993446121018,54976,0.4762993446121018,150000,141708,291708,5.83416,9478232,16,1199085610155232937,1617812241682181496,2305843009213693951
50000,1.5,0.5,45,4,random,0.13351080000575166,2.6702160001150333e-06,16291,0.32582,22,120718,120722,50000,0.4141747154619705,70722,0.4141747154619705,150000,362154,512154,10.24308,10501608,16,963130306873368709,594124941275654819,2305843009213693951
50000,1.5,0.75,45,4,random,0.1108414000045741,2.216828000091482e-06,22625,0.4525,21,120703,80481,50000,0.6212646463140369,30481,0.6212646463140369,150000,362109,512109,10.24218,7821168,16,963130306873368709,594124941275654819,2305843009213693951
50000,1.5,0.9,45,4,random,0.1395912000007229,2.791824000014458e-06,26155,0.5231,21,144841,80481,50000,0.6212646463140369,30481,0.6212646463140369,150000,434523,584523,11.69046,7821168,16,963130306873368709,594124941275654819,2305843009213693951
50000,2.0,0.5,45,4,random,0.10112530000333209,2.022506000066642e-06,14282,0.28564,13,65541,131072,50000,0.3814697265625,81072,0.3814697265625,150000,196623,346623,6.93246,11225144,16,963130306873368709,594124941275654819,2305843009213693951
50000,2.0,0.75,45,4,random,0.1099019999965094,2.198039999930188e-06,20660,0.4132,13,98305,131072,50000,0.3814697265625,81072,0.3814697265625,150000,294915,444915,8.8983,11225144,16,963130306873368709,594124941275654819,2305843009213693951
50000,2.0,0.9,45,4,random,0.04278329999942798,8.556659999885596e-07,23140,0.4628,12,58974,65536,50000,0.762939453125,15536,0.762939453125,150000,176922,326922,6.53844,6773656,16,963130306873368709,594124941275654819,2305843009213693951
50000,3.0,0.5,45,4,random,0.07091580000997055,1.418316000199411e-06,13126,0.26252,8,26248,104976,50000,0.4762993446121018,54976,0.4762993446121018,150000,78744,228744,4.57488,9473176,16,963130306873368709,594124941275654819,2305843009213693951
50000,3.0,0.75,45,4,random,0.044430400012061,8.8860800024122e-07,16839,0.33678,8,39368,104976,50000,0.4762993446121018,54976,0.4762993446121018,150000,118104,268104,5.36208,9473176,16,963130306873368709,594124941275654819,2305843009213693951
50000,3.0,0.9,45,4,random,0.07985769999504555,1.597153999900911e-06,19422,0.38844,8,47236,104976,50000,0.4762993446121018,54976,0.4762993446121018,150000,141708,291708,5.83416,9473176,16,963130306873368709,594124941275654819,2305843009213693951
50000,1.5,0.5,46,5,random,0.1234171999967657,2.468343999935314e-06,16055,0.3211,22,120718,120722,50000,0.4141747154619705,70722,0.4141747154619705,150000,362154,512154,10.24308,10509736,16,176127807941085543,92145436972157049,2305843009213693951
50000,1.5,0.75,46,5,random,0.10648360000050161,2.129672000010032e-06,22302,0.44604,21,120703,80481,50000,0.6212646463140369,30481,0.6212646463140369,150000,362109,512109,10.24218,7832016,16,176127807941085543,92145436972157049,2305843009213693951
50000,1.5,0.9,46,5,random,0.11533669999334961,2.306733999866992e-06,25798,0.51596,21,144841,80481,50000,0.6212646463140369,30481,0.6212646463140369,150000,434523,584523,11.69046,7832016,16,176127807941085543,92145436972157049,2305843009213693951
50000,2.0,0.5,46,5,random,0.09345220000250265,1.869044000050053e-06,14145,0.2829,13,65541,131072,50000,0.3814697265625,81072,0.3814697265625,150000,196623,346623,6.93246,11235992,16,176127807941085543,92145436972157049,2305843009213693951
50000,2.0,0.75,46,5,random,0.10295580000092741,2.0591160000185482e-06,20779,0.41558,13,98305,131072,50000,0.3814697265625,81072,0.3814697265625,150000,294915,444915,8.8983,11235992,16,176127807941085543,92145436972157049,2305843009213693951
50000,2.0,0.9,46,5,random,0.04567239999596495,9.13447999919299e-07,23201,0.46402,12,58974,65536,50000,0.762939453125,15536,0.762939453125,150000,176922,326922,6.53844,6771256,16,176127807941085543,92145436972157049,2305843009213693951
50000,3.0,0.5,46,5,random,0.07214910000038799,1.4429820000077598e-06,13113,0.26226,8,26248,104976,50000,0.4762993446121018,54976,0.4762993446121018,150000,78744,228744,4.57488,9474776,16,176127807941085543,92145436972157049,2305843009213693951
50000,3.0,0.75,46,5,random,0.04438039999513421,8.876079999026843e-07,16854,0.33708,8,39368,104976,50000,0.4762993446121018,54976,0.4762993446121018,150000,118104,268104,5.36208,9474776,16,176127807941085543,92145436972157049,2305843009213693951
50000,3.0,0.9,46,5,random,0.08327920000010636,1.665584000002127e-06,19444,0.38888,8,47236,104976,50000,0.4762993446121018,54976,0.4762993446121018,150000,141708,291708,5.83416,9474776,16,176127807941085543,92145436972157049,2305843009213693951
50000,1.5,0.5,47,6,random,0.12690059999295045,2.538011999859009e-06,16110,0.3222,22,120718,120722,50000,0.4141747154619705,70722,0.4141747154619705,150000,362154,512154,10.24308,10506792,16,144173240364996770,1276607102766329742,2305843009213693951
50000,1.5,0.75,47,6,random,0.11149480000312906,2.2298960000625813e-06,22313,0.44626,21,120703,80481,50000,0.6212646463140369,30481,0.6212646463140369,150000,362109,512109,10.24218,7830160,16,144173240364996770,1276607102766329742,2305843009213693951
50000,1.5,0.9,47,6,random,0.12231380000594072,2.4462760001188145e-06,25732,0.51464,21,144841,80481,50000,0.6212646463140369,30481,0.6212646463140369,150000,434523,584523,11.69046,7830160,16,144173240364996770,1276607102766329742,2305843009213693951
50000,2.0,0.5,47,6,random,0.09913550000055693,1.9827100000111384e-06,14492,0.28984,13,65541,131072,50000,0.3814697265625,81072,0.3814697265625,150000,196623,346623,6.93246,11220760,16,144173240364996770,1276607102766329742,2305843009213693951
50000,2.0,0.75,47,6,random,0.11093140000593849,2.21862800011877e-06,20839,0.41678,13,98305,131072,50000,0.3814697265625,81072,0.3814697265625,150000,294915,444915,8.8983,11220760,16,144173240364996770,1276607102766329742,2305843009213693951
50000,2.0,0.9,47,6,random,0.04719670000486076,9.439340000972152e-07,23196,0.46392,12,58974,65536,50000,0.762939453125,15536,0.762939453125,150000,176922,326922,6.53844,6773560,16,144173240364996770,1276607102766329742,2305843009213693951
50000,3.0,0.5,47,6,random,0.07342749999952503,1.4685499999905004e-06,13150,0.263,8,26248,104976,50000,0.4762993446121018,54976,0.4762993446121018,150000,78744,228744,4.57488,9473528,16,144173240364996770,1276607102766329742,2305843009213693951
50000,3.0,0.75,47,6,random,0.08224090001021978,1.6448180002043956e-06,16780,0.3356,8,39368,104976,50000,0.4762993446121018,54976,0.4762993446121018,150000,118104,268104,5.36208,9473528,16,144173240364996770,1276607102766329742,2305843009213693951
50000,3.0,0.9,47,6,random,0.04750200000125915,9.50040000025183e-07,19364,0.38728,8,47236,104976,50000,0.4762993446121018,54976,0.4762993446121018,150000,141708,291708,5.83416,9473528,16,144173240364996770,1276607102766329742,2305843009213693951
50000,1.5,0.5,48,7,random,0.12322480000148062,2.4644960000296125e-06,23472,0.46944,22,120718,120722,50000,0.4141747154619705,70722,0.4141747154619705,150000,362154,512154,10.24308,10510664,16,727386515324539458,1284136067485901726,2305843009213693951
50000,1.5,0.75,48,7,random,0.10386620000645053,2.0773240001290106e-06,30839,0.61678,21,120703,80481,50000,0.6212646463140369,30481,0.6212646463140369,150000,362109,512109,10.24218,7535600,16,727386515324539458,1284136067485901726,2305843009213693951
50000,1.5,0.9,48,7,random,0.1153137999936007,2.3062759998720138e-06,32942,0.65884,21,144841,80481,50000,0.6212646463140369,30481,0.6212646463140369,150000,434523,584523,11.69046,7535600,16,727386515324539458,1284136067485901726,2305843009213693951
50000,2.0,0.5,48,7,random,0.09664530000009108,1.932906000001822e-06,14197,0.28394,13,65541,131072,50000,0.3814697265625,81072,0.3814697265625,150000,196623,346623,6.93246,11235640,16,727386515324539458,1284136067485901726,2305843009213693951
50000,2.0,0.75,48,7,random,0.1102684999932535,2.20536999986507e-06,20884,0.41768,13,98305,131072,50000,0.3814697265625,81072,0.3814697265625,150000,294915,444915,8.8983,11235640,16,727386515324539458,1284136067485901726,2305843009213693951
50000,2.0,0.9,48,7,random,0.08706259999598842,1.7412519999197685e-06,23250,0.465,12,58974,65536,50000,0.762939453125,15536,0.762939453125,150000,176922,326922,6.53844,6769816,16,727386515324539458,1284136067485901726,2305843009213693951
50000,3.0,0.5,48,7,random,0.03943940000317525,7.88788000063505e-07,13091,0.26182,8,26248,104976,50000,0.4762993446121018,54976,0.4762993446121018,150000,78744,228744,4.57488,9476504,16,727386515324539458,1284136067485901726,2305843009213693951
50000,3.0,0.75,48,7,random,0.07739109999965876,1.5478219999931752e-06,16879,0.33758,8,39368,104976,50000,0.4762993446121018,54976,0.4762993446121018,150000,118104,268104,5.36208,9476504,16,727386515324539458,1284136067485901726,2305843009213693951
50000,3.0,0.9,48,7,random,0.04678430000785738,9.356860001571476e-07,19501,0.39002,8,47236,104976,50000,0.4762993446121018,54976,0.4762993446121018,150000,141708,291708,5.83416,9476504,16,727386515324539458,1284136067485901726,2305843009213693951
50000,1.5,0.5,49,8,random,0.16632099999696948,3.3264199999393894e-06,15935,0.3187,22,120718,120722,50000,0.4141747154619705,70722,0.4141747154619705,150000,362154,512154,10.24308,10510152,16,793970665397899006,2152094108188559335,2305843009213693951
50000,1.5,0.75,49,8,random,0.07541809999383986,1.5083619998767972e-06,22455,0.4491,21,120703,80481,50000,0.6212646463140369,30481,0.6212646463140369,150000,362109,512109,10.24218,7833136,16,793970665397899006,2152094108188559335,2305843009213693951
50000,1.5,0.9,49,8,random,0.13348950000363402,2.6697900000726805e-06,25824,0.51648,21,144841,80481,50000,0.6212646463140369,30481,0.6212646463140369,150000,434523,584523,11.69046,7833136,16,793970665397899006,2152094108188559335,2305843009213693951
50000,2.0,0.5,49,8,random,0.09634530000039376,1.926906000007875e-06,14017,0.28034,13,65541,131072,50000,0.3814697265625,81072,0.3814697265625,150000,196623,346623,6.93246,11242104,16,793970665397899006,2152094108188559335,2305843009213693951
50000,2.0,0.75,49,8,random,0.11293209998984821,2.2586419997969643e-06,20626,0.41252,13,98305,131072,50000,0.3814697265625,81072,0.3814697265625,150000,294915,444915,8.8983,11242104,16,793970665397899006,2152094108188559335,2305843009213693951
50000,2.0,0.9,49,8,random,0.07811539999966044,1.5623079999932088e-06,23111,0.46222,12,58974,65536,50000,0.762939453125,15536,0.762939453125,150000,176922,326922,6.53844,6772888,16,793970665397899006,2152094108188559335,2305843009213693951
50000,3.0,0.5,49,8,random,0.03834199999982957,7.668399999965914e-07,13014,0.26028,8,26248,104976,50000,0.4762993446121018,54976,0.4762993446121018,150000,78744,228744,4.57488,9480984,16,793970665397899006,2152094108188559335,2305843009213693951
50000,3.0,0.75,49,8,random,0.07534999999916181,1.506999999983236e-06,16669,0.33338,8,39368,104976,50000,0.4762993446121018,54976,0.4762993446121018,150000,118104,268104,5.36208,9480984,16,793970665397899006,2152094108188559335,2305843009213693951
50000,3.0,0.9,49,8,random,0.0440530000050785,8.8106000010157e-07,19235,0.3847,8,47236,104976,50000,0.4762993446121018,54976,0.4762993446121018,150000,141708,291708,5.83416,9480984,16,793970665397899006,2152094108188559335,2305843009213693951
50000,1.5,0.5,50,9,random,0.15878160001011565,3.175632000202313e-06,16084,0.32168,22,120718,120722,50000,0.4141747154619705,70722,0.4141747154619705,150000,362154,512154,10.24308,10510344,16,1973099216186019426,839551891445904909,2305843009213693951
50000,1.5,0.75,50,9,random,0.11381429999892134,2.2762859999784267e-06,22212,0.44424,21,120703,80481,50000,0.6212646463140369,30481,0.6212646463140369,150000,362109,512109,10.24218,7832176,16,1973099216186019426,839551891445904909,2305843009213693951
50000,1.5,0.9,50,9,random,0.08630670000275131,1.7261340000550262e-06,25726,0.51452,21,144841,80481,50000,0.6212646463140369,30481,0.6212646463140369,150000,434523,584523,11.69046,7832176,16,1973099216186019426,839551891445904909,2305843009213693951
50000,2.0,0.5,50,9,random,0.09079060000658501,1.8158120001317002e-06,14182,0.28364,13,65541,131072,50000,0.3814697265625,81072,0.3814697265625,150000,196623,346623,6.93246,11232440,16,1973099216186019426,839551891445904909,2305843009213693951
50000,2.0,0.75,50,9,random,0.09899290000612382,1.9798580001224763e-06,20845,0.4169,13,98305,131072,50000,0.3814697265625,81072,0.3814697265625,150000,294915,444915,8.8983,11232440,16,1973099216186019426,839551891445904909,2305843009213693951
50000,2.0,0.9,50,9,random,0.07443890000286046,1.4887780000572093e-06,23274,0.46548,12,58974,65536,50000,0.762939453125,15536,0.762939453125,150000,176922,326922,6.53844,6770424,16,1973099216186019426,839551891445904909,2305843009213693951
50000,3.0,0.5,50,9,random,0.038475900000776164,7.695180000155233e-07,13132,0.26264,8,26248,104976,50000,0.4762993446121018,54976,0.4762993446121018,150000,78744,228744,4.57488,9472664,16,1973099216186019426,839551891445904909,2305843009213693951
50000,3.0,0.75,50,9,random,0.0746035999909509,1.492071999819018e-06,16776,0.33552,8,39368,104976,50000,0.4762993446121018,54976,0.4762993446121018,150000,118104,268104,5.36208,9472664,16,1973099216186019426,839551891445904909,2305843009213693951
50000,3.0,0.9,50,9,random,0.08864560000074562,1.7729120000149123e-06,19384,0.38768,8,47236,104976,50000,0.4762993446121018,54976,0.4762993446121018,150000,141708,291708,5.83416,9472664,16,1973099216186019426,839551891445904909,2305843009213693951
50000,1.5,0.5,51,10,random,0.12600139999995008,2.5200279999990017e-06,16035,0.3207,22,120718,120722,50000,0.4141747154619705,70722,0.4141747154619705,150000,362154,512154,10.24308,10509576,16,1933427113282973200,1273492775044695229,2305843009213693951
50000,1.5,0.75,51,10,random,0.11508089999551885,2.301617999910377e-06,22262,0.44524,21,120703,80481,50000,0.6212646463140369,30481,0.6212646463140369,150000,362109,512109,10.24218,7832560,16,1933427113282973200,1273492775044695229,2305843009213693951
50000,1.5,0.9,51,10,random,0.1288149999891175,2.57629999978235e-06,25898,0.51796,21,144841,80481,50000,0.6212646463140369,30481,0.6212646463140369,150000,434523,584523,11.69046,7832560,16,1933427113282973200,1273492775044695229,2305843009213693951
50000,2.0,0.5,51,10,random,0.10197580000385642,2.0395160000771284e-06,15536,0.31072,13,65541,131072,50000,0.3814697265625,81072,0.3814697265625,150000,196623,346623,6.93246,11169816,16,1933427113282973200,1273492775044695229,2305843009213693951
50000,2.0,0.75,51,10,random,0.10995250000269152,2.1990500000538304e-06,21310,0.4262,13,98305,131072,50000,0.3814697265625,81072,0.3814697265625,150000,294915,444915,8.8983,11169816,16,1933427113282973200,1273492775044695229,2305843009213693951
50000,2.0,0.9,51,10,random,0.04688759999407921,9.377519998815842e-07,23585,0.4717,12,58974,65536,50000,0.762939453125,15536,0.762939453125,150000,176922,326922,6.53844,6745528,16,1933427113282973200,1273492775044695229,2305843009213693951
50000,3.0,0.5,51,10,random,0.07864839999820106,1.5729679999640212e-06,13117,0.26234,8,26248,104976,50000,0.4762993446121018,54976,0.4762993446121018,150000,78744,228744,4.57488,9473944,16,1933427113282973200,1273492775044695229,2305843009213693951
50000,3.0,0.75,51,10,random,0.0422069000051124,8.441380001022481e-07,16755,0.3351,8,39368,104976,50000,0.4762993446121018,54976,0.4762993446121018,150000,118104,268104,5.36208,9473944,16,1933427113282973200,1273492775044695229,2305843009213693951
50000,3.0,0.9,51,10,random,0.08255169999029022,1.6510339998058044e-06,19393,0.38786,8,47236,104976,50000,0.4762993446121018,54976,0.4762993446121018,150000,141708,291708,5.83416,9473944,16,1933427113282973200,1273492775044695229,2305843009213693951
50000,1.5,0.5,52,11,random,0.1329466000024695,2.6589320000493898e-06,16274,0.32548,22,120718,120722,50000,0.4141747154619705,70722,0.4141747154619705,150000,362154,512154,10.24308,10504680,16,618696799174358726,2029214271970554437,2305843009213693951
50000,1.5,0.75,52,11,random,0.11964550000266172,2.3929100000532346e-06,22451,0.44902,21,120703,80481,50000,0.6212646463140369,30481,0.6212646463140369,150000,362109,512109,10.24218,7817040,16,618696799174358726,2029214271970554437,2305843009213693951
50000,1.5,0.9,52,11,random,0.12165220000315458,2.4330440000630914e-06,25957,0.51914,21,144841,80481,50000,0.6212646463140369,30481,0.6212646463140369,150000,434523,584523,11.69046,7817040,16,618696799174358726,2029214271970554437,2305843009213693951
50000,2.0,0.5,52,11,random,0.09928989999752957,1.9857979999505914e-06,14092,0.28184,13,65541,131072,50000,0.3814697265625,81072,0.3814697265625,150000,196623,346623,6.93246,11238936,16,618696799174358726,2029214271970554437,2305843009213693951
50000,2.0,0.75,52,11,random,0.11210060000303201,2.24201200006064e-06,20784,0.41568,13,98305,131072,50000,0.3814697265625,81072,0.3814697265625,150000,294915,444915,8.8983,11238936,16,618696799174358726,2029214271970554437,2305843009213693951
50000,2.0,0.9,52,11,random,0.04636029999528546,9.272059999057092e-07,23234,0.46468,12,58974,65536,50000,0.762939453125,15536,0.762939453125,150000,176922,326922,6.53844,6770712,16,618696799174358726,2029214271970554437,2305843009213693951
50000,3.0,0.5,52,11,random,0.07727530000556726,1.5455060001113453e-06,12913,0.25826,8,26248,104976,50000,0.4762993446121018,54976,0.4762993446121018,150000,78744,228744,4.57488,9479160,16,618696799174358726,2029214271970554437,2305843009213693951
50000,3.0,0.75,52,11,random,0.04416769999079406,8.833539998158813e-07,16618,0.33236,8,39368,104976,50000,0.4762993446121018,54976,0.4762993446121018,150000,118104,268104,5.36208,9479160,16,618696799174358726,2029214271970554437,2305843009213693951
50000,3.0,0.9,52,11,random,0.08134079999581445,1.626815999916289e-06,19220,0.3844,8,47236,104976,50000,0.4762993446121018,54976,0.4762993446121018,150000,141708,291708,5.83416,9479160,16,618696799174358726,2029214271970554437,2305843009213693951
50000,1.5,0.5,53,12,random,0.13209179999830667,2.6418359999661335e-06,16103,0.32206,22,120718,120722,50000,0.4141747154619705,70722,0.4141747154619705,150000,362154,512154,10.24308,10511304,16,1967359095987829717,498185230560009946,2305843009213693951
50000,1.5,0.75,53,12,random,0.11070520000066608,2.2141040000133215e-06,22450,0.449,21,120703,80481,50000,0.6212646463140369,30481,0.6212646463140369,150000,362109,512109,10.24218,7833168,16,1967359095987829717,498185230560009946,2305843009213693951
50000,1.5,0.9,53,12,random,0.139761800004635,2.7952360000927002e-06,25949,0.51898,21,144841,80481,50000,0.6212646463140369,30481,0.6212646463140369,150000,434523,584523,11.69046,7833168,16,1967359095987829717,498185230560009946,2305843009213693951
50000,2.0,0.5,53,12,random,0.10501300000760239,2.1002600001520477e-06,14507,0.29014,13,65541,131072,50000,0.3814697265625,81072,0.3814697265625,150000,196623,346623,6.93246,11229912,16,1967359095987829717,498185230560009946,2305843009213693951
50000,2.0,0.75,53,12,random,0.11276709999947343,2.2553419999894685e-06,21067,0.42134,13,98305,131072,50000,0.3814697265625,81072,0.3814697265625,150000,294915,444915,8.8983,11229912,16,1967359095987829717,498185230560009946,2305843009213693951
50000,2.0,0.9,53,12,random,0.048044600000139326,9.608920000027865e-07,23547,0.47094,12,58974,65536,50000,0.762939453125,15536,0.762939453125,150000,176922,326922,6.53844,6757912,16,1967359095987829717,498185230560009946,2305843009213693951
50000,3.0,0.5,53,12,random,0.07238289999077097,1.4476579998154193e-06,13092,0.26184,8,26248,104976,50000,0.4762993446121018,54976,0.4762993446121018,150000,78744,228744,4.57488,9473144,16,1967359095987829717,498185230560009946,2305843009213693951
50000,3.0,0.75,53,12,random,0.04609969999000896,9.219939998001792e-07,16763,0.33526,8,39368,104976,50000,0.4762993446121018,54976,0.4762993446121018,150000,118104,268104,5.36208,9473144,16,1967359095987829717,498185230560009946,2305843009213693951
50000,3.0,0.9,53,12,random,0.08326279999164399,1.6652559998328798e-06,19420,0.3884,8,47236,104976,50000,0.4762993446121018,54976,0.4762993446121018,150000,141708,291708,5.83416,9473144,16,1967359095987829717,498185230560009946,2305843009213693951
50000,1.5,0.5,54,13,random,0.12832400000479538,2.5664800000959076e-06,16329,0.32658,22,120718,120722,50000,0.4141747154619705,70722,0.4141747154619705,150000,362154,512154,10.24308,10507496,16,2258536001366688123,1012121370449003109,2305843009213693951
50000,1.5,0.75,54,13,random,0.11125630000606179,2.225126000121236e-06,22498,0.44996,21,120703,80481,50000,0.6212646463140369,30481,0.6212646463140369,150000,362109,512109,10.24218,7832144,16,2258536001366688123,1012121370449003109,2305843009213693951
50000,1.5,0.9,54,13,random,0.12147739999636542,2.4295479999273083e-06,25997,0.51994,21,144841,80481,50000,0.6212646463140369,30481,0.6212646463140369,150000,434523,584523,11.69046,7832144,16,2258536001366688123,1012121370449003109,2305843009213693951
50000,2.0,0.5,54,13,random,0.0963286999904085,1.92657399980817e-06,14133,0.28266,13,65541,131072,50000,0.3814697265625,81072,0.3814697265625,150000,196623,346623,6.93246,11237528,16,2258536001366688123,1012121370449003109,2305843009213693951
50000,2.0,0.75,54,13,random,0.10769809999328572,2.1539619998657146e-06,20834,0.41668,13,98305,131072,50000,0.3814697265625,81072,0.3814697265625,150000,294915,444915,8.8983,11237528,16,2258536001366688123,1012121370449003109,2305843009213693951
50000,2.0,0.9,54,13,random,0.045959499999298714,9.191899999859743e-07,23218,0.46436,12,58974,65536,50000,0.762939453125,15536,0.762939453125,150000,176922,326922,6.53844,6767736,16,2258536001366688123,1012121370449003109,2305843009213693951
50000,3.0,0.5,54,13,random,0.07475270000577439,1.4950540001154877e-06,12911,0.25822,8,26248,104976,50000,0.4762993446121018,54976,0.4762993446121018,150000,78744,228744,4.57488,9481912,16,2258536001366688123,1012121370449003109,2305843009213693951
50000,3.0,0.75,54,13,random,0.0827319000090938,1.6546380001818762e-06,16572,0.33144,8,39368,104976,50000,0.4762993446121018,54976,0.4762993446121018,150000,118104,268104,5.36208,9481912,16,2258536001366688123,1012121370449003109,2305843009213693951
50000,3.0,0.9,54,13,random,0.04643369998666458,9.286739997332916e-07,19163,0.38326,8,47236,104976,50000,0.4762993446121018,54976,0.4762993446121018,150000,141708,291708,5.83416,9481912,16,2258536001366688123,1012121370449003109,2305843009213693951
50000,1.5,0.5,55,14,random,0.12759349998668768,2.5518699997337535e-06,16807,0.33614,22,120718,120722,50000,0.4141747154619705,70722,0.4141747154619705,150000,362154,512154,10.24308,10508616,16,2277903568736387890,452514279465990313,2305843009213693951
50000,1.5,0.75,55,14,random,0.10930549999466166,2.186109999893233e-06,23032,0.46064,21,120703,80481,50000,0.6212646463140369,30481,0.6212646463140369,150000,362109,512109,10.24218,7802032,16,2277903568736387890,452514279465990313,2305843009213693951
50000,1.5,0.9,55,14,random,0.11956690000079107,2.3913380000158214e-06,26309,0.52618,21,144841,80481,50000,0.6212646463140369,30481,0.6212646463140369,150000,434523,584523,11.69046,7802032,16,2277903568736387890,452514279465990313,2305843009213693951
50000,2.0,0.5,55,14,random,0.10145719999854919,2.0291439999709837e-06,14327,0.28654,13,65541,131072,50000,0.3814697265625,81072,0.3814697265625,150000,196623,346623,6.93246,11232088,16,2277903568736387890,452514279465990313,2305843009213693951
50000,2.0,0.75,55,14,random,0.11731099999451544,2.346219999890309e-06,20835,0.4167,13,98305,131072,50000,0.3814697265625,81072,0.3814697265625,150000,294915,444915,8.8983,11232088,16,2277903568736387890,452514279465990313,2305843009213693951
50000,2.0,0.9,55,14,random,0.09065269998973235,1.813053999794647e-06,23221,0.46442,12,58974,65536,50000,0.762939453125,15536,0.762939453125,150000,176922,326922,6.53844,6768280,16,2277903568736387890,452514279465990313,2305843009213693951
50000,3.0,0.5,55,14,random,0.042056999998749234,8.411399999749847e-07,12992,0.25984,8,26248,104976,50000,0.4762993446121018,54976,0.4762993446121018,150000,78744,228744,4.57488,9476504,16,2277903568736387890,452514279465990313,2305843009213693951
50000,3.0,0.75,55,14,random,0.08414730000367854,1.6829460000735708e-06,16659,0.33318,8,39368,104976,50000,0.4762993446121018,54976,0.4762993446121018,150000,118104,268104,5.36208,9476504,16,2277903568736387890,452514279465990313,2305843009213693951
50000,3.0,0.9,55,14,random,0.0498271999967983,9.96543999935966e-07,19247,0.38494,8,47236,104976,50000,0.4762993446121018,54976,0.4762993446121018,150000,141708,291708,5.83416,9476504,16,2277903568736387890,452514279465990313,2305843009213693951
50000,1.5,0.5,56,15,random,0.17203600000357255,3.440720000071451e-06,16130,0.3226,22,120718,120722,50000,0.4141747154619705,70722,0.4141747154619705,150000,362154,512154,10.24308,10511528,16,1956076132499880650,26508845497723367,2305843009213693951
50000,1.5,0.75,56,15,random,0.07587590000184719,1.5175180000369437e-06,22522,0.45044,21,120703,80481,50000,0.6212646463140369,30481,0.6212646463140369,150000,362109,512109,10.24218,7830672,16,1956076132499880650,26508845497723367,2305843009213693951
50000,1.5,0.9,56,15,random,0.11858290000236593,2.3716580000473184e-06,25892,0.51784,21,144841,80481,50000,0.6212646463140369,30481,0.6212646463140369,150000,434523,584523,11.69046,7830672,16,1956076132499880650,26508845497723367,2305843009213693951
50000,2.0,0.5,56,15,random,0.09536570000636857,1.9073140001273714e-06,14242,0.28484,13,65541,131072,50000,0.3814697265625,81072,0.3814697265625,150000,196623,346623,6.93246,11234584,16,1956076132499880650,26508845497723367,2305843009213693951
50000,2.0,0.75,56,15,random,0.11160470001050271,2.232094000210054e-06,20839,0.41678,13,98305,131072,50000,0.3814697265625,81072,0.3814697265625,150000,294915,444915,8.8983,11234584,16,1956076132499880650,26508845497723367,2305843009213693951
50000,2.0,0.9,56,15,random,0.0798952999903122,1.597905999806244e-06,23318,0.46636,12,58974,65536,50000,0.762939453125,15536,0.762939453125,150000,176922,326922,6.53844,6768952,16,1956076132499880650,26508845497723367,2305843009213693951
50000,3.0,0.5,56,15,random,0.03859500000544358,7.719000001088717e-07,13048,0.26096,8,26248,104976,50000,0.4762993446121018,54976,0.4762993446121018,150000,78744,228744,4.57488,9475960,16,1956076132499880650,26508845497723367,2305843009213693951
50000,3.0,0.75,56,15,random,0.07694030000129715,1.5388060000259429e-06,16687,0.33374,8,39368,104976,50000,0.4762993446121018,54976,0.4762993446121018,150000,118104,268104,5.36208,9475960,16,1956076132499880650,26508845497723367,2305843009213693951
50000,3.0,0.9,56,15,random,0.04754430000321008,9.508860000642016e-07,19282,0.38564,8,47236,104976,50000,0.4762993446121018,54976,0.4762993446121018,150000,141708,291708,5.83416,9475960,16,1956076132499880650,26508845497723367,2305843009213693951
50000,1.5,0.5,57,16,random,0.16847600000619423,3.3695200001238847e-06,17729,0.35458,22,120718,120722,50000,0.4141747154619705,70722,0.4141747154619705,150000,362154,512154,10.24308,10358920,16,847978861133403702,1395714462194184430,2305843009213693951
50000,1.5,0.75,57,16,random,0.1185678000038024,2.3713560000760482e-06,22342,0.44684,21,120703,80481,50000,0.6212646463140369,30481,0.6212646463140369,150000,362109,512109,10.24218,7834192,16,847978861133403702,1395714462194184430,2305843009213693951
50000,1.5,0.9,57,16,random,0.11426140001276508,2.2852280002553017e-06,25886,0.51772,21,144841,80481,50000,0.6212646463140369,30481,0.6212646463140369,150000,434523,584523,11.69046,7834192,16,847978861133403702,1395714462194184430,2305843009213693951
50000,2.0,0.5,57,16,random,0.10016929999983404,2.0033859999966807e-06,14185,0.2837,13,65541,131072,50000,0.3814697265625,81072,0.3814697265625,150000,196623,346623,6.93246,11239320,16,847978861133403702,1395714462194184430,2305843009213693951
50000,2.0,0.75,57,16,random,0.11169459999655373,2.2338919999310745e-06,20789,0.41578,13,98305,131072,50000,0.3814697265625,81072,0.3814697265625,150000,294915,444915,8.8983,11239320,16,847978861133403702,1395714462194184430,2305843009213693951
50000,2.0,0.9,57,16,random,0.08168920000025537,1.6337840000051073e-06,23185,0.4637,12,58974,65536,50000,0.762939453125,15536,0.762939453125,150000,176922,326922,6.53844,6771480,16,847978861133403702,1395714462194184430,2305843009213693951
50000,3.0,0.5,57,16,random,0.0413362999970559,8.26725999941118e-07,13131,0.26262,8,26248,104976,50000,0.4762993446121018,54976,0.4762993446121018,150000,78744,228744,4.57488,9474072,16,847978861133403702,1395714462194184430,2305843009213693951
50000,3.0,0.75,57,16,random,0.08242749999044463,1.6485499998088925e-06,16794,0.33588,8,39368,104976,50000,0.4762993446121018,54976,0.4762993446121018,150000,118104,268104,5.36208,9474072,16,847978861133403702,1395714462194184430,2305843009213693951
50000,3.0,0.9,57,16,random,0.0886430999962613,1.772861999925226e-06,19307,0.38614,8,47236,104976,50000,0.4762993446121018,54976,0.4762993446121018,150000,141708,291708,5.83416,9474072,16,847978861133403702,1395714462194184430,2305843009213693951
50000,1.5,0.5,58,17,random,0.144159600007697,2.88319200015394e-06,16175,0.3235,22,120718,120722,50000,0.4141747154619705,70722,0.4141747154619705,150000,362154,512154,10.24308,10492904,16,454612962106966139,1702438209959121919,2305843009213693951
50000,1.5,0.75,58,17,random,0.123451199993724,2.46902399987448e-06,22401,0.44802,21,120703,80481,50000,0.6212646463140369,30481,0.6212646463140369,150000,362109,512109,10.24218,7834384,16,454612962106966139,1702438209959121919,2305843009213693951
50000,1.5,0.9,58,17,random,0.12235479999799281,2.4470959999598563e-06,25802,0.51604,21,144841,80481,50000,0.6212646463140369,30481,0.6212646463140369,150000,434523,584523,11.69046,7834384,16,454612962106966139,1702438209959121919,2305843009213693951
50000,2.0,0.5,58,17,random,0.09939450000820216,1.987890000164043e-06,14113,0.28226,13,65541,131072,50000,0.3814697265625,81072,0.3814697265625,150000,196623,346623,6.93246,11238552,16,454612962106966139,1702438209959121919,2305843009213693951
50000,2.0,0.75,58,17,random,0.07324899999366608,1.4649799998733216e-06,20756,0.41512,13,98305,131072,50000,0.3814697265625,81072,0.3814697265625,150000,294915,444915,8.8983,11238552,16,454612962106966139,1702438209959121919,2305843009213693951
50000,2.0,0.9,58,17,random,0.07677159999730065,1.535431999946013e-06,23173,0.46346,12,58974,65536,50000,0.762939453125,15536,0.762939453125,150000,176922,326922,6.53844,6773880,16,454612962106966139,1702438209959121919,2305843009213693951
50000,3.0,0.5,58,17,random,0.0773646000016015,1.5472920000320301e-06,12985,0.2597,8,26248,104976,50000,0.4762993446121018,54976,0.4762993446121018,150000,78744,228744,4.57488,9477784,16,454612962106966139,1702438209959121919,2305843009213693951
50000,3.0,0.75,58,17,random,0.04284860000188928,8.569720000377856e-07,16715,0.3343,8,39368,104976,50000,0.4762993446121018,54976,0.4762993446121018,150000,118104,268104,5.36208,9477784,16,454612962106966139,1702438209959121919,2305843009213693951
50000,3.0,0.9,58,17,random,0.08392960000492167,1.6785920000984334e-06,19310,0.3862,8,47236,104976,50000,0.4762993446121018,54976,0.4762993446121018,150000,141708,291708,5.83416,9477784,16,454612962106966139,1702438209959121919,2305843009213693951
50000,1.5,0.5,59,18,random,0.13453979999758303,2.6907959999516607e-06,16098,0.32196,22,120718,120722,50000,0.4141747154619705,70722,0.4141747154619705,150000,362154,512154,10.24308,10509448,16,195095767942445094,1500048066919629750,2305843009213693951
50000,1.5,0.75,59,18,random,0.11722020000161137,2.3444040000322275e-06,22218,0.44436,21,120703,80481,50000,0.6212646463140369,30481,0.6212646463140369,150000,362109,512109,10.24218,7833744,16,195095767942445094,1500048066919629750,2305843009213693951
50000,1.5,0.9,59,18,random,0.12450380000518635,2.490076000103727e-06,25649,0.51298,21,144841,80481,50000,0.6212646463140369,30481,0.6212646463140369,150000,434523,584523,11.69046,7833744,16,195095767942445094,1500048066919629750,2305843009213693951
50000,2.0,0.5,59,18,random,0.10131460000411607,2.0262920000823216e-06,14050,0.281,13,65541,131072,50000,0.3814697265625,81072,0.3814697265625,150000,196623,346623,6.93246,11238776,16,195095767942445094,1500048066919629750,2305843009213693951
50000,2.0,0.75,59,18,random,0.11360660000354983,2.2721320000709965e-06,20733,0.41466,13,98305,131072,50000,0.3814697265625,81072,0.3814697265625,150000,294915,444915,8.8983,11238776,16,195095767942445094,1500048066919629750,2305843009213693951
50000,2.0,0.9,59,18,random,0.046875600004568696,9.375120000913739e-07,23171,0.46342,12,58974,65536,50000,0.762939453125,15536,0.762939453125,150000,176922,326922,6.53844,6772824,16,195095767942445094,1500048066919629750,2305843009213693951
50000,3.0,0.5,59,18,random,0.08042689999274444,1.6085379998548888e-06,13128,0.26256,8,26248,104976,50000,0.4762993446121018,54976,0.4762993446121018,150000,78744,228744,4.57488,9473048,16,195095767942445094,1500048066919629750,2305843009213693951
50000,3.0,0.75,59,18,random,0.04717489999893587,9.434979999787174e-07,16753,0.33506,8,39368,104976,50000,0.4762993446121018,54976,0.4762993446121018,150000,118104,268104,5.36208,9473048,16,195095767942445094,1500048066919629750,2305843009213693951
50000,3.0,0.9,59,18,random,0.08462409999629017,1.6924819999258033e-06,19300,0.386,8,47236,104976,50000,0.4762993446121018,54976,0.4762993446121018,150000,141708,291708,5.83416,9473048,16,195095767942445094,1500048066919629750,2305843009213693951
50000,1.5,0.5,60,19,random,0.1277698999911081,2.555397999822162e-06,16129,0.32258,22,120718,120722,50000,0.4141747154619705,70722,0.4141747154619705,150000,362154,512154,10.24308,10513352,16,653524007492807808,355415340864572460,2305843009213693951
50000,1.5,0.75,60,19,random,0.11343820000183769,2.2687640000367537e-06,22439,0.44878,21,120703,80481,50000,0.6212646463140369,30481,0.6212646463140369,150000,362109,512109,10.24218,7833136,16,653524007492807808,355415340864572460,2305843009213693951
50000,1.5,0.9,60,19,random,0.12885860000096727,2.5771720000193455e-06,25924,0.51848,21,144841,80481,50000,0.6212646463140369,30481,0.6212646463140369,150000,434523,584523,11.69046,7833136,16,653524007492807808,355415340864572460,2305843009213693951
50000,2.0,0.5,60,19,random,0.10679299999901559,2.135859999980312e-06,17211,0.34422,13,65541,131072,50000,0.3814697265625,81072,0.3814697265625,150000,196623,346623,6.93246,11053336,16,653524007492807808,355415340864572460,2305843009213693951
50000,2.0,0.75,60,19,random,0.115931600012118,2.31863200024236e-06,20928,0.41856,13,98305,131072,50000,0.3814697265625,81072,0.3814697265625,150000,294915,444915,8.8983,11053336,16,653524007492807808,355415340864572460,2305843009213693951
50000,2.0,0.9,60,19,random,0.04644579999148846,9.289159998297692e-07,23134,0.46268,12,58974,65536,50000,0.762939453125,15536,0.762939453125,150000,176922,326922,6.53844,6765944,16,653524007492807808,355415340864572460,2305843009213693951
50000,3.0,0.5,60,19,random,0.07881050001014955,1.5762100002029911e-06,12929,0.25858,8,26248,104976,50000,0.4762993446121018,54976,0.4762993446121018,150000,78744,228744,4.57488,9479032,16,653524007492807808,355415340864572460,2305843009213693951
50000,3.0,0.75,60,19,random,0.047909100001561455,9.581820000312292e-07,16639,0.33278,8,39368,104976,50000,0.4762993446121018,54976,0.4762993446121018,150000,118104,268104,5.36208,9479032,16,653524007492807808,355415340864572460,2305843009213693951
50000,3.0,0.9,60,19,random,0.08293639999465086,1.658727999893017e-06,19217,0.38434,8,47236,104976,50000,0.4762993446121018,54976,0.4762993446121018,150000,141708,291708,5.83416,9479032,16,653524007492807808,355415340864572460,2305843009213693951
50000,1.5,0.5,61,20,random,0.14650910001364537,2.9301820002729075e-06,16678,0.33356,22,120718,120722,50000,0.4141747154619705,70722,0.4141747154619705,150000,362154,512154,10.24308,10506536,16,418983635330710152,499844581152741729,2305843009213693951
50000,1.5,0.75,61,20,random,0.1246642000041902,2.493284000083804e-06,23219,0.46438,21,120703,80481,50000,0.6212646463140369,30481,0.6212646463140369,150000,362109,512109,10.24218,7829200,16,418983635330710152,499844581152741729,2305843009213693951
50000,1.5,0.9,61,20,random,0.12112060000072233,2.4224120000144468e-06,26786,0.53572,21,144841,80481,50000,0.6212646463140369,30481,0.6212646463140369,150000,434523,584523,11.69046,7829200,16,418983635330710152,499844581152741729,2305843009213693951
50000,2.0,0.5,61,20,random,0.09711269999388605,1.942253999877721e-06,14304,0.28608,13,65541,131072,50000,0.3814697265625,81072,0.3814697265625,150000,196623,346623,6.93246,11230104,16,418983635330710152,499844581152741729,2305843009213693951
50000,2.0,0.75,61,20,random,0.11466510000173002,2.2933020000346006e-06,20805,0.4161,13,98305,131072,50000,0.3814697265625,81072,0.3814697265625,150000,294915,444915,8.8983,11230104,16,418983635330710152,499844581152741729,2305843009213693951
50000,2.0,0.9,61,20,random,0.051262799999676645,1.025255999993533e-06,23282,0.46564,12,58974,65536,50000,0.762939453125,15536,0.762939453125,150000,176922,326922,6.53844,6768280,16,418983635330710152,499844581152741729,2305843009213693951
50000,3.0,0.5,61,20,random,0.07186470000306144,1.4372940000612289e-06,13151,0.26302,8,26248,104976,50000,0.4762993446121018,54976,0.4762993446121018,150000,78744,228744,4.57488,9472248,16,418983635330710152,499844581152741729,2305843009213693951
50000,3.0,0.75,61,20,random,0.04277300000831019,8.554600001662038e-07,16764,0.33528,8,39368,104976,50000,0.4762993446121018,54976,0.4762993446121018,150000,118104,268104,5.36208,9472248,16,418983635330710152,499844581152741729,2305843009213693951
50000,3.0,0.9,61,20,random,0.07548670000687707,1.5097340001375414e-06,19389,0.38778,8,47236,104976,50000,0.4762993446121018,54976,0.4762993446121018,150000,141708,291708,5.83416,9472248,16,418983635330710152,499844581152741729,2305843009213693951
50000,1.5,0.5,62,21,random,0.12880130000121426,2.576026000024285e-06,18775,0.3755,22,120718,120722,50000,0.4141747154619705,70722,0.4141747154619705,150000,362154,512154,10.24308,10490056,16,1326467972949138173,150235521510768009,2305843009213693951
50000,1.5,0.75,62,21,random,0.10645469999872148,2.1290939999744297e-06,26169,0.52338,21,120703,80481,50000,0.6212646463140369,30481,0.6212646463140369,150000,362109,512109,10.24218,7825168,16,1326467972949138173,150235521510768009,2305843009213693951
50000,1.5,0.9,62,21,random,0.11963539999851491,2.392707999970298e-06,30014,0.60028,21,144841,80481,50000,0.6212646463140369,30481,0.6212646463140369,150000,434523,584523,11.69046,7825168,16,1326467972949138173,150235521510768009,2305843009213693951
50000,2.0,0.5,62,21,random,0.1019423999969149,2.0388479999382982e-06,14269,0.28538,13,65541,131072,50000,0.3814697265625,81072,0.3814697265625,150000,196623,346623,6.93246,11236472,16,1326467972949138173,150235521510768009,2305843009213693951
50000,2.0,0.75,62,21,random,0.11658349999925122,2.3316699999850245e-06,20907,0.41814,13,98305,131072,50000,0.3814697265625,81072,0.3814697265625,150000,294915,444915,8.8983,11236472,16,1326467972949138173,150235521510768009,2305843009213693951
50000,2.0,0.9,62,21,random,0.04675529999076389,9.351059998152778e-07,23284,0.46568,12,58974,65536,50000,0.762939453125,15536,0.762939453125,150000,176922,326922,6.53844,6768984,16,1326467972949138173,150235521510768009,2305843009213693951
50000,3.0,0.5,62,21,random,0.07350810000207275,1.470162000041455e-06,12916,0.25832,8,26248,104976,50000,0.4762993446121018,54976,0.4762993446121018,150000,78744,228744,4.57488,9479320,16,1326467972949138173,150235521510768009,2305843009213693951
50000,3.0,0.75,62,21,random,0.08517809999466408,1.7035619998932816e-06,16645,0.3329,8,39368,104976,50000,0.4762993446121018,54976,0.4762993446121018,150000,118104,268104,5.36208,9479320,16,1326467972949138173,150235521510768009,2305843009213693951
50000,3.0,0.9,62,21,random,0.04635190000408329,9.270380000816658e-07,19241,0.38482,8,47236,104976,50000,0.4762993446121018,54976,0.4762993446121018,150000,141708,291708,5.83416,9479320,16,1326467972949138173,150235521510768009,2305843009213693951
50000,1.5,0.5,63,22,random,0.171148199995514,3.42296399991028e-06,15937,0.31874,22,120718,120722,50000,0.4141747154619705,70722,0.4141747154619705,150000,362154,512154,10.24308,10508232,16,1024322815512585445,2145571529822921201,2305843009213693951
50000,1.5,0.75,63,22,random,0.07687860001169611,1.537572000233922e-06,22414,0.44828,21,120703,80481,50000,0.6212646463140369,30481,0.6212646463140369,150000,362109,512109,10.24218,7833488,16,1024322815512585445,2145571529822921201,2305843009213693951
50000,1.5,0.9,63,22,random,0.12285709999559913,2.4571419999119827e-06,25831,0.51662,21,144841,80481,50000,0.6212646463140369,30481,0.6212646463140369,150000,434523,584523,11.69046,7833488,16,1024322815512585445,2145571529822921201,2305843009213693951
50000,2.0,0.5,63,22,random,0.10054800000216346,2.010960000043269e-06,19880,0.3976,13,65541,131072,50000,0.3814697265625,81072,0.3814697265625,150000,196623,346623,6.93246,11061176,16,1024322815512585445,2145571529822921201,2305843009213693951
50000,2.0,0.75,63,22,random,0.10609859999385662,2.1219719998771326e-06,25741,0.51482,13,98305,131072,50000,0.3814697265625,81072,0.3814697265625,150000,294915,444915,8.8983,11061176,16,1024322815512585445,2145571529822921201,2305843009213693951
50000,2.0,0.9,63,22,random,0.08050029999867547,1.6100059999735095e-06,27327,0.54654,12,58974,65536,50000,0.762939453125,15536,0.762939453125,150000,176922,326922,6.53844,6542360,16,1024322815512585445,2145571529822921201,2305843009213693951
50000,3.0,0.5,63,22,random,0.03953229999751784,7.906459999503568e-07,12928,0.25856,8,26248,104976,50000,0.4762993446121018,54976,0.4762993446121018,150000,78744,228744,4.57488,9479448,16,1024322815512585445,2145571529822921201,2305843009213693951
50000,3.0,0.75,63,22,random,0.08242210000753403,1.6484420001506804e-06,16539,0.33078,8,39368,104976,50000,0.4762993446121018,54976,0.4762993446121018,150000,118104,268104,5.36208,9479448,16,1024322815512585445,2145571529822921201,2305843009213693951
50000,3.0,0.9,63,22,random,0.049251600008574314,9.850320001714862e-07,19221,0.38442,8,47236,104976,50000,0.4762993446121018,54976,0.4762993446121018,150000,141708,291708,5.83416,9479448,16,1024322815512585445,2145571529822921201,2305843009213693951
50000,1.5,0.5,64,23,random,0.17032509999989998,3.4065019999979997e-06,16391,0.32782,22,120718,120722,50000,0.4141747154619705,70722,0.4141747154619705,150000,362154,512154,10.24308,10507656,16,287886780813115929,1413457234261051687,2305843009213693951
50000,1.5,0.75,64,23,random,0.11769230000209063,2.3538460000418127e-06,22375,0.4475,21,120703,80481,50000,0.6212646463140369,30481,0.6212646463140369,150000,362109,512109,10.24218,7826992,16,287886780813115929,1413457234261051687,2305843009213693951
50000,1.5,0.9,64,23,random,0.08538260000932496,1.7076520001864992e-06,25909,0.51818,21,144841,80481,50000,0.6212646463140369,30481,0.6212646463140369,150000,434523,584523,11.69046,7826992,16,287886780813115929,1413457234261051687,2305843009213693951
50000,2.0,0.5,64,23,random,0.0956307000014931,1.912614000029862e-06,14096,0.28192,13,65541,131072,50000,0.3814697265625,81072,0.3814697265625,150000,196623,346623,6.93246,11235896,16,287886780813115929,1413457234261051687,2305843009213693951
50000,2.0,0.75,64,23,random,0.10705410000809934,2.1410820001619866e-06,20773,0.41546,13,98305,131072,50000,0.3814697265625,81072,0.3814697265625,150000,294915,444915,8.8983,11235896,16,287886780813115929,1413457234261051687,2305843009213693951
50000,2.0,0.9,64,23,random,0.08302710000134539,1.6605420000269078e-06,23153,0.46306,12,58974,65536,50000,0.762939453125,15536,0.762939453125,150000,176922,326922,6.53844,6771608,16,287886780813115929,1413457234261051687,2305843009213693951
50000,3.0,0.5,64,23,random,0.04088980000233278,8.177960000466556e-07,13111,0.26222,8,26248,104976,50000,0.4762993446121018,54976,0.4762993446121018,150000,78744,228744,4.57488,9475320,16,287886780813115929,1413457234261051687,2305843009213693951
50000,3.0,0.75,64,23,random,0.08038769999984652,1.6077539999969304e-06,16740,0.3348,8,39368,104976,50000,0.4762993446121018,54976,0.4762993446121018,150000,118104,268104,5.36208,9475320,16,287886780813115929,1413457234261051687,2305843009213693951
50000,3.0,0.9,64,23,random,0.048656500002834946,9.73130000056699e-07,19321,0.38642,8,47236,104976,50000,0.4762993446121018,54976,0.4762993446121018,150000,141708,291708,5.83416,9475320,16,287886780813115929,1413457234261051687,2305843009213693951
50000,1.5,0.5,65,24,random,0.18167380000522826,3.633476000104565e-06,20156,0.40312,22,120718,120722,50000,0.4141747154619705,70722,0.4141747154619705,150000,362154,512154,10.24308,10506920,16,666030003530279332,1185754838603315180,2305843009213693951
50000,1.5,0.75,65,24,random,0.11886070000764448,2.3772140001528897e-06,28268,0.56536,21,120703,80481,50000,0.6212646463140369,30481,0.6212646463140369,150000,362109,512109,10.24218,7828528,16,666030003530279332,1185754838603315180,2305843009213693951
50000,1.5,0.9,65,24,random,0.08388140000170097,1.6776280000340194e-06,32425,0.6485,21,144841,80481,50000,0.6212646463140369,30481,0.6212646463140369,150000,434523,584523,11.69046,7828528,16,666030003530279332,1185754838603315180,2305843009213693951
50000,2.0,0.5,65,24,random,0.08902889999444596,1.7805779998889192e-06,14066,0.28132,13,65541,131072,50000,0.3814697265625,81072,0.3814697265625,150000,196623,346623,6.93246,11236408,16,666030003530279332,1185754838603315180,2305843009213693951
50000,2.0,0.75,65,24,random,0.10741489999054465,2.148297999810893e-06,20581,0.41162,13,98305,131072,50000,0.3814697265625,81072,0.3814697265625,150000,294915,444915,8.8983,11236408,16,666030003530279332,1185754838603315180,2305843009213693951
50000,2.0,0.9,65,24,random,0.07915510000020731,1.5831020000041462e-06,22964,0.45928,12,58974,65536,50000,0.762939453125,15536,0.762939453125,150000,176922,326922,6.53844,6777144,16,666030003530279332,1185754838603315180,2305843009213693951
50000,3.0,0.5,65,24,random,0.04133799999544863,8.267599999089726e-07,13130,0.2626,8,26248,104976,50000,0.4762993446121018,54976,0.4762993446121018,150000,78744,228744,4.57488,9472952,16,666030003530279332,1185754838603315180,2305843009213693951
50000,3.0,0.75,65,24,random,0.0800982000073418,1.601964000146836e-06,16810,0.3362,8,39368,104976,50000,0.4762993446121018,54976,0.4762993446121018,150000,118104,268104,5.36208,9472952,16,666030003530279332,1185754838603315180,2305843009213693951
50000,3.0,0.9,65,24,random,0.08578960000886582,1.7157920001773163e-06,19427,0.38854,8,47236,104976,50000,0.4762993446121018,54976,0.4762993446121018,150000,141708,291708,5.83416,9472952,16,666030003530279332,1185754838603315180,2305843009213693951
50000,1.5,0.5,66,25,random,0.1318635999923572,2.637271999847144e-06,16132,0.32264,22,120718,120722,50000,0.4141747154619705,70722,0.4141747154619705,150000,362154,512154,10.24308,10507816,16,719391770955253926,2130106160647316609,2305843009213693951
50000,1.5,0.75,66,25,random,0.10750460000417661,2.150092000083532e-06,22250,0.445,21,120703,80481,50000,0.6212646463140369,30481,0.6212646463140369,150000,362109,512109,10.24218,7837136,16,719391770955253926,2130106160647316609,2305843009213693951
50000,1.5,0.9,66,25,random,0.12283160000515636,2.456632000103127e-06,25836,0.51672,21,144841,80481,50000,0.6212646463140369,30481,0.6212646463140369,150000,434523,584523,11.69046,7837136,16,719391770955253926,2130106160647316609,2305843009213693951
50000,2.0,0.5,66,25,random,0.10213999998813961,2.042799999762792e-06,14233,0.28466,13,65541,131072,50000,0.3814697265625,81072,0.3814697265625,150000,196623,346623,6.93246,11230040,16,719391770955253926,2130106160647316609,2305843009213693951
50000,2.0,0.75,66,25,random,0.11064830000395887,2.2129660000791774e-06,20849,0.41698,13,98305,131072,50000,0.3814697265625,81072,0.3814697265625,150000,294915,444915,8.8983,11230040,16,719391770955253926,2130106160647316609,2305843009213693951
50000,2.0,0.9,66,25,random,0.054332600004272535,1.0866520000854507e-06,23359,0.46718,12,58974,65536,50000,0.762939453125,15536,0.762939453125,150000,176922,326922,6.53844,6765048,16,719391770955253926,2130106160647316609,2305843009213693951
50000,3.0,0.5,66,25,random,0.07678060000762343,1.5356120001524688e-06,12952,0.25904,8,26248,104976,50000,0.4762993446121018,54976,0.4762993446121018,150000,78744,228744,4.57488,9479096,16,719391770955253926,2130106160647316609,2305843009213693951
50000,3.0,0.75,66,25,random,0.043382000003475696,8.676400000695139e-07,16612,0.33224,8,39368,104976,50000,0.4762993446121018,54976,0.4762993446121018,150000,118104,268104,5.36208,9479096,16,719391770955253926,2130106160647316609,2305843009213693951
50000,3.0,0.9,66,25,random,0.08715980000852142,1.7431960001704283e-06,19229,0.38458,8,47236,104976,50000,0.4762993446121018,54976,0.4762993446121018,150000,141708,291708,5.83416,9479096,16,719391770955253926,2130106160647316609,2305843009213693951
50000,1.5,0.5,67,26,random,0.13102609998895787,2.6205219997791572e-06,16204,0.32408,22,120718,120722,50000,0.4141747154619705,70722,0.4141747154619705,150000,362154,512154,10.24308,10508072,16,267692963849940753,941673545738002381,2305843009213693951
50000,1.5,0.75,67,26,random,0.11752070000511594,2.350414000102319e-06,22421,0.44842,21,120703,80481,50000,0.6212646463140369,30481,0.6212646463140369,150000,362109,512109,10.24218,7831888,16,267692963849940753,941673545738002381,2305843009213693951
50000,1.5,0.9,67,26,random,0.12433900000178255,2.486780000035651e-06,25792,0.51584,21,144841,80481,50000,0.6212646463140369,30481,0.6212646463140369,150000,434523,584523,11.69046,7831888,16,267692963849940753,941673545738002381,2305843009213693951
50000,2.0,0.5,67,26,random,0.10313740000128746,2.062748000025749e-06,14380,0.2876,13,65541,131072,50000,0.3814697265625,81072,0.3814697265625,150000,196623,346623,6.93246,11222936,16,267692963849940753,941673545738002381,2305843009213693951
50000,2.0,0.75,67,26,random,0.11331079999217764,2.2662159998435526e-06,20715,0.4143,13,98305,131072,50000,0.3814697265625,81072,0.3814697265625,150000,294915,444915,8.8983,11222936,16,267692963849940753,941673545738002381,2305843009213693951
50000,2.0,0.9,67,26,random,0.05038559999957215,1.007711999991443e-06,23146,0.46292,12,58974,65536,50000,0.762939453125,15536,0.762939453125,150000,176922,326922,6.53844,6771576,16,267692963849940753,941673545738002381,2305843009213693951
50000,3.0,0.5,67,26,random,0.08268750000570435,1.653750000114087e-06,12975,0.2595,8,26248,104976,50000,0.4762993446121018,54976,0.4762993446121018,150000,78744,228744,4.57488,9478904,16,267692963849940753,941673545738002381,2305843009213693951
50000,3.0,0.75,67,26,random,0.04771310000796802,9.542620001593605e-07,16699,0.33398,8,39368,104976,50000,0.4762993446121018,54976,0.4762993446121018,150000,118104,268104,5.36208,9478904,16,267692963849940753,941673545738002381,2305843009213693951
50000,3.0,0.9,67,26,random,0.08003610000014305,1.600722000002861e-06,19250,0.385,8,47236,104976,50000,0.4762993446121018,54976,0.4762993446121018,150000,141708,291708,5.83416,9478904,16,267692963849940753,941673545738002381,2305843009213693951
50000,1.5,0.5,68,27,random,0.13175429998955224,2.6350859997910446e-06,16219,0.32438,22,120718,120722,50000,0.4141747154619705,70722,0.4141747154619705,150000,362154,512154,10.24308,10504808,16,1075367493781816306,1590101887495472611,2305843009213693951
50000,1.5,0.75,68,27,random,0.11216739998781122,2.2433479997562246e-06,22524,0.45048,21,120703,80481,50000,0.6212646463140369,30481,0.6212646463140369,150000,362109,512109,10.24218,7826768,16,1075367493781816306,1590101887495472611,2305843009213693951
50000,1.5,0.9,68,27,random,0.11980139999650419,2.3960279999300837e-06,25932,0.51864,21,144841,80481,50000,0.6212646463140369,30481,0.6212646463140369,150000,434523,584523,11.69046,7826768,16,1075367493781816306,1590101887495472611,2305843009213693951
50000,2.0,0.5,68,27,random,0.09708500000124332,1.9417000000248663e-06,14215,0.2843,13,65541,131072,50000,0.3814697265625,81072,0.3814697265625,150000,196623,346623,6.93246,11235736,16,1075367493781816306,1590101887495472611,2305843009213693951
50000,2.0,0.75,68,27,random,0.11465459999453742,2.2930919998907483e-06,20807,0.41614,13,98305,131072,50000,0.3814697265625,81072,0.3814697265625,150000,294915,444915,8.8983,11235736,16,1075367493781816306,1590101887495472611,2305843009213693951
50000,2.0,0.9,68,27,random,0.04657799999404233,9.315599998808466e-07,23202,0.46404,12,58974,65536,50000,0.762939453125,15536,0.762939453125,150000,176922,326922,6.53844,6769720,16,1075367493781816306,1590101887495472611,2305843009213693951
50000,3.0,0.5,68,27,random,0.07311929999559652,1.4623859999119304e-06,12965,0.2593,8,26248,104976,50000,0.4762993446121018,54976,0.4762993446121018,150000,78744,228744,4.57488,9477912,16,1075367493781816306,1590101887495472611,2305843009213693951
50000,3.0,0.75,68,27,random,0.04335969999374356,8.671939998748712e-07,16661,0.33322,8,39368,104976,50000,0.4762993446121018,54976,0.4762993446121018,150000,118104,268104,5.36208,9477912,16,1075367493781816306,1590101887495472611,2305843009213693951
50000,3.0,0.9,68,27,random,0.08266339999681804,1.6532679999363608e-06,19250,0.385,8,47236,104976,50000,0.4762993446121018,54976,0.4762993446121018,150000,141708,291708,5.83416,9477912,16,1075367493781816306,1590101887495472611,2305843009213693951
50000,1.5,0.5,69,28,random,0.12770480000472162,2.5540960000944325e-06,16147,0.32294,22,120718,120722,50000,0.4141747154619705,70722,0.4141747154619705,150000,362154,512154,10.24308,10508072,16,86018572855962195,1847883699258444581,2305843009213693951
50000,1.5,0.75,69,28,random,0.11518209999485407,2.3036419998970814e-06,22332,0.44664,21,120703,80481,50000,0.6212646463140369,30481,0.6212646463140369,150000,362109,512109,10.24218,7832304,16,86018572855962195,1847883699258444581,2305843009213693951
50000,1.5,0.9,69,28,random,0.12994490000710357,2.5988980001420713e-06,25696,0.51392,21,144841,80481,50000,0.6212646463140369,30481,0.6212646463140369,150000,434523,584523,11.69046,7832304,16,86018572855962195,1847883699258444581,2305843009213693951
50000,2.0,0.5,69,28,random,0.10764380000182427,2.1528760000364855e-06,14104,0.28208,13,65541,131072,50000,0.3814697265625,81072,0.3814697265625,150000,196623,346623,6.93246,11239608,16,86018572855962195,1847883699258444581,2305843009213693951
50000,2.0,0.75,69,28,random,0.11027750000357628,2.2055500000715256e-06,20774,0.41548,13,98305,131072,50000,0.3814697265625,81072,0.3814697265625,150000,294915,444915,8.8983,11239608,16,86018572855962195,1847883699258444581,2305843009213693951
50000,2.0,0.9,69,28,random,0.05031220000819303,1.0062440001638606e-06,23235,0.4647,12,58974,65536,50000,0.762939453125,15536,0.762939453125,150000,176922,326922,6.53844,6771512,16,86018572855962195,1847883699258444581,2305843009213693951
50000,3.0,0.5,69,28,random,0.07490690000122413,1.4981380000244825e-06,13211,0.26422,8,26248,104976,50000,0.4762993446121018,54976,0.4762993446121018,150000,78744,228744,4.57488,9472312,16,86018572855962195,1847883699258444581,2305843009213693951
50000,3.0,0.75,69,28,random,0.08331929999985732,1.6663859999971464e-06,16860,0.3372,8,39368,104976,50000,0.4762993446121018,54976,0.4762993446121018,150000,118104,268104,5.36208,9472312,16,86018572855962195,1847883699258444581,2305843009213693951
50000,3.0,0.9,69,28,random,0.05119820000254549,1.0239640000509098e-06,19498,0.38996,8,47236,104976,50000,0.4762993446121018,54976,0.4762993446121018,150000,141708,291708,5.83416,9472312,16,86018572855962195,1847883699258444581,2305843009213693951
50000,1.5,0.5,70,29,random,0.1294728000066243,2.589456000132486e-06,16211,0.32422,22,120718,120722,50000,0.4141747154619705,70722,0.4141747154619705,150000,362154,512154,10.24308,10509128,16,273089160051860230,1621121173616640907,2305843009213693951
50000,1.5,0.75,70,29,random,0.10694330000842456,2.1388660001684912e-06,22269,0.44538,21,120703,80481,50000,0.6212646463140369,30481,0.6212646463140369,150000,362109,512109,10.24218,7830608,16,273089160051860230,1621121173616640907,2305843009213693951
50000,1.5,0.9,70,29,random,0.13399930000014137,2.6799860000028276e-06,25725,0.5145,21,144841,80481,50000,0.6212646463140369,30481,0.6212646463140369,150000,434523,584523,11.69046,7830608,16,273089160051860230,1621121173616640907,2305843009213693951
50000,2.0,0.5,70,29,random,0.10323860000062268,2.0647720000124537e-06,14127,0.28254,13,65541,131072,50000,0.3814697265625,81072,0.3814697265625,150000,196623,346623,6.93246,11236792,16,273089160051860230,1621121173616640907,2305843009213693951
50000,2.0,0.75,70,29,random,0.11360559999593534,2.2721119999187066e-06,20766,0.41532,13,98305,131072,50000,0.3814697265625,81072,0.3814697265625,150000,294915,444915,8.8983,11236792,16,273089160051860230,1621121173616640907,2305843009213693951
50000,2.0,0.9,70,29,random,0.08730579999973997,1.7461159999947996e-06,23244,0.46488,12,58974,65536,50000,0.762939453125,15536,0.762939453125,150000,176922,326922,6.53844,6770072,16,273089160051860230,1621121173616640907,2305843009213693951
50000,3.0,0.5,70,29,random,0.04272040000068955,8.54408000013791e-07,13073,0.26146,8,26248,104976,50000,0.4762993446121018,54976,0.4762993446121018,150000,78744,228744,4.57488,9476536,16,273089160051860230,1621121173616640907,2305843009213693951
50000,3.0,0.75,70,29,random,0.08451050000439864,1.6902100000879728e-06,16795,0.3359,8,39368,104976,50000,0.4762993446121018,54976,0.4762993446121018,150000,118104,268104,5.36208,9476536,16,273089160051860230,1621121173616640907,2305843009213693951
50000,3.0,0.9,70,29,random,0.04749480000464246,9.498960000928491e-07,19404,0.38808,8,47236,104976,50000,0.4762993446121018,54976,0.4762993446121018,150000,141708,291708,5.83416,9476536,16,273089160051860230,1621121173616640907,2305843009213693951
50000,1.5,0.5,71,30,random,0.17587759999150876,3.5175519998301753e-06,16238,0.32476,22,120718,120722,50000,0.4141747154619705,70722,0.4141747154619705,150000,362154,512154,10.24308,10509768,16,1172432318357405658,1841538480035479711,2305843009213693951
50000,1.5,0.75,71,30,random,0.075320300005842,1.50640600011684e-06,22549,0.45098,21,120703,80481,50000,0.6212646463140369,30481,0.6212646463140369,150000,362109,512109,10.24218,7820464,16,1172432318357405658,1841538480035479711,2305843009213693951
50000,1.5,0.9,71,30,random,0.11692610000318382,2.3385220000636765e-06,25789,0.51578,21,144841,80481,50000,0.6212646463140369,30481,0.6212646463140369,150000,434523,584523,11.69046,7820464,16,1172432318357405658,1841538480035479711,2305843009213693951
50000,2.0,0.5,71,30,random,0.09661000000778586,1.932200000155717e-06,14195,0.2839,13,65541,131072,50000,0.3814697265625,81072,0.3814697265625,150000,196623,346623,6.93246,11235576,16,1172432318357405658,1841538480035479711,2305843009213693951
50000,2.0,0.75,71,30,random,0.10979410000436474,2.1958820000872947e-06,20764,0.41528,13,98305,131072,50000,0.3814697265625,81072,0.3814697265625,150000,294915,444915,8.8983,11235576,16,1172432318357405658,1841538480035479711,2305843009213693951
50000,2.0,0.9,71,30,random,0.08000099999480881,1.6000199998961763e-06,23183,0.46366,12,58974,65536,50000,0.762939453125,15536,0.762939453125,150000,176922,326922,6.53844,6772216,16,1172432318357405658,1841538480035479711,2305843009213693951
50000,3.0,0.5,71,30,random,0.038213400010135956,7.642680002027191e-07,13319,0.26638,8,26248,104976,50000,0.4762993446121018,54976,0.4762993446121018,150000,78744,228744,4.57488,9469624,16,1172432318357405658,1841538480035479711,2305843009213693951
50000,3.0,0.75,71,30,random,0.0780425999982981,1.560851999965962e-06,17054,0.34108,8,39368,104976,50000,0.4762993446121018,54976,0.4762993446121018,150000,118104,268104,5.36208,9469624,16,1172432318357405658,1841538480035479711,2305843009213693951
50000,3.0,0.9,71,30,random,0.04917489999206737,9.834979998413473e-07,19643,0.39286,8,47236,104976,50000,0.4762993446121018,54976,0.4762993446121018,150000,141708,291708,5.83416,9469624,16,1172432318357405658,1841538480035479711,2305843009213693951
100000,1.5,0.5,42,1,random,0.3665026999951806,3.665026999951806e-06,32198,0.32198,24,271622,271625,100000,0.36815462494247586,171625,0.36815462494247586,300000,814866,1114866,11.14866,23056368,16,256711980439665054,1709899044117486289,2305843009213693951
100000,1.5,0.75,42,1,random,0.2835449999984121,2.8354499999841208e-06,44882,0.44882,23,271606,181083,100000,0.552232953949294,81083,0.552232953949294,300000,814818,1114818,11.14818,17068320,16,256711980439665054,1709899044117486289,2305843009213693951
100000,1.5,0.9,42,1,random,0.2645085999974981,2.645085999974981e-06,51398,0.51398,22,217274,120722,100000,0.828349430923941,20722,0.828349430923941,300000,651822,951822,9.51822,12786408,16,256711980439665054,1709899044117486289,2305843009213693951
100000,2.0,0.5,42,1,random,0.2168111999926623,2.1681119999266228e-06,28449,0.28449,14,131078,262144,100000,0.3814697265625,162144,0.3814697265625,300000,393234,693234,6.93234,22504472,16,256711980439665054,1709899044117486289,2305843009213693951
100000,2.0,0.75,42,1,random,0.24925059999804944,2.4925059999804945e-06,41636,0.41636,14,196610,262144,100000,0.3814697265625,162144,0.3814697265625,300000,589830,889830,8.8983,22504472,16,256711980439665054,1709899044117486289,2305843009213693951
100000,2.0,0.9,42,1,random,0.13868960000399966,1.3868960000399966e-06,46494,0.46494,13,117957,131072,100000,0.762939453125,31072,0.762939453125,300000,353871,653871,6.53871,13551448,16,256711980439665054,1709899044117486289,2305843009213693951
100000,3.0,0.5,42,1,random,0.1517247000010684,1.5172470000106841e-06,23271,0.23271,9,78737,314928,100000,0.31753289640806787,214928,0.31753289640806787,300000,236211,536211,5.36211,25836760,16,256711980439665054,1709899044117486289,2305843009213693951
100000,3.0,0.75,42,1,random,0.2036041999963345,2.036041999963345e-06,34538,0.34538,9,118101,314928,100000,0.31753289640806787,214928,0.31753289640806787,300000,354303,654303,6.54303,25836760,16,256711980439665054,1709899044117486289,2305843009213693951
100000,3.0,0.9,42,1,random,0.21749719999206718,2.174971999920672e-06,42416,0.42416,9,141715,314928,100000,0.31753289640806787,214928,0.31753289640806787,300000,425145,725145,7.25145,25836760,16,256711980439665054,1709899044117486289,2305843009213693951
100000,1.5,0.5,43,2,random,0.36477000000013504,3.6477000000013504e-06,35995,0.35995,24,271622,271625,100000,0.36815462494247586,171625,0.36815462494247586,300000,814866,1114866,11.14866,23042032,16,659665203979258006,1758630025113616856,2305843009213693951
100000,1.5,0.75,43,2,random,0.28004700000747107,2.8004700000747106e-06,50189,0.50189,23,271606,181083,100000,0.552232953949294,81083,0.552232953949294,300000,814818,1114818,11.14818,17069984,16,659665203979258006,1758630025113616856,2305843009213693951
100000,1.5,0.9,43,2,random,0.187051299988525,1.87051299988525e-06,57657,0.57657,22,217274,120722,100000,0.828349430923941,20722,0.828349430923941,300000,651822,951822,9.51822,12783176,16,659665203979258006,1758630025113616856,2305843009213693951
100000,2.0,0.5,43,2,random,0.21736320000491105,2.1736320000491104e-06,28722,0.28722,14,131078,262144,100000,0.3814697265625,162144,0.3814697265625,300000,393234,693234,6.93234,22495576,16,659665203979258006,1758630025113616856,2305843009213693951
100000,2.0,0.75,43,2,random,0.24157610000111163,2.4157610000111163e-06,42042,0.42042,14,196610,262144,100000,0.3814697265625,162144,0.3814697265625,300000,589830,889830,8.8983,22495576,16,659665203979258006,1758630025113616856,2305843009213693951
100000,2.0,0.9,43,2,random,0.14079170000331942,1.407917000033194e-06,46774,0.46774,13,117957,131072,100000,0.762939453125,31072,0.762939453125,300000,353871,653871,6.53871,13536408,16,659665203979258006,1758630025113616856,2305843009213693951
100000,3.0,0.5,43,2,random,0.18797020000056364,1.8797020000056364e-06,23232,0.23232,9,78737,314928,100000,0.31753289640806787,214928,0.31753289640806787,300000,236211,536211,5.36211,25836696,16,659665203979258006,1758630025113616856,2305843009213693951
100000,3.0,0.75,43,2,random,0.16943710000487044,1.6943710000487045e-06,34507,0.34507,9,118101,314928,100000,0.31753289640806787,214928,0.31753289640806787,300000,354303,654303,6.54303,25836696,16,659665203979258006,1758630025113616856,2305843009213693951
100000,3.0,0.9,43,2,random,0.21963989999494515,2.1963989999494516e-06,42325,0.42325,9,141715,314928,100000,0.31753289640806787,214928,0.31753289640806787,300000,425145,725145,7.25145,25836696,16,659665203979258006,1758630025113616856,2305843009213693951
100000,1.5,0.5,44,3,random,0.36292040000262205,3.6292040000262204e-06,32558,0.32558,24,271622,271625,100000,0.36815462494247586,171625,0.36815462494247586,300000,814866,1114866,11.14866,23055536,16,1199085610155232937,1617812241682181496,2305843009213693951
100000,1.5,0.75,44,3,random,0.28295100000104867,2.8295100000104867e-06,44762,0.44762,23,271606,181083,100000,0.552232953949294,81083,0.552232953949294,300000,814818,1114818,11.14818,17075232,16,1199085610155232937,1617812241682181496,2305843009213693951
100000,1.5,0.9,44,3,random,0.20026040000084322,2.002604000008432e-06,51360,0.5136,22,217274,120722,100000,0.828349430923941,20722,0.828349430923941,300000,651822,951822,9.51822,12792520,16,1199085610155232937,1617812241682181496,2305843009213693951
100000,2.0,0.5,44,3,random,0.21735399999306537,2.1735399999306537e-06,28539,0.28539,14,131078,262144,100000,0.3814697265625,162144,0.3814697265625,300000,393234,693234,6.93234,22489752,16,1199085610155232937,1617812241682181496,2305843009213693951
100000,2.0,0.75,44,3,random,0.2450819999939995,2.450819999939995e-06,41560,0.4156,14,196610,262144,100000,0.3814697265625,162144,0.3814697265625,300000,589830,889830,8.8983,22489752,16,1199085610155232937,1617812241682181496,2305843009213693951
100000,2.0,0.9,44,3,random,0.1347708999965107,1.347708999965107e-06,46226,0.46226,13,117957,131072,100000,0.762939453125,31072,0.762939453125,300000,353871,653871,6.53871,13556056,16,1199085610155232937,1617812241682181496,2305843009213693951
100000,3.0,0.5,44,3,random,0.1942101000022376,1.942101000022376e-06,23248,0.23248,9,78737,314928,100000,0.31753289640806787,214928,0.31753289640806787,300000,236211,536211,5.36211,25836824,16,1199085610155232937,1617812241682181496,2305843009213693951
100000,3.0,0.75,44,3,random,0.21557980000216048,2.155798000021605e-06,34564,0.34564,9,118101,314928,100000,0.31753289640806787,214928,0.31753289640806787,300000,354303,654303,6.54303,25836824,16,1199085610155232937,1617812241682181496,2305843009213693951
100000,3.0,0.9,44,3,random,0.22175810000044294,2.2175810000044294e-06,42473,0.42473,9,141715,314928,100000,0.31753289640806787,214928,0.31753289640806787,300000,425145,725145,7.25145,25836824,16,1199085610155232937,1617812241682181496,2305843009213693951
100000,1.5,0.5,45,4,random,0.3851966999936849,3.851966999936849e-06,32346,0.32346,24,271622,271625,100000,0.36815462494247586,171625,0.36815462494247586,300000,814866,1114866,11.14866,23052592,16,963130306873368709,594124941275654819,2305843009213693951
100000,1.5,0.75,45,4,random,0.2987049999937881,2.9870499999378808e-06,44895,0.44895,23,271606,181083,100000,0.552232953949294,81083,0.552232953949294,300000,814818,1114818,11.14818,17073536,16,963130306873368709,594124941275654819,2305843009213693951
100000,1.5,0.9,45,4,random,0.20092479999584612,2.0092479999584613e-06,51560,0.5156,22,217274,120722,100000,0.828349430923941,20722,0.828349430923941,300000,651822,951822,9.51822,12788296,16,963130306873368709,594124941275654819,2305843009213693951
100000,2.0,0.5,45,4,random,0.22974599999724887,2.2974599999724886e-06,28911,0.28911,14,131078,262144,100000,0.3814697265625,162144,0.3814697265625,300000,393234,693234,6.93234,22469944,16,963130306873368709,594124941275654819,2305843009213693951
100000,2.0,0.75,45,4,random,0.27102499999455176,2.7102499999455176e-06,41514,0.41514,14,196610,262144,100000,0.3814697265625,162144,0.3814697265625,300000,589830,889830,8.8983,22469944,16,963130306873368709,594124941275654819,2305843009213693951
100000,2.0,0.9,45,4,random,0.14571609999984503,1.4571609999984503e-06,46352,0.46352,13,117957,131072,100000,0.762939453125,31072,0.762939453125,300000,353871,653871,6.53871,13556664,16,963130306873368709,594124941275654819,2305843009213693951
100000,3.0,0.5,45,4,random,0.16020700000808574,1.6020700000808574e-06,24000,0.24,9,78737,314928,100000,0.31753289640806787,214928,0.31753289640806787,300000,236211,536211,5.36211,25807352,16,963130306873368709,594124941275654819,2305843009213693951
100000,3.0,0.75,45,4,random,0.21706790001189802,2.17067900011898e-06,34768,0.34768,9,118101,314928,100000,0.31753289640806787,214928,0.31753289640806787,300000,354303,654303,6.54303,25807352,16,963130306873368709,594124941275654819,2305843009213693951
100000,3.0,0.9,45,4,random,0.23780689999694005,2.3780689999694004e-06,42423,0.42423,9,141715,314928,100000,0.31753289640806787,214928,0.31753289640806787,300000,425145,725145,7.25145,25807352,16,963130306873368709,594124941275654819,2305843009213693951
100000,1.5,0.5,46,5,random,0.3694921999995131,3.694921999995131e-06,32350,0.3235,24,271622,271625,100000,0.36815462494247586,171625,0.36815462494247586,300000,814866,1114866,11.14866,23051408,16,176127807941085543,92145436972157049,2305843009213693951
100000,1.5,0.75,46,5,random,0.2974703999934718,2.974703999934718e-06,44814,0.44814,23,271606,181083,100000,0.552232953949294,81083,0.552232953949294,300000,814818,1114818,11.14818,17070176,16,176127807941085543,92145436972157049,2305843009213693951
100000,1.5,0.9,46,5,random,0.2001014999987092,2.001014999987092e-06,51177,0.51177,22,217274,120722,100000,0.828349430923941,20722,0.828349430923941,300000,651822,951822,9.51822,12790696,16,176127807941085543,92145436972157049,2305843009213693951
100000,2.0,0.5,46,5,random,0.22143040000810288,2.2143040000810287e-06,28255,0.28255,14,131078,262144,100000,0.3814697265625,162144,0.3814697265625,300000,393234,693234,6.93234,22506712,16,176127807941085543,92145436972157049,2305843009213693951
100000,2.0,0.75,46,5,random,0.25378790000104345,2.5378790000104345e-06,41310,0.4131,14,196610,262144,100000,0.3814697265625,162144,0.3814697265625,300000,589830,889830,8.8983,22506712,16,176127807941085543,92145436972157049,2305843009213693951
100000,2.0,0.9,46,5,random,0.14130250000744127,1.4130250000744126e-06,46181,0.46181,13,117957,131072,100000,0.762939453125,31072,0.762939453125,300000,353871,653871,6.53871,13566744,16,176127807941085543,92145436972157049,2305843009213693951
100000,3.0,0.5,46,5,random,0.19688200000382494,1.9688200000382493e-06,23224,0.23224,9,78737,314928,100000,0.31753289640806787,214928,0.31753289640806787,300000,236211,536211,5.36211,25833176,16,176127807941085543,92145436972157049,2305843009213693951
100000,3.0,0.75,46,5,random,0.22169629999552853,2.2169629999552853e-06,34358,0.34358,9,118101,314928,100000,0.31753289640806787,214928,0.31753289640806787,300000,354303,654303,6.54303,25833176,16,176127807941085543,92145436972157049,2305843009213693951
100000,3.0,0.9,46,5,random,0.19141749999835156,1.9141749999835157e-06,42237,0.42237,9,141715,314928,100000,0.31753289640806787,214928,0.31753289640806787,300000,425145,725145,7.25145,25833176,16,176127807941085543,92145436972157049,2305843009213693951
100000,1.5,0.5,47,6,random,0.38387520000105724,3.838752000010573e-06,32145,0.32145,24,271622,271625,100000,0.36815462494247586,171625,0.36815462494247586,300000,814866,1114866,11.14866,23055248,16,144173240364996770,1276607102766329742,2305843009213693951
100000,1.5,0.75,47,6,random,0.2859821999882115,2.859821999882115e-06,44838,0.44838,23,271606,181083,100000,0.552232953949294,81083,0.552232953949294,300000,814818,1114818,11.14818,17060032,16,144173240364996770,1276607102766329742,2305843009213693951
100000,1.5,0.9,47,6,random,0.2362305999995442,2.362305999995442e-06,51336,0.51336,22,217274,120722,100000,0.828349430923941,20722,0.828349430923941,300000,651822,951822,9.51822,12790088,16,144173240364996770,1276607102766329742,2305843009213693951
100000,2.0,0.5,47,6,random,0.23217709999880753,2.3217709999880753e-06,31351,0.31351,14,131078,262144,100000,0.3814697265625,162144,0.3814697265625,300000,393234,693234,6.93234,22327352,16,144173240364996770,1276607102766329742,2305843009213693951
100000,2.0,0.75,47,6,random,0.2631193999986863,2.6311939999868627e-06,41737,0.41737,14,196610,262144,100000,0.3814697265625,162144,0.3814697265625,300000,589830,889830,8.8983,22327352,16,144173240364996770,1276607102766329742,2305843009213693951
100000,2.0,0.9,47,6,random,0.15474969999922905,1.5474969999922904e-06,46421,0.46421,13,117957,131072,100000,0.762939453125,31072,0.762939453125,300000,353871,653871,6.53871,13554616,16,144173240364996770,1276607102766329742,2305843009213693951
100000,3.0,0.5,47,6,random,0.1578628999995999,1.578628999995999e-06,23445,0.23445,9,78737,314928,100000,0.31753289640806787,214928,0.31753289640806787,300000,236211,536211,5.36211,25828056,16,144173240364996770,1276607102766329742,2305843009213693951
100000,3.0,0.75,47,6,random,0.2169456999981776,2.1694569999817757e-06,34606,0.34606,9,118101,314928,100000,0.31753289640806787,214928,0.31753289640806787,300000,354303,654303,6.54303,25828056,16,144173240364996770,1276607102766329742,2305843009213693951
100000,3.0,0.9,47,6,random,0.22926860000006855,2.2926860000006854e-06,42391,0.42391,9,141715,314928,100000,0.31753289640806787,214928,0.31753289640806787,300000,425145,725145,7.25145,25828056,16,144173240364996770,1276607102766329742,2305843009213693951
100000,1.5,0.5,48,7,random,0.3770741000043927,3.770741000043927e-06,36380,0.3638,24,271622,271625,100000,0.36815462494247586,171625,0.36815462494247586,300000,814866,1114866,11.14866,23053328,16,727386515324539458,1284136067485901726,2305843009213693951
100000,1.5,0.75,48,7,random,0.2951513000007253,2.9515130000072533e-06,51592,0.51592,23,271606,181083,100000,0.552232953949294,81083,0.552232953949294,300000,814818,1114818,11.14818,17069856,16,727386515324539458,1284136067485901726,2305843009213693951
100000,1.5,0.9,48,7,random,0.20585339999524876,2.0585339999524878e-06,58957,0.58957,22,217274,120722,100000,0.828349430923941,20722,0.828349430923941,300000,651822,951822,9.51822,12786824,16,727386515324539458,1284136067485901726,2305843009213693951
100000,2.0,0.5,48,7,random,0.23208280000835657,2.3208280000835655e-06,28524,0.28524,14,131078,262144,100000,0.3814697265625,162144,0.3814697265625,300000,393234,693234,6.93234,22503576,16,727386515324539458,1284136067485901726,2305843009213693951
100000,2.0,0.75,48,7,random,0.26408039999660105,2.6408039999660106e-06,41772,0.41772,14,196610,262144,100000,0.3814697265625,162144,0.3814697265625,300000,589830,889830,8.8983,22503576,16,727386515324539458,1284136067485901726,2305843009213693951
100000,2.0,0.9,48,7,random,0.15321319999929983,1.5321319999929984e-06,46621,0.46621,13,117957,131072,100000,0.762939453125,31072,0.762939453125,300000,353871,653871,6.53871,13553656,16,727386515324539458,1284136067485901726,2305843009213693951
100000,3.0,0.5,48,7,random,0.19962759999907576,1.9962759999907576e-06,23475,0.23475,9,78737,314928,100000,0.31753289640806787,214928,0.31753289640806787,300000,236211,536211,5.36211,25827640,16,727386515324539458,1284136067485901726,2305843009213693951
100000,3.0,0.75,48,7,random,0.17882849999296013,1.7882849999296013e-06,34586,0.34586,9,118101,314928,100000,0.31753289640806787,214928,0.31753289640806787,300000,354303,654303,6.54303,25827640,16,727386515324539458,1284136067485901726,2305843009213693951
100000,3.0,0.9,48,7,random,0.22946919999958482,2.2946919999958483e-06,42389,0.42389,9,141715,314928,100000,0.31753289640806787,214928,0.31753289640806787,300000,425145,725145,7.25145,25827640,16,727386515324539458,1284136067485901726,2305843009213693951
100000,1.5,0.5,49,8,random,0.3730348000099184,3.730348000099184e-06,32228,0.32228,24,271622,271625,100000,0.36815462494247586,171625,0.36815462494247586,300000,814866,1114866,11.14866,23056208,16,793970665397899006,2152094108188559335,2305843009213693951
100000,1.5,0.75,49,8,random,0.2899277999968035,2.8992779999680353e-06,44766,0.44766,23,271606,181083,100000,0.552232953949294,81083,0.552232953949294,300000,814818,1114818,11.14818,17069152,16,793970665397899006,2152094108188559335,2305843009213693951
100000,1.5,0.9,49,8,random,0.21032690000720322,2.103269000072032e-06,51401,0.51401,22,217274,120722,100000,0.828349430923941,20722,0.828349430923941,300000,651822,951822,9.51822,12791528,16,793970665397899006,2152094108188559335,2305843009213693951
100000,2.0,0.5,49,8,random,0.21891710000636522,2.189171000063652e-06,28223,0.28223,14,131078,262144,100000,0.3814697265625,162144,0.3814697265625,300000,393234,693234,6.93234,22506712,16,793970665397899006,2152094108188559335,2305843009213693951
100000,2.0,0.75,49,8,random,0.24576710000110324,2.4576710000110326e-06,41562,0.41562,14,196610,262144,100000,0.3814697265625,162144,0.3814697265625,300000,589830,889830,8.8983,22506712,16,793970665397899006,2152094108188559335,2305843009213693951
100000,2.0,0.9,49,8,random,0.14540449999913108,1.4540449999913109e-06,46432,0.46432,13,117957,131072,100000,0.762939453125,31072,0.762939453125,300000,353871,653871,6.53871,13556856,16,793970665397899006,2152094108188559335,2305843009213693951
100000,3.0,0.5,49,8,random,0.19513310000183992,1.9513310000183993e-06,23534,0.23534,9,78737,314928,100000,0.31753289640806787,214928,0.31753289640806787,300000,236211,536211,5.36211,25826488,16,793970665397899006,2152094108188559335,2305843009213693951
100000,3.0,0.75,49,8,random,0.21938439999939874,2.1938439999939874e-06,34672,0.34672,9,118101,314928,100000,0.31753289640806787,214928,0.31753289640806787,300000,354303,654303,6.54303,25826488,16,793970665397899006,2152094108188559335,2305843009213693951
100000,3.0,0.9,49,8,random,0.23586620000423864,2.3586620000423866e-06,42499,0.42499,9,141715,314928,100000,0.31753289640806787,214928,0.31753289640806787,300000,425145,725145,7.25145,25826488,16,793970665397899006,2152094108188559335,2305843009213693951
100000,1.5,0.5,50,9,random,0.37414310000895057,3.7414310000895056e-06,32223,0.32223,24,271622,271625,100000,0.36815462494247586,171625,0.36815462494247586,300000,814866,1114866,11.14866,23057328,16,1973099216186019426,839551891445904909,2305843009213693951
100000,1.5,0.75,50,9,random,0.2904712000017753,2.9047120000177528e-06,44943,0.44943,23,271606,181083,100000,0.552232953949294,81083,0.552232953949294,300000,814818,1114818,11.14818,17072672,16,1973099216186019426,839551891445904909,2305843009213693951
100000,1.5,0.9,50,9,random,0.20763830000942107,2.0763830000942107e-06,51504,0.51504,22,217274,120722,100000,0.828349430923941,20722,0.828349430923941,300000,651822,951822,9.51822,12787560,16,1973099216186019426,839551891445904909,2305843009213693951
100000,2.0,0.5,50,9,random,0.23468969999521505,2.3468969999521503e-06,28501,0.28501,14,131078,262144,100000,0.3814697265625,162144,0.3814697265625,300000,393234,693234,6.93234,22497976,16,1973099216186019426,839551891445904909,2305843009213693951
100000,2.0,0.75,50,9,random,0.25509999999485444,2.5509999999485442e-06,41785,0.41785,14,196610,262144,100000,0.3814697265625,162144,0.3814697265625,300000,589830,889830,8.8983,22497976,16,1973099216186019426,839551891445904909,2305843009213693951
100000,2.0,0.9,50,9,random,0.14608900000166614,1.4608900000166614e-06,46638,0.46638,13,117957,131072,100000,0.762939453125,31072,0.762939453125,300000,353871,653871,6.53871,13552280,16,1973099216186019426,839551891445904909,2305843009213693951
100000,3.0,0.5,50,9,random,0.15920910000568256,1.5920910000568257e-06,23321,0.23321,9,78737,314928,100000,0.31753289640806787,214928,0.31753289640806787,300000,236211,536211,5.36211,25835064,16,1973099216186019426,839551891445904909,2305843009213693951
100000,3.0,0.75,50,9,random,0.21275150000292342,2.1275150000292342e-06,34537,0.34537,9,118101,314928,100000,0.31753289640806787,214928,0.31753289640806787,300000,354303,654303,6.54303,25835064,16,1973099216186019426,839551891445904909,2305843009213693951
100000,3.0,0.9,50,9,random,0.2283132000011392,2.283132000011392e-06,42439,0.42439,9,141715,314928,100000,0.31753289640806787,214928,0.31753289640806787,300000,425145,725145,7.25145,25835064,16,1973099216186019426,839551891445904909,2305843009213693951
100000,1.5,0.5,51,10,random,0.37862599999061786,3.7862599999061786e-06,32466,0.32466,24,271622,271625,100000,0.36815462494247586,171625,0.36815462494247586,300000,814866,1114866,11.14866,23035152,16,1933427113282973200,1273492775044695229,2305843009213693951
100000,1.5,0.75,51,10,random,0.28973669999686535,2.8973669999686536e-06,45086,0.45086,23,271606,181083,100000,0.552232953949294,81083,0.552232953949294,300000,814818,1114818,11.14818,17054624,16,1933427113282973200,1273492775044695229,2305843009213693951
100000,1.5,0.9,51,10,random,0.19984169999952428,1.9984169999952427e-06,51580,0.5158,22,217274,120722,100000,0.828349430923941,20722,0.828349430923941,300000,651822,951822,9.51822,12788008,16,1933427113282973200,1273492775044695229,2305843009213693951
100000,2.0,0.5,51,10,random,0.22859990000142716,2.2859990000142716e-06,32838,0.32838,14,131078,262144,100000,0.3814697265625,162144,0.3814697265625,300000,393234,693234,6.93234,22377336,16,1933427113282973200,1273492775044695229,2305843009213693951
100000,2.0,0.75,51,10,random,0.24950890000036452,2.495089000003645e-06,46049,0.46049,14,196610,262144,100000,0.3814697265625,162144,0.3814697265625,300000,589830,889830,8.8983,22377336,16,1933427113282973200,1273492775044695229,2305843009213693951
100000,2.0,0.9,51,10,random,0.13871920001110993,1.3871920001110994e-06,50409,0.50409,13,117957,131072,100000,0.762939453125,31072,0.762939453125,300000,353871,653871,6.53871,13368376,16,1933427113282973200,1273492775044695229,2305843009213693951
100000,3.0,0.5,51,10,random,0.21409540000604466,2.1409540000604467e-06,23299,0.23299,9,78737,314928,100000,0.31753289640806787,214928,0.31753289640806787,300000,236211,536211,5.36211,25833816,16,1933427113282973200,1273492775044695229,2305843009213693951
100000,3.0,0.75,51,10,random,0.2210343000042485,2.210343000042485e-06,34538,0.34538,9,118101,314928,100000,0.31753289640806787,214928,0.31753289640806787,300000,354303,654303,6.54303,25833816,16,1933427113282973200,1273492775044695229,2305843009213693951
100000,3.0,0.9,51,10,random,0.1956664000026649,1.956664000026649e-06,42339,0.42339,9,141715,314928,100000,0.31753289640806787,214928,0.31753289640806787,300000,425145,725145,7.25145,25833816,16,1933427113282973200,1273492775044695229,2305843009213693951
100000,1.5,0.5,52,11,random,0.3876146999973571,3.876146999973571e-06,32641,0.32641,24,271622,271625,100000,0.36815462494247586,171625,0.36815462494247586,300000,814866,1114866,11.14866,23049072,16,618696799174358726,2029214271970554437,2305843009213693951
100000,1.5,0.75,52,11,random,0.28916149999713525,2.8916149999713527e-06,45263,0.45263,23,271606,181083,100000,0.552232953949294,81083,0.552232953949294,300000,814818,1114818,11.14818,17070272,16,618696799174358726,2029214271970554437,2305843009213693951
100000,1.5,0.9,52,11,random,0.23793529999966267,2.379352999996627e-06,51737,0.51737,22,217274,120722,100000,0.828349430923941,20722,0.828349430923941,300000,651822,951822,9.51822,12782600,16,618696799174358726,2029214271970554437,2305843009213693951
100000,2.0,0.5,52,11,random,0.2314321000012569,2.314321000012569e-06,28314,0.28314,14,131078,262144,100000,0.3814697265625,162144,0.3814697265625,300000,393234,693234,6.93234,22504248,16,618696799174358726,2029214271970554437,2305843009213693951
100000,2.0,0.75,52,11,random,0.25614329999370966,2.561432999937097e-06,41611,0.41611,14,196610,262144,100000,0.3814697265625,162144,0.3814697265625,300000,589830,889830,8.8983,22504248,16,618696799174358726,2029214271970554437,2305843009213693951
100000,2.0,0.9,52,11,random,0.11426479999499861,1.142647999949986e-06,46428,0.46428,13,117957,131072,100000,0.762939453125,31072,0.762939453125,300000,353871,653871,6.53871,13554552,16,618696799174358726,2029214271970554437,2305843009213693951
100000,3.0,0.5,52,11,random,0.19213969999691471,1.9213969999691473e-06,24027,0.24027,9,78737,314928,100000,0.31753289640806787,214928,0.31753289640806787,300000,236211,536211,5.36211,25802232,16,618696799174358726,2029214271970554437,2305843009213693951
100000,3.0,0.75,52,11,random,0.2204518999933498,2.204518999933498e-06,34944,0.34944,9,118101,314928,100000,0.31753289640806787,214928,0.31753289640806787,300000,354303,654303,6.54303,25802232,16,618696799174358726,2029214271970554437,2305843009213693951
100000,3.0,0.9,52,11,random,0.23619549999420997,2.3619549999420996e-06,42571,0.42571,9,141715,314928,100000,0.31753289640806787,214928,0.31753289640806787,300000,425145,725145,7.25145,25802232,16,618696799174358726,2029214271970554437,2305843009213693951
100000,1.5,0.5,53,12,random,0.39315679999708664,3.931567999970866e-06,33005,0.33005,24,271622,271625,100000,0.36815462494247586,171625,0.36815462494247586,300000,814866,1114866,11.14866,23057328,16,1967359095987829717,498185230560009946,2305843009213693951
100000,1.5,0.75,53,12,random,0.31222920000436716,3.1222920000436717e-06,45331,0.45331,23,271606,181083,100000,0.552232953949294,81083,0.552232953949294,300000,814818,1114818,11.14818,17008736,16,1967359095987829717,498185230560009946,2305843009213693951
100000,1.5,0.9,53,12,random,0.20276369999919552,2.027636999991955e-06,51482,0.51482,22,217274,120722,100000,0.828349430923941,20722,0.828349430923941,300000,651822,951822,9.51822,12786440,16,1967359095987829717,498185230560009946,2305843009213693951
100000,2.0,0.5,53,12,random,0.22522089999984019,2.252208999998402e-06,29125,0.29125,14,131078,262144,100000,0.3814697265625,162144,0.3814697265625,300000,393234,693234,6.93234,22485720,16,1967359095987829717,498185230560009946,2305843009213693951
100000,2.0,0.75,53,12,random,0.2552163000073051,2.552163000073051e-06,42346,0.42346,14,196610,262144,100000,0.3814697265625,162144,0.3814697265625,300000,589830,889830,8.8983,22485720,16,1967359095987829717,498185230560009946,2305843009213693951
100000,2.0,0.9,53,12,random,0.14406479999888688,1.4406479999888688e-06,47197,0.47197,13,117957,131072,100000,0.762939453125,31072,0.762939453125,300000,353871,653871,6.53871,13532504,16,1967359095987829717,498185230560009946,2305843009213693951
100000,3.0,0.5,53,12,random,0.1981408999999985,1.981408999999985e-06,23624,0.23624,9,78737,314928,100000,0.31753289640806787,214928,0.31753289640806787,300000,236211,536211,5.36211,25813112,16,1967359095987829717,498185230560009946,2305843009213693951
100000,3.0,0.75,53,12,random,0.18071349999809172,1.8071349999809171e-06,34599,0.34599,9,118101,314928,100000,0.31753289640806787,214928,0.31753289640806787,300000,354303,654303,6.54303,25813112,16,1967359095987829717,498185230560009946,2305843009213693951
100000,3.0,0.9,53,12,random,0.21978880000824574,2.1978880000824576e-06,42350,0.4235,9,141715,314928,100000,0.31753289640806787,214928,0.31753289640806787,300000,425145,725145,7.25145,25813112,16,1967359095987829717,498185230560009946,2305843009213693951
100000,1.5,0.5,54,13,random,0.3675440999941202,3.675440999941202e-06,32579,0.32579,24,271622,271625,100000,0.36815462494247586,171625,0.36815462494247586,300000,814866,1114866,11.14866,23056688,16,2258536001366688123,1012121370449003109,2305843009213693951
100000,1.5,0.75,54,13,random,0.29104529999312945,2.9104529999312943e-06,45206,0.45206,23,271606,181083,100000,0.552232953949294,81083,0.552232953949294,300000,814818,1114818,11.14818,17064160,16,2258536001366688123,1012121370449003109,2305843009213693951
100000,1.5,0.9,54,13,random,0.20086640000226907,2.008664000022691e-06,51631,0.51631,22,217274,120722,100000,0.828349430923941,20722,0.828349430923941,300000,651822,951822,9.51822,12779528,16,2258536001366688123,1012121370449003109,2305843009213693951
100000,2.0,0.5,54,13,random,0.22065879999718163,2.2065879999718165e-06,28394,0.28394,14,131078,262144,100000,0.3814697265625,162144,0.3814697265625,300000,393234,693234,6.93234,22503448,16,2258536001366688123,1012121370449003109,2305843009213693951
100000,2.0,0.75,54,13,random,0.25709830000414513,2.5709830000414515e-06,41429,0.41429,14,196610,262144,100000,0.3814697265625,162144,0.3814697265625,300000,589830,889830,8.8983,22503448,16,2258536001366688123,1012121370449003109,2305843009213693951
100000,2.0,0.9,54,13,random,0.13961209999979474,1.3961209999979474e-06,46334,0.46334,13,117957,131072,100000,0.762939453125,31072,0.762939453125,300000,353871,653871,6.53871,13556824,16,2258536001366688123,1012121370449003109,2305843009213693951
100000,3.0,0.5,54,13,random,0.19467009999789298,1.94670099997893e-06,23089,0.23089,9,78737,314928,100000,0.31753289640806787,214928,0.31753289640806787,300000,236211,536211,5.36211,25844760,16,2258536001366688123,1012121370449003109,2305843009213693951
100000,3.0,0.75,54,13,random,0.23622629999590572,2.3622629999590572e-06,34170,0.3417,9,118101,314928,100000,0.31753289640806787,214928,0.31753289640806787,300000,354303,654303,6.54303,25844760,16,2258536001366688123,1012121370449003109,2305843009213693951
100000,3.0,0.9,54,13,random,0.24567220000608359,2.456722000060836e-06,42040,0.4204,9,141715,314928,100000,0.31753289640806787,214928,0.31753289640806787,300000,425145,725145,7.25145,25844760,16,2258536001366688123,1012121370449003109,2305843009213693951
100000,1.5,0.5,55,14,random,0.38696830000844784,3.8696830000844786e-06,32050,0.3205,24,271622,271625,100000,0.36815462494247586,171625,0.36815462494247586,300000,814866,1114866,11.14866,23054864,16,2277903568736387890,452514279465990313,2305843009213693951
100000,1.5,0.75,55,14,random,0.2680683999933535,2.6806839999335354e-06,45154,0.45154,23,271606,181083,100000,0.552232953949294,81083,0.552232953949294,300000,814818,1114818,11.14818,17073312,16,2277903568736387890,452514279465990313,2305843009213693951
100000,1.5,0.9,55,14,random,0.23602379999647383,2.360237999964738e-06,51700,0.517,22,217274,120722,100000,0.828349430923941,20722,0.828349430923941,300000,651822,951822,9.51822,12787688,16,2277903568736387890,452514279465990313,2305843009213693951
100000,2.0,0.5,55,14,random,0.23097090001101606,2.3097090001101606e-06,28638,0.28638,14,131078,262144,100000,0.3814697265625,162144,0.3814697265625,300000,393234,693234,6.93234,22489816,16,2277903568736387890,452514279465990313,2305843009213693951
100000,2.0,0.75,55,14,random,0.2647119000030216,2.6471190000302157e-06,41650,0.4165,14,196610,262144,100000,0.3814697265625,162144,0.3814697265625,300000,589830,889830,8.8983,22489816,16,2277903568736387890,452514279465990313,2305843009213693951
100000,2.0,0.9,55,14,random,0.15048870000464376,1.5048870000464376e-06,46524,0.46524,13,117957,131072,100000,0.762939453125,31072,0.762939453125,300000,353871,653871,6.53871,13553112,16,2277903568736387890,452514279465990313,2305843009213693951
100000,3.0,0.5,55,14,random,0.16199589999450836,1.6199589999450836e-06,23576,0.23576,9,78737,314928,100000,0.31753289640806787,214928,0.31753289640806787,300000,236211,536211,5.36211,25822616,16,2277903568736387890,452514279465990313,2305843009213693951
100000,3.0,0.75,55,14,random,0.2162182999891229,2.162182999891229e-06,34540,0.3454,9,118101,314928,100000,0.31753289640806787,214928,0.31753289640806787,300000,354303,654303,6.54303,25822616,16,2277903568736387890,452514279465990313,2305843009213693951
100000,3.0,0.9,55,14,random,0.23529409999900963,2.3529409999900965e-06,42250,0.4225,9,141715,314928,100000,0.31753289640806787,214928,0.31753289640806787,300000,425145,725145,7.25145,25822616,16,2277903568736387890,452514279465990313,2305843009213693951
100000,1.5,0.5,56,15,random,0.37690079999447335,3.7690079999447333e-06,32195,0.32195,24,271622,271625,100000,0.36815462494247586,171625,0.36815462494247586,300000,814866,1114866,11.14866,23055728,16,1956076132499880650,26508845497723367,2305843009213693951
100000,1.5,0.75,56,15,random,0.30068350001238286,3.0068350001238287e-06,44807,0.44807,23,271606,181083,100000,0.552232953949294,81083,0.552232953949294,300000,814818,1114818,11.14818,17063520,16,1956076132499880650,26508845497723367,2305843009213693951
100000,1.5,0.9,56,15,random,0.21788689999084454,2.1788689999084453e-06,51354,0.51354,22,217274,120722,100000,0.828349430923941,20722,0.828349430923941,300000,651822,951822,9.51822,12787176,16,1956076132499880650,26508845497723367,2305843009213693951
100000,2.0,0.5,56,15,random,0.2225514000019757,2.225514000019757e-06,28408,0.28408,14,131078,262144,100000,0.3814697265625,162144,0.3814697265625,300000,393234,693234,6.93234,22504664,16,1956076132499880650,26508845497723367,2305843009213693951
100000,2.0,0.75,56,15,random,0.24863010000262875,2.4863010000262877e-06,41355,0.41355,14,196610,262144,100000,0.3814697265625,162144,0.3814697265625,300000,589830,889830,8.8983,22504664,16,1956076132499880650,26508845497723367,2305843009213693951
100000,2.0,0.9,56,15,random,0.1452621999924304,1.4526219999243039e-06,46283,0.46283,13,117957,131072,100000,0.762939453125,31072,0.762939453125,300000,353871,653871,6.53871,13560728,16,1956076132499880650,26508845497723367,2305843009213693951
100000,3.0,0.5,56,15,random,0.19778999999107327,1.9778999999107326e-06,23227,0.23227,9,78737,314928,100000,0.31753289640806787,214928,0.31753289640806787,300000,236211,536211,5.36211,25838392,16,1956076132499880650,26508845497723367,2305843009213693951
100000,3.0,0.75,56,15,random,0.22051690000807866,2.2051690000807865e-06,34409,0.34409,9,118101,314928,100000,0.31753289640806787,214928,0.31753289640806787,300000,354303,654303,6.54303,25838392,16,1956076132499880650,26508845497723367,2305843009213693951
100000,3.0,0.9,56,15,random,0.1928358000004664,1.928358000004664e-06,42311,0.42311,9,141715,314928,100000,0.31753289640806787,214928,0.31753289640806787,300000,425145,725145,7.25145,25838392,16,1956076132499880650,26508845497723367,2305843009213693951
100000,1.5,0.5,57,16,random,0.36811400001170114,3.6811400001170113e-06,32498,0.32498,24,271622,271625,100000,0.36815462494247586,171625,0.36815462494247586,300000,814866,1114866,11.14866,23055344,16,847978861133403702,1395714462194184430,2305843009213693951
100000,1.5,0.75,57,16,random,0.2910857999959262,2.910857999959262e-06,44948,0.44948,23,271606,181083,100000,0.552232953949294,81083,0.552232953949294,300000,814818,1114818,11.14818,17073568,16,847978861133403702,1395714462194184430,2305843009213693951
100000,1.5,0.9,57,16,random,0.24883470000349917,2.4883470000349916e-06,51457,0.51457,22,217274,120722,100000,0.828349430923941,20722,0.828349430923941,300000,651822,951822,9.51822,12784328,16,847978861133403702,1395714462194184430,2305843009213693951
100000,2.0,0.5,57,16,random,0.23281580000184476,2.3281580000184476e-06,28327,0.28327,14,131078,262144,100000,0.3814697265625,162144,0.3814697265625,300000,393234,693234,6.93234,22506424,16,847978861133403702,1395714462194184430,2305843009213693951
100000,2.0,0.75,57,16,random,0.21250470000086352,2.1250470000086353e-06,41504,0.41504,14,196610,262144,100000,0.3814697265625,162144,0.3814697265625,300000,589830,889830,8.8983,22506424,16,847978861133403702,1395714462194184430,2305843009213693951
100000,2.0,0.9,57,16,random,0.14669660000072327,1.4669660000072326e-06,46358,0.46358,13,117957,131072,100000,0.762939453125,31072,0.762939453125,300000,353871,653871,6.53871,13559384,16,847978861133403702,1395714462194184430,2305843009213693951
100000,3.0,0.5,57,16,random,0.19449259999964852,1.9449259999964853e-06,23564,0.23564,9,78737,314928,100000,0.31753289640806787,214928,0.31753289640806787,300000,236211,536211,5.36211,25827544,16,847978861133403702,1395714462194184430,2305843009213693951
100000,3.0,0.75,57,16,random,0.21718889998737723,2.1718889998737724e-06,34667,0.34667,9,118101,314928,100000,0.31753289640806787,214928,0.31753289640806787,300000,354303,654303,6.54303,25827544,16,847978861133403702,1395714462194184430,2305843009213693951
100000,3.0,0.9,57,16,random,0.24933999999484513,2.4933999999484514e-06,42487,0.42487,9,141715,314928,100000,0.31753289640806787,214928,0.31753289640806787,300000,425145,725145,7.25145,25827544,16,847978861133403702,1395714462194184430,2305843009213693951
100000,1.5,0.5,58,17,random,0.38383609999436885,3.838360999943689e-06,32892,0.32892,24,271622,271625,100000,0.36815462494247586,171625,0.36815462494247586,300000,814866,1114866,11.14866,23052496,16,454612962106966139,1702438209959121919,2305843009213693951
100000,1.5,0.75,58,17,random,0.29148040000291076,2.9148040000291076e-06,45058,0.45058,23,271606,181083,100000,0.552232953949294,81083,0.552232953949294,300000,814818,1114818,11.14818,17027552,16,454612962106966139,1702438209959121919,2305843009213693951
100000,1.5,0.9,58,17,random,0.20257589999528136,2.0257589999528136e-06,51739,0.51739,22,217274,120722,100000,0.828349430923941,20722,0.828349430923941,300000,651822,951822,9.51822,12767784,16,454612962106966139,1702438209959121919,2305843009213693951
100000,2.0,0.5,58,17,random,0.22800339999957941,2.2800339999957943e-06,28119,0.28119,14,131078,262144,100000,0.3814697265625,162144,0.3814697265625,300000,393234,693234,6.93234,22508824,16,454612962106966139,1702438209959121919,2305843009213693951
100000,2.0,0.75,58,17,random,0.2543749000033131,2.543749000033131e-06,41503,0.41503,14,196610,262144,100000,0.3814697265625,162144,0.3814697265625,300000,589830,889830,8.8983,22508824,16,454612962106966139,1702438209959121919,2305843009213693951
100000,2.0,0.9,58,17,random,0.1468992000009166,1.468992000009166e-06,46438,0.46438,13,117957,131072,100000,0.762939453125,31072,0.762939453125,300000,353871,653871,6.53871,13561464,16,454612962106966139,1702438209959121919,2305843009213693951
100000,3.0,0.5,58,17,random,0.20379980000143405,2.0379980000143404e-06,23418,0.23418,9,78737,314928,100000,0.31753289640806787,214928,0.31753289640806787,300000,236211,536211,5.36211,25833176,16,454612962106966139,1702438209959121919,2305843009213693951
100000,3.0,0.75,58,17,random,0.17719810000562575,1.7719810000562574e-06,34573,0.34573,9,118101,314928,100000,0.31753289640806787,214928,0.31753289640806787,300000,354303,654303,6.54303,25833176,16,454612962106966139,1702438209959121919,2305843009213693951
100000,3.0,0.9,58,17,random,0.22437860000354704,2.2437860000354704e-06,42464,0.42464,9,141715,314928,100000,0.31753289640806787,214928,0.31753289640806787,300000,425145,725145,7.25145,25833176,16,454612962106966139,1702438209959121919,2305843009213693951
100000,1.5,0.5,59,18,random,0.37769310000294354,3.7769310000294352e-06,32406,0.32406,24,271622,271625,100000,0.36815462494247586,171625,0.36815462494247586,300000,814866,1114866,11.14866,23041552,16,195095767942445094,1500048066919629750,2305843009213693951
100000,1.5,0.75,59,18,random,0.2827147999923909,2.827147999923909e-06,44903,0.44903,23,271606,181083,100000,0.552232953949294,81083,0.552232953949294,300000,814818,1114818,11.14818,17067136,16,195095767942445094,1500048066919629750,2305843009213693951
100000,1.5,0.9,59,18,random,0.21157379999931436,2.115737999993144e-06,51439,0.51439,22,217274,120722,100000,0.828349430923941,20722,0.828349430923941,300000,651822,951822,9.51822,12789160,16,195095767942445094,1500048066919629750,2305843009213693951
100000,2.0,0.5,59,18,random,0.23511019999568816,2.3511019999568817e-06,28173,0.28173,14,131078,262144,100000,0.3814697265625,162144,0.3814697265625,300000,393234,693234,6.93234,22507160,16,195095767942445094,1500048066919629750,2305843009213693951
100000,2.0,0.75,59,18,random,0.25774790000286885,2.5774790000286885e-06,41481,0.41481,14,196610,262144,100000,0.3814697265625,162144,0.3814697265625,300000,589830,889830,8.8983,22507160,16,195095767942445094,1500048066919629750,2305843009213693951
100000,2.0,0.9,59,18,random,0.14830510001047514,1.4830510001047515e-06,46384,0.46384,13,117957,131072,100000,0.762939453125,31072,0.762939453125,300000,353871,653871,6.53871,13558296,16,195095767942445094,1500048066919629750,2305843009213693951
100000,3.0,0.5,59,18,random,0.19960619999619666,1.9960619999619666e-06,24036,0.24036,9,78737,314928,100000,0.31753289640806787,214928,0.31753289640806787,300000,236211,536211,5.36211,25802488,16,195095767942445094,1500048066919629750,2305843009213693951
100000,3.0,0.75,59,18,random,0.21639229998982046,2.1639229998982046e-06,34909,0.34909,9,118101,314928,100000,0.31753289640806787,214928,0.31753289640806787,300000,354303,654303,6.54303,25802488,16,195095767942445094,1500048066919629750,2305843009213693951
100000,3.0,0.9,59,18,random,0.18432519999623764,1.8432519999623764e-06,42574,0.42574,9,141715,314928,100000,0.31753289640806787,214928,0.31753289640806787,300000,425145,725145,7.25145,25802488,16,195095767942445094,1500048066919629750,2305843009213693951
100000,1.5,0.5,60,19,random,0.3759829000046011,3.759829000046011e-06,32194,0.32194,24,271622,271625,100000,0.36815462494247586,171625,0.36815462494247586,300000,814866,1114866,11.14866,23024784,16,653524007492807808,355415340864572460,2305843009213693951
100000,1.5,0.75,60,19,random,0.27568979999341536,2.7568979999341535e-06,44991,0.44991,23,271606,181083,100000,0.552232953949294,81083,0.552232953949294,300000,814818,1114818,11.14818,17076896,16,653524007492807808,355415340864572460,2305843009213693951
100000,1.5,0.9,60,19,random,0.23476279999886174,2.3476279999886173e-06,51562,0.51562,22,217274,120722,100000,0.828349430923941,20722,0.828349430923941,300000,651822,951822,9.51822,12786120,16,653524007492807808,355415340864572460,2305843009213693951
100000,2.0,0.5,60,19,random,0.23560459999134764,2.3560459999134764e-06,39779,0.39779,14,131078,262144,100000,0.3814697265625,162144,0.3814697265625,300000,393234,693234,6.93234,21910424,16,653524007492807808,355415340864572460,2305843009213693951
100000,2.0,0.75,60,19,random,0.25573740000254475,2.5573740000254474e-06,45410,0.4541,14,196610,262144,100000,0.3814697265625,162144,0.3814697265625,300000,589830,889830,8.8983,21910424,16,653524007492807808,355415340864572460,2305843009213693951
100000,2.0,0.9,60,19,random,0.148001599998679,1.4800159999867901e-06,49244,0.49244,13,117957,131072,100000,0.762939453125,31072,0.762939453125,300000,353871,653871,6.53871,13398488,16,653524007492807808,355415340864572460,2305843009213693951
100000,3.0,0.5,60,19,random,0.1600477000029059,1.6004770000290591e-06,23259,0.23259,9,78737,314928,100000,0.31753289640806787,214928,0.31753289640806787,300000,236211,536211,5.36211,25838360,16,653524007492807808,355415340864572460,2305843009213693951
100000,3.0,0.75,60,19,random,0.21589409999432974,2.1589409999432973e-06,34499,0.34499,9,118101,314928,100000,0.31753289640806787,214928,0.31753289640806787,300000,354303,654303,6.54303,25838360,16,653524007492807808,355415340864572460,2305843009213693951
100000,3.0,0.9,60,19,random,0.22991259999980684,2.2991259999980684e-06,42344,0.42344,9,141715,314928,100000,0.31753289640806787,214928,0.31753289640806787,300000,425145,725145,7.25145,25838360,16,653524007492807808,355415340864572460,2305843009213693951
100000,1.5,0.5,61,20,random,0.4022778000071412,4.022778000071412e-06,32919,0.32919,24,271622,271625,100000,0.36815462494247586,171625,0.36815462494247586,300000,814866,1114866,11.14866,23055472,16,418983635330710152,499844581152741729,2305843009213693951
100000,1.5,0.75,61,20,random,0.28317139999126084,2.8317139999126085e-06,45305,0.45305,23,271606,181083,100000,0.552232953949294,81083,0.552232953949294,300000,814818,1114818,11.14818,17027904,16,418983635330710152,499844581152741729,2305843009213693951
100000,1.5,0.9,61,20,random,0.20423639999353327,2.042363999935333e-06,51718,0.51718,22,217274,120722,100000,0.828349430923941,20722,0.828349430923941,300000,651822,951822,9.51822,12785800,16,418983635330710152,499844581152741729,2305843009213693951
100000,2.0,0.5,61,20,random,0.2284834000020055,2.284834000020055e-06,28273,0.28273,14,131078,262144,100000,0.3814697265625,162144,0.3814697265625,300000,393234,693234,6.93234,22500792,16,418983635330710152,499844581152741729,2305843009213693951
100000,2.0,0.75,61,20,random,0.25573140000051353,2.557314000005135e-06,41471,0.41471,14,196610,262144,100000,0.3814697265625,162144,0.3814697265625,300000,589830,889830,8.8983,22500792,16,418983635330710152,499844581152741729,2305843009213693951
100000,2.0,0.9,61,20,random,0.1424507000047015,1.424507000047015e-06,46383,0.46383,13,117957,131072,100000,0.762939453125,31072,0.762939453125,300000,353871,653871,6.53871,13558936,16,418983635330710152,499844581152741729,2305843009213693951
100000,3.0,0.5,61,20,random,0.2008754999988014,2.008754999988014e-06,24210,0.2421,9,78737,314928,100000,0.31753289640806787,214928,0.31753289640806787,300000,236211,536211,5.36211,25797944,16,418983635330710152,499844581152741729,2305843009213693951
100000,3.0,0.75,61,20,random,0.18180690000008326,1.8180690000008326e-06,35100,0.351,9,118101,314928,100000,0.31753289640806787,214928,0.31753289640806787,300000,354303,654303,6.54303,25797944,16,418983635330710152,499844581152741729,2305843009213693951
100000,3.0,0.9,61,20,random,0.2189560000115307,2.189560000115307e-06,42642,0.42642,9,141715,314928,100000,0.31753289640806787,214928,0.31753289640806787,300000,425145,725145,7.25145,25797944,16,418983635330710152,499844581152741729,2305843009213693951
100000,1.5,0.5,62,21,random,0.37353820000134874,3.7353820000134875e-06,34609,0.34609,24,271622,271625,100000,0.36815462494247586,171625,0.36815462494247586,300000,814866,1114866,11.14866,23022928,16,1326467972949138173,150235521510768009,2305843009213693951
100000,1.5,0.75,62,21,random,0.2946501999977045,2.9465019999770447e-06,48039,0.48039,23,271606,181083,100000,0.552232953949294,81083,0.552232953949294,300000,814818,1114818,11.14818,17064768,16,1326467972949138173,150235521510768009,2305843009213693951
100000,1.5,0.9,62,21,random,0.2445422999880975,2.4454229998809753e-06,55099,0.55099,22,217274,120722,100000,0.828349430923941,20722,0.828349430923941,300000,651822,951822,9.51822,12782440,16,1326467972949138173,150235521510768009,2305843009213693951
100000,2.0,0.5,62,21,random,0.1864696999982698,1.864696999982698e-06,28210,0.2821,14,131078,262144,100000,0.3814697265625,162144,0.3814697265625,300000,393234,693234,6.93234,22509176,16,1326467972949138173,150235521510768009,2305843009213693951
100000,2.0,0.75,62,21,random,0.2589692999899853,2.589692999899853e-06,41353,0.41353,14,196610,262144,100000,0.3814697265625,162144,0.3814697265625,300000,589830,889830,8.8983,22509176,16,1326467972949138173,150235521510768009,2305843009213693951
100000,2.0,0.9,62,21,random,0.143344199997955,1.43344199997955e-06,46185,0.46185,13,117957,131072,100000,0.762939453125,31072,0.762939453125,300000,353871,653871,6.53871,13563768,16,1326467972949138173,150235521510768009,2305843009213693951
100000,3.0,0.5,62,21,random,0.19838060000620317,1.9838060000620317e-06,23159,0.23159,9,78737,314928,100000,0.31753289640806787,214928,0.31753289640806787,300000,236211,536211,5.36211,25835000,16,1326467972949138173,150235521510768009,2305843009213693951
100000,3.0,0.75,62,21,random,0.22671010000340175,2.2671010000340174e-06,34511,0.34511,9,118101,314928,100000,0.31753289640806787,214928,0.31753289640806787,300000,354303,654303,6.54303,25835000,16,1326467972949138173,150235521510768009,2305843009213693951
100000,3.0,0.9,62,21,random,0.2343202000047313,2.343202000047313e-06,42437,0.42437,9,141715,314928,100000,0.31753289640806787,214928,0.31753289640806787,300000,425145,725145,7.25145,25835000,16,1326467972949138173,150235521510768009,2305843009213693951
100000,1.5,0.5,63,22,random,0.38333340000826865,3.833334000082686e-06,32381,0.32381,24,271622,271625,100000,0.36815462494247586,171625,0.36815462494247586,300000,814866,1114866,11.14866,23050448,16,1024322815512585445,2145571529822921201,2305843009213693951
100000,1.5,0.75,63,22,random,0.29069770000933204,2.9069770000933205e-06,44734,0.44734,23,271606,181083,100000,0.552232953949294,81083,0.552232953949294,300000,814818,1114818,11.14818,17074016,16,1024322815512585445,2145571529822921201,2305843009213693951
100000,1.5,0.9,63,22,random,0.19974240000010468,1.997424000001047e-06,51390,0.5139,22,217274,120722,100000,0.828349430923941,20722,0.828349430923941,300000,651822,951822,9.51822,12792776,16,1024322815512585445,2145571529822921201,2305843009213693951
100000,2.0,0.5,63,22,random,0.22353940000175498,2.2353940000175497e-06,29164,0.29164,14,131078,262144,100000,0.3814697265625,162144,0.3814697265625,300000,393234,693234,6.93234,22487864,16,1024322815512585445,2145571529822921201,2305843009213693951
100000,2.0,0.75,63,22,random,0.26142029999755323,2.6142029999755324e-06,42387,0.42387,14,196610,262144,100000,0.3814697265625,162144,0.3814697265625,300000,589830,889830,8.8983,22487864,16,1024322815512585445,2145571529822921201,2305843009213693951
100000,2.0,0.9,63,22,random,0.14574439999705646,1.4574439999705647e-06,47207,0.47207,13,117957,131072,100000,0.762939453125,31072,0.762939453125,300000,353871,653871,6.53871,13532600,16,1024322815512585445,2145571529822921201,2305843009213693951
100000,3.0,0.5,63,22,random,0.20380819999263622,2.0380819999263623e-06,23499,0.23499,9,78737,314928,100000,0.31753289640806787,214928,0.31753289640806787,300000,236211,536211,5.36211,25830008,16,1024322815512585445,2145571529822921201,2305843009213693951
100000,3.0,0.75,63,22,random,0.17989839999063406,1.7989839999063406e-06,34691,0.34691,9,118101,314928,100000,0.31753289640806787,214928,0.31753289640806787,300000,354303,654303,6.54303,25830008,16,1024322815512585445,2145571529822921201,2305843009213693951
100000,3.0,0.9,63,22,random,0.22663669999747071,2.2663669999747073e-06,42631,0.42631,9,141715,314928,100000,0.31753289640806787,214928,0.31753289640806787,300000,425145,725145,7.25145,25830008,16,1024322815512585445,2145571529822921201,2305843009213693951
100000,1.5,0.5,64,23,random,0.3953114000032656,3.953114000032656e-06,32383,0.32383,24,271622,271625,100000,0.36815462494247586,171625,0.36815462494247586,300000,814866,1114866,11.14866,23056816,16,287886780813115929,1413457234261051687,2305843009213693951
100000,1.5,0.75,64,23,random,0.3000408000079915,3.000408000079915e-06,45067,0.45067,23,271606,181083,100000,0.552232953949294,81083,0.552232953949294,300000,814818,1114818,11.14818,17066784,16,287886780813115929,1413457234261051687,2305843009213693951
100000,1.5,0.9,64,23,random,0.20408019999740645,2.0408019999740643e-06,51427,0.51427,22,217274,120722,100000,0.828349430923941,20722,0.828349430923941,300000,651822,951822,9.51822,12782344,16,287886780813115929,1413457234261051687,2305843009213693951
100000,2.0,0.5,64,23,random,0.23111970000900328,2.311197000090033e-06,28435,0.28435,14,131078,262144,100000,0.3814697265625,162144,0.3814697265625,300000,393234,693234,6.93234,22504056,16,287886780813115929,1413457234261051687,2305843009213693951
100000,2.0,0.75,64,23,random,0.260439799996675,2.60439799996675e-06,41561,0.41561,14,196610,262144,100000,0.3814697265625,162144,0.3814697265625,300000,589830,889830,8.8983,22504056,16,287886780813115929,1413457234261051687,2305843009213693951
100000,2.0,0.9,64,23,random,0.14701980000245385,1.4701980000245384e-06,46327,0.46327,13,117957,131072,100000,0.762939453125,31072,0.762939453125,300000,353871,653871,6.53871,13553176,16,287886780813115929,1413457234261051687,2305843009213693951
100000,3.0,0.5,64,23,random,0.20757500000763685,2.0757500000763685e-06,28225,0.28225,9,78737,314928,100000,0.31753289640806787,214928,0.31753289640806787,300000,236211,536211,5.36211,25605656,16,287886780813115929,1413457234261051687,2305843009213693951
100000,3.0,0.75,64,23,random,0.22987660000217147,2.2987660000217148e-06,36990,0.3699,9,118101,314928,100000,0.31753289640806787,214928,0.31753289640806787,300000,354303,654303,6.54303,25605656,16,287886780813115929,1413457234261051687,2305843009213693951
100000,3.0,0.9,64,23,random,0.19553779999841936,1.9553779999841937e-06,43088,0.43088,9,141715,314928,100000,0.31753289640806787,214928,0.31753289640806787,300000,425145,725145,7.25145,25605656,16,287886780813115929,1413457234261051687,2305843009213693951
100000,1.5,0.5,65,24,random,0.37948340000002645,3.7948340000002644e-06,34880,0.3488,24,271622,271625,100000,0.36815462494247586,171625,0.36815462494247586,300000,814866,1114866,11.14866,23058032,16,666030003530279332,1185754838603315180,2305843009213693951
100000,1.5,0.75,65,24,random,0.29100530000869185,2.9100530000869184e-06,48896,0.48896,23,271606,181083,100000,0.552232953949294,81083,0.552232953949294,300000,814818,1114818,11.14818,17064448,16,666030003530279332,1185754838603315180,2305843009213693951
100000,1.5,0.9,65,24,random,0.2349940999993123,2.349940999993123e-06,56249,0.56249,22,217274,120722,100000,0.828349430923941,20722,0.828349430923941,300000,651822,951822,9.51822,12785768,16,666030003530279332,1185754838603315180,2305843009213693951
100000,2.0,0.5,65,24,random,0.23447130000567995,2.3447130000567994e-06,28149,0.28149,14,131078,262144,100000,0.3814697265625,162144,0.3814697265625,300000,393234,693234,6.93234,22509432,16,666030003530279332,1185754838603315180,2305843009213693951
100000,2.0,0.75,65,24,random,0.2780726000055438,2.780726000055438e-06,41401,0.41401,14,196610,262144,100000,0.3814697265625,162144,0.3814697265625,300000,589830,889830,8.8983,22509432,16,666030003530279332,1185754838603315180,2305843009213693951
100000,2.0,0.9,65,24,random,0.16020339999522548,1.6020339999522548e-06,46335,0.46335,13,117957,131072,100000,0.762939453125,31072,0.762939453125,300000,353871,653871,6.53871,13564696,16,666030003530279332,1185754838603315180,2305843009213693951
100000,3.0,0.5,65,24,random,0.15808069999911822,1.5808069999911823e-06,23380,0.2338,9,78737,314928,100000,0.31753289640806787,214928,0.31753289640806787,300000,236211,536211,5.36211,25835064,16,666030003530279332,1185754838603315180,2305843009213693951
100000,3.0,0.75,65,24,random,0.2142743000003975,2.142743000003975e-06,34648,0.34648,9,118101,314928,100000,0.31753289640806787,214928,0.31753289640806787,300000,354303,654303,6.54303,25835064,16,666030003530279332,1185754838603315180,2305843009213693951
100000,3.0,0.9,65,24,random,0.23521379999874625,2.3521379999874627e-06,42591,0.42591,9,141715,314928,100000,0.31753289640806787,214928,0.31753289640806787,300000,425145,725145,7.25145,25835064,16,666030003530279332,1185754838603315180,2305843009213693951
100000,1.5,0.5,66,25,random,0.3805127999949036,3.8051279999490363e-06,32389,0.32389,24,271622,271625,100000,0.36815462494247586,171625,0.36815462494247586,300000,814866,1114866,11.14866,23058000,16,719391770955253926,2130106160647316609,2305843009213693951
100000,1.5,0.75,66,25,random,0.29413349999231286,2.941334999923129e-06,44981,0.44981,23,271606,181083,100000,0.552232953949294,81083,0.552232953949294,300000,814818,1114818,11.14818,17064768,16,719391770955253926,2130106160647316609,2305843009213693951
100000,1.5,0.9,66,25,random,0.19650169998931233,1.965016999893123e-06,51465,0.51465,22,217274,120722,100000,0.828349430923941,20722,0.828349430923941,300000,651822,951822,9.51822,12789416,16,719391770955253926,2130106160647316609,2305843009213693951
100000,2.0,0.5,66,25,random,0.22721920000913087,2.2721920000913087e-06,28580,0.2858,14,131078,262144,100000,0.3814697265625,162144,0.3814697265625,300000,393234,693234,6.93234,22497368,16,719391770955253926,2130106160647316609,2305843009213693951
100000,2.0,0.75,66,25,random,0.26290359999984503,2.6290359999984502e-06,41657,0.41657,14,196610,262144,100000,0.3814697265625,162144,0.3814697265625,300000,589830,889830,8.8983,22497368,16,719391770955253926,2130106160647316609,2305843009213693951
100000,2.0,0.9,66,25,random,0.1511233000055654,1.511233000055654e-06,46424,0.46424,13,117957,131072,100000,0.762939453125,31072,0.762939453125,300000,353871,653871,6.53871,13552248,16,719391770955253926,2130106160647316609,2305843009213693951
100000,3.0,0.5,66,25,random,0.20594920001167338,2.059492000116734e-06,23215,0.23215,9,78737,314928,100000,0.31753289640806787,214928,0.31753289640806787,300000,236211,536211,5.36211,25837464,16,719391770955253926,2130106160647316609,2305843009213693951
100000,3.0,0.75,66,25,random,0.1810607999941567,1.8106079999415669e-06,34513,0.34513,9,118101,314928,100000,0.31753289640806787,214928,0.31753289640806787,300000,354303,654303,6.54303,25837464,16,719391770955253926,2130106160647316609,2305843009213693951
100000,3.0,0.9,66,25,random,0.2297029999899678,2.297029999899678e-06,42425,0.42425,9,141715,314928,100000,0.31753289640806787,214928,0.31753289640806787,300000,425145,725145,7.25145,25837464,16,719391770955253926,2130106160647316609,2305843009213693951
100000,1.5,0.5,67,26,random,0.38526330000604503,3.852633000060451e-06,32136,0.32136,24,271622,271625,100000,0.36815462494247586,171625,0.36815462494247586,300000,814866,1114866,11.14866,23059856,16,267692963849940753,941673545738002381,2305843009213693951
100000,1.5,0.75,67,26,random,0.31386829999974,3.1386829999974e-06,44777,0.44777,23,271606,181083,100000,0.552232953949294,81083,0.552232953949294,300000,814818,1114818,11.14818,17073408,16,267692963849940753,941673545738002381,2305843009213693951
100000,1.5,0.9,67,26,random,0.21550410000781994,2.1550410000781995e-06,51145,0.51145,22,217274,120722,100000,0.828349430923941,20722,0.828349430923941,300000,651822,951822,9.51822,12793192,16,267692963849940753,941673545738002381,2305843009213693951
100000,2.0,0.5,67,26,random,0.220400599995628,2.20400599995628e-06,28443,0.28443,14,131078,262144,100000,0.3814697265625,162144,0.3814697265625,300000,393234,693234,6.93234,22503992,16,267692963849940753,941673545738002381,2305843009213693951
100000,2.0,0.75,67,26,random,0.25768450000032317,2.5768450000032317e-06,41666,0.41666,14,196610,262144,100000,0.3814697265625,162144,0.3814697265625,300000,589830,889830,8.8983,22503992,16,267692963849940753,941673545738002381,2305843009213693951
100000,2.0,0.9,67,26,random,0.1476989000075264,1.4769890000752639e-06,46527,0.46527,13,117957,131072,100000,0.762939453125,31072,0.762939453125,300000,353871,653871,6.53871,13555288,16,267692963849940753,941673545738002381,2305843009213693951
100000,3.0,0.5,67,26,random,0.2004298999963794,2.0042989999637938e-06,23419,0.23419,9,78737,314928,100000,0.31753289640806787,214928,0.31753289640806787,300000,236211,536211,5.36211,25832312,16,267692963849940753,941673545738002381,2305843009213693951
100000,3.0,0.75,67,26,random,0.22548309998819605,2.2548309998819602e-06,34501,0.34501,9,118101,314928,100000,0.31753289640806787,214928,0.31753289640806787,300000,354303,654303,6.54303,25832312,16,267692963849940753,941673545738002381,2305843009213693951
100000,3.0,0.9,67,26,random,0.23480280001240317,2.3480280001240316e-06,42288,0.42288,9,141715,314928,100000,0.31753289640806787,214928,0.31753289640806787,300000,425145,725145,7.25145,25832312,16,267692963849940753,941673545738002381,2305843009213693951
100000,1.5,0.5,68,27,random,0.3892496000044048,3.892496000044048e-06,32801,0.32801,24,271622,271625,100000,0.36815462494247586,171625,0.36815462494247586,300000,814866,1114866,11.14866,22921552,16,1075367493781816306,1590101887495472611,2305843009213693951
100000,1.5,0.75,68,27,random,0.29714830000011716,2.9714830000011715e-06,44975,0.44975,23,271606,181083,100000,0.552232953949294,81083,0.552232953949294,300000,814818,1114818,11.14818,17067456,16,1075367493781816306,1590101887495472611,2305843009213693951
100000,1.5,0.9,68,27,random,0.21481109999876935,2.1481109999876934e-06,51451,0.51451,22,217274,120722,100000,0.828349430923941,20722,0.828349430923941,300000,651822,951822,9.51822,12788424,16,1075367493781816306,1590101887495472611,2305843009213693951
100000,2.0,0.5,68,27,random,0.23256279999623075,2.3256279999623076e-06,28381,0.28381,14,131078,262144,100000,0.3814697265625,162144,0.3814697265625,300000,393234,693234,6.93234,22497080,16,1075367493781816306,1590101887495472611,2305843009213693951
100000,2.0,0.75,68,27,random,0.26237290000426583,2.6237290000426584e-06,41514,0.41514,14,196610,262144,100000,0.3814697265625,162144,0.3814697265625,300000,589830,889830,8.8983,22497080,16,1075367493781816306,1590101887495472611,2305843009213693951
100000,2.0,0.9,68,27,random,0.1566851000097813,1.5668510000978131e-06,46285,0.46285,13,117957,131072,100000,0.762939453125,31072,0.762939453125,300000,353871,653871,6.53871,13558200,16,1075367493781816306,1590101887495472611,2305843009213693951
100000,3.0,0.5,68,27,random,0.17748729999584612,1.7748729999584611e-06,23803,0.23803,9,78737,314928,100000,0.31753289640806787,214928,0.31753289640806787,300000,236211,536211,5.36211,25816504,16,1075367493781816306,1590101887495472611,2305843009213693951
100000,3.0,0.75,68,27,random,0.2166743999987375,2.166743999987375e-06,34930,0.3493,9,118101,314928,100000,0.31753289640806787,214928,0.31753289640806787,300000,354303,654303,6.54303,25816504,16,1075367493781816306,1590101887495472611,2305843009213693951
100000,3.0,0.9,68,27,random,0.23108830000273883,2.3108830000273883e-06,42624,0.42624,9,141715,314928,100000,0.31753289640806787,214928,0.31753289640806787,300000,425145,725145,7.25145,25816504,16,1075367493781816306,1590101887495472611,2305843009213693951
100000,1.5,0.5,69,28,random,0.3848466999916127,3.848466999916127e-06,32414,0.32414,24,271622,271625,100000,0.36815462494247586,171625,0.36815462494247586,300000,814866,1114866,11.14866,23004656,16,86018572855962195,1847883699258444581,2305843009213693951
100000,1.5,0.75,69,28,random,0.2951733000081731,2.951733000081731e-06,45091,0.45091,23,271606,181083,100000,0.552232953949294,81083,0.552232953949294,300000,814818,1114818,11.14818,17069024,16,86018572855962195,1847883699258444581,2305843009213693951
100000,1.5,0.9,69,28,random,0.21044649998657405,2.1044649998657406e-06,51339,0.51339,22,217274,120722,100000,0.828349430923941,20722,0.828349430923941,300000,651822,951822,9.51822,12785672,16,86018572855962195,1847883699258444581,2305843009213693951
100000,2.0,0.5,69,28,random,0.22187259999918751,2.218725999991875e-06,28128,0.28128,14,131078,262144,100000,0.3814697265625,162144,0.3814697265625,300000,393234,693234,6.93234,22506712,16,86018572855962195,1847883699258444581,2305843009213693951
100000,2.0,0.75,69,28,random,0.24745700000494253,2.4745700000494252e-06,41447,0.41447,14,196610,262144,100000,0.3814697265625,162144,0.3814697265625,300000,589830,889830,8.8983,22506712,16,86018572855962195,1847883699258444581,2305843009213693951
100000,2.0,0.9,69,28,random,0.1631558000080986,1.631558000080986e-06,46387,0.46387,13,117957,131072,100000,0.762939453125,31072,0.762939453125,300000,353871,653871,6.53871,13560952,16,86018572855962195,1847883699258444581,2305843009213693951
100000,3.0,0.5,69,28,random,0.20440859999507666,2.0440859999507667e-06,23433,0.23433,9,78737,314928,100000,0.31753289640806787,214928,0.31753289640806787,300000,236211,536211,5.36211,25828184,16,86018572855962195,1847883699258444581,2305843009213693951
100000,3.0,0.75,69,28,random,0.22287599999981467,2.2287599999981466e-06,34503,0.34503,9,118101,314928,100000,0.31753289640806787,214928,0.31753289640806787,300000,354303,654303,6.54303,25828184,16,86018572855962195,1847883699258444581,2305843009213693951
100000,3.0,0.9,69,28,random,0.19733260000066366,1.9733260000066366e-06,42443,0.42443,9,141715,314928,100000,0.31753289640806787,214928,0.31753289640806787,300000,425145,725145,7.25145,25828184,16,86018572855962195,1847883699258444581,2305843009213693951
100000,1.5,0.5,70,29,random,0.391693799989298,3.91693799989298e-06,36281,0.36281,24,271622,271625,100000,0.36815462494247586,171625,0.36815462494247586,300000,814866,1114866,11.14866,22213488,16,273089160051860230,1621121173616640907,2305843009213693951
100000,1.5,0.75,70,29,random,0.3109674000006635,3.1096740000066346e-06,45350,0.4535,23,271606,181083,100000,0.552232953949294,81083,0.552232953949294,300000,814818,1114818,11.14818,17068928,16,273089160051860230,1621121173616640907,2305843009213693951
100000,1.5,0.9,70,29,random,0.2514590000064345,2.514590000064345e-06,51722,0.51722,22,217274,120722,100000,0.828349430923941,20722,0.828349430923941,300000,651822,951822,9.51822,12782568,16,273089160051860230,1621121173616640907,2305843009213693951
100000,2.0,0.5,70,29,random,0.23522260000754613,2.3522260000754613e-06,28389,0.28389,14,131078,262144,100000,0.3814697265625,162144,0.3814697265625,300000,393234,693234,6.93234,22502968,16,273089160051860230,1621121173616640907,2305843009213693951
100000,2.0,0.75,70,29,random,0.2666231000039261,2.666231000039261e-06,41287,0.41287,14,196610,262144,100000,0.3814697265625,162144,0.3814697265625,300000,589830,889830,8.8983,22502968,16,273089160051860230,1621121173616640907,2305843009213693951
100000,2.0,0.9,70,29,random,0.15468609999516048,1.5468609999516047e-06,46167,0.46167,13,117957,131072,100000,0.762939453125,31072,0.762939453125,300000,353871,653871,6.53871,13559064,16,273089160051860230,1621121173616640907,2305843009213693951
100000,3.0,0.5,70,29,random,0.1636441000009654,1.636441000009654e-06,23479,0.23479,9,78737,314928,100000,0.31753289640806787,214928,0.31753289640806787,300000,236211,536211,5.36211,25835832,16,273089160051860230,1621121173616640907,2305843009213693951
100000,3.0,0.75,70,29,random,0.21945750000304542,2.1945750000304543e-06,34580,0.3458,9,118101,314928,100000,0.31753289640806787,214928,0.31753289640806787,300000,354303,654303,6.54303,25835832,16,273089160051860230,1621121173616640907,2305843009213693951
100000,3.0,0.9,70,29,random,0.23448470000585075,2.3448470000585077e-06,42525,0.42525,9,141715,314928,100000,0.31753289640806787,214928,0.31753289640806787,300000,425145,725145,7.25145,25835832,16,273089160051860230,1621121173616640907,2305843009213693951
100000,1.5,0.5,71,30,random,0.3925380999862682,3.925380999862682e-06,32830,0.3283,24,271622,271625,100000,0.36815462494247586,171625,0.36815462494247586,300000,814866,1114866,11.14866,23051536,16,1172432318357405658,1841538480035479711,2305843009213693951
100000,1.5,0.75,71,30,random,0.29525809999904595,2.9525809999904595e-06,45152,0.45152,23,271606,181083,100000,0.552232953949294,81083,0.552232953949294,300000,814818,1114818,11.14818,17041312,16,1172432318357405658,1841538480035479711,2305843009213693951
100000,1.5,0.9,71,30,random,0.2153690999984974,2.153690999984974e-06,51709,0.51709,22,217274,120722,100000,0.828349430923941,20722,0.828349430923941,300000,651822,951822,9.51822,12783176,16,1172432318357405658,1841538480035479711,2305843009213693951
100000,2.0,0.5,71,30,random,0.23740420000103768,2.374042000010377e-06,28180,0.2818,14,131078,262144,100000,0.3814697265625,162144,0.3814697265625,300000,393234,693234,6.93234,22505688,16,1172432318357405658,1841538480035479711,2305843009213693951
100000,2.0,0.75,71,30,random,0.26853799998934846,2.685379999893485e-06,41419,0.41419,14,196610,262144,100000,0.3814697265625,162144,0.3814697265625,300000,589830,889830,8.8983,22505688,16,1172432318357405658,1841538480035479711,2305843009213693951
100000,2.0,0.9,71,30,random,0.16871559999708552,1.6871559999708553e-06,46290,0.4629,13,117957,131072,100000,0.762939453125,31072,0.762939453125,300000,353871,653871,6.53871,13560152,16,1172432318357405658,1841538480035479711,2305843009213693951
100000,3.0,0.5,71,30,random,0.23936089999915566,2.3936089999915566e-06,23287,0.23287,9,78737,314928,100000,0.31753289640806787,214928,0.31753289640806787,300000,236211,536211,5.36211,25840696,16,1172432318357405658,1841538480035479711,2305843009213693951
100000,3.0,0.75,71,30,random,0.19451880000997335,1.9451880000997336e-06,34511,0.34511,9,118101,314928,100000,0.31753289640806787,214928,0.31753289640806787,300000,354303,654303,6.54303,25840696,16,1172432318357405658,1841538480035479711,2305843009213693951
100000,3.0,0.9,71,30,random,0.23694020000402816,2.3694020000402817e-06,42328,0.42328,9,141715,314928,100000,0.31753289640806787,214928,0.31753289640806787,300000,425145,725145,7.25145,25840696,16,1172432318357405658,1841538480035479711,2305843009213693951
