run_id,resize_number,old_capacity,new_capacity,gamma_effective,size,trigger_load,alpha_pre,alpha_post,moved_entries,pair_collisions_after,old_hash_a,old_hash_b,new_hash_a,new_hash_b
n1000-g1.5-t0.8-r1-h31042,1,11,17,1.5454545454545454,8,0.8181818181818182,0.7272727272727273,0.47058823529411764,8,4,1747481948824663489,1018574062632349030,1568554954941751187,1058122835884555215
n1000-g1.5-t0.8-r1-h31042,2,17,29,1.7058823529411764,13,0.8235294117647058,0.7647058823529411,0.4482758620689655,13,5,1568554954941751187,1058122835884555215,1066652072911828271,605471332473462994
n1000-g1.5-t0.8-r1-h31042,3,29,47,1.6206896551724137,23,0.8275862068965517,0.7931034482758621,0.48936170212765956,23,3,1066652072911828271,605471332473462994,1039257429923810267,1671058991692678914
n1000-g1.5-t0.8-r1-h31042,4,47,71,1.5106382978723405,37,0.8085106382978723,0.7872340425531915,0.5211267605633803,37,9,1039257429923810267,1671058991692678914,289208513342756656,1737239256259392775
n1000-g1.5-t0.8-r1-h31042,5,71,107,1.5070422535211268,56,0.8028169014084507,0.7887323943661971,0.5233644859813084,56,13,289208513342756656,1737239256259392775,1175790274723732104,1110046690991243311
n1000-g1.5-t0.8-r1-h31042,6,107,163,1.5233644859813085,85,0.8037383177570093,0.794392523364486,0.5214723926380368,85,23,1175790274723732104,1110046690991243311,2223751552928785042,585906322912266558
n1000-g1.5-t0.8-r1-h31042,7,163,251,1.539877300613497,130,0.803680981595092,0.7975460122699386,0.5179282868525896,130,39,2223751552928785042,585906322912266558,216001057262141823,1258409179699703360
n1000-g1.5-t0.8-r1-h31042,8,251,379,1.5099601593625498,200,0.8007968127490039,0.796812749003984,0.5277044854881267,200,61,216001057262141823,1258409179699703360,1818499928968777257,1871060345558551550
n1000-g1.5-t0.8-r1-h31042,9,379,569,1.5013192612137203,303,0.8021108179419525,0.7994722955145118,0.5325131810193322,303,68,1818499928968777257,1871060345558551550,842103669965125932,1719460426985524411
n1000-g1.5-t0.8-r1-h31042,10,569,857,1.5061511423550087,455,0.8014059753954306,0.7996485061511424,0.5309218203033839,455,101,842103669965125932,1719460426985524411,663312402986563884,1147830989259873065
n1000-g1.5-t0.8-r1-h31042,11,857,1289,1.5040840140023337,685,0.8004667444574096,0.7992998833138857,0.5314197051978278,685,169,663312402986563884,1147830989259873065,530133399472470732,283097919641614406
n1000-g1.25-t0.7-r1-h31042,1,11,17,1.5454545454545454,7,0.7272727272727273,0.6363636363636364,0.4117647058823529,7,3,1747481948824663489,1018574062632349030,1568554954941751187,1058122835884555215
n1000-g1.25-t0.7-r1-h31042,2,17,23,1.3529411764705883,11,0.7058823529411765,0.6470588235294118,0.4782608695652174,11,1,1568554954941751187,1058122835884555215,1066652072911828271,605471332473462994
n1000-g1.25-t0.7-r1-h31042,3,23,29,1.2608695652173914,16,0.7391304347826086,0.6956521739130435,0.5517241379310345,16,1,1066652072911828271,605471332473462994,1039257429923810267,1671058991692678914
n1000-g1.25-t0.7-r1-h31042,4,29,37,1.2758620689655173,20,0.7241379310344828,0.6896551724137931,0.5405405405405406,20,5,1039257429923810267,1671058991692678914,289208513342756656,1737239256259392775
n1000-g1.25-t0.7-r1-h31042,5,37,47,1.2702702702702702,25,0.7027027027027027,0.6756756756756757,0.5319148936170213,25,4,289208513342756656,1737239256259392775,1175790274723732104,1110046690991243311
n1000-g1.25-t0.7-r1-h31042,6,47,59,1.2553191489361701,32,0.7021276595744681,0.6808510638297872,0.5423728813559322,32,10,1175790274723732104,1110046690991243311,2223751552928785042,585906322912266558
n1000-g1.25-t0.7-r1-h31042,7,59,79,1.3389830508474576,41,0.711864406779661,0.6949152542372882,0.5189873417721519,41,9,2223751552928785042,585906322912266558,216001057262141823,1258409179699703360
n1000-g1.25-t0.7-r1-h31042,8,79,101,1.2784810126582278,55,0.7088607594936709,0.6962025316455697,0.5445544554455446,55,10,216001057262141823,1258409179699703360,1818499928968777257,1871060345558551550
n1000-g1.25-t0.7-r1-h31042,9,101,127,1.2574257425742574,70,0.7029702970297029,0.693069306930693,0.5511811023622047,70,19,1818499928968777257,1871060345558551550,842103669965125932,1719460426985524411
n1000-g1.25-t0.7-r1-h31042,10,127,163,1.2834645669291338,88,0.7007874015748031,0.6929133858267716,0.5398773006134969,88,27,842103669965125932,1719460426985524411,663312402986563884,1147830989259873065
n1000-g1.25-t0.7-r1-h31042,11,163,211,1.294478527607362,114,0.7055214723926381,0.6993865030674846,0.5402843601895735,114,25,663312402986563884,1147830989259873065,530133399472470732,283097919641614406
n1000-g1.25-t0.7-r1-h31042,12,211,269,1.2748815165876777,147,0.7014218009478673,0.6966824644549763,0.5464684014869888,147,35,530133399472470732,283097919641614406,1055129681217370319,1286563909733345339
n1000-g1.25-t0.7-r1-h31042,13,269,337,1.2527881040892193,188,0.7026022304832714,0.6988847583643123,0.5578635014836796,188,59,1055129681217370319,1286563909733345339,475811965840538922,361802660261835333
n1000-g1.25-t0.7-r1-h31042,14,337,431,1.2789317507418398,235,0.7002967359050445,0.6973293768545994,0.5452436194895591,235,66,475811965840538922,361802660261835333,511551704733751547,74427130775316711
n1000-g1.25-t0.7-r1-h31042,15,431,541,1.2552204176334107,301,0.7006960556844548,0.6983758700696056,0.55637707948244,301,86,511551704733751547,74427130775316711,2159004646025084710,128890867864186189
n1000-g1.25-t0.7-r1-h31042,16,541,677,1.2513863216266174,378,0.7005545286506469,0.6987060998151571,0.5583456425406204,378,100,2159004646025084710,128890867864186189,2253279181086737181,1402874701225388646
n1000-g1.25-t0.7-r1-h31042,17,677,853,1.259970457902511,473,0.7001477104874446,0.6986706056129985,0.5545134818288394,473,498,2253279181086737181,1402874701225388646,1553425003596823705,1754792764004595386
n1000-g1.25-t0.7-r1-h31042,18,853,1069,1.2532239155920282,597,0.7010550996483002,0.6998827667057445,0.558465855940131,597,171,1553425003596823705,1754792764004595386,616306861933080492,1569437286289445084
n1000-g1.25-t0.7-r1-h31042,19,1069,1361,1.2731524789522919,748,0.7006548175865295,0.6997193638914874,0.5495958853783982,748,180,616306861933080492,1569437286289445084,335617465972059138,581327705028044665
n1000-g1.25-t0.7-r1-h31042,20,1361,1709,1.2556943423952975,952,0.7002204261572373,0.6994856722997795,0.5570509069631363,952,257,335617465972059138,581327705028044665,1281807480313938569,1286278291082997294
n1000-g3-t0.5-r1-h31042,1,11,37,3.3636363636363638,5,0.5454545454545454,0.45454545454545453,0.13513513513513514,5,0,1747481948824663489,1018574062632349030,1568554954941751187,1058122835884555215
n1000-g3-t0.5-r1-h31042,2,37,113,3.054054054054054,18,0.5135135135135135,0.4864864864864865,0.1592920353982301,18,0,1568554954941751187,1058122835884555215,1066652072911828271,605471332473462994
n1000-g3-t0.5-r1-h31042,3,113,347,3.0707964601769913,56,0.504424778761062,0.49557522123893805,0.16138328530259366,56,2,1066652072911828271,605471332473462994,1039257429923810267,1671058991692678914
n1000-g3-t0.5-r1-h31042,4,347,1049,3.0230547550432276,173,0.5014409221902018,0.49855907780979825,0.16491897044804577,173,9,1039257429923810267,1671058991692678914,289208513342756656,1737239256259392775
n1000-g3-t0.5-r1-h31042,5,1049,3163,3.015252621544328,524,0.5004766444232602,0.49952335557673977,0.16566550742965538,524,42,289208513342756656,1737239256259392775,1175790274723732104,1110046690991243311
n1000-g2-t0.7-r1-h31042,1,11,23,2.090909090909091,7,0.7272727272727273,0.6363636363636364,0.30434782608695654,7,1,1747481948824663489,1018574062632349030,1568554954941751187,1058122835884555215
n1000-g2-t0.7-r1-h31042,2,23,47,2.0434782608695654,16,0.7391304347826086,0.6956521739130435,0.3404255319148936,16,4,1568554954941751187,1058122835884555215,1066652072911828271,605471332473462994
n1000-g2-t0.7-r1-h31042,3,47,97,2.0638297872340425,32,0.7021276595744681,0.6808510638297872,0.32989690721649484,32,3,1066652072911828271,605471332473462994,1039257429923810267,1671058991692678914
n1000-g2-t0.7-r1-h31042,4,97,197,2.0309278350515463,67,0.7010309278350515,0.6907216494845361,0.3401015228426396,67,16,1039257429923810267,1671058991692678914,289208513342756656,1737239256259392775
n1000-g2-t0.7-r1-h31042,5,197,397,2.015228426395939,137,0.700507614213198,0.6954314720812182,0.345088161209068,137,20,289208513342756656,1737239256259392775,1175790274723732104,1110046690991243311
n1000-g2-t0.7-r1-h31042,6,397,797,2.0075566750629723,277,0.7002518891687658,0.6977329974811083,0.3475533249686324,277,55,1175790274723732104,1110046690991243311,2223751552928785042,585906322912266558
n1000-g2-t0.7-r1-h31042,7,797,1597,2.0037641154328734,557,0.7001254705144291,0.698870765370138,0.3487789605510332,557,112,2223751552928785042,585906322912266558,216001057262141823,1258409179699703360
n1000-g2-t0.5-r1-h31042,1,11,23,2.090909090909091,5,0.5454545454545454,0.45454545454545453,0.21739130434782608,5,0,1747481948824663489,1018574062632349030,1568554954941751187,1058122835884555215
n1000-g2-t0.5-r1-h31042,2,23,47,2.0434782608695654,11,0.5217391304347826,0.4782608695652174,0.23404255319148937,11,2,1568554954941751187,1058122835884555215,1066652072911828271,605471332473462994
n1000-g2-t0.5-r1-h31042,3,47,97,2.0638297872340425,23,0.5106382978723404,0.48936170212765956,0.23711340206185566,23,0,1066652072911828271,605471332473462994,1039257429923810267,1671058991692678914
n1000-g2-t0.5-r1-h31042,4,97,197,2.0309278350515463,48,0.5051546391752577,0.4948453608247423,0.2436548223350254,48,10,1039257429923810267,1671058991692678914,289208513342756656,1737239256259392775
n1000-g2-t0.5-r1-h31042,5,197,397,2.015228426395939,98,0.5025380710659898,0.49746192893401014,0.24685138539042822,98,9,289208513342756656,1737239256259392775,1175790274723732104,1110046690991243311
n1000-g2-t0.5-r1-h31042,6,397,797,2.0075566750629723,198,0.5012594458438288,0.4987405541561713,0.24843161856963614,198,25,1175790274723732104,1110046690991243311,2223751552928785042,585906322912266558
n1000-g2-t0.5-r1-h31042,7,797,1597,2.0037641154328734,398,0.5006273525721455,0.4993726474278545,0.24921728240450847,398,59,2223751552928785042,585906322912266558,216001057262141823,1258409179699703360
n1000-g2-t0.5-r1-h31042,8,1597,3203,2.005635566687539,798,0.5003130870381967,0.4996869129618034,0.2491414299094599,798,91,216001057262141823,1258409179699703360,1818499928968777257,1871060345558551550
n1000-g4-t0.9-r1-h31042,1,11,47,4.2727272727272725,9,0.9090909090909091,0.8181818181818182,0.19148936170212766,9,1,1747481948824663489,1018574062632349030,1568554954941751187,1058122835884555215
n1000-g4-t0.9-r1-h31042,2,47,191,4.0638297872340425,42,0.9148936170212766,0.8936170212765957,0.2198952879581152,42,6,1568554954941751187,1058122835884555215,1066652072911828271,605471332473462994
n1000-g4-t0.9-r1-h31042,3,191,769,4.026178010471204,171,0.900523560209424,0.8952879581151832,0.2223667100130039,171,19,1066652072911828271,605471332473462994,1039257429923810267,1671058991692678914
n1000-g4-t0.9-r1-h31042,4,769,3079,4.003901170351106,692,0.9011703511053316,0.8998699609882965,0.22474829490094186,692,76,1039257429923810267,1671058991692678914,289208513342756656,1737239256259392775
n1000-g4-t0.5-r1-h31042,1,11,47,4.2727272727272725,5,0.5454545454545454,0.45454545454545453,0.10638297872340426,5,0,1747481948824663489,1018574062632349030,1568554954941751187,1058122835884555215
n1000-g4-t0.5-r1-h31042,2,47,191,4.0638297872340425,23,0.5106382978723404,0.48936170212765956,0.12041884816753927,23,2,1568554954941751187,1058122835884555215,1066652072911828271,605471332473462994
n1000-g4-t0.5-r1-h31042,3,191,769,4.026178010471204,95,0.5026178010471204,0.4973821989528796,0.1235370611183355,95,4,1066652072911828271,605471332473462994,1039257429923810267,1671058991692678914
n1000-g4-t0.5-r1-h31042,4,769,3079,4.003901170351106,384,0.5006501950585176,0.49934980494148246,0.12471581682364404,384,24,1039257429923810267,1671058991692678914,289208513342756656,1737239256259392775
n1000-g3-t0.7-r1-h31042,1,11,37,3.3636363636363638,7,0.7272727272727273,0.6363636363636364,0.1891891891891892,7,0,1747481948824663489,1018574062632349030,1568554954941751187,1058122835884555215
n1000-g3-t0.7-r1-h31042,2,37,113,3.054054054054054,25,0.7027027027027027,0.6756756756756757,0.22123893805309736,25,1,1568554954941751187,1058122835884555215,1066652072911828271,605471332473462994
n1000-g3-t0.7-r1-h31042,3,113,347,3.0707964601769913,79,0.7079646017699115,0.6991150442477876,0.2276657060518732,79,7,1066652072911828271,605471332473462994,1039257429923810267,1671058991692678914
n1000-g3-t0.7-r1-h31042,4,347,1049,3.0230547550432276,242,0.7002881844380403,0.6974063400576369,0.23069590085795996,242,21,1039257429923810267,1671058991692678914,289208513342756656,1737239256259392775
n1000-g3-t0.7-r1-h31042,5,1049,3163,3.015252621544328,734,0.7006673021925643,0.6997140133460439,0.2320581726209295,734,79,289208513342756656,1737239256259392775,1175790274723732104,1110046690991243311
n1000-g1.25-t0.8-r1-h31042,1,11,17,1.5454545454545454,8,0.8181818181818182,0.7272727272727273,0.47058823529411764,8,4,1747481948824663489,1018574062632349030,1568554954941751187,1058122835884555215
n1000-g1.25-t0.8-r1-h31042,2,17,23,1.3529411764705883,13,0.8235294117647058,0.7647058823529411,0.5652173913043478,13,1,1568554954941751187,1058122835884555215,1066652072911828271,605471332473462994
n1000-g1.25-t0.8-r1-h31042,3,23,29,1.2608695652173914,18,0.8260869565217391,0.782608695652174,0.6206896551724138,18,2,1066652072911828271,605471332473462994,1039257429923810267,1671058991692678914
n1000-g1.25-t0.8-r1-h31042,4,29,37,1.2758620689655173,23,0.8275862068965517,0.7931034482758621,0.6216216216216216,23,7,1039257429923810267,1671058991692678914,289208513342756656,1737239256259392775
n1000-g1.25-t0.8-r1-h31042,5,37,47,1.2702702702702702,29,0.8108108108108109,0.7837837837837838,0.6170212765957447,29,6,289208513342756656,1737239256259392775,1175790274723732104,1110046690991243311
n1000-g1.25-t0.8-r1-h31042,6,47,59,1.2553191489361701,37,0.8085106382978723,0.7872340425531915,0.6271186440677966,37,14,1175790274723732104,1110046690991243311,2223751552928785042,585906322912266558
n1000-g1.25-t0.8-r1-h31042,7,59,79,1.3389830508474576,47,0.8135593220338984,0.7966101694915254,0.5949367088607594,47,10,2223751552928785042,585906322912266558,216001057262141823,1258409179699703360
n1000-g1.25-t0.8-r1-h31042,8,79,101,1.2784810126582278,63,0.810126582278481,0.7974683544303798,0.6237623762376238,63,15,216001057262141823,1258409179699703360,1818499928968777257,1871060345558551550
n1000-g1.25-t0.8-r1-h31042,9,101,127,1.2574257425742574,80,0.801980198019802,0.7920792079207921,0.6299212598425197,80,22,1818499928968777257,1871060345558551550,842103669965125932,1719460426985524411
n1000-g1.25-t0.8-r1-h31042,10,127,163,1.2834645669291338,101,0.8031496062992126,0.7952755905511811,0.6196319018404908,101,32,842103669965125932,1719460426985524411,663312402986563884,1147830989259873065
n1000-g1.25-t0.8-r1-h31042,11,163,211,1.294478527607362,130,0.803680981595092,0.7975460122699386,0.6161137440758294,130,37,663312402986563884,1147830989259873065,530133399472470732,283097919641614406
n1000-g1.25-t0.8-r1-h31042,12,211,269,1.2748815165876777,168,0.8009478672985783,0.7962085308056872,0.6245353159851301,168,47,530133399472470732,283097919641614406,1055129681217370319,1286563909733345339
n1000-g1.25-t0.8-r1-h31042,13,269,337,1.2527881040892193,215,0.8029739776951673,0.7992565055762082,0.6379821958456974,215,78,1055129681217370319,1286563909733345339,475811965840538922,361802660261835333
n1000-g1.25-t0.8-r1-h31042,14,337,431,1.2789317507418398,269,0.8011869436201781,0.798219584569733,0.6241299303944315,269,79,475811965840538922,361802660261835333,511551704733751547,74427130775316711
n1000-g1.25-t0.8-r1-h31042,15,431,541,1.2552204176334107,344,0.8004640371229699,0.7981438515081206,0.6358595194085028,344,111,511551704733751547,74427130775316711,2159004646025084710,128890867864186189
n1000-g1.25-t0.8-r1-h31042,16,541,677,1.2513863216266174,432,0.800369685767098,0.7985212569316081,0.638109305760709,432,132,2159004646025084710,128890867864186189,2253279181086737181,1402874701225388646
n1000-g1.25-t0.8-r1-h31042,17,677,853,1.259970457902511,541,0.8005908419497785,0.7991137370753324,0.634232121922626,541,644,2253279181086737181,1402874701225388646,1553425003596823705,1754792764004595386
n1000-g1.25-t0.8-r1-h31042,18,853,1069,1.2532239155920282,682,0.8007033997655334,0.7995310668229777,0.6379794200187091,682,220,1553425003596823705,1754792764004595386,616306861933080492,1569437286289445084
n1000-g1.25-t0.8-r1-h31042,19,1069,1361,1.2731524789522919,855,0.8007483629560337,0.7998129092609916,0.6282145481263777,855,240,616306861933080492,1569437286289445084,335617465972059138,581327705028044665
n1000-g1.5-t0.5-r1-h31042,1,11,17,1.5454545454545454,5,0.5454545454545454,0.45454545454545453,0.29411764705882354,5,1,1747481948824663489,1018574062632349030,1568554954941751187,1058122835884555215
n1000-g1.5-t0.5-r1-h31042,2,17,29,1.7058823529411764,8,0.5294117647058824,0.47058823529411764,0.27586206896551724,8,2,1568554954941751187,1058122835884555215,1066652072911828271,605471332473462994
n1000-g1.5-t0.5-r1-h31042,3,29,47,1.6206896551724137,14,0.5172413793103449,0.4827586206896552,0.2978723404255319,14,2,1066652072911828271,605471332473462994,1039257429923810267,1671058991692678914
n1000-g1.5-t0.5-r1-h31042,4,47,71,1.5106382978723405,23,0.5106382978723404,0.48936170212765956,0.323943661971831,23,4,1039257429923810267,1671058991692678914,289208513342756656,1737239256259392775
n1000-g1.5-t0.5-r1-h31042,5,71,107,1.5070422535211268,35,0.5070422535211268,0.49295774647887325,0.32710280373831774,35,9,289208513342756656,1737239256259392775,1175790274723732104,1110046690991243311
n1000-g1.5-t0.5-r1-h31042,6,107,163,1.5233644859813085,53,0.5046728971962616,0.4953271028037383,0.32515337423312884,53,7,1175790274723732104,1110046690991243311,2223751552928785042,585906322912266558
n1000-g1.5-t0.5-r1-h31042,7,163,251,1.539877300613497,81,0.5030674846625767,0.49693251533742333,0.32270916334661354,81,13,2223751552928785042,585906322912266558,216001057262141823,1258409179699703360
n1000-g1.5-t0.5-r1-h31042,8,251,379,1.5099601593625498,125,0.50199203187251,0.49800796812749004,0.32981530343007914,125,21,216001057262141823,1258409179699703360,1818499928968777257,1871060345558551550
n1000-g1.5-t0.5-r1-h31042,9,379,569,1.5013192612137203,189,0.5013192612137203,0.49868073878627966,0.3321616871704745,189,29,1818499928968777257,1871060345558551550,842103669965125932,1719460426985524411
n1000-g1.5-t0.5-r1-h31042,10,569,857,1.5061511423550087,284,0.5008787346221442,0.4991212653778559,0.3313885647607935,284,34,842103669965125932,1719460426985524411,663312402986563884,1147830989259873065
n1000-g1.5-t0.5-r1-h31042,11,857,1289,1.5040840140023337,428,0.5005834305717619,0.49941656942823803,0.33204034134988364,428,72,663312402986563884,1147830989259873065,530133399472470732,283097919641614406
n1000-g1.5-t0.5-r1-h31042,12,1289,1949,1.5120248254460822,644,0.5003878975950349,0.49961210240496506,0.3304258594150847,644,89,530133399472470732,283097919641614406,1055129681217370319,1286563909733345339
n1000-g1.5-t0.5-r1-h31042,13,1949,2927,1.5017957927142125,974,0.5002565418163161,0.49974345818368393,0.3327639221045439,974,617,1055129681217370319,1286563909733345339,475811965840538922,361802660261835333
n1000-g3-t0.8-r1-h31042,1,11,37,3.3636363636363638,8,0.8181818181818182,0.7272727272727273,0.21621621621621623,8,0,1747481948824663489,1018574062632349030,1568554954941751187,1058122835884555215
n1000-g3-t0.8-r1-h31042,2,37,113,3.054054054054054,29,0.8108108108108109,0.7837837837837838,0.25663716814159293,29,1,1568554954941751187,1058122835884555215,1066652072911828271,605471332473462994
n1000-g3-t0.8-r1-h31042,3,113,347,3.0707964601769913,90,0.8053097345132744,0.7964601769911505,0.25936599423631124,90,12,1066652072911828271,605471332473462994,1039257429923810267,1671058991692678914
n1000-g3-t0.8-r1-h31042,4,347,1049,3.0230547550432276,277,0.8011527377521613,0.7982708933717579,0.2640610104861773,277,30,1039257429923810267,1671058991692678914,289208513342756656,1737239256259392775
n1000-g3-t0.8-r1-h31042,5,1049,3163,3.015252621544328,839,0.8007626310772163,0.7998093422306959,0.26525450521656657,839,100,289208513342756656,1737239256259392775,1175790274723732104,1110046690991243311
n1000-g1.5-t0.7-r1-h31042,1,11,17,1.5454545454545454,7,0.7272727272727273,0.6363636363636364,0.4117647058823529,7,3,1747481948824663489,1018574062632349030,1568554954941751187,1058122835884555215
n1000-g1.5-t0.7-r1-h31042,2,17,29,1.7058823529411764,11,0.7058823529411765,0.6470588235294118,0.3793103448275862,11,4,1568554954941751187,1058122835884555215,1066652072911828271,605471332473462994
n1000-g1.5-t0.7-r1-h31042,3,29,47,1.6206896551724137,20,0.7241379310344828,0.6896551724137931,0.425531914893617,20,3,1066652072911828271,605471332473462994,1039257429923810267,1671058991692678914
n1000-g1.5-t0.7-r1-h31042,4,47,71,1.5106382978723405,32,0.7021276595744681,0.6808510638297872,0.4507042253521127,32,7,1039257429923810267,1671058991692678914,289208513342756656,1737239256259392775
n1000-g1.5-t0.7-r1-h31042,5,71,107,1.5070422535211268,49,0.704225352112676,0.6901408450704225,0.45794392523364486,49,12,289208513342756656,1737239256259392775,1175790274723732104,1110046690991243311
n1000-g1.5-t0.7-r1-h31042,6,107,163,1.5233644859813085,74,0.7009345794392523,0.6915887850467289,0.4539877300613497,74,19,1175790274723732104,1110046690991243311,2223751552928785042,585906322912266558
n1000-g1.5-t0.7-r1-h31042,7,163,251,1.539877300613497,114,0.7055214723926381,0.6993865030674846,0.4541832669322709,114,26,2223751552928785042,585906322912266558,216001057262141823,1258409179699703360
n1000-g1.5-t0.7-r1-h31042,8,251,379,1.5099601593625498,175,0.701195219123506,0.6972111553784861,0.46174142480211083,175,47,216001057262141823,1258409179699703360,1818499928968777257,1871060345558551550
n1000-g1.5-t0.7-r1-h31042,9,379,569,1.5013192612137203,265,0.7018469656992085,0.6992084432717678,0.46572934973637964,265,50,1818499928968777257,1871060345558551550,842103669965125932,1719460426985524411
n1000-g1.5-t0.7-r1-h31042,10,569,857,1.5061511423550087,398,0.7012302284710018,0.6994727592267135,0.4644107351225204,398,76,842103669965125932,1719460426985524411,663312402986563884,1147830989259873065
n1000-g1.5-t0.7-r1-h31042,11,857,1289,1.5040840140023337,599,0.7001166861143524,0.6989498249708285,0.46470131885182314,599,136,663312402986563884,1147830989259873065,530133399472470732,283097919641614406
n1000-g1.5-t0.7-r1-h31042,12,1289,1949,1.5120248254460822,902,0.7005430566330488,0.6997672614429791,0.4628014366341714,902,175,530133399472470732,283097919641614406,1055129681217370319,1286563909733345339
n1000-g1.25-t0.5-r1-h31042,1,11,17,1.5454545454545454,5,0.5454545454545454,0.45454545454545453,0.29411764705882354,5,1,1747481948824663489,1018574062632349030,1568554954941751187,1058122835884555215
n1000-g1.25-t0.5-r1-h31042,2,17,23,1.3529411764705883,8,0.5294117647058824,0.47058823529411764,0.34782608695652173,8,0,1568554954941751187,1058122835884555215,1066652072911828271,605471332473462994
n1000-g1.25-t0.5-r1-h31042,3,23,29,1.2608695652173914,11,0.5217391304347826,0.4782608695652174,0.3793103448275862,11,1,1066652072911828271,605471332473462994,1039257429923810267,1671058991692678914
n1000-g1.25-t0.5-r1-h31042,4,29,37,1.2758620689655173,14,0.5172413793103449,0.4827586206896552,0.3783783783783784,14,2,1039257429923810267,1671058991692678914,289208513342756656,1737239256259392775
n1000-g1.25-t0.5-r1-h31042,5,37,47,1.2702702702702702,18,0.5135135135135135,0.4864864864864865,0.3829787234042553,18,2,289208513342756656,1737239256259392775,1175790274723732104,1110046690991243311
n1000-g1.25-t0.5-r1-h31042,6,47,59,1.2553191489361701,23,0.5106382978723404,0.48936170212765956,0.3898305084745763,23,4,1175790274723732104,1110046690991243311,2223751552928785042,585906322912266558
n1000-g1.25-t0.5-r1-h31042,7,59,79,1.3389830508474576,29,0.5084745762711864,0.4915254237288136,0.3670886075949367,29,5,2223751552928785042,585906322912266558,216001057262141823,1258409179699703360
n1000-g1.25-t0.5-r1-h31042,8,79,101,1.2784810126582278,39,0.5063291139240507,0.4936708860759494,0.38613861386138615,39,6,216001057262141823,1258409179699703360,1818499928968777257,1871060345558551550
n1000-g1.25-t0.5-r1-h31042,9,101,127,1.2574257425742574,50,0.504950495049505,0.49504950495049505,0.3937007874015748,50,7,1818499928968777257,1871060345558551550,842103669965125932,1719460426985524411
n1000-g1.25-t0.5-r1-h31042,10,127,163,1.2834645669291338,63,0.5039370078740157,0.49606299212598426,0.38650306748466257,63,15,842103669965125932,1719460426985524411,663312402986563884,1147830989259873065
n1000-g1.25-t0.5-r1-h31042,11,163,211,1.294478527607362,81,0.5030674846625767,0.49693251533742333,0.38388625592417064,81,13,663312402986563884,1147830989259873065,530133399472470732,283097919641614406
n1000-g1.25-t0.5-r1-h31042,12,211,269,1.2748815165876777,105,0.5023696682464455,0.4976303317535545,0.3903345724907063,105,23,530133399472470732,283097919641614406,1055129681217370319,1286563909733345339
n1000-g1.25-t0.5-r1-h31042,13,269,337,1.2527881040892193,134,0.5018587360594795,0.49814126394052044,0.39762611275964393,134,26,1055129681217370319,1286563909733345339,475811965840538922,361802660261835333
n1000-g1.25-t0.5-r1-h31042,14,337,431,1.2789317507418398,168,0.5014836795252225,0.49851632047477745,0.38979118329466356,168,36,475811965840538922,361802660261835333,511551704733751547,74427130775316711
n1000-g1.25-t0.5-r1-h31042,15,431,541,1.2552204176334107,215,0.5011600928074246,0.4988399071925754,0.3974121996303142,215,44,511551704733751547,74427130775316711,2159004646025084710,128890867864186189
n1000-g1.25-t0.5-r1-h31042,16,541,677,1.2513863216266174,270,0.5009242144177449,0.49907578558225507,0.3988183161004431,270,51,2159004646025084710,128890867864186189,2253279181086737181,1402874701225388646
n1000-g1.25-t0.5-r1-h31042,17,677,853,1.259970457902511,338,0.5007385524372231,0.49926144756277696,0.3962485345838218,338,265,2253279181086737181,1402874701225388646,1553425003596823705,1754792764004595386
n1000-g1.25-t0.5-r1-h31042,18,853,1069,1.2532239155920282,426,0.5005861664712778,0.49941383352872215,0.3985032740879326,426,103,1553425003596823705,1754792764004595386,616306861933080492,1569437286289445084
n1000-g1.25-t0.5-r1-h31042,19,1069,1361,1.2731524789522919,534,0.500467726847521,0.49953227315247895,0.3923585598824394,534,93,616306861933080492,1569437286289445084,335617465972059138,581327705028044665
n1000-g1.25-t0.5-r1-h31042,20,1361,1709,1.2556943423952975,680,0.5003673769287289,0.4996326230712711,0.3978935049736688,680,132,335617465972059138,581327705028044665,1281807480313938569,1286278291082997294
n1000-g1.25-t0.5-r1-h31042,21,1709,2137,1.2504388531304858,854,0.5002925687536571,0.49970743124634287,0.39962564342536266,854,155,1281807480313938569,1286278291082997294,1878934463301839021,453752749110972768
n1000-g1.25-t0.9-r1-h31042,1,11,17,1.5454545454545454,9,0.9090909090909091,0.8181818181818182,0.5294117647058824,9,5,1747481948824663489,1018574062632349030,1568554954941751187,1058122835884555215
n1000-g1.25-t0.9-r1-h31042,2,17,23,1.3529411764705883,15,0.9411764705882353,0.8823529411764706,0.6521739130434783,15,1,1568554954941751187,1058122835884555215,1066652072911828271,605471332473462994
n1000-g1.25-t0.9-r1-h31042,3,23,29,1.2608695652173914,20,0.9130434782608695,0.8695652173913043,0.6896551724137931,20,3,1066652072911828271,605471332473462994,1039257429923810267,1671058991692678914
n1000-g1.25-t0.9-r1-h31042,4,29,37,1.2758620689655173,26,0.9310344827586207,0.896551724137931,0.7027027027027027,26,8,1039257429923810267,1671058991692678914,289208513342756656,1737239256259392775
n1000-g1.25-t0.9-r1-h31042,5,37,47,1.2702702702702702,33,0.918918918918919,0.8918918918918919,0.7021276595744681,33,7,289208513342756656,1737239256259392775,1175790274723732104,1110046690991243311
n1000-g1.25-t0.9-r1-h31042,6,47,59,1.2553191489361701,42,0.9148936170212766,0.8936170212765957,0.711864406779661,42,16,1175790274723732104,1110046690991243311,2223751552928785042,585906322912266558
n1000-g1.25-t0.9-r1-h31042,7,59,79,1.3389830508474576,53,0.9152542372881356,0.8983050847457628,0.6708860759493671,53,14,2223751552928785042,585906322912266558,216001057262141823,1258409179699703360
n1000-g1.25-t0.9-r1-h31042,8,79,101,1.2784810126582278,71,0.9113924050632911,0.8987341772151899,0.7029702970297029,71,19,216001057262141823,1258409179699703360,1818499928968777257,1871060345558551550
n1000-g1.25-t0.9-r1-h31042,9,101,127,1.2574257425742574,90,0.900990099009901,0.8910891089108911,0.7086614173228346,90,29,1818499928968777257,1871060345558551550,842103669965125932,1719460426985524411
n1000-g1.25-t0.9-r1-h31042,10,127,163,1.2834645669291338,114,0.905511811023622,0.8976377952755905,0.6993865030674846,114,37,842103669965125932,1719460426985524411,663312402986563884,1147830989259873065
n1000-g1.25-t0.9-r1-h31042,11,163,211,1.294478527607362,146,0.901840490797546,0.8957055214723927,0.6919431279620853,146,48,663312402986563884,1147830989259873065,530133399472470732,283097919641614406
n1000-g1.25-t0.9-r1-h31042,12,211,269,1.2748815165876777,189,0.9004739336492891,0.8957345971563981,0.7026022304832714,189,64,530133399472470732,283097919641614406,1055129681217370319,1286563909733345339
n1000-g1.25-t0.9-r1-h31042,13,269,337,1.2527881040892193,242,0.9033457249070632,0.8996282527881041,0.7181008902077152,242,93,1055129681217370319,1286563909733345339,475811965840538922,361802660261835333
n1000-g1.25-t0.9-r1-h31042,14,337,431,1.2789317507418398,303,0.9020771513353115,0.8991097922848664,0.703016241299304,303,97,475811965840538922,361802660261835333,511551704733751547,74427130775316711
n1000-g1.25-t0.9-r1-h31042,15,431,541,1.2552204176334107,387,0.9002320185614849,0.8979118329466357,0.7153419593345656,387,136,511551704733751547,74427130775316711,2159004646025084710,128890867864186189
n1000-g1.25-t0.9-r1-h31042,16,541,677,1.2513863216266174,486,0.9001848428835489,0.8983364140480592,0.7178729689807977,486,165,2159004646025084710,128890867864186189,2253279181086737181,1402874701225388646
n1000-g1.25-t0.9-r1-h31042,17,677,853,1.259970457902511,609,0.9010339734121122,0.8995568685376661,0.7139507620164126,609,827,2253279181086737181,1402874701225388646,1553425003596823705,1754792764004595386
n1000-g1.25-t0.9-r1-h31042,18,853,1069,1.2532239155920282,767,0.9003516998827668,0.8991793669402111,0.7174929840972872,767,271,1553425003596823705,1754792764004595386,616306861933080492,1569437286289445084
n1000-g1.25-t0.9-r1-h31042,19,1069,1361,1.2731524789522919,962,0.9008419083255379,0.8999064546304958,0.7068332108743571,962,307,616306861933080492,1569437286289445084,335617465972059138,581327705028044665
n1000-g4-t0.7-r1-h31042,1,11,47,4.2727272727272725,7,0.7272727272727273,0.6363636363636364,0.14893617021276595,7,0,1747481948824663489,1018574062632349030,1568554954941751187,1058122835884555215
n1000-g4-t0.7-r1-h31042,2,47,191,4.0638297872340425,32,0.7021276595744681,0.6808510638297872,0.16753926701570682,32,4,1568554954941751187,1058122835884555215,1066652072911828271,605471332473462994
n1000-g4-t0.7-r1-h31042,3,191,769,4.026178010471204,133,0.7015706806282722,0.6963350785340314,0.1729518855656697,133,10,1066652072911828271,605471332473462994,1039257429923810267,1671058991692678914
n1000-g4-t0.7-r1-h31042,4,769,3079,4.003901170351106,538,0.7009102730819246,0.6996098829648895,0.17473205586229296,538,42,1039257429923810267,1671058991692678914,289208513342756656,1737239256259392775
n1000-g1.5-t0.9-r1-h31042,1,11,17,1.5454545454545454,9,0.9090909090909091,0.8181818181818182,0.5294117647058824,9,5,1747481948824663489,1018574062632349030,1568554954941751187,1058122835884555215
n1000-g1.5-t0.9-r1-h31042,2,17,29,1.7058823529411764,15,0.9411764705882353,0.8823529411764706,0.5172413793103449,15,6,1568554954941751187,1058122835884555215,1066652072911828271,605471332473462994
n1000-g1.5-t0.9-r1-h31042,3,29,47,1.6206896551724137,26,0.9310344827586207,0.896551724137931,0.5531914893617021,26,5,1066652072911828271,605471332473462994,1039257429923810267,1671058991692678914
n1000-g1.5-t0.9-r1-h31042,4,47,71,1.5106382978723405,42,0.9148936170212766,0.8936170212765957,0.5915492957746479,42,10,1039257429923810267,1671058991692678914,289208513342756656,1737239256259392775
n1000-g1.5-t0.9-r1-h31042,5,71,107,1.5070422535211268,63,0.9014084507042254,0.8873239436619719,0.5887850467289719,63,17,289208513342756656,1737239256259392775,1175790274723732104,1110046690991243311
n1000-g1.5-t0.9-r1-h31042,6,107,163,1.5233644859813085,96,0.9065420560747663,0.897196261682243,0.588957055214724,96,32,1175790274723732104,1110046690991243311,2223751552928785042,585906322912266558
n1000-g1.5-t0.9-r1-h31042,7,163,251,1.539877300613497,146,0.901840490797546,0.8957055214723927,0.5816733067729084,146,45,2223751552928785042,585906322912266558,216001057262141823,1258409179699703360
n1000-g1.5-t0.9-r1-h31042,8,251,379,1.5099601593625498,225,0.900398406374502,0.896414342629482,0.5936675461741425,225,76,216001057262141823,1258409179699703360,1818499928968777257,1871060345558551550
n1000-g1.5-t0.9-r1-h31042,9,379,569,1.5013192612137203,341,0.9023746701846965,0.899736147757256,0.5992970123022847,341,91,1818499928968777257,1871060345558551550,842103669965125932,1719460426985524411
n1000-g1.5-t0.9-r1-h31042,10,569,857,1.5061511423550087,512,0.9015817223198594,0.8998242530755711,0.5974329054842473,512,130,842103669965125932,1719460426985524411,663312402986563884,1147830989259873065
n1000-g1.5-t0.9-r1-h31042,11,857,1289,1.5040840140023337,771,0.9008168028004667,0.8996499416569428,0.5981380915438325,771,219,663312402986563884,1147830989259873065,530133399472470732,283097919641614406
n1000-g3-t0.9-r1-h31042,1,11,37,3.3636363636363638,9,0.9090909090909091,0.8181818181818182,0.24324324324324326,9,0,1747481948824663489,1018574062632349030,1568554954941751187,1058122835884555215
n1000-g3-t0.9-r1-h31042,2,37,113,3.054054054054054,33,0.918918918918919,0.8918918918918919,0.2920353982300885,33,1,1568554954941751187,1058122835884555215,1066652072911828271,605471332473462994
n1000-g3-t0.9-r1-h31042,3,113,347,3.0707964601769913,101,0.9026548672566371,0.8938053097345132,0.2910662824207493,101,14,1066652072911828271,605471332473462994,1039257429923810267,1671058991692678914
n1000-g3-t0.9-r1-h31042,4,347,1049,3.0230547550432276,312,0.9020172910662824,0.899135446685879,0.2974261201143947,312,36,1039257429923810267,1671058991692678914,289208513342756656,1737239256259392775
n1000-g3-t0.9-r1-h31042,5,1049,3163,3.015252621544328,944,0.9008579599618685,0.899904671115348,0.2984508378122036,944,123,289208513342756656,1737239256259392775,1175790274723732104,1110046690991243311
n1000-g2-t0.8-r1-h31042,1,11,23,2.090909090909091,8,0.8181818181818182,0.7272727272727273,0.34782608695652173,8,1,1747481948824663489,1018574062632349030,1568554954941751187,1058122835884555215
n1000-g2-t0.8-r1-h31042,2,23,47,2.0434782608695654,18,0.8260869565217391,0.782608695652174,0.3829787234042553,18,4,1568554954941751187,1058122835884555215,1066652072911828271,605471332473462994
n1000-g2-t0.8-r1-h31042,3,47,97,2.0638297872340425,37,0.8085106382978723,0.7872340425531915,0.38144329896907214,37,5,1066652072911828271,605471332473462994,1039257429923810267,1671058991692678914
n1000-g2-t0.8-r1-h31042,4,97,197,2.0309278350515463,77,0.8041237113402062,0.7938144329896907,0.39086294416243655,77,19,1039257429923810267,1671058991692678914,289208513342756656,1737239256259392775
n1000-g2-t0.8-r1-h31042,5,197,397,2.015228426395939,157,0.8020304568527918,0.7969543147208121,0.3954659949622166,157,25,289208513342756656,1737239256259392775,1175790274723732104,1110046690991243311
n1000-g2-t0.8-r1-h31042,6,397,797,2.0075566750629723,317,0.801007556675063,0.7984886649874056,0.397741530740276,317,71,1175790274723732104,1110046690991243311,2223751552928785042,585906322912266558
n1000-g2-t0.8-r1-h31042,7,797,1597,2.0037641154328734,637,0.8005018820577164,0.7992471769134254,0.39887288666249215,637,143,2223751552928785042,585906322912266558,216001057262141823,1258409179699703360
n1000-g2-t0.9-r1-h31042,1,11,23,2.090909090909091,9,0.9090909090909091,0.8181818181818182,0.391304347826087,9,1,1747481948824663489,1018574062632349030,1568554954941751187,1058122835884555215
n1000-g2-t0.9-r1-h31042,2,23,47,2.0434782608695654,20,0.9130434782608695,0.8695652173913043,0.425531914893617,20,5,1568554954941751187,1058122835884555215,1066652072911828271,605471332473462994
n1000-g2-t0.9-r1-h31042,3,47,97,2.0638297872340425,42,0.9148936170212766,0.8936170212765957,0.4329896907216495,42,7,1066652072911828271,605471332473462994,1039257429923810267,1671058991692678914
n1000-g2-t0.9-r1-h31042,4,97,197,2.0309278350515463,87,0.9072164948453608,0.8969072164948454,0.4416243654822335,87,23,1039257429923810267,1671058991692678914,289208513342756656,1737239256259392775
n1000-g2-t0.9-r1-h31042,5,197,397,2.015228426395939,177,0.9035532994923858,0.8984771573604061,0.44584382871536526,177,33,289208513342756656,1737239256259392775,1175790274723732104,1110046690991243311
n1000-g2-t0.9-r1-h31042,6,397,797,2.0075566750629723,357,0.9017632241813602,0.8992443324937027,0.4479297365119197,357,86,1175790274723732104,1110046690991243311,2223751552928785042,585906322912266558
n1000-g2-t0.9-r1-h31042,7,797,1597,2.0037641154328734,717,0.9008782936010038,0.8996235884567126,0.4489668127739512,717,171,2223751552928785042,585906322912266558,216001057262141823,1258409179699703360
n1000-g4-t0.8-r1-h31042,1,11,47,4.2727272727272725,8,0.8181818181818182,0.7272727272727273,0.1702127659574468,8,1,1747481948824663489,1018574062632349030,1568554954941751187,1058122835884555215
n1000-g4-t0.8-r1-h31042,2,47,191,4.0638297872340425,37,0.8085106382978723,0.7872340425531915,0.193717277486911,37,4,1568554954941751187,1058122835884555215,1066652072911828271,605471332473462994
n1000-g4-t0.8-r1-h31042,3,191,769,4.026178010471204,152,0.8010471204188482,0.7958115183246073,0.1976592977893368,152,15,1066652072911828271,605471332473462994,1039257429923810267,1671058991692678914
n1000-g4-t0.8-r1-h31042,4,769,3079,4.003901170351106,615,0.8010403120936281,0.7997399219765929,0.1997401753816174,615,61,1039257429923810267,1671058991692678914,289208513342756656,1737239256259392775
n1000-g3-t0.9-r2-h61042,1,11,37,3.3636363636363638,9,0.9090909090909091,0.8181818181818182,0.24324324324324326,9,1,1852398483272343840,135825866838367244,81103114575744786,121945319672294310
n1000-g3-t0.9-r2-h61042,2,37,113,3.054054054054054,33,0.918918918918919,0.8918918918918919,0.2920353982300885,33,7,81103114575744786,121945319672294310,1367964099705701854,1913632499245348082
n1000-g3-t0.9-r2-h61042,3,113,347,3.0707964601769913,101,0.9026548672566371,0.8938053097345132,0.2910662824207493,101,7,1367964099705701854,1913632499245348082,594661926484134372,1145977305975037717
n1000-g3-t0.9-r2-h61042,4,347,1049,3.0230547550432276,312,0.9020172910662824,0.899135446685879,0.2974261201143947,312,38,594661926484134372,1145977305975037717,2011184558553096122,19687810642650080
n1000-g3-t0.9-r2-h61042,5,1049,3163,3.015252621544328,944,0.9008579599618685,0.899904671115348,0.2984508378122036,944,118,2011184558553096122,19687810642650080,1188444190361409708,1222792329126878359
n1000-g2-t0.7-r2-h61042,1,11,23,2.090909090909091,7,0.7272727272727273,0.6363636363636364,0.30434782608695654,7,2,1852398483272343840,135825866838367244,81103114575744786,121945319672294310
n1000-g2-t0.7-r2-h61042,2,23,47,2.0434782608695654,16,0.7391304347826086,0.6956521739130435,0.3404255319148936,16,3,81103114575744786,121945319672294310,1367964099705701854,1913632499245348082
n1000-g2-t0.7-r2-h61042,3,47,97,2.0638297872340425,32,0.7021276595744681,0.6808510638297872,0.32989690721649484,32,6,1367964099705701854,1913632499245348082,594661926484134372,1145977305975037717
n1000-g2-t0.7-r2-h61042,4,97,197,2.0309278350515463,67,0.7010309278350515,0.6907216494845361,0.3401015228426396,67,7,594661926484134372,1145977305975037717,2011184558553096122,19687810642650080
n1000-g2-t0.7-r2-h61042,5,197,397,2.015228426395939,137,0.700507614213198,0.6954314720812182,0.345088161209068,137,31,2011184558553096122,19687810642650080,1188444190361409708,1222792329126878359
n1000-g2-t0.7-r2-h61042,6,397,797,2.0075566750629723,277,0.7002518891687658,0.6977329974811083,0.3475533249686324,277,45,1188444190361409708,1222792329126878359,1287280958193858468,531829915251592414
n1000-g2-t0.7-r2-h61042,7,797,1597,2.0037641154328734,557,0.7001254705144291,0.698870765370138,0.3487789605510332,557,95,1287280958193858468,531829915251592414,1852154909246091954,673350768184342330
n1000-g1.5-t0.8-r2-h61042,1,11,17,1.5454545454545454,8,0.8181818181818182,0.7272727272727273,0.47058823529411764,8,1,1852398483272343840,135825866838367244,81103114575744786,121945319672294310
n1000-g1.5-t0.8-r2-h61042,2,17,29,1.7058823529411764,13,0.8235294117647058,0.7647058823529411,0.4482758620689655,13,3,81103114575744786,121945319672294310,1367964099705701854,1913632499245348082
n1000-g1.5-t0.8-r2-h61042,3,29,47,1.6206896551724137,23,0.8275862068965517,0.7931034482758621,0.48936170212765956,23,5,1367964099705701854,1913632499245348082,594661926484134372,1145977305975037717
n1000-g1.5-t0.8-r2-h61042,4,47,71,1.5106382978723405,37,0.8085106382978723,0.7872340425531915,0.5211267605633803,37,4,594661926484134372,1145977305975037717,2011184558553096122,19687810642650080
n1000-g1.5-t0.8-r2-h61042,5,71,107,1.5070422535211268,56,0.8028169014084507,0.7887323943661971,0.5233644859813084,56,14,2011184558553096122,19687810642650080,1188444190361409708,1222792329126878359
n1000-g1.5-t0.8-r2-h61042,6,107,163,1.5233644859813085,85,0.8037383177570093,0.794392523364486,0.5214723926380368,85,21,1188444190361409708,1222792329126878359,1287280958193858468,531829915251592414
n1000-g1.5-t0.8-r2-h61042,7,163,251,1.539877300613497,130,0.803680981595092,0.7975460122699386,0.5179282868525896,130,30,1287280958193858468,531829915251592414,1852154909246091954,673350768184342330
n1000-g1.5-t0.8-r2-h61042,8,251,379,1.5099601593625498,200,0.8007968127490039,0.796812749003984,0.5277044854881267,200,52,1852154909246091954,673350768184342330,1847436833828249517,927182782352598258
n1000-g1.5-t0.8-r2-h61042,9,379,569,1.5013192612137203,303,0.8021108179419525,0.7994722955145118,0.5325131810193322,303,87,1847436833828249517,927182782352598258,422435719611442696,511094979606876507
n1000-g1.5-t0.8-r2-h61042,10,569,857,1.5061511423550087,455,0.8014059753954306,0.7996485061511424,0.5309218203033839,455,121,422435719611442696,511094979606876507,78779135702122284,1201122746008708944
n1000-g1.5-t0.8-r2-h61042,11,857,1289,1.5040840140023337,685,0.8004667444574096,0.7992998833138857,0.5314197051978278,685,202,78779135702122284,1201122746008708944,679054236071952800,436588455935247705
n1000-g2-t0.8-r2-h61042,1,11,23,2.090909090909091,8,0.8181818181818182,0.7272727272727273,0.34782608695652173,8,3,1852398483272343840,135825866838367244,81103114575744786,121945319672294310
n1000-g2-t0.8-r2-h61042,2,23,47,2.0434782608695654,18,0.8260869565217391,0.782608695652174,0.3829787234042553,18,4,81103114575744786,121945319672294310,1367964099705701854,1913632499245348082
n1000-g2-t0.8-r2-h61042,3,47,97,2.0638297872340425,37,0.8085106382978723,0.7872340425531915,0.38144329896907214,37,7,1367964099705701854,1913632499245348082,594661926484134372,1145977305975037717
n1000-g2-t0.8-r2-h61042,4,97,197,2.0309278350515463,77,0.8041237113402062,0.7938144329896907,0.39086294416243655,77,10,594661926484134372,1145977305975037717,2011184558553096122,19687810642650080
n1000-g2-t0.8-r2-h61042,5,197,397,2.015228426395939,157,0.8020304568527918,0.7969543147208121,0.3954659949622166,157,34,2011184558553096122,19687810642650080,1188444190361409708,1222792329126878359
n1000-g2-t0.8-r2-h61042,6,397,797,2.0075566750629723,317,0.801007556675063,0.7984886649874056,0.397741530740276,317,57,1188444190361409708,1222792329126878359,1287280958193858468,531829915251592414
n1000-g2-t0.8-r2-h61042,7,797,1597,2.0037641154328734,637,0.8005018820577164,0.7992471769134254,0.39887288666249215,637,121,1287280958193858468,531829915251592414,1852154909246091954,673350768184342330
n1000-g1.5-t0.7-r2-h61042,1,11,17,1.5454545454545454,7,0.7272727272727273,0.6363636363636364,0.4117647058823529,7,0,1852398483272343840,135825866838367244,81103114575744786,121945319672294310
n1000-g1.5-t0.7-r2-h61042,2,17,29,1.7058823529411764,11,0.7058823529411765,0.6470588235294118,0.3793103448275862,11,3,81103114575744786,121945319672294310,1367964099705701854,1913632499245348082
n1000-g1.5-t0.7-r2-h61042,3,29,47,1.6206896551724137,20,0.7241379310344828,0.6896551724137931,0.425531914893617,20,4,1367964099705701854,1913632499245348082,594661926484134372,1145977305975037717
n1000-g1.5-t0.7-r2-h61042,4,47,71,1.5106382978723405,32,0.7021276595744681,0.6808510638297872,0.4507042253521127,32,4,594661926484134372,1145977305975037717,2011184558553096122,19687810642650080
n1000-g1.5-t0.7-r2-h61042,5,71,107,1.5070422535211268,49,0.704225352112676,0.6901408450704225,0.45794392523364486,49,11,2011184558553096122,19687810642650080,1188444190361409708,1222792329126878359
n1000-g1.5-t0.7-r2-h61042,6,107,163,1.5233644859813085,74,0.7009345794392523,0.6915887850467289,0.4539877300613497,74,15,1188444190361409708,1222792329126878359,1287280958193858468,531829915251592414
n1000-g1.5-t0.7-r2-h61042,7,163,251,1.539877300613497,114,0.7055214723926381,0.6993865030674846,0.4541832669322709,114,23,1287280958193858468,531829915251592414,1852154909246091954,673350768184342330
n1000-g1.5-t0.7-r2-h61042,8,251,379,1.5099601593625498,175,0.701195219123506,0.6972111553784861,0.46174142480211083,175,43,1852154909246091954,673350768184342330,1847436833828249517,927182782352598258
n1000-g1.5-t0.7-r2-h61042,9,379,569,1.5013192612137203,265,0.7018469656992085,0.6992084432717678,0.46572934973637964,265,67,1847436833828249517,927182782352598258,422435719611442696,511094979606876507
n1000-g1.5-t0.7-r2-h61042,10,569,857,1.5061511423550087,398,0.7012302284710018,0.6994727592267135,0.4644107351225204,398,88,422435719611442696,511094979606876507,78779135702122284,1201122746008708944
n1000-g1.5-t0.7-r2-h61042,11,857,1289,1.5040840140023337,599,0.7001166861143524,0.6989498249708285,0.46470131885182314,599,153,78779135702122284,1201122746008708944,679054236071952800,436588455935247705
n1000-g1.5-t0.7-r2-h61042,12,1289,1949,1.5120248254460822,902,0.7005430566330488,0.6997672614429791,0.4628014366341714,902,187,679054236071952800,436588455935247705,2144814820892340122,1985316371921565939
n1000-g1.25-t0.5-r2-h61042,1,11,17,1.5454545454545454,5,0.5454545454545454,0.45454545454545453,0.29411764705882354,5,0,1852398483272343840,135825866838367244,81103114575744786,121945319672294310
n1000-g1.25-t0.5-r2-h61042,2,17,23,1.3529411764705883,8,0.5294117647058824,0.47058823529411764,0.34782608695652173,8,3,81103114575744786,121945319672294310,1367964099705701854,1913632499245348082
n1000-g1.25-t0.5-r2-h61042,3,23,29,1.2608695652173914,11,0.5217391304347826,0.4782608695652174,0.3793103448275862,11,2,1367964099705701854,1913632499245348082,594661926484134372,1145977305975037717
n1000-g1.25-t0.5-r2-h61042,4,29,37,1.2758620689655173,14,0.5172413793103449,0.4827586206896552,0.3783783783783784,14,3,594661926484134372,1145977305975037717,2011184558553096122,19687810642650080
n1000-g1.25-t0.5-r2-h61042,5,37,47,1.2702702702702702,18,0.5135135135135135,0.4864864864864865,0.3829787234042553,18,5,2011184558553096122,19687810642650080,1188444190361409708,1222792329126878359
n1000-g1.25-t0.5-r2-h61042,6,47,59,1.2553191489361701,23,0.5106382978723404,0.48936170212765956,0.3898305084745763,23,2,1188444190361409708,1222792329126878359,1287280958193858468,531829915251592414
n1000-g1.25-t0.5-r2-h61042,7,59,79,1.3389830508474576,29,0.5084745762711864,0.4915254237288136,0.3670886075949367,29,4,1287280958193858468,531829915251592414,1852154909246091954,673350768184342330
n1000-g1.25-t0.5-r2-h61042,8,79,101,1.2784810126582278,39,0.5063291139240507,0.4936708860759494,0.38613861386138615,39,4,1852154909246091954,673350768184342330,1847436833828249517,927182782352598258
n1000-g1.25-t0.5-r2-h61042,9,101,127,1.2574257425742574,50,0.504950495049505,0.49504950495049505,0.3937007874015748,50,12,1847436833828249517,927182782352598258,422435719611442696,511094979606876507
n1000-g1.25-t0.5-r2-h61042,10,127,163,1.2834645669291338,63,0.5039370078740157,0.49606299212598426,0.38650306748466257,63,19,422435719611442696,511094979606876507,78779135702122284,1201122746008708944
n1000-g1.25-t0.5-r2-h61042,11,163,211,1.294478527607362,81,0.5030674846625767,0.49693251533742333,0.38388625592417064,81,16,78779135702122284,1201122746008708944,679054236071952800,436588455935247705
n1000-g1.25-t0.5-r2-h61042,12,211,269,1.2748815165876777,105,0.5023696682464455,0.4976303317535545,0.3903345724907063,105,17,679054236071952800,436588455935247705,2144814820892340122,1985316371921565939
n1000-g1.25-t0.5-r2-h61042,13,269,337,1.2527881040892193,134,0.5018587360594795,0.49814126394052044,0.39762611275964393,134,29,2144814820892340122,1985316371921565939,941783115665961295,246585915096447824
n1000-g1.25-t0.5-r2-h61042,14,337,431,1.2789317507418398,168,0.5014836795252225,0.49851632047477745,0.38979118329466356,168,53,941783115665961295,246585915096447824,222405412336595465,840747076857231455
n1000-g1.25-t0.5-r2-h61042,15,431,541,1.2552204176334107,215,0.5011600928074246,0.4988399071925754,0.3974121996303142,215,40,222405412336595465,840747076857231455,251669853524453184,655622777673349312
n1000-g1.25-t0.5-r2-h61042,16,541,677,1.2513863216266174,270,0.5009242144177449,0.49907578558225507,0.3988183161004431,270,53,251669853524453184,655622777673349312,2181070133301796522,645850585212136846
n1000-g1.25-t0.5-r2-h61042,17,677,853,1.259970457902511,338,0.5007385524372231,0.49926144756277696,0.3962485345838218,338,66,2181070133301796522,645850585212136846,938448421729183578,29206222210087780
n1000-g1.25-t0.5-r2-h61042,18,853,1069,1.2532239155920282,426,0.5005861664712778,0.49941383352872215,0.3985032740879326,426,89,938448421729183578,29206222210087780,1421056423916396044,1748756543459336031
n1000-g1.25-t0.5-r2-h61042,19,1069,1361,1.2731524789522919,534,0.500467726847521,0.49953227315247895,0.3923585598824394,534,90,1421056423916396044,1748756543459336031,1075325229156238333,1144060348074079302
n1000-g1.25-t0.5-r2-h61042,20,1361,1709,1.2556943423952975,680,0.5003673769287289,0.4996326230712711,0.3978935049736688,680,109,1075325229156238333,1144060348074079302,1254001137605848056,1967034465992936071
n1000-g1.25-t0.5-r2-h61042,21,1709,2137,1.2504388531304858,854,0.5002925687536571,0.49970743124634287,0.39962564342536266,854,148,1254001137605848056,1967034465992936071,759429550513154110,974343402124578587
n1000-g1.5-t0.5-r2-h61042,1,11,17,1.5454545454545454,5,0.5454545454545454,0.45454545454545453,0.29411764705882354,5,0,1852398483272343840,135825866838367244,81103114575744786,121945319672294310
n1000-g1.5-t0.5-r2-h61042,2,17,29,1.7058823529411764,8,0.5294117647058824,0.47058823529411764,0.27586206896551724,8,1,81103114575744786,121945319672294310,1367964099705701854,1913632499245348082
n1000-g1.5-t0.5-r2-h61042,3,29,47,1.6206896551724137,14,0.5172413793103449,0.4827586206896552,0.2978723404255319,14,1,1367964099705701854,1913632499245348082,594661926484134372,1145977305975037717
n1000-g1.5-t0.5-r2-h61042,4,47,71,1.5106382978723405,23,0.5106382978723404,0.48936170212765956,0.323943661971831,23,2,594661926484134372,1145977305975037717,2011184558553096122,19687810642650080
n1000-g1.5-t0.5-r2-h61042,5,71,107,1.5070422535211268,35,0.5070422535211268,0.49295774647887325,0.32710280373831774,35,6,2011184558553096122,19687810642650080,1188444190361409708,1222792329126878359
n1000-g1.5-t0.5-r2-h61042,6,107,163,1.5233644859813085,53,0.5046728971962616,0.4953271028037383,0.32515337423312884,53,8,1188444190361409708,1222792329126878359,1287280958193858468,531829915251592414
n1000-g1.5-t0.5-r2-h61042,7,163,251,1.539877300613497,81,0.5030674846625767,0.49693251533742333,0.32270916334661354,81,12,1287280958193858468,531829915251592414,1852154909246091954,673350768184342330
n1000-g1.5-t0.5-r2-h61042,8,251,379,1.5099601593625498,125,0.50199203187251,0.49800796812749004,0.32981530343007914,125,15,1852154909246091954,673350768184342330,1847436833828249517,927182782352598258
n1000-g1.5-t0.5-r2-h61042,9,379,569,1.5013192612137203,189,0.5013192612137203,0.49868073878627966,0.3321616871704745,189,30,1847436833828249517,927182782352598258,422435719611442696,511094979606876507
n1000-g1.5-t0.5-r2-h61042,10,569,857,1.5061511423550087,284,0.5008787346221442,0.4991212653778559,0.3313885647607935,284,48,422435719611442696,511094979606876507,78779135702122284,1201122746008708944
n1000-g1.5-t0.5-r2-h61042,11,857,1289,1.5040840140023337,428,0.5005834305717619,0.49941656942823803,0.33204034134988364,428,80,78779135702122284,1201122746008708944,679054236071952800,436588455935247705
n1000-g1.5-t0.5-r2-h61042,12,1289,1949,1.5120248254460822,644,0.5003878975950349,0.49961210240496506,0.3304258594150847,644,91,679054236071952800,436588455935247705,2144814820892340122,1985316371921565939
n1000-g1.5-t0.5-r2-h61042,13,1949,2927,1.5017957927142125,974,0.5002565418163161,0.49974345818368393,0.3327639221045439,974,137,2144814820892340122,1985316371921565939,941783115665961295,246585915096447824
n1000-g4-t0.9-r2-h61042,1,11,47,4.2727272727272725,9,0.9090909090909091,0.8181818181818182,0.19148936170212766,9,2,1852398483272343840,135825866838367244,81103114575744786,121945319672294310
n1000-g4-t0.9-r2-h61042,2,47,191,4.0638297872340425,42,0.9148936170212766,0.8936170212765957,0.2198952879581152,42,5,81103114575744786,121945319672294310,1367964099705701854,1913632499245348082
n1000-g4-t0.9-r2-h61042,3,191,769,4.026178010471204,171,0.900523560209424,0.8952879581151832,0.2223667100130039,171,18,1367964099705701854,1913632499245348082,594661926484134372,1145977305975037717
n1000-g4-t0.9-r2-h61042,4,769,3079,4.003901170351106,692,0.9011703511053316,0.8998699609882965,0.22474829490094186,692,64,594661926484134372,1145977305975037717,2011184558553096122,19687810642650080
n1000-g4-t0.5-r2-h61042,1,11,47,4.2727272727272725,5,0.5454545454545454,0.45454545454545453,0.10638297872340426,5,1,1852398483272343840,135825866838367244,81103114575744786,121945319672294310
n1000-g4-t0.5-r2-h61042,2,47,191,4.0638297872340425,23,0.5106382978723404,0.48936170212765956,0.12041884816753927,23,2,81103114575744786,121945319672294310,1367964099705701854,1913632499245348082
n1000-g4-t0.5-r2-h61042,3,191,769,4.026178010471204,95,0.5026178010471204,0.4973821989528796,0.1235370611183355,95,4,1367964099705701854,1913632499245348082,594661926484134372,1145977305975037717
n1000-g4-t0.5-r2-h61042,4,769,3079,4.003901170351106,384,0.5006501950585176,0.49934980494148246,0.12471581682364404,384,20,594661926484134372,1145977305975037717,2011184558553096122,19687810642650080
n1000-g2-t0.5-r2-h61042,1,11,23,2.090909090909091,5,0.5454545454545454,0.45454545454545453,0.21739130434782608,5,1,1852398483272343840,135825866838367244,81103114575744786,121945319672294310
n1000-g2-t0.5-r2-h61042,2,23,47,2.0434782608695654,11,0.5217391304347826,0.4782608695652174,0.23404255319148937,11,1,81103114575744786,121945319672294310,1367964099705701854,1913632499245348082
n1000-g2-t0.5-r2-h61042,3,47,97,2.0638297872340425,23,0.5106382978723404,0.48936170212765956,0.23711340206185566,23,5,1367964099705701854,1913632499245348082,594661926484134372,1145977305975037717
n1000-g2-t0.5-r2-h61042,4,97,197,2.0309278350515463,48,0.5051546391752577,0.4948453608247423,0.2436548223350254,48,4,594661926484134372,1145977305975037717,2011184558553096122,19687810642650080
n1000-g2-t0.5-r2-h61042,5,197,397,2.015228426395939,98,0.5025380710659898,0.49746192893401014,0.24685138539042822,98,16,2011184558553096122,19687810642650080,1188444190361409708,1222792329126878359
n1000-g2-t0.5-r2-h61042,6,397,797,2.0075566750629723,198,0.5012594458438288,0.4987405541561713,0.24843161856963614,198,23,1188444190361409708,1222792329126878359,1287280958193858468,531829915251592414
n1000-g2-t0.5-r2-h61042,7,797,1597,2.0037641154328734,398,0.5006273525721455,0.4993726474278545,0.24921728240450847,398,53,1287280958193858468,531829915251592414,1852154909246091954,673350768184342330
n1000-g2-t0.5-r2-h61042,8,1597,3203,2.005635566687539,798,0.5003130870381967,0.4996869129618034,0.2491414299094599,798,72,1852154909246091954,673350768184342330,1847436833828249517,927182782352598258
n1000-g3-t0.5-r2-h61042,1,11,37,3.3636363636363638,5,0.5454545454545454,0.45454545454545453,0.13513513513513514,5,0,1852398483272343840,135825866838367244,81103114575744786,121945319672294310
n1000-g3-t0.5-r2-h61042,2,37,113,3.054054054054054,18,0.5135135135135135,0.4864864864864865,0.1592920353982301,18,2,81103114575744786,121945319672294310,1367964099705701854,1913632499245348082
n1000-g3-t0.5-r2-h61042,3,113,347,3.0707964601769913,56,0.504424778761062,0.49557522123893805,0.16138328530259366,56,0,1367964099705701854,1913632499245348082,594661926484134372,1145977305975037717
n1000-g3-t0.5-r2-h61042,4,347,1049,3.0230547550432276,173,0.5014409221902018,0.49855907780979825,0.16491897044804577,173,11,594661926484134372,1145977305975037717,2011184558553096122,19687810642650080
n1000-g3-t0.5-r2-h61042,5,1049,3163,3.015252621544328,524,0.5004766444232602,0.49952335557673977,0.16566550742965538,524,43,2011184558553096122,19687810642650080,1188444190361409708,1222792329126878359
n1000-g1.25-t0.8-r2-h61042,1,11,17,1.5454545454545454,8,0.8181818181818182,0.7272727272727273,0.47058823529411764,8,1,1852398483272343840,135825866838367244,81103114575744786,121945319672294310
n1000-g1.25-t0.8-r2-h61042,2,17,23,1.3529411764705883,13,0.8235294117647058,0.7647058823529411,0.5652173913043478,13,7,81103114575744786,121945319672294310,1367964099705701854,1913632499245348082
n1000-g1.25-t0.8-r2-h61042,3,23,29,1.2608695652173914,18,0.8260869565217391,0.782608695652174,0.6206896551724138,18,5,1367964099705701854,1913632499245348082,594661926484134372,1145977305975037717
n1000-g1.25-t0.8-r2-h61042,4,29,37,1.2758620689655173,23,0.8275862068965517,0.7931034482758621,0.6216216216216216,23,7,594661926484134372,1145977305975037717,2011184558553096122,19687810642650080
n1000-g1.25-t0.8-r2-h61042,5,37,47,1.2702702702702702,29,0.8108108108108109,0.7837837837837838,0.6170212765957447,29,10,2011184558553096122,19687810642650080,1188444190361409708,1222792329126878359
n1000-g1.25-t0.8-r2-h61042,6,47,59,1.2553191489361701,37,0.8085106382978723,0.7872340425531915,0.6271186440677966,37,6,1188444190361409708,1222792329126878359,1287280958193858468,531829915251592414
n1000-g1.25-t0.8-r2-h61042,7,59,79,1.3389830508474576,47,0.8135593220338984,0.7966101694915254,0.5949367088607594,47,13,1287280958193858468,531829915251592414,1852154909246091954,673350768184342330
n1000-g1.25-t0.8-r2-h61042,8,79,101,1.2784810126582278,63,0.810126582278481,0.7974683544303798,0.6237623762376238,63,16,1852154909246091954,673350768184342330,1847436833828249517,927182782352598258
n1000-g1.25-t0.8-r2-h61042,9,101,127,1.2574257425742574,80,0.801980198019802,0.7920792079207921,0.6299212598425197,80,29,1847436833828249517,927182782352598258,422435719611442696,511094979606876507
n1000-g1.25-t0.8-r2-h61042,10,127,163,1.2834645669291338,101,0.8031496062992126,0.7952755905511811,0.6196319018404908,101,39,422435719611442696,511094979606876507,78779135702122284,1201122746008708944
n1000-g1.25-t0.8-r2-h61042,11,163,211,1.294478527607362,130,0.803680981595092,0.7975460122699386,0.6161137440758294,130,38,78779135702122284,1201122746008708944,679054236071952800,436588455935247705
n1000-g1.25-t0.8-r2-h61042,12,211,269,1.2748815165876777,168,0.8009478672985783,0.7962085308056872,0.6245353159851301,168,47,679054236071952800,436588455935247705,2144814820892340122,1985316371921565939
n1000-g1.25-t0.8-r2-h61042,13,269,337,1.2527881040892193,215,0.8029739776951673,0.7992565055762082,0.6379821958456974,215,71,2144814820892340122,1985316371921565939,941783115665961295,246585915096447824
n1000-g1.25-t0.8-r2-h61042,14,337,431,1.2789317507418398,269,0.8011869436201781,0.798219584569733,0.6241299303944315,269,106,941783115665961295,246585915096447824,222405412336595465,840747076857231455
n1000-g1.25-t0.8-r2-h61042,15,431,541,1.2552204176334107,344,0.8004640371229699,0.7981438515081206,0.6358595194085028,344,108,222405412336595465,840747076857231455,251669853524453184,655622777673349312
n1000-g1.25-t0.8-r2-h61042,16,541,677,1.2513863216266174,432,0.800369685767098,0.7985212569316081,0.638109305760709,432,138,251669853524453184,655622777673349312,2181070133301796522,645850585212136846
n1000-g1.25-t0.8-r2-h61042,17,677,853,1.259970457902511,541,0.8005908419497785,0.7991137370753324,0.634232121922626,541,175,2181070133301796522,645850585212136846,938448421729183578,29206222210087780
n1000-g1.25-t0.8-r2-h61042,18,853,1069,1.2532239155920282,682,0.8007033997655334,0.7995310668229777,0.6379794200187091,682,219,938448421729183578,29206222210087780,1421056423916396044,1748756543459336031
n1000-g1.25-t0.8-r2-h61042,19,1069,1361,1.2731524789522919,855,0.8007483629560337,0.7998129092609916,0.6282145481263777,855,250,1421056423916396044,1748756543459336031,1075325229156238333,1144060348074079302
n1000-g4-t0.8-r2-h61042,1,11,47,4.2727272727272725,8,0.8181818181818182,0.7272727272727273,0.1702127659574468,8,2,1852398483272343840,135825866838367244,81103114575744786,121945319672294310
n1000-g4-t0.8-r2-h61042,2,47,191,4.0638297872340425,37,0.8085106382978723,0.7872340425531915,0.193717277486911,37,5,81103114575744786,121945319672294310,1367964099705701854,1913632499245348082
n1000-g4-t0.8-r2-h61042,3,191,769,4.026178010471204,152,0.8010471204188482,0.7958115183246073,0.1976592977893368,152,14,1367964099705701854,1913632499245348082,594661926484134372,1145977305975037717
n1000-g4-t0.8-r2-h61042,4,769,3079,4.003901170351106,615,0.8010403120936281,0.7997399219765929,0.1997401753816174,615,48,594661926484134372,1145977305975037717,2011184558553096122,19687810642650080
n1000-g1.25-t0.9-r2-h61042,1,11,17,1.5454545454545454,9,0.9090909090909091,0.8181818181818182,0.5294117647058824,9,1,1852398483272343840,135825866838367244,81103114575744786,121945319672294310
n1000-g1.25-t0.9-r2-h61042,2,17,23,1.3529411764705883,15,0.9411764705882353,0.8823529411764706,0.6521739130434783,15,8,81103114575744786,121945319672294310,1367964099705701854,1913632499245348082
n1000-g1.25-t0.9-r2-h61042,3,23,29,1.2608695652173914,20,0.9130434782608695,0.8695652173913043,0.6896551724137931,20,7,1367964099705701854,1913632499245348082,594661926484134372,1145977305975037717
n1000-g1.25-t0.9-r2-h61042,4,29,37,1.2758620689655173,26,0.9310344827586207,0.896551724137931,0.7027027027027027,26,12,594661926484134372,1145977305975037717,2011184558553096122,19687810642650080
n1000-g1.25-t0.9-r2-h61042,5,37,47,1.2702702702702702,33,0.918918918918919,0.8918918918918919,0.7021276595744681,33,11,2011184558553096122,19687810642650080,1188444190361409708,1222792329126878359
n1000-g1.25-t0.9-r2-h61042,6,47,59,1.2553191489361701,42,0.9148936170212766,0.8936170212765957,0.711864406779661,42,11,1188444190361409708,1222792329126878359,1287280958193858468,531829915251592414
n1000-g1.25-t0.9-r2-h61042,7,59,79,1.3389830508474576,53,0.9152542372881356,0.8983050847457628,0.6708860759493671,53,17,1287280958193858468,531829915251592414,1852154909246091954,673350768184342330
n1000-g1.25-t0.9-r2-h61042,8,79,101,1.2784810126582278,71,0.9113924050632911,0.8987341772151899,0.7029702970297029,71,17,1852154909246091954,673350768184342330,1847436833828249517,927182782352598258
n1000-g1.25-t0.9-r2-h61042,9,101,127,1.2574257425742574,90,0.900990099009901,0.8910891089108911,0.7086614173228346,90,31,1847436833828249517,927182782352598258,422435719611442696,511094979606876507
n1000-g1.25-t0.9-r2-h61042,10,127,163,1.2834645669291338,114,0.905511811023622,0.8976377952755905,0.6993865030674846,114,57,422435719611442696,511094979606876507,78779135702122284,1201122746008708944
n1000-g1.25-t0.9-r2-h61042,11,163,211,1.294478527607362,146,0.901840490797546,0.8957055214723927,0.6919431279620853,146,47,78779135702122284,1201122746008708944,679054236071952800,436588455935247705
n1000-g1.25-t0.9-r2-h61042,12,211,269,1.2748815165876777,189,0.9004739336492891,0.8957345971563981,0.7026022304832714,189,64,679054236071952800,436588455935247705,2144814820892340122,1985316371921565939
n1000-g1.25-t0.9-r2-h61042,13,269,337,1.2527881040892193,242,0.9033457249070632,0.8996282527881041,0.7181008902077152,242,96,2144814820892340122,1985316371921565939,941783115665961295,246585915096447824
n1000-g1.25-t0.9-r2-h61042,14,337,431,1.2789317507418398,303,0.9020771513353115,0.8991097922848664,0.703016241299304,303,133,941783115665961295,246585915096447824,222405412336595465,840747076857231455
n1000-g1.25-t0.9-r2-h61042,15,431,541,1.2552204176334107,387,0.9002320185614849,0.8979118329466357,0.7153419593345656,387,145,222405412336595465,840747076857231455,251669853524453184,655622777673349312
n1000-g1.25-t0.9-r2-h61042,16,541,677,1.2513863216266174,486,0.9001848428835489,0.8983364140480592,0.7178729689807977,486,166,251669853524453184,655622777673349312,2181070133301796522,645850585212136846
n1000-g1.25-t0.9-r2-h61042,17,677,853,1.259970457902511,609,0.9010339734121122,0.8995568685376661,0.7139507620164126,609,233,2181070133301796522,645850585212136846,938448421729183578,29206222210087780
n1000-g1.25-t0.9-r2-h61042,18,853,1069,1.2532239155920282,767,0.9003516998827668,0.8991793669402111,0.7174929840972872,767,283,938448421729183578,29206222210087780,1421056423916396044,1748756543459336031
n1000-g1.25-t0.9-r2-h61042,19,1069,1361,1.2731524789522919,962,0.9008419083255379,0.8999064546304958,0.7068332108743571,962,320,1421056423916396044,1748756543459336031,1075325229156238333,1144060348074079302
n1000-g3-t0.7-r2-h61042,1,11,37,3.3636363636363638,7,0.7272727272727273,0.6363636363636364,0.1891891891891892,7,1,1852398483272343840,135825866838367244,81103114575744786,121945319672294310
n1000-g3-t0.7-r2-h61042,2,37,113,3.054054054054054,25,0.7027027027027027,0.6756756756756757,0.22123893805309736,25,3,81103114575744786,121945319672294310,1367964099705701854,1913632499245348082
n1000-g3-t0.7-r2-h61042,3,113,347,3.0707964601769913,79,0.7079646017699115,0.6991150442477876,0.2276657060518732,79,4,1367964099705701854,1913632499245348082,594661926484134372,1145977305975037717
n1000-g3-t0.7-r2-h61042,4,347,1049,3.0230547550432276,242,0.7002881844380403,0.6974063400576369,0.23069590085795996,242,21,594661926484134372,1145977305975037717,2011184558553096122,19687810642650080
n1000-g3-t0.7-r2-h61042,5,1049,3163,3.015252621544328,734,0.7006673021925643,0.6997140133460439,0.2320581726209295,734,82,2011184558553096122,19687810642650080,1188444190361409708,1222792329126878359
n1000-g1.25-t0.7-r2-h61042,1,11,17,1.5454545454545454,7,0.7272727272727273,0.6363636363636364,0.4117647058823529,7,0,1852398483272343840,135825866838367244,81103114575744786,121945319672294310
n1000-g1.25-t0.7-r2-h61042,2,17,23,1.3529411764705883,11,0.7058823529411765,0.6470588235294118,0.4782608695652174,11,5,81103114575744786,121945319672294310,1367964099705701854,1913632499245348082
n1000-g1.25-t0.7-r2-h61042,3,23,29,1.2608695652173914,16,0.7391304347826086,0.6956521739130435,0.5517241379310345,16,3,1367964099705701854,1913632499245348082,594661926484134372,1145977305975037717
n1000-g1.25-t0.7-r2-h61042,4,29,37,1.2758620689655173,20,0.7241379310344828,0.6896551724137931,0.5405405405405406,20,5,594661926484134372,1145977305975037717,2011184558553096122,19687810642650080
n1000-g1.25-t0.7-r2-h61042,5,37,47,1.2702702702702702,25,0.7027027027027027,0.6756756756756757,0.5319148936170213,25,9,2011184558553096122,19687810642650080,1188444190361409708,1222792329126878359
n1000-g1.25-t0.7-r2-h61042,6,47,59,1.2553191489361701,32,0.7021276595744681,0.6808510638297872,0.5423728813559322,32,5,1188444190361409708,1222792329126878359,1287280958193858468,531829915251592414
n1000-g1.25-t0.7-r2-h61042,7,59,79,1.3389830508474576,41,0.711864406779661,0.6949152542372882,0.5189873417721519,41,8,1287280958193858468,531829915251592414,1852154909246091954,673350768184342330
n1000-g1.25-t0.7-r2-h61042,8,79,101,1.2784810126582278,55,0.7088607594936709,0.6962025316455697,0.5445544554455446,55,13,1852154909246091954,673350768184342330,1847436833828249517,927182782352598258
n1000-g1.25-t0.7-r2-h61042,9,101,127,1.2574257425742574,70,0.7029702970297029,0.693069306930693,0.5511811023622047,70,28,1847436833828249517,927182782352598258,422435719611442696,511094979606876507
n1000-g1.25-t0.7-r2-h61042,10,127,163,1.2834645669291338,88,0.7007874015748031,0.6929133858267716,0.5398773006134969,88,32,422435719611442696,511094979606876507,78779135702122284,1201122746008708944
n1000-g1.25-t0.7-r2-h61042,11,163,211,1.294478527607362,114,0.7055214723926381,0.6993865030674846,0.5402843601895735,114,30,78779135702122284,1201122746008708944,679054236071952800,436588455935247705
n1000-g1.25-t0.7-r2-h61042,12,211,269,1.2748815165876777,147,0.7014218009478673,0.6966824644549763,0.5464684014869888,147,36,679054236071952800,436588455935247705,2144814820892340122,1985316371921565939
n1000-g1.25-t0.7-r2-h61042,13,269,337,1.2527881040892193,188,0.7026022304832714,0.6988847583643123,0.5578635014836796,188,54,2144814820892340122,1985316371921565939,941783115665961295,246585915096447824
n1000-g1.25-t0.7-r2-h61042,14,337,431,1.2789317507418398,235,0.7002967359050445,0.6973293768545994,0.5452436194895591,235,92,941783115665961295,246585915096447824,222405412336595465,840747076857231455
n1000-g1.25-t0.7-r2-h61042,15,431,541,1.2552204176334107,301,0.7006960556844548,0.6983758700696056,0.55637707948244,301,90,222405412336595465,840747076857231455,251669853524453184,655622777673349312
n1000-g1.25-t0.7-r2-h61042,16,541,677,1.2513863216266174,378,0.7005545286506469,0.6987060998151571,0.5583456425406204,378,103,251669853524453184,655622777673349312,2181070133301796522,645850585212136846
n1000-g1.25-t0.7-r2-h61042,17,677,853,1.259970457902511,473,0.7001477104874446,0.6986706056129985,0.5545134818288394,473,133,2181070133301796522,645850585212136846,938448421729183578,29206222210087780
n1000-g1.25-t0.7-r2-h61042,18,853,1069,1.2532239155920282,597,0.7010550996483002,0.6998827667057445,0.558465855940131,597,167,938448421729183578,29206222210087780,1421056423916396044,1748756543459336031
n1000-g1.25-t0.7-r2-h61042,19,1069,1361,1.2731524789522919,748,0.7006548175865295,0.6997193638914874,0.5495958853783982,748,189,1421056423916396044,1748756543459336031,1075325229156238333,1144060348074079302
n1000-g1.25-t0.7-r2-h61042,20,1361,1709,1.2556943423952975,952,0.7002204261572373,0.6994856722997795,0.5570509069631363,952,244,1075325229156238333,1144060348074079302,1254001137605848056,1967034465992936071
n1000-g4-t0.7-r2-h61042,1,11,47,4.2727272727272725,7,0.7272727272727273,0.6363636363636364,0.14893617021276595,7,2,1852398483272343840,135825866838367244,81103114575744786,121945319672294310
n1000-g4-t0.7-r2-h61042,2,47,191,4.0638297872340425,32,0.7021276595744681,0.6808510638297872,0.16753926701570682,32,3,81103114575744786,121945319672294310,1367964099705701854,1913632499245348082
n1000-g4-t0.7-r2-h61042,3,191,769,4.026178010471204,133,0.7015706806282722,0.6963350785340314,0.1729518855656697,133,10,1367964099705701854,1913632499245348082,594661926484134372,1145977305975037717
n1000-g4-t0.7-r2-h61042,4,769,3079,4.003901170351106,538,0.7009102730819246,0.6996098829648895,0.17473205586229296,538,40,594661926484134372,1145977305975037717,2011184558553096122,19687810642650080
n1000-g3-t0.8-r2-h61042,1,11,37,3.3636363636363638,8,0.8181818181818182,0.7272727272727273,0.21621621621621623,8,1,1852398483272343840,135825866838367244,81103114575744786,121945319672294310
n1000-g3-t0.8-r2-h61042,2,37,113,3.054054054054054,29,0.8108108108108109,0.7837837837837838,0.25663716814159293,29,5,81103114575744786,121945319672294310,1367964099705701854,1913632499245348082
n1000-g3-t0.8-r2-h61042,3,113,347,3.0707964601769913,90,0.8053097345132744,0.7964601769911505,0.25936599423631124,90,5,1367964099705701854,1913632499245348082,594661926484134372,1145977305975037717
n1000-g3-t0.8-r2-h61042,4,347,1049,3.0230547550432276,277,0.8011527377521613,0.7982708933717579,0.2640610104861773,277,31,594661926484134372,1145977305975037717,2011184558553096122,19687810642650080
n1000-g3-t0.8-r2-h61042,5,1049,3163,3.015252621544328,839,0.8007626310772163,0.7998093422306959,0.26525450521656657,839,96,2011184558553096122,19687810642650080,1188444190361409708,1222792329126878359
n1000-g2-t0.9-r2-h61042,1,11,23,2.090909090909091,9,0.9090909090909091,0.8181818181818182,0.391304347826087,9,3,1852398483272343840,135825866838367244,81103114575744786,121945319672294310
n1000-g2-t0.9-r2-h61042,2,23,47,2.0434782608695654,20,0.9130434782608695,0.8695652173913043,0.425531914893617,20,5,81103114575744786,121945319672294310,1367964099705701854,1913632499245348082
n1000-g2-t0.9-r2-h61042,3,47,97,2.0638297872340425,42,0.9148936170212766,0.8936170212765957,0.4329896907216495,42,9,1367964099705701854,1913632499245348082,594661926484134372,1145977305975037717
n1000-g2-t0.9-r2-h61042,4,97,197,2.0309278350515463,87,0.9072164948453608,0.8969072164948454,0.4416243654822335,87,14,594661926484134372,1145977305975037717,2011184558553096122,19687810642650080
n1000-g2-t0.9-r2-h61042,5,197,397,2.015228426395939,177,0.9035532994923858,0.8984771573604061,0.44584382871536526,177,40,2011184558553096122,19687810642650080,1188444190361409708,1222792329126878359
n1000-g2-t0.9-r2-h61042,6,397,797,2.0075566750629723,357,0.9017632241813602,0.8992443324937027,0.4479297365119197,357,81,1188444190361409708,1222792329126878359,1287280958193858468,531829915251592414
n1000-g2-t0.9-r2-h61042,7,797,1597,2.0037641154328734,717,0.9008782936010038,0.8996235884567126,0.4489668127739512,717,163,1287280958193858468,531829915251592414,1852154909246091954,673350768184342330
n1000-g1.5-t0.9-r2-h61042,1,11,17,1.5454545454545454,9,0.9090909090909091,0.8181818181818182,0.5294117647058824,9,1,1852398483272343840,135825866838367244,81103114575744786,121945319672294310
n1000-g1.5-t0.9-r2-h61042,2,17,29,1.7058823529411764,15,0.9411764705882353,0.8823529411764706,0.5172413793103449,15,3,81103114575744786,121945319672294310,1367964099705701854,1913632499245348082
n1000-g1.5-t0.9-r2-h61042,3,29,47,1.6206896551724137,26,0.9310344827586207,0.896551724137931,0.5531914893617021,26,6,1367964099705701854,1913632499245348082,594661926484134372,1145977305975037717
n1000-g1.5-t0.9-r2-h61042,4,47,71,1.5106382978723405,42,0.9148936170212766,0.8936170212765957,0.5915492957746479,42,7,594661926484134372,1145977305975037717,2011184558553096122,19687810642650080
n1000-g1.5-t0.9-r2-h61042,5,71,107,1.5070422535211268,63,0.9014084507042254,0.8873239436619719,0.5887850467289719,63,18,2011184558553096122,19687810642650080,1188444190361409708,1222792329126878359
n1000-g1.5-t0.9-r2-h61042,6,107,163,1.5233644859813085,96,0.9065420560747663,0.897196261682243,0.588957055214724,96,27,1188444190361409708,1222792329126878359,1287280958193858468,531829915251592414
n1000-g1.5-t0.9-r2-h61042,7,163,251,1.539877300613497,146,0.901840490797546,0.8957055214723927,0.5816733067729084,146,42,1287280958193858468,531829915251592414,1852154909246091954,673350768184342330
n1000-g1.5-t0.9-r2-h61042,8,251,379,1.5099601593625498,225,0.900398406374502,0.896414342629482,0.5936675461741425,225,70,1852154909246091954,673350768184342330,1847436833828249517,927182782352598258
n1000-g1.5-t0.9-r2-h61042,9,379,569,1.5013192612137203,341,0.9023746701846965,0.899736147757256,0.5992970123022847,341,110,1847436833828249517,927182782352598258,422435719611442696,511094979606876507
n1000-g1.5-t0.9-r2-h61042,10,569,857,1.5061511423550087,512,0.9015817223198594,0.8998242530755711,0.5974329054842473,512,151,422435719611442696,511094979606876507,78779135702122284,1201122746008708944
n1000-g1.5-t0.9-r2-h61042,11,857,1289,1.5040840140023337,771,0.9008168028004667,0.8996499416569428,0.5981380915438325,771,260,78779135702122284,1201122746008708944,679054236071952800,436588455935247705
n1000-g4-t0.5-r3-h91042,1,11,47,4.2727272727272725,5,0.5454545454545454,0.45454545454545453,0.10638297872340426,5,0,951823370729074569,1882550217633077576,372491853526118834,442758366558058029
n1000-g4-t0.5-r3-h91042,2,47,191,4.0638297872340425,23,0.5106382978723404,0.48936170212765956,0.12041884816753927,23,1,372491853526118834,442758366558058029,1830853403163907598,1473119256973142290
n1000-g4-t0.5-r3-h91042,3,191,769,4.026178010471204,95,0.5026178010471204,0.4973821989528796,0.1235370611183355,95,5,1830853403163907598,1473119256973142290,370834443123932126,977498292804945334
n1000-g4-t0.5-r3-h91042,4,769,3079,4.003901170351106,384,0.5006501950585176,0.49934980494148246,0.12471581682364404,384,18,370834443123932126,977498292804945334,450687491159988125,478393709983906151
n1000-g1.5-t0.8-r3-h91042,1,11,17,1.5454545454545454,8,0.8181818181818182,0.7272727272727273,0.47058823529411764,8,1,951823370729074569,1882550217633077576,372491853526118834,442758366558058029
n1000-g1.5-t0.8-r3-h91042,2,17,29,1.7058823529411764,13,0.8235294117647058,0.7647058823529411,0.4482758620689655,13,7,372491853526118834,442758366558058029,1830853403163907598,1473119256973142290
n1000-g1.5-t0.8-r3-h91042,3,29,47,1.6206896551724137,23,0.8275862068965517,0.7931034482758621,0.48936170212765956,23,7,1830853403163907598,1473119256973142290,370834443123932126,977498292804945334
n1000-g1.5-t0.8-r3-h91042,4,47,71,1.5106382978723405,37,0.8085106382978723,0.7872340425531915,0.5211267605633803,37,13,370834443123932126,977498292804945334,450687491159988125,478393709983906151
n1000-g1.5-t0.8-r3-h91042,5,71,107,1.5070422535211268,56,0.8028169014084507,0.7887323943661971,0.5233644859813084,56,22,450687491159988125,478393709983906151,1185922051791028958,1543093448577332183
n1000-g1.5-t0.8-r3-h91042,6,107,163,1.5233644859813085,85,0.8037383177570093,0.794392523364486,0.5214723926380368,85,12,1185922051791028958,1543093448577332183,30143398428041608,474726848078973234
n1000-g1.5-t0.8-r3-h91042,7,163,251,1.539877300613497,130,0.803680981595092,0.7975460122699386,0.5179282868525896,130,28,30143398428041608,474726848078973234,1472131402324698637,1317599128310044882
n1000-g1.5-t0.8-r3-h91042,8,251,379,1.5099601593625498,200,0.8007968127490039,0.796812749003984,0.5277044854881267,200,43,1472131402324698637,1317599128310044882,523428011606557431,2036629246836724819
n1000-g1.5-t0.8-r3-h91042,9,379,569,1.5013192612137203,303,0.8021108179419525,0.7994722955145118,0.5325131810193322,303,73,523428011606557431,2036629246836724819,483839270513380379,816496819320282542
n1000-g1.5-t0.8-r3-h91042,10,569,857,1.5061511423550087,455,0.8014059753954306,0.7996485061511424,0.5309218203033839,455,120,483839270513380379,816496819320282542,1467174139873082721,235664857972060384
n1000-g1.5-t0.8-r3-h91042,11,857,1289,1.5040840140023337,685,0.8004667444574096,0.7992998833138857,0.5314197051978278,685,166,1467174139873082721,235664857972060384,899562782064138328,574077191073454396
n1000-g2-t0.7-r3-h91042,1,11,23,2.090909090909091,7,0.7272727272727273,0.6363636363636364,0.30434782608695654,7,1,951823370729074569,1882550217633077576,372491853526118834,442758366558058029
n1000-g2-t0.7-r3-h91042,2,23,47,2.0434782608695654,16,0.7391304347826086,0.6956521739130435,0.3404255319148936,16,8,372491853526118834,442758366558058029,1830853403163907598,1473119256973142290
n1000-g2-t0.7-r3-h91042,3,47,97,2.0638297872340425,32,0.7021276595744681,0.6808510638297872,0.32989690721649484,32,2,1830853403163907598,1473119256973142290,370834443123932126,977498292804945334
n1000-g2-t0.7-r3-h91042,4,97,197,2.0309278350515463,67,0.7010309278350515,0.6907216494845361,0.3401015228426396,67,7,370834443123932126,977498292804945334,450687491159988125,478393709983906151
n1000-g2-t0.7-r3-h91042,5,197,397,2.015228426395939,137,0.700507614213198,0.6954314720812182,0.345088161209068,137,19,450687491159988125,478393709983906151,1185922051791028958,1543093448577332183
n1000-g2-t0.7-r3-h91042,6,397,797,2.0075566750629723,277,0.7002518891687658,0.6977329974811083,0.3475533249686324,277,54,1185922051791028958,1543093448577332183,30143398428041608,474726848078973234
n1000-g2-t0.7-r3-h91042,7,797,1597,2.0037641154328734,557,0.7001254705144291,0.698870765370138,0.3487789605510332,557,93,30143398428041608,474726848078973234,1472131402324698637,1317599128310044882
n1000-g3-t0.5-r3-h91042,1,11,37,3.3636363636363638,5,0.5454545454545454,0.45454545454545453,0.13513513513513514,5,1,951823370729074569,1882550217633077576,372491853526118834,442758366558058029
n1000-g3-t0.5-r3-h91042,2,37,113,3.054054054054054,18,0.5135135135135135,0.4864864864864865,0.1592920353982301,18,2,372491853526118834,442758366558058029,1830853403163907598,1473119256973142290
n1000-g3-t0.5-r3-h91042,3,113,347,3.0707964601769913,56,0.504424778761062,0.49557522123893805,0.16138328530259366,56,7,1830853403163907598,1473119256973142290,370834443123932126,977498292804945334
n1000-g3-t0.5-r3-h91042,4,347,1049,3.0230547550432276,173,0.5014409221902018,0.49855907780979825,0.16491897044804577,173,12,370834443123932126,977498292804945334,450687491159988125,478393709983906151
n1000-g3-t0.5-r3-h91042,5,1049,3163,3.015252621544328,524,0.5004766444232602,0.49952335557673977,0.16566550742965538,524,42,450687491159988125,478393709983906151,1185922051791028958,1543093448577332183
n1000-g4-t0.9-r3-h91042,1,11,47,4.2727272727272725,9,0.9090909090909091,0.8181818181818182,0.19148936170212766,9,0,951823370729074569,1882550217633077576,372491853526118834,442758366558058029
n1000-g4-t0.9-r3-h91042,2,47,191,4.0638297872340425,42,0.9148936170212766,0.8936170212765957,0.2198952879581152,42,2,372491853526118834,442758366558058029,1830853403163907598,1473119256973142290
n1000-g4-t0.9-r3-h91042,3,191,769,4.026178010471204,171,0.900523560209424,0.8952879581151832,0.2223667100130039,171,17,1830853403163907598,1473119256973142290,370834443123932126,977498292804945334
n1000-g4-t0.9-r3-h91042,4,769,3079,4.003901170351106,692,0.9011703511053316,0.8998699609882965,0.22474829490094186,692,63,370834443123932126,977498292804945334,450687491159988125,478393709983906151
n1000-g1.25-t0.5-r3-h91042,1,11,17,1.5454545454545454,5,0.5454545454545454,0.45454545454545453,0.29411764705882354,5,1,951823370729074569,1882550217633077576,372491853526118834,442758366558058029
n1000-g1.25-t0.5-r3-h91042,2,17,23,1.3529411764705883,8,0.5294117647058824,0.47058823529411764,0.34782608695652173,8,1,372491853526118834,442758366558058029,1830853403163907598,1473119256973142290
n1000-g1.25-t0.5-r3-h91042,3,23,29,1.2608695652173914,11,0.5217391304347826,0.4782608695652174,0.3793103448275862,11,3,1830853403163907598,1473119256973142290,370834443123932126,977498292804945334
n1000-g1.25-t0.5-r3-h91042,4,29,37,1.2758620689655173,14,0.5172413793103449,0.4827586206896552,0.3783783783783784,14,3,370834443123932126,977498292804945334,450687491159988125,478393709983906151
n1000-g1.25-t0.5-r3-h91042,5,37,47,1.2702702702702702,18,0.5135135135135135,0.4864864864864865,0.3829787234042553,18,7,450687491159988125,478393709983906151,1185922051791028958,1543093448577332183
n1000-g1.25-t0.5-r3-h91042,6,47,59,1.2553191489361701,23,0.5106382978723404,0.48936170212765956,0.3898305084745763,23,4,1185922051791028958,1543093448577332183,30143398428041608,474726848078973234
n1000-g1.25-t0.5-r3-h91042,7,59,79,1.3389830508474576,29,0.5084745762711864,0.4915254237288136,0.3670886075949367,29,2,30143398428041608,474726848078973234,1472131402324698637,1317599128310044882
n1000-g1.25-t0.5-r3-h91042,8,79,101,1.2784810126582278,39,0.5063291139240507,0.4936708860759494,0.38613861386138615,39,7,1472131402324698637,1317599128310044882,523428011606557431,2036629246836724819
n1000-g1.25-t0.5-r3-h91042,9,101,127,1.2574257425742574,50,0.504950495049505,0.49504950495049505,0.3937007874015748,50,7,523428011606557431,2036629246836724819,483839270513380379,816496819320282542
n1000-g1.25-t0.5-r3-h91042,10,127,163,1.2834645669291338,63,0.5039370078740157,0.49606299212598426,0.38650306748466257,63,10,483839270513380379,816496819320282542,1467174139873082721,235664857972060384
n1000-g1.25-t0.5-r3-h91042,11,163,211,1.294478527607362,81,0.5030674846625767,0.49693251533742333,0.38388625592417064,81,14,1467174139873082721,235664857972060384,899562782064138328,574077191073454396
n1000-g1.25-t0.5-r3-h91042,12,211,269,1.2748815165876777,105,0.5023696682464455,0.4976303317535545,0.3903345724907063,105,23,899562782064138328,574077191073454396,779916671900386506,1595845193837513214
n1000-g1.25-t0.5-r3-h91042,13,269,337,1.2527881040892193,134,0.5018587360594795,0.49814126394052044,0.39762611275964393,134,29,779916671900386506,1595845193837513214,26552125050180453,683421007242339203
n1000-g1.25-t0.5-r3-h91042,14,337,431,1.2789317507418398,168,0.5014836795252225,0.49851632047477745,0.38979118329466356,168,28,26552125050180453,683421007242339203,970138127375678638,165925604913191579
n1000-g1.25-t0.5-r3-h91042,15,431,541,1.2552204176334107,215,0.5011600928074246,0.4988399071925754,0.3974121996303142,215,36,970138127375678638,165925604913191579,2246214315474634114,706108893281298906
n1000-g1.25-t0.5-r3-h91042,16,541,677,1.2513863216266174,270,0.5009242144177449,0.49907578558225507,0.3988183161004431,270,53,2246214315474634114,706108893281298906,277678023826883553,2168746885013298085
n1000-g1.25-t0.5-r3-h91042,17,677,853,1.259970457902511,338,0.5007385524372231,0.49926144756277696,0.3962485345838218,338,63,277678023826883553,2168746885013298085,1041410742350728905,1468499610462715716
n1000-g1.25-t0.5-r3-h91042,18,853,1069,1.2532239155920282,426,0.5005861664712778,0.49941383352872215,0.3985032740879326,426,71,1041410742350728905,1468499610462715716,2279687191916813288,1836730906936250341
n1000-g1.25-t0.5-r3-h91042,19,1069,1361,1.2731524789522919,534,0.500467726847521,0.49953227315247895,0.3923585598824394,534,93,2279687191916813288,1836730906936250341,1784500499880210354,481735091600411253
n1000-g1.25-t0.5-r3-h91042,20,1361,1709,1.2556943423952975,680,0.5003673769287289,0.4996326230712711,0.3978935049736688,680,125,1784500499880210354,481735091600411253,2204172323653952932,1462753198738308507
n1000-g1.25-t0.5-r3-h91042,21,1709,2137,1.2504388531304858,854,0.5002925687536571,0.49970743124634287,0.39962564342536266,854,165,2204172323653952932,1462753198738308507,436248592270819239,114384206460466260
n1000-g1.5-t0.5-r3-h91042,1,11,17,1.5454545454545454,5,0.5454545454545454,0.45454545454545453,0.29411764705882354,5,1,951823370729074569,1882550217633077576,372491853526118834,442758366558058029
n1000-g1.5-t0.5-r3-h91042,2,17,29,1.7058823529411764,8,0.5294117647058824,0.47058823529411764,0.27586206896551724,8,2,372491853526118834,442758366558058029,1830853403163907598,1473119256973142290
n1000-g1.5-t0.5-r3-h91042,3,29,47,1.6206896551724137,14,0.5172413793103449,0.4827586206896552,0.2978723404255319,14,3,1830853403163907598,1473119256973142290,370834443123932126,977498292804945334
n1000-g1.5-t0.5-r3-h91042,4,47,71,1.5106382978723405,23,0.5106382978723404,0.48936170212765956,0.323943661971831,23,3,370834443123932126,977498292804945334,450687491159988125,478393709983906151
n1000-g1.5-t0.5-r3-h91042,5,71,107,1.5070422535211268,35,0.5070422535211268,0.49295774647887325,0.32710280373831774,35,9,450687491159988125,478393709983906151,1185922051791028958,1543093448577332183
n1000-g1.5-t0.5-r3-h91042,6,107,163,1.5233644859813085,53,0.5046728971962616,0.4953271028037383,0.32515337423312884,53,6,1185922051791028958,1543093448577332183,30143398428041608,474726848078973234
n1000-g1.5-t0.5-r3-h91042,7,163,251,1.539877300613497,81,0.5030674846625767,0.49693251533742333,0.32270916334661354,81,7,30143398428041608,474726848078973234,1472131402324698637,1317599128310044882
n1000-g1.5-t0.5-r3-h91042,8,251,379,1.5099601593625498,125,0.50199203187251,0.49800796812749004,0.32981530343007914,125,20,1472131402324698637,1317599128310044882,523428011606557431,2036629246836724819
n1000-g1.5-t0.5-r3-h91042,9,379,569,1.5013192612137203,189,0.5013192612137203,0.49868073878627966,0.3321616871704745,189,23,523428011606557431,2036629246836724819,483839270513380379,816496819320282542
n1000-g1.5-t0.5-r3-h91042,10,569,857,1.5061511423550087,284,0.5008787346221442,0.4991212653778559,0.3313885647607935,284,50,483839270513380379,816496819320282542,1467174139873082721,235664857972060384
n1000-g1.5-t0.5-r3-h91042,11,857,1289,1.5040840140023337,428,0.5005834305717619,0.49941656942823803,0.33204034134988364,428,62,1467174139873082721,235664857972060384,899562782064138328,574077191073454396
n1000-g1.5-t0.5-r3-h91042,12,1289,1949,1.5120248254460822,644,0.5003878975950349,0.49961210240496506,0.3304258594150847,644,87,899562782064138328,574077191073454396,779916671900386506,1595845193837513214
n1000-g1.5-t0.5-r3-h91042,13,1949,2927,1.5017957927142125,974,0.5002565418163161,0.49974345818368393,0.3327639221045439,974,157,779916671900386506,1595845193837513214,26552125050180453,683421007242339203
n1000-g2-t0.5-r3-h91042,1,11,23,2.090909090909091,5,0.5454545454545454,0.45454545454545453,0.21739130434782608,5,0,951823370729074569,1882550217633077576,372491853526118834,442758366558058029
n1000-g2-t0.5-r3-h91042,2,23,47,2.0434782608695654,11,0.5217391304347826,0.4782608695652174,0.23404255319148937,11,7,372491853526118834,442758366558058029,1830853403163907598,1473119256973142290
n1000-g2-t0.5-r3-h91042,3,47,97,2.0638297872340425,23,0.5106382978723404,0.48936170212765956,0.23711340206185566,23,1,1830853403163907598,1473119256973142290,370834443123932126,977498292804945334
n1000-g2-t0.5-r3-h91042,4,97,197,2.0309278350515463,48,0.5051546391752577,0.4948453608247423,0.2436548223350254,48,3,370834443123932126,977498292804945334,450687491159988125,478393709983906151
n1000-g2-t0.5-r3-h91042,5,197,397,2.015228426395939,98,0.5025380710659898,0.49746192893401014,0.24685138539042822,98,10,450687491159988125,478393709983906151,1185922051791028958,1543093448577332183
n1000-g2-t0.5-r3-h91042,6,397,797,2.0075566750629723,198,0.5012594458438288,0.4987405541561713,0.24843161856963614,198,26,1185922051791028958,1543093448577332183,30143398428041608,474726848078973234
n1000-g2-t0.5-r3-h91042,7,797,1597,2.0037641154328734,398,0.5006273525721455,0.4993726474278545,0.24921728240450847,398,47,30143398428041608,474726848078973234,1472131402324698637,1317599128310044882
n1000-g2-t0.5-r3-h91042,8,1597,3203,2.005635566687539,798,0.5003130870381967,0.4996869129618034,0.2491414299094599,798,75,1472131402324698637,1317599128310044882,523428011606557431,2036629246836724819
n1000-g4-t0.8-r3-h91042,1,11,47,4.2727272727272725,8,0.8181818181818182,0.7272727272727273,0.1702127659574468,8,0,951823370729074569,1882550217633077576,372491853526118834,442758366558058029
n1000-g4-t0.8-r3-h91042,2,47,191,4.0638297872340425,37,0.8085106382978723,0.7872340425531915,0.193717277486911,37,2,372491853526118834,442758366558058029,1830853403163907598,1473119256973142290
n1000-g4-t0.8-r3-h91042,3,191,769,4.026178010471204,152,0.8010471204188482,0.7958115183246073,0.1976592977893368,152,12,1830853403163907598,1473119256973142290,370834443123932126,977498292804945334
n1000-g4-t0.8-r3-h91042,4,769,3079,4.003901170351106,615,0.8010403120936281,0.7997399219765929,0.1997401753816174,615,54,370834443123932126,977498292804945334,450687491159988125,478393709983906151
n1000-g2-t0.8-r3-h91042,1,11,23,2.090909090909091,8,0.8181818181818182,0.7272727272727273,0.34782608695652173,8,1,951823370729074569,1882550217633077576,372491853526118834,442758366558058029
n1000-g2-t0.8-r3-h91042,2,23,47,2.0434782608695654,18,0.8260869565217391,0.782608695652174,0.3829787234042553,18,9,372491853526118834,442758366558058029,1830853403163907598,1473119256973142290
n1000-g2-t0.8-r3-h91042,3,47,97,2.0638297872340425,37,0.8085106382978723,0.7872340425531915,0.38144329896907214,37,2,1830853403163907598,1473119256973142290,370834443123932126,977498292804945334
n1000-g2-t0.8-r3-h91042,4,97,197,2.0309278350515463,77,0.8041237113402062,0.7938144329896907,0.39086294416243655,77,11,370834443123932126,977498292804945334,450687491159988125,478393709983906151
n1000-g2-t0.8-r3-h91042,5,197,397,2.015228426395939,157,0.8020304568527918,0.7969543147208121,0.3954659949622166,157,26,450687491159988125,478393709983906151,1185922051791028958,1543093448577332183
n1000-g2-t0.8-r3-h91042,6,397,797,2.0075566750629723,317,0.801007556675063,0.7984886649874056,0.397741530740276,317,67,1185922051791028958,1543093448577332183,30143398428041608,474726848078973234
n1000-g2-t0.8-r3-h91042,7,797,1597,2.0037641154328734,637,0.8005018820577164,0.7992471769134254,0.39887288666249215,637,123,30143398428041608,474726848078973234,1472131402324698637,1317599128310044882
n1000-g4-t0.7-r3-h91042,1,11,47,4.2727272727272725,7,0.7272727272727273,0.6363636363636364,0.14893617021276595,7,0,951823370729074569,1882550217633077576,372491853526118834,442758366558058029
n1000-g4-t0.7-r3-h91042,2,47,191,4.0638297872340425,32,0.7021276595744681,0.6808510638297872,0.16753926701570682,32,2,372491853526118834,442758366558058029,1830853403163907598,1473119256973142290
n1000-g4-t0.7-r3-h91042,3,191,769,4.026178010471204,133,0.7015706806282722,0.6963350785340314,0.1729518855656697,133,9,1830853403163907598,1473119256973142290,370834443123932126,977498292804945334
n1000-g4-t0.7-r3-h91042,4,769,3079,4.003901170351106,538,0.7009102730819246,0.6996098829648895,0.17473205586229296,538,40,370834443123932126,977498292804945334,450687491159988125,478393709983906151
n1000-g2-t0.9-r3-h91042,1,11,23,2.090909090909091,9,0.9090909090909091,0.8181818181818182,0.391304347826087,9,2,951823370729074569,1882550217633077576,372491853526118834,442758366558058029
n1000-g2-t0.9-r3-h91042,2,23,47,2.0434782608695654,20,0.9130434782608695,0.8695652173913043,0.425531914893617,20,9,372491853526118834,442758366558058029,1830853403163907598,1473119256973142290
n1000-g2-t0.9-r3-h91042,3,47,97,2.0638297872340425,42,0.9148936170212766,0.8936170212765957,0.4329896907216495,42,4,1830853403163907598,1473119256973142290,370834443123932126,977498292804945334
n1000-g2-t0.9-r3-h91042,4,97,197,2.0309278350515463,87,0.9072164948453608,0.8969072164948454,0.4416243654822335,87,15,370834443123932126,977498292804945334,450687491159988125,478393709983906151
n1000-g2-t0.9-r3-h91042,5,197,397,2.015228426395939,177,0.9035532994923858,0.8984771573604061,0.44584382871536526,177,37,450687491159988125,478393709983906151,1185922051791028958,1543093448577332183
n1000-g2-t0.9-r3-h91042,6,397,797,2.0075566750629723,357,0.9017632241813602,0.8992443324937027,0.4479297365119197,357,84,1185922051791028958,1543093448577332183,30143398428041608,474726848078973234
n1000-g2-t0.9-r3-h91042,7,797,1597,2.0037641154328734,717,0.9008782936010038,0.8996235884567126,0.4489668127739512,717,150,30143398428041608,474726848078973234,1472131402324698637,1317599128310044882
n1000-g1.5-t0.7-r3-h91042,1,11,17,1.5454545454545454,7,0.7272727272727273,0.6363636363636364,0.4117647058823529,7,1,951823370729074569,1882550217633077576,372491853526118834,442758366558058029
n1000-g1.5-t0.7-r3-h91042,2,17,29,1.7058823529411764,11,0.7058823529411765,0.6470588235294118,0.3793103448275862,11,5,372491853526118834,442758366558058029,1830853403163907598,1473119256973142290
n1000-g1.5-t0.7-r3-h91042,3,29,47,1.6206896551724137,20,0.7241379310344828,0.6896551724137931,0.425531914893617,20,5,1830853403163907598,1473119256973142290,370834443123932126,977498292804945334
n1000-g1.5-t0.7-r3-h91042,4,47,71,1.5106382978723405,32,0.7021276595744681,0.6808510638297872,0.4507042253521127,32,7,370834443123932126,977498292804945334,450687491159988125,478393709983906151
n1000-g1.5-t0.7-r3-h91042,5,71,107,1.5070422535211268,49,0.704225352112676,0.6901408450704225,0.45794392523364486,49,17,450687491159988125,478393709983906151,1185922051791028958,1543093448577332183
n1000-g1.5-t0.7-r3-h91042,6,107,163,1.5233644859813085,74,0.7009345794392523,0.6915887850467289,0.4539877300613497,74,8,1185922051791028958,1543093448577332183,30143398428041608,474726848078973234
n1000-g1.5-t0.7-r3-h91042,7,163,251,1.539877300613497,114,0.7055214723926381,0.6993865030674846,0.4541832669322709,114,18,30143398428041608,474726848078973234,1472131402324698637,1317599128310044882
n1000-g1.5-t0.7-r3-h91042,8,251,379,1.5099601593625498,175,0.701195219123506,0.6972111553784861,0.46174142480211083,175,36,1472131402324698637,1317599128310044882,523428011606557431,2036629246836724819
n1000-g1.5-t0.7-r3-h91042,9,379,569,1.5013192612137203,265,0.7018469656992085,0.6992084432717678,0.46572934973637964,265,55,523428011606557431,2036629246836724819,483839270513380379,816496819320282542
n1000-g1.5-t0.7-r3-h91042,10,569,857,1.5061511423550087,398,0.7012302284710018,0.6994727592267135,0.4644107351225204,398,98,483839270513380379,816496819320282542,1467174139873082721,235664857972060384
n1000-g1.5-t0.7-r3-h91042,11,857,1289,1.5040840140023337,599,0.7001166861143524,0.6989498249708285,0.46470131885182314,599,123,1467174139873082721,235664857972060384,899562782064138328,574077191073454396
n1000-g1.5-t0.7-r3-h91042,12,1289,1949,1.5120248254460822,902,0.7005430566330488,0.6997672614429791,0.4628014366341714,902,192,899562782064138328,574077191073454396,779916671900386506,1595845193837513214
n1000-g1.25-t0.8-r3-h91042,1,11,17,1.5454545454545454,8,0.8181818181818182,0.7272727272727273,0.47058823529411764,8,1,951823370729074569,1882550217633077576,372491853526118834,442758366558058029
n1000-g1.25-t0.8-r3-h91042,2,17,23,1.3529411764705883,13,0.8235294117647058,0.7647058823529411,0.5652173913043478,13,4,372491853526118834,442758366558058029,1830853403163907598,1473119256973142290
n1000-g1.25-t0.8-r3-h91042,3,23,29,1.2608695652173914,18,0.8260869565217391,0.782608695652174,0.6206896551724138,18,7,1830853403163907598,1473119256973142290,370834443123932126,977498292804945334
n1000-g1.25-t0.8-r3-h91042,4,29,37,1.2758620689655173,23,0.8275862068965517,0.7931034482758621,0.6216216216216216,23,8,370834443123932126,977498292804945334,450687491159988125,478393709983906151
n1000-g1.25-t0.8-r3-h91042,5,37,47,1.2702702702702702,29,0.8108108108108109,0.7837837837837838,0.6170212765957447,29,8,450687491159988125,478393709983906151,1185922051791028958,1543093448577332183
n1000-g1.25-t0.8-r3-h91042,6,47,59,1.2553191489361701,37,0.8085106382978723,0.7872340425531915,0.6271186440677966,37,12,1185922051791028958,1543093448577332183,30143398428041608,474726848078973234
n1000-g1.25-t0.8-r3-h91042,7,59,79,1.3389830508474576,47,0.8135593220338984,0.7966101694915254,0.5949367088607594,47,11,30143398428041608,474726848078973234,1472131402324698637,1317599128310044882
n1000-g1.25-t0.8-r3-h91042,8,79,101,1.2784810126582278,63,0.810126582278481,0.7974683544303798,0.6237623762376238,63,18,1472131402324698637,1317599128310044882,523428011606557431,2036629246836724819
n1000-g1.25-t0.8-r3-h91042,9,101,127,1.2574257425742574,80,0.801980198019802,0.7920792079207921,0.6299212598425197,80,25,523428011606557431,2036629246836724819,483839270513380379,816496819320282542
n1000-g1.25-t0.8-r3-h91042,10,127,163,1.2834645669291338,101,0.8031496062992126,0.7952755905511811,0.6196319018404908,101,33,483839270513380379,816496819320282542,1467174139873082721,235664857972060384
n1000-g1.25-t0.8-r3-h91042,11,163,211,1.294478527607362,130,0.803680981595092,0.7975460122699386,0.6161137440758294,130,40,1467174139873082721,235664857972060384,899562782064138328,574077191073454396
n1000-g1.25-t0.8-r3-h91042,12,211,269,1.2748815165876777,168,0.8009478672985783,0.7962085308056872,0.6245353159851301,168,60,899562782064138328,574077191073454396,779916671900386506,1595845193837513214
n1000-g1.25-t0.8-r3-h91042,13,269,337,1.2527881040892193,215,0.8029739776951673,0.7992565055762082,0.6379821958456974,215,81,779916671900386506,1595845193837513214,26552125050180453,683421007242339203
n1000-g1.25-t0.8-r3-h91042,14,337,431,1.2789317507418398,269,0.8011869436201781,0.798219584569733,0.6241299303944315,269,73,26552125050180453,683421007242339203,970138127375678638,165925604913191579
n1000-g1.25-t0.8-r3-h91042,15,431,541,1.2552204176334107,344,0.8004640371229699,0.7981438515081206,0.6358595194085028,344,101,970138127375678638,165925604913191579,2246214315474634114,706108893281298906
n1000-g1.25-t0.8-r3-h91042,16,541,677,1.2513863216266174,432,0.800369685767098,0.7985212569316081,0.638109305760709,432,133,2246214315474634114,706108893281298906,277678023826883553,2168746885013298085
n1000-g1.25-t0.8-r3-h91042,17,677,853,1.259970457902511,541,0.8005908419497785,0.7991137370753324,0.634232121922626,541,159,277678023826883553,2168746885013298085,1041410742350728905,1468499610462715716
n1000-g1.25-t0.8-r3-h91042,18,853,1069,1.2532239155920282,682,0.8007033997655334,0.7995310668229777,0.6379794200187091,682,194,1041410742350728905,1468499610462715716,2279687191916813288,1836730906936250341
n1000-g1.25-t0.8-r3-h91042,19,1069,1361,1.2731524789522919,855,0.8007483629560337,0.7998129092609916,0.6282145481263777,855,236,2279687191916813288,1836730906936250341,1784500499880210354,481735091600411253
n1000-g1.5-t0.9-r3-h91042,1,11,17,1.5454545454545454,9,0.9090909090909091,0.8181818181818182,0.5294117647058824,9,1,951823370729074569,1882550217633077576,372491853526118834,442758366558058029
n1000-g1.5-t0.9-r3-h91042,2,17,29,1.7058823529411764,15,0.9411764705882353,0.8823529411764706,0.5172413793103449,15,8,372491853526118834,442758366558058029,1830853403163907598,1473119256973142290
n1000-g1.5-t0.9-r3-h91042,3,29,47,1.6206896551724137,26,0.9310344827586207,0.896551724137931,0.5531914893617021,26,8,1830853403163907598,1473119256973142290,370834443123932126,977498292804945334
n1000-g1.5-t0.9-r3-h91042,4,47,71,1.5106382978723405,42,0.9148936170212766,0.8936170212765957,0.5915492957746479,42,13,370834443123932126,977498292804945334,450687491159988125,478393709983906151
n1000-g1.5-t0.9-r3-h91042,5,71,107,1.5070422535211268,63,0.9014084507042254,0.8873239436619719,0.5887850467289719,63,29,450687491159988125,478393709983906151,1185922051791028958,1543093448577332183
n1000-g1.5-t0.9-r3-h91042,6,107,163,1.5233644859813085,96,0.9065420560747663,0.897196261682243,0.588957055214724,96,21,1185922051791028958,1543093448577332183,30143398428041608,474726848078973234
n1000-g1.5-t0.9-r3-h91042,7,163,251,1.539877300613497,146,0.901840490797546,0.8957055214723927,0.5816733067729084,146,34,30143398428041608,474726848078973234,1472131402324698637,1317599128310044882
n1000-g1.5-t0.9-r3-h91042,8,251,379,1.5099601593625498,225,0.900398406374502,0.896414342629482,0.5936675461741425,225,61,1472131402324698637,1317599128310044882,523428011606557431,2036629246836724819
n1000-g1.5-t0.9-r3-h91042,9,379,569,1.5013192612137203,341,0.9023746701846965,0.899736147757256,0.5992970123022847,341,98,523428011606557431,2036629246836724819,483839270513380379,816496819320282542
n1000-g1.5-t0.9-r3-h91042,10,569,857,1.5061511423550087,512,0.9015817223198594,0.8998242530755711,0.5974329054842473,512,146,483839270513380379,816496819320282542,1467174139873082721,235664857972060384
n1000-g1.5-t0.9-r3-h91042,11,857,1289,1.5040840140023337,771,0.9008168028004667,0.8996499416569428,0.5981380915438325,771,218,1467174139873082721,235664857972060384,899562782064138328,574077191073454396
n1000-g1.25-t0.9-r3-h91042,1,11,17,1.5454545454545454,9,0.9090909090909091,0.8181818181818182,0.5294117647058824,9,1,951823370729074569,1882550217633077576,372491853526118834,442758366558058029
n1000-g1.25-t0.9-r3-h91042,2,17,23,1.3529411764705883,15,0.9411764705882353,0.8823529411764706,0.6521739130434783,15,4,372491853526118834,442758366558058029,1830853403163907598,1473119256973142290
n1000-g1.25-t0.9-r3-h91042,3,23,29,1.2608695652173914,20,0.9130434782608695,0.8695652173913043,0.6896551724137931,20,9,1830853403163907598,1473119256973142290,370834443123932126,977498292804945334
n1000-g1.25-t0.9-r3-h91042,4,29,37,1.2758620689655173,26,0.9310344827586207,0.896551724137931,0.7027027027027027,26,8,370834443123932126,977498292804945334,450687491159988125,478393709983906151
n1000-g1.25-t0.9-r3-h91042,5,37,47,1.2702702702702702,33,0.918918918918919,0.8918918918918919,0.7021276595744681,33,9,450687491159988125,478393709983906151,1185922051791028958,1543093448577332183
n1000-g1.25-t0.9-r3-h91042,6,47,59,1.2553191489361701,42,0.9148936170212766,0.8936170212765957,0.711864406779661,42,16,1185922051791028958,1543093448577332183,30143398428041608,474726848078973234
n1000-g1.25-t0.9-r3-h91042,7,59,79,1.3389830508474576,53,0.9152542372881356,0.8983050847457628,0.6708860759493671,53,12,30143398428041608,474726848078973234,1472131402324698637,1317599128310044882
n1000-g1.25-t0.9-r3-h91042,8,79,101,1.2784810126582278,71,0.9113924050632911,0.8987341772151899,0.7029702970297029,71,27,1472131402324698637,1317599128310044882,523428011606557431,2036629246836724819
n1000-g1.25-t0.9-r3-h91042,9,101,127,1.2574257425742574,90,0.900990099009901,0.8910891089108911,0.7086614173228346,90,32,523428011606557431,2036629246836724819,483839270513380379,816496819320282542
n1000-g1.25-t0.9-r3-h91042,10,127,163,1.2834645669291338,114,0.905511811023622,0.8976377952755905,0.6993865030674846,114,38,483839270513380379,816496819320282542,1467174139873082721,235664857972060384
n1000-g1.25-t0.9-r3-h91042,11,163,211,1.294478527607362,146,0.901840490797546,0.8957055214723927,0.6919431279620853,146,52,1467174139873082721,235664857972060384,899562782064138328,574077191073454396
n1000-g1.25-t0.9-r3-h91042,12,211,269,1.2748815165876777,189,0.9004739336492891,0.8957345971563981,0.7026022304832714,189,72,899562782064138328,574077191073454396,779916671900386506,1595845193837513214
n1000-g1.25-t0.9-r3-h91042,13,269,337,1.2527881040892193,242,0.9033457249070632,0.8996282527881041,0.7181008902077152,242,96,779916671900386506,1595845193837513214,26552125050180453,683421007242339203
n1000-g1.25-t0.9-r3-h91042,14,337,431,1.2789317507418398,303,0.9020771513353115,0.8991097922848664,0.703016241299304,303,102,26552125050180453,683421007242339203,970138127375678638,165925604913191579
n1000-g1.25-t0.9-r3-h91042,15,431,541,1.2552204176334107,387,0.9002320185614849,0.8979118329466357,0.7153419593345656,387,128,970138127375678638,165925604913191579,2246214315474634114,706108893281298906
n1000-g1.25-t0.9-r3-h91042,16,541,677,1.2513863216266174,486,0.9001848428835489,0.8983364140480592,0.7178729689807977,486,177,2246214315474634114,706108893281298906,277678023826883553,2168746885013298085
n1000-g1.25-t0.9-r3-h91042,17,677,853,1.259970457902511,609,0.9010339734121122,0.8995568685376661,0.7139507620164126,609,212,277678023826883553,2168746885013298085,1041410742350728905,1468499610462715716
n1000-g1.25-t0.9-r3-h91042,18,853,1069,1.2532239155920282,767,0.9003516998827668,0.8991793669402111,0.7174929840972872,767,255,1041410742350728905,1468499610462715716,2279687191916813288,1836730906936250341
n1000-g1.25-t0.9-r3-h91042,19,1069,1361,1.2731524789522919,962,0.9008419083255379,0.8999064546304958,0.7068332108743571,962,309,2279687191916813288,1836730906936250341,1784500499880210354,481735091600411253
n1000-g3-t0.9-r3-h91042,1,11,37,3.3636363636363638,9,0.9090909090909091,0.8181818181818182,0.24324324324324326,9,3,951823370729074569,1882550217633077576,372491853526118834,442758366558058029
n1000-g3-t0.9-r3-h91042,2,37,113,3.054054054054054,33,0.918918918918919,0.8918918918918919,0.2920353982300885,33,4,372491853526118834,442758366558058029,1830853403163907598,1473119256973142290
n1000-g3-t0.9-r3-h91042,3,113,347,3.0707964601769913,101,0.9026548672566371,0.8938053097345132,0.2910662824207493,101,18,1830853403163907598,1473119256973142290,370834443123932126,977498292804945334
n1000-g3-t0.9-r3-h91042,4,347,1049,3.0230547550432276,312,0.9020172910662824,0.899135446685879,0.2974261201143947,312,41,370834443123932126,977498292804945334,450687491159988125,478393709983906151
n1000-g3-t0.9-r3-h91042,5,1049,3163,3.015252621544328,944,0.9008579599618685,0.899904671115348,0.2984508378122036,944,131,450687491159988125,478393709983906151,1185922051791028958,1543093448577332183
n1000-g3-t0.8-r3-h91042,1,11,37,3.3636363636363638,8,0.8181818181818182,0.7272727272727273,0.21621621621621623,8,2,951823370729074569,1882550217633077576,372491853526118834,442758366558058029
n1000-g3-t0.8-r3-h91042,2,37,113,3.054054054054054,29,0.8108108108108109,0.7837837837837838,0.25663716814159293,29,3,372491853526118834,442758366558058029,1830853403163907598,1473119256973142290
n1000-g3-t0.8-r3-h91042,3,113,347,3.0707964601769913,90,0.8053097345132744,0.7964601769911505,0.25936599423631124,90,15,1830853403163907598,1473119256973142290,370834443123932126,977498292804945334
n1000-g3-t0.8-r3-h91042,4,347,1049,3.0230547550432276,277,0.8011527377521613,0.7982708933717579,0.2640610104861773,277,29,370834443123932126,977498292804945334,450687491159988125,478393709983906151
n1000-g3-t0.8-r3-h91042,5,1049,3163,3.015252621544328,839,0.8007626310772163,0.7998093422306959,0.26525450521656657,839,105,450687491159988125,478393709983906151,1185922051791028958,1543093448577332183
n1000-g3-t0.7-r3-h91042,1,11,37,3.3636363636363638,7,0.7272727272727273,0.6363636363636364,0.1891891891891892,7,2,951823370729074569,1882550217633077576,372491853526118834,442758366558058029
n1000-g3-t0.7-r3-h91042,2,37,113,3.054054054054054,25,0.7027027027027027,0.6756756756756757,0.22123893805309736,25,3,372491853526118834,442758366558058029,1830853403163907598,1473119256973142290
n1000-g3-t0.7-r3-h91042,3,113,347,3.0707964601769913,79,0.7079646017699115,0.6991150442477876,0.2276657060518732,79,14,1830853403163907598,1473119256973142290,370834443123932126,977498292804945334
n1000-g3-t0.7-r3-h91042,4,347,1049,3.0230547550432276,242,0.7002881844380403,0.6974063400576369,0.23069590085795996,242,22,370834443123932126,977498292804945334,450687491159988125,478393709983906151
n1000-g3-t0.7-r3-h91042,5,1049,3163,3.015252621544328,734,0.7006673021925643,0.6997140133460439,0.2320581726209295,734,75,450687491159988125,478393709983906151,1185922051791028958,1543093448577332183
n1000-g1.25-t0.7-r3-h91042,1,11,17,1.5454545454545454,7,0.7272727272727273,0.6363636363636364,0.4117647058823529,7,1,951823370729074569,1882550217633077576,372491853526118834,442758366558058029
n1000-g1.25-t0.7-r3-h91042,2,17,23,1.3529411764705883,11,0.7058823529411765,0.6470588235294118,0.4782608695652174,11,4,372491853526118834,442758366558058029,1830853403163907598,1473119256973142290
n1000-g1.25-t0.7-r3-h91042,3,23,29,1.2608695652173914,16,0.7391304347826086,0.6956521739130435,0.5517241379310345,16,6,1830853403163907598,1473119256973142290,370834443123932126,977498292804945334
n1000-g1.25-t0.7-r3-h91042,4,29,37,1.2758620689655173,20,0.7241379310344828,0.6896551724137931,0.5405405405405406,20,5,370834443123932126,977498292804945334,450687491159988125,478393709983906151
n1000-g1.25-t0.7-r3-h91042,5,37,47,1.2702702702702702,25,0.7027027027027027,0.6756756756756757,0.5319148936170213,25,8,450687491159988125,478393709983906151,1185922051791028958,1543093448577332183
n1000-g1.25-t0.7-r3-h91042,6,47,59,1.2553191489361701,32,0.7021276595744681,0.6808510638297872,0.5423728813559322,32,11,1185922051791028958,1543093448577332183,30143398428041608,474726848078973234
n1000-g1.25-t0.7-r3-h91042,7,59,79,1.3389830508474576,41,0.711864406779661,0.6949152542372882,0.5189873417721519,41,7,30143398428041608,474726848078973234,1472131402324698637,1317599128310044882
n1000-g1.25-t0.7-r3-h91042,8,79,101,1.2784810126582278,55,0.7088607594936709,0.6962025316455697,0.5445544554455446,55,15,1472131402324698637,1317599128310044882,523428011606557431,2036629246836724819
n1000-g1.25-t0.7-r3-h91042,9,101,127,1.2574257425742574,70,0.7029702970297029,0.693069306930693,0.5511811023622047,70,19,523428011606557431,2036629246836724819,483839270513380379,816496819320282542
n1000-g1.25-t0.7-r3-h91042,10,127,163,1.2834645669291338,88,0.7007874015748031,0.6929133858267716,0.5398773006134969,88,22,483839270513380379,816496819320282542,1467174139873082721,235664857972060384
n1000-g1.25-t0.7-r3-h91042,11,163,211,1.294478527607362,114,0.7055214723926381,0.6993865030674846,0.5402843601895735,114,30,1467174139873082721,235664857972060384,899562782064138328,574077191073454396
n1000-g1.25-t0.7-r3-h91042,12,211,269,1.2748815165876777,147,0.7014218009478673,0.6966824644549763,0.5464684014869888,147,48,899562782064138328,574077191073454396,779916671900386506,1595845193837513214
n1000-g1.25-t0.7-r3-h91042,13,269,337,1.2527881040892193,188,0.7026022304832714,0.6988847583643123,0.5578635014836796,188,59,779916671900386506,1595845193837513214,26552125050180453,683421007242339203
n1000-g1.25-t0.7-r3-h91042,14,337,431,1.2789317507418398,235,0.7002967359050445,0.6973293768545994,0.5452436194895591,235,51,26552125050180453,683421007242339203,970138127375678638,165925604913191579
n1000-g1.25-t0.7-r3-h91042,15,431,541,1.2552204176334107,301,0.7006960556844548,0.6983758700696056,0.55637707948244,301,74,970138127375678638,165925604913191579,2246214315474634114,706108893281298906
n1000-g1.25-t0.7-r3-h91042,16,541,677,1.2513863216266174,378,0.7005545286506469,0.6987060998151571,0.5583456425406204,378,100,2246214315474634114,706108893281298906,277678023826883553,2168746885013298085
n1000-g1.25-t0.7-r3-h91042,17,677,853,1.259970457902511,473,0.7001477104874446,0.6986706056129985,0.5545134818288394,473,113,277678023826883553,2168746885013298085,1041410742350728905,1468499610462715716
n1000-g1.25-t0.7-r3-h91042,18,853,1069,1.2532239155920282,597,0.7010550996483002,0.6998827667057445,0.558465855940131,597,145,1041410742350728905,1468499610462715716,2279687191916813288,1836730906936250341
n1000-g1.25-t0.7-r3-h91042,19,1069,1361,1.2731524789522919,748,0.7006548175865295,0.6997193638914874,0.5495958853783982,748,182,2279687191916813288,1836730906936250341,1784500499880210354,481735091600411253
n1000-g1.25-t0.7-r3-h91042,20,1361,1709,1.2556943423952975,952,0.7002204261572373,0.6994856722997795,0.5570509069631363,952,238,1784500499880210354,481735091600411253,2204172323653952932,1462753198738308507
n1000-g1.5-t0.7-r4-h121042,1,11,17,1.5454545454545454,7,0.7272727272727273,0.6363636363636364,0.4117647058823529,7,3,1438441458369731197,1161398389124435621,373571151820197285,176726475916362992
n1000-g1.5-t0.7-r4-h121042,2,17,29,1.7058823529411764,11,0.7058823529411765,0.6470588235294118,0.3793103448275862,11,1,373571151820197285,176726475916362992,1935955002111444184,2016135677875700736
n1000-g1.5-t0.7-r4-h121042,3,29,47,1.6206896551724137,20,0.7241379310344828,0.6896551724137931,0.425531914893617,20,7,1935955002111444184,2016135677875700736,300165061260997744,2274817987988978820
n1000-g1.5-t0.7-r4-h121042,4,47,71,1.5106382978723405,32,0.7021276595744681,0.6808510638297872,0.4507042253521127,32,5,300165061260997744,2274817987988978820,85951505598602567,843583517749024958
n1000-g1.5-t0.7-r4-h121042,5,71,107,1.5070422535211268,49,0.704225352112676,0.6901408450704225,0.45794392523364486,49,10,85951505598602567,843583517749024958,1488622475506903256,1353066490927861107
n1000-g1.5-t0.7-r4-h121042,6,107,163,1.5233644859813085,74,0.7009345794392523,0.6915887850467289,0.4539877300613497,74,16,1488622475506903256,1353066490927861107,2195470744555136266,1625524098439938767
n1000-g1.5-t0.7-r4-h121042,7,163,251,1.539877300613497,114,0.7055214723926381,0.6993865030674846,0.4541832669322709,114,21,2195470744555136266,1625524098439938767,513137521787946597,1987867169544319590
n1000-g1.5-t0.7-r4-h121042,8,251,379,1.5099601593625498,175,0.701195219123506,0.6972111553784861,0.46174142480211083,175,42,513137521787946597,1987867169544319590,1211990857949861304,73821920195878632
n1000-g1.5-t0.7-r4-h121042,9,379,569,1.5013192612137203,265,0.7018469656992085,0.6992084432717678,0.46572934973637964,265,64,1211990857949861304,73821920195878632,1949988512110973028,2003759063759882832
n1000-g1.5-t0.7-r4-h121042,10,569,857,1.5061511423550087,398,0.7012302284710018,0.6994727592267135,0.4644107351225204,398,91,1949988512110973028,2003759063759882832,44026765943306969,623302003436931727
n1000-g1.5-t0.7-r4-h121042,11,857,1289,1.5040840140023337,599,0.7001166861143524,0.6989498249708285,0.46470131885182314,599,123,44026765943306969,623302003436931727,1337144844118304097,258353061423726478
n1000-g1.5-t0.7-r4-h121042,12,1289,1949,1.5120248254460822,902,0.7005430566330488,0.6997672614429791,0.4628014366341714,902,184,1337144844118304097,258353061423726478,2021371262390663885,201597899478943564
n1000-g4-t0.8-r4-h121042,1,11,47,4.2727272727272725,8,0.8181818181818182,0.7272727272727273,0.1702127659574468,8,0,1438441458369731197,1161398389124435621,373571151820197285,176726475916362992
n1000-g4-t0.8-r4-h121042,2,47,191,4.0638297872340425,37,0.8085106382978723,0.7872340425531915,0.193717277486911,37,4,373571151820197285,176726475916362992,1935955002111444184,2016135677875700736
n1000-g4-t0.8-r4-h121042,3,191,769,4.026178010471204,152,0.8010471204188482,0.7958115183246073,0.1976592977893368,152,14,1935955002111444184,2016135677875700736,300165061260997744,2274817987988978820
n1000-g4-t0.8-r4-h121042,4,769,3079,4.003901170351106,615,0.8010403120936281,0.7997399219765929,0.1997401753816174,615,128,300165061260997744,2274817987988978820,85951505598602567,843583517749024958
n1000-g1.5-t0.9-r4-h121042,1,11,17,1.5454545454545454,9,0.9090909090909091,0.8181818181818182,0.5294117647058824,9,4,1438441458369731197,1161398389124435621,373571151820197285,176726475916362992
n1000-g1.5-t0.9-r4-h121042,2,17,29,1.7058823529411764,15,0.9411764705882353,0.8823529411764706,0.5172413793103449,15,3,373571151820197285,176726475916362992,1935955002111444184,2016135677875700736
n1000-g1.5-t0.9-r4-h121042,3,29,47,1.6206896551724137,26,0.9310344827586207,0.896551724137931,0.5531914893617021,26,11,1935955002111444184,2016135677875700736,300165061260997744,2274817987988978820
n1000-g1.5-t0.9-r4-h121042,4,47,71,1.5106382978723405,42,0.9148936170212766,0.8936170212765957,0.5915492957746479,42,11,300165061260997744,2274817987988978820,85951505598602567,843583517749024958
n1000-g1.5-t0.9-r4-h121042,5,71,107,1.5070422535211268,63,0.9014084507042254,0.8873239436619719,0.5887850467289719,63,15,85951505598602567,843583517749024958,1488622475506903256,1353066490927861107
n1000-g1.5-t0.9-r4-h121042,6,107,163,1.5233644859813085,96,0.9065420560747663,0.897196261682243,0.588957055214724,96,28,1488622475506903256,1353066490927861107,2195470744555136266,1625524098439938767
n1000-g1.5-t0.9-r4-h121042,7,163,251,1.539877300613497,146,0.901840490797546,0.8957055214723927,0.5816733067729084,146,41,2195470744555136266,1625524098439938767,513137521787946597,1987867169544319590
n1000-g1.5-t0.9-r4-h121042,8,251,379,1.5099601593625498,225,0.900398406374502,0.896414342629482,0.5936675461741425,225,74,513137521787946597,1987867169544319590,1211990857949861304,73821920195878632
n1000-g1.5-t0.9-r4-h121042,9,379,569,1.5013192612137203,341,0.9023746701846965,0.899736147757256,0.5992970123022847,341,109,1211990857949861304,73821920195878632,1949988512110973028,2003759063759882832
n1000-g1.5-t0.9-r4-h121042,10,569,857,1.5061511423550087,512,0.9015817223198594,0.8998242530755711,0.5974329054842473,512,152,1949988512110973028,2003759063759882832,44026765943306969,623302003436931727
n1000-g1.5-t0.9-r4-h121042,11,857,1289,1.5040840140023337,771,0.9008168028004667,0.8996499416569428,0.5981380915438325,771,209,44026765943306969,623302003436931727,1337144844118304097,258353061423726478
n1000-g1.5-t0.8-r4-h121042,1,11,17,1.5454545454545454,8,0.8181818181818182,0.7272727272727273,0.47058823529411764,8,3,1438441458369731197,1161398389124435621,373571151820197285,176726475916362992
n1000-g1.5-t0.8-r4-h121042,2,17,29,1.7058823529411764,13,0.8235294117647058,0.7647058823529411,0.4482758620689655,13,2,373571151820197285,176726475916362992,1935955002111444184,2016135677875700736
n1000-g1.5-t0.8-r4-h121042,3,29,47,1.6206896551724137,23,0.8275862068965517,0.7931034482758621,0.48936170212765956,23,11,1935955002111444184,2016135677875700736,300165061260997744,2274817987988978820
n1000-g1.5-t0.8-r4-h121042,4,47,71,1.5106382978723405,37,0.8085106382978723,0.7872340425531915,0.5211267605633803,37,6,300165061260997744,2274817987988978820,85951505598602567,843583517749024958
n1000-g1.5-t0.8-r4-h121042,5,71,107,1.5070422535211268,56,0.8028169014084507,0.7887323943661971,0.5233644859813084,56,14,85951505598602567,843583517749024958,1488622475506903256,1353066490927861107
n1000-g1.5-t0.8-r4-h121042,6,107,163,1.5233644859813085,85,0.8037383177570093,0.794392523364486,0.5214723926380368,85,21,1488622475506903256,1353066490927861107,2195470744555136266,1625524098439938767
n1000-g1.5-t0.8-r4-h121042,7,163,251,1.539877300613497,130,0.803680981595092,0.7975460122699386,0.5179282868525896,130,29,2195470744555136266,1625524098439938767,513137521787946597,1987867169544319590
n1000-g1.5-t0.8-r4-h121042,8,251,379,1.5099601593625498,200,0.8007968127490039,0.796812749003984,0.5277044854881267,200,62,513137521787946597,1987867169544319590,1211990857949861304,73821920195878632
n1000-g1.5-t0.8-r4-h121042,9,379,569,1.5013192612137203,303,0.8021108179419525,0.7994722955145118,0.5325131810193322,303,81,1211990857949861304,73821920195878632,1949988512110973028,2003759063759882832
n1000-g1.5-t0.8-r4-h121042,10,569,857,1.5061511423550087,455,0.8014059753954306,0.7996485061511424,0.5309218203033839,455,116,1949988512110973028,2003759063759882832,44026765943306969,623302003436931727
n1000-g1.5-t0.8-r4-h121042,11,857,1289,1.5040840140023337,685,0.8004667444574096,0.7992998833138857,0.5314197051978278,685,167,44026765943306969,623302003436931727,1337144844118304097,258353061423726478
n1000-g4-t0.9-r4-h121042,1,11,47,4.2727272727272725,9,0.9090909090909091,0.8181818181818182,0.19148936170212766,9,1,1438441458369731197,1161398389124435621,373571151820197285,176726475916362992
n1000-g4-t0.9-r4-h121042,2,47,191,4.0638297872340425,42,0.9148936170212766,0.8936170212765957,0.2198952879581152,42,5,373571151820197285,176726475916362992,1935955002111444184,2016135677875700736
n1000-g4-t0.9-r4-h121042,3,191,769,4.026178010471204,171,0.900523560209424,0.8952879581151832,0.2223667100130039,171,20,1935955002111444184,2016135677875700736,300165061260997744,2274817987988978820
n1000-g4-t0.9-r4-h121042,4,769,3079,4.003901170351106,692,0.9011703511053316,0.8998699609882965,0.22474829490094186,692,168,300165061260997744,2274817987988978820,85951505598602567,843583517749024958
n1000-g2-t0.5-r4-h121042,1,11,23,2.090909090909091,5,0.5454545454545454,0.45454545454545453,0.21739130434782608,5,1,1438441458369731197,1161398389124435621,373571151820197285,176726475916362992
n1000-g2-t0.5-r4-h121042,2,23,47,2.0434782608695654,11,0.5217391304347826,0.4782608695652174,0.23404255319148937,11,1,373571151820197285,176726475916362992,1935955002111444184,2016135677875700736
n1000-g2-t0.5-r4-h121042,3,47,97,2.0638297872340425,23,0.5106382978723404,0.48936170212765956,0.23711340206185566,23,3,1935955002111444184,2016135677875700736,300165061260997744,2274817987988978820
n1000-g2-t0.5-r4-h121042,4,97,197,2.0309278350515463,48,0.5051546391752577,0.4948453608247423,0.2436548223350254,48,8,300165061260997744,2274817987988978820,85951505598602567,843583517749024958
n1000-g2-t0.5-r4-h121042,5,197,397,2.015228426395939,98,0.5025380710659898,0.49746192893401014,0.24685138539042822,98,15,85951505598602567,843583517749024958,1488622475506903256,1353066490927861107
n1000-g2-t0.5-r4-h121042,6,397,797,2.0075566750629723,198,0.5012594458438288,0.4987405541561713,0.24843161856963614,198,17,1488622475506903256,1353066490927861107,2195470744555136266,1625524098439938767
n1000-g2-t0.5-r4-h121042,7,797,1597,2.0037641154328734,398,0.5006273525721455,0.4993726474278545,0.24921728240450847,398,52,2195470744555136266,1625524098439938767,513137521787946597,1987867169544319590
n1000-g2-t0.5-r4-h121042,8,1597,3203,2.005635566687539,798,0.5003130870381967,0.4996869129618034,0.2491414299094599,798,109,513137521787946597,1987867169544319590,1211990857949861304,73821920195878632
n1000-g2-t0.7-r4-h121042,1,11,23,2.090909090909091,7,0.7272727272727273,0.6363636363636364,0.30434782608695654,7,1,1438441458369731197,1161398389124435621,373571151820197285,176726475916362992
n1000-g2-t0.7-r4-h121042,2,23,47,2.0434782608695654,16,0.7391304347826086,0.6956521739130435,0.3404255319148936,16,1,373571151820197285,176726475916362992,1935955002111444184,2016135677875700736
n1000-g2-t0.7-r4-h121042,3,47,97,2.0638297872340425,32,0.7021276595744681,0.6808510638297872,0.32989690721649484,32,4,1935955002111444184,2016135677875700736,300165061260997744,2274817987988978820
n1000-g2-t0.7-r4-h121042,4,97,197,2.0309278350515463,67,0.7010309278350515,0.6907216494845361,0.3401015228426396,67,16,300165061260997744,2274817987988978820,85951505598602567,843583517749024958
n1000-g2-t0.7-r4-h121042,5,197,397,2.015228426395939,137,0.700507614213198,0.6954314720812182,0.345088161209068,137,27,85951505598602567,843583517749024958,1488622475506903256,1353066490927861107
n1000-g2-t0.7-r4-h121042,6,397,797,2.0075566750629723,277,0.7002518891687658,0.6977329974811083,0.3475533249686324,277,42,1488622475506903256,1353066490927861107,2195470744555136266,1625524098439938767
n1000-g2-t0.7-r4-h121042,7,797,1597,2.0037641154328734,557,0.7001254705144291,0.698870765370138,0.3487789605510332,557,95,2195470744555136266,1625524098439938767,513137521787946597,1987867169544319590
n1000-g1.5-t0.5-r4-h121042,1,11,17,1.5454545454545454,5,0.5454545454545454,0.45454545454545453,0.29411764705882354,5,1,1438441458369731197,1161398389124435621,373571151820197285,176726475916362992
n1000-g1.5-t0.5-r4-h121042,2,17,29,1.7058823529411764,8,0.5294117647058824,0.47058823529411764,0.27586206896551724,8,1,373571151820197285,176726475916362992,1935955002111444184,2016135677875700736
n1000-g1.5-t0.5-r4-h121042,3,29,47,1.6206896551724137,14,0.5172413793103449,0.4827586206896552,0.2978723404255319,14,4,1935955002111444184,2016135677875700736,300165061260997744,2274817987988978820
n1000-g1.5-t0.5-r4-h121042,4,47,71,1.5106382978723405,23,0.5106382978723404,0.48936170212765956,0.323943661971831,23,2,300165061260997744,2274817987988978820,85951505598602567,843583517749024958
n1000-g1.5-t0.5-r4-h121042,5,71,107,1.5070422535211268,35,0.5070422535211268,0.49295774647887325,0.32710280373831774,35,5,85951505598602567,843583517749024958,1488622475506903256,1353066490927861107
n1000-g1.5-t0.5-r4-h121042,6,107,163,1.5233644859813085,53,0.5046728971962616,0.4953271028037383,0.32515337423312884,53,6,1488622475506903256,1353066490927861107,2195470744555136266,1625524098439938767
n1000-g1.5-t0.5-r4-h121042,7,163,251,1.539877300613497,81,0.5030674846625767,0.49693251533742333,0.32270916334661354,81,14,2195470744555136266,1625524098439938767,513137521787946597,1987867169544319590
n1000-g1.5-t0.5-r4-h121042,8,251,379,1.5099601593625498,125,0.50199203187251,0.49800796812749004,0.32981530343007914,125,23,513137521787946597,1987867169544319590,1211990857949861304,73821920195878632
n1000-g1.5-t0.5-r4-h121042,9,379,569,1.5013192612137203,189,0.5013192612137203,0.49868073878627966,0.3321616871704745,189,37,1211990857949861304,73821920195878632,1949988512110973028,2003759063759882832
n1000-g1.5-t0.5-r4-h121042,10,569,857,1.5061511423550087,284,0.5008787346221442,0.4991212653778559,0.3313885647607935,284,42,1949988512110973028,2003759063759882832,44026765943306969,623302003436931727
n1000-g1.5-t0.5-r4-h121042,11,857,1289,1.5040840140023337,428,0.5005834305717619,0.49941656942823803,0.33204034134988364,428,60,44026765943306969,623302003436931727,1337144844118304097,258353061423726478
n1000-g1.5-t0.5-r4-h121042,12,1289,1949,1.5120248254460822,644,0.5003878975950349,0.49961210240496506,0.3304258594150847,644,101,1337144844118304097,258353061423726478,2021371262390663885,201597899478943564
n1000-g1.5-t0.5-r4-h121042,13,1949,2927,1.5017957927142125,974,0.5002565418163161,0.49974345818368393,0.3327639221045439,974,117,2021371262390663885,201597899478943564,996530739359610883,114239759752112216
n1000-g1.25-t0.7-r4-h121042,1,11,17,1.5454545454545454,7,0.7272727272727273,0.6363636363636364,0.4117647058823529,7,3,1438441458369731197,1161398389124435621,373571151820197285,176726475916362992
n1000-g1.25-t0.7-r4-h121042,2,17,23,1.3529411764705883,11,0.7058823529411765,0.6470588235294118,0.4782608695652174,11,3,373571151820197285,176726475916362992,1935955002111444184,2016135677875700736
n1000-g1.25-t0.7-r4-h121042,3,23,29,1.2608695652173914,16,0.7391304347826086,0.6956521739130435,0.5517241379310345,16,2,1935955002111444184,2016135677875700736,300165061260997744,2274817987988978820
n1000-g1.25-t0.7-r4-h121042,4,29,37,1.2758620689655173,20,0.7241379310344828,0.6896551724137931,0.5405405405405406,20,9,300165061260997744,2274817987988978820,85951505598602567,843583517749024958
n1000-g1.25-t0.7-r4-h121042,5,37,47,1.2702702702702702,25,0.7027027027027027,0.6756756756756757,0.5319148936170213,25,5,85951505598602567,843583517749024958,1488622475506903256,1353066490927861107
n1000-g1.25-t0.7-r4-h121042,6,47,59,1.2553191489361701,32,0.7021276595744681,0.6808510638297872,0.5423728813559322,32,8,1488622475506903256,1353066490927861107,2195470744555136266,1625524098439938767
n1000-g1.25-t0.7-r4-h121042,7,59,79,1.3389830508474576,41,0.711864406779661,0.6949152542372882,0.5189873417721519,41,9,2195470744555136266,1625524098439938767,513137521787946597,1987867169544319590
n1000-g1.25-t0.7-r4-h121042,8,79,101,1.2784810126582278,55,0.7088607594936709,0.6962025316455697,0.5445544554455446,55,21,513137521787946597,1987867169544319590,1211990857949861304,73821920195878632
n1000-g1.25-t0.7-r4-h121042,9,101,127,1.2574257425742574,70,0.7029702970297029,0.693069306930693,0.5511811023622047,70,17,1211990857949861304,73821920195878632,1949988512110973028,2003759063759882832
n1000-g1.25-t0.7-r4-h121042,10,127,163,1.2834645669291338,88,0.7007874015748031,0.6929133858267716,0.5398773006134969,88,23,1949988512110973028,2003759063759882832,44026765943306969,623302003436931727
n1000-g1.25-t0.7-r4-h121042,11,163,211,1.294478527607362,114,0.7055214723926381,0.6993865030674846,0.5402843601895735,114,33,44026765943306969,623302003436931727,1337144844118304097,258353061423726478
n1000-g1.25-t0.7-r4-h121042,12,211,269,1.2748815165876777,147,0.7014218009478673,0.6966824644549763,0.5464684014869888,147,46,1337144844118304097,258353061423726478,2021371262390663885,201597899478943564
n1000-g1.25-t0.7-r4-h121042,13,269,337,1.2527881040892193,188,0.7026022304832714,0.6988847583643123,0.5578635014836796,188,51,2021371262390663885,201597899478943564,996530739359610883,114239759752112216
n1000-g1.25-t0.7-r4-h121042,14,337,431,1.2789317507418398,235,0.7002967359050445,0.6973293768545994,0.5452436194895591,235,59,996530739359610883,114239759752112216,1615716584922546858,1596422083129870523
n1000-g1.25-t0.7-r4-h121042,15,431,541,1.2552204176334107,301,0.7006960556844548,0.6983758700696056,0.55637707948244,301,76,1615716584922546858,1596422083129870523,1492774385656378135,1868386116724708009
n1000-g1.25-t0.7-r4-h121042,16,541,677,1.2513863216266174,378,0.7005545286506469,0.6987060998151571,0.5583456425406204,378,92,1492774385656378135,1868386116724708009,159985798125024713,1751630933321583214
n1000-g1.25-t0.7-r4-h121042,17,677,853,1.259970457902511,473,0.7001477104874446,0.6986706056129985,0.5545134818288394,473,245,159985798125024713,1751630933321583214,2117850281487165457,1153415510983537497
n1000-g1.25-t0.7-r4-h121042,18,853,1069,1.2532239155920282,597,0.7010550996483002,0.6998827667057445,0.558465855940131,597,164,2117850281487165457,1153415510983537497,1872941128407679953,716748800245135348
n1000-g1.25-t0.7-r4-h121042,19,1069,1361,1.2731524789522919,748,0.7006548175865295,0.6997193638914874,0.5495958853783982,748,184,1872941128407679953,716748800245135348,211294239832301350,1676316468595166039
n1000-g1.25-t0.7-r4-h121042,20,1361,1709,1.2556943423952975,952,0.7002204261572373,0.6994856722997795,0.5570509069631363,952,231,211294239832301350,1676316468595166039,1701551454297844566,451357976039205281
n1000-g3-t0.5-r4-h121042,1,11,37,3.3636363636363638,5,0.5454545454545454,0.45454545454545453,0.13513513513513514,5,0,1438441458369731197,1161398389124435621,373571151820197285,176726475916362992
n1000-g3-t0.5-r4-h121042,2,37,113,3.054054054054054,18,0.5135135135135135,0.4864864864864865,0.1592920353982301,18,2,373571151820197285,176726475916362992,1935955002111444184,2016135677875700736
n1000-g3-t0.5-r4-h121042,3,113,347,3.0707964601769913,56,0.504424778761062,0.49557522123893805,0.16138328530259366,56,3,1935955002111444184,2016135677875700736,300165061260997744,2274817987988978820
n1000-g3-t0.5-r4-h121042,4,347,1049,3.0230547550432276,173,0.5014409221902018,0.49855907780979825,0.16491897044804577,173,11,300165061260997744,2274817987988978820,85951505598602567,843583517749024958
n1000-g3-t0.5-r4-h121042,5,1049,3163,3.015252621544328,524,0.5004766444232602,0.49952335557673977,0.16566550742965538,524,39,85951505598602567,843583517749024958,1488622475506903256,1353066490927861107
n1000-g2-t0.8-r4-h121042,1,11,23,2.090909090909091,8,0.8181818181818182,0.7272727272727273,0.34782608695652173,8,1,1438441458369731197,1161398389124435621,373571151820197285,176726475916362992
n1000-g2-t0.8-r4-h121042,2,23,47,2.0434782608695654,18,0.8260869565217391,0.782608695652174,0.3829787234042553,18,1,373571151820197285,176726475916362992,1935955002111444184,2016135677875700736
n1000-g2-t0.8-r4-h121042,3,47,97,2.0638297872340425,37,0.8085106382978723,0.7872340425531915,0.38144329896907214,37,6,1935955002111444184,2016135677875700736,300165061260997744,2274817987988978820
n1000-g2-t0.8-r4-h121042,4,97,197,2.0309278350515463,77,0.8041237113402062,0.7938144329896907,0.39086294416243655,77,20,300165061260997744,2274817987988978820,85951505598602567,843583517749024958
n1000-g2-t0.8-r4-h121042,5,197,397,2.015228426395939,157,0.8020304568527918,0.7969543147208121,0.3954659949622166,157,37,85951505598602567,843583517749024958,1488622475506903256,1353066490927861107
n1000-g2-t0.8-r4-h121042,6,397,797,2.0075566750629723,317,0.801007556675063,0.7984886649874056,0.397741530740276,317,57,1488622475506903256,1353066490927861107,2195470744555136266,1625524098439938767
n1000-g2-t0.8-r4-h121042,7,797,1597,2.0037641154328734,637,0.8005018820577164,0.7992471769134254,0.39887288666249215,637,121,2195470744555136266,1625524098439938767,513137521787946597,1987867169544319590
n1000-g1.25-t0.5-r4-h121042,1,11,17,1.5454545454545454,5,0.5454545454545454,0.45454545454545453,0.29411764705882354,5,1,1438441458369731197,1161398389124435621,373571151820197285,176726475916362992
n1000-g1.25-t0.5-r4-h121042,2,17,23,1.3529411764705883,8,0.5294117647058824,0.47058823529411764,0.34782608695652173,8,2,373571151820197285,176726475916362992,1935955002111444184,2016135677875700736
n1000-g1.25-t0.5-r4-h121042,3,23,29,1.2608695652173914,11,0.5217391304347826,0.4782608695652174,0.3793103448275862,11,1,1935955002111444184,2016135677875700736,300165061260997744,2274817987988978820
n1000-g1.25-t0.5-r4-h121042,4,29,37,1.2758620689655173,14,0.5172413793103449,0.4827586206896552,0.3783783783783784,14,3,300165061260997744,2274817987988978820,85951505598602567,843583517749024958
n1000-g1.25-t0.5-r4-h121042,5,37,47,1.2702702702702702,18,0.5135135135135135,0.4864864864864865,0.3829787234042553,18,1,85951505598602567,843583517749024958,1488622475506903256,1353066490927861107
n1000-g1.25-t0.5-r4-h121042,6,47,59,1.2553191489361701,23,0.5106382978723404,0.48936170212765956,0.3898305084745763,23,3,1488622475506903256,1353066490927861107,2195470744555136266,1625524098439938767
n1000-g1.25-t0.5-r4-h121042,7,59,79,1.3389830508474576,29,0.5084745762711864,0.4915254237288136,0.3670886075949367,29,5,2195470744555136266,1625524098439938767,513137521787946597,1987867169544319590
n1000-g1.25-t0.5-r4-h121042,8,79,101,1.2784810126582278,39,0.5063291139240507,0.4936708860759494,0.38613861386138615,39,10,513137521787946597,1987867169544319590,1211990857949861304,73821920195878632
n1000-g1.25-t0.5-r4-h121042,9,101,127,1.2574257425742574,50,0.504950495049505,0.49504950495049505,0.3937007874015748,50,9,1211990857949861304,73821920195878632,1949988512110973028,2003759063759882832
n1000-g1.25-t0.5-r4-h121042,10,127,163,1.2834645669291338,63,0.5039370078740157,0.49606299212598426,0.38650306748466257,63,18,1949988512110973028,2003759063759882832,44026765943306969,623302003436931727
n1000-g1.25-t0.5-r4-h121042,11,163,211,1.294478527607362,81,0.5030674846625767,0.49693251533742333,0.38388625592417064,81,16,44026765943306969,623302003436931727,1337144844118304097,258353061423726478
n1000-g1.25-t0.5-r4-h121042,12,211,269,1.2748815165876777,105,0.5023696682464455,0.4976303317535545,0.3903345724907063,105,18,1337144844118304097,258353061423726478,2021371262390663885,201597899478943564
n1000-g1.25-t0.5-r4-h121042,13,269,337,1.2527881040892193,134,0.5018587360594795,0.49814126394052044,0.39762611275964393,134,26,2021371262390663885,201597899478943564,996530739359610883,114239759752112216
n1000-g1.25-t0.5-r4-h121042,14,337,431,1.2789317507418398,168,0.5014836795252225,0.49851632047477745,0.38979118329466356,168,32,996530739359610883,114239759752112216,1615716584922546858,1596422083129870523
n1000-g1.25-t0.5-r4-h121042,15,431,541,1.2552204176334107,215,0.5011600928074246,0.4988399071925754,0.3974121996303142,215,38,1615716584922546858,1596422083129870523,1492774385656378135,1868386116724708009
n1000-g1.25-t0.5-r4-h121042,16,541,677,1.2513863216266174,270,0.5009242144177449,0.49907578558225507,0.3988183161004431,270,42,1492774385656378135,1868386116724708009,159985798125024713,1751630933321583214
n1000-g1.25-t0.5-r4-h121042,17,677,853,1.259970457902511,338,0.5007385524372231,0.49926144756277696,0.3962485345838218,338,132,159985798125024713,1751630933321583214,2117850281487165457,1153415510983537497
n1000-g1.25-t0.5-r4-h121042,18,853,1069,1.2532239155920282,426,0.5005861664712778,0.49941383352872215,0.3985032740879326,426,79,2117850281487165457,1153415510983537497,1872941128407679953,716748800245135348
n1000-g1.25-t0.5-r4-h121042,19,1069,1361,1.2731524789522919,534,0.500467726847521,0.49953227315247895,0.3923585598824394,534,103,1872941128407679953,716748800245135348,211294239832301350,1676316468595166039
n1000-g1.25-t0.5-r4-h121042,20,1361,1709,1.2556943423952975,680,0.5003673769287289,0.4996326230712711,0.3978935049736688,680,119,211294239832301350,1676316468595166039,1701551454297844566,451357976039205281
n1000-g1.25-t0.5-r4-h121042,21,1709,2137,1.2504388531304858,854,0.5002925687536571,0.49970743124634287,0.39962564342536266,854,186,1701551454297844566,451357976039205281,871273445919610667,402284626175372578
n1000-g4-t0.7-r4-h121042,1,11,47,4.2727272727272725,7,0.7272727272727273,0.6363636363636364,0.14893617021276595,7,0,1438441458369731197,1161398389124435621,373571151820197285,176726475916362992
n1000-g4-t0.7-r4-h121042,2,47,191,4.0638297872340425,32,0.7021276595744681,0.6808510638297872,0.16753926701570682,32,3,373571151820197285,176726475916362992,1935955002111444184,2016135677875700736
n1000-g4-t0.7-r4-h121042,3,191,769,4.026178010471204,133,0.7015706806282722,0.6963350785340314,0.1729518855656697,133,9,1935955002111444184,2016135677875700736,300165061260997744,2274817987988978820
n1000-g4-t0.7-r4-h121042,4,769,3079,4.003901170351106,538,0.7009102730819246,0.6996098829648895,0.17473205586229296,538,99,300165061260997744,2274817987988978820,85951505598602567,843583517749024958
n1000-g1.25-t0.9-r4-h121042,1,11,17,1.5454545454545454,9,0.9090909090909091,0.8181818181818182,0.5294117647058824,9,4,1438441458369731197,1161398389124435621,373571151820197285,176726475916362992
n1000-g1.25-t0.9-r4-h121042,2,17,23,1.3529411764705883,15,0.9411764705882353,0.8823529411764706,0.6521739130434783,15,4,373571151820197285,176726475916362992,1935955002111444184,2016135677875700736
n1000-g1.25-t0.9-r4-h121042,3,23,29,1.2608695652173914,20,0.9130434782608695,0.8695652173913043,0.6896551724137931,20,4,1935955002111444184,2016135677875700736,300165061260997744,2274817987988978820
n1000-g1.25-t0.9-r4-h121042,4,29,37,1.2758620689655173,26,0.9310344827586207,0.896551724137931,0.7027027027027027,26,13,300165061260997744,2274817987988978820,85951505598602567,843583517749024958
n1000-g1.25-t0.9-r4-h121042,5,37,47,1.2702702702702702,33,0.918918918918919,0.8918918918918919,0.7021276595744681,33,7,85951505598602567,843583517749024958,1488622475506903256,1353066490927861107
n1000-g1.25-t0.9-r4-h121042,6,47,59,1.2553191489361701,42,0.9148936170212766,0.8936170212765957,0.711864406779661,42,16,1488622475506903256,1353066490927861107,2195470744555136266,1625524098439938767
n1000-g1.25-t0.9-r4-h121042,7,59,79,1.3389830508474576,53,0.9152542372881356,0.8983050847457628,0.6708860759493671,53,14,2195470744555136266,1625524098439938767,513137521787946597,1987867169544319590
n1000-g1.25-t0.9-r4-h121042,8,79,101,1.2784810126582278,71,0.9113924050632911,0.8987341772151899,0.7029702970297029,71,33,513137521787946597,1987867169544319590,1211990857949861304,73821920195878632
n1000-g1.25-t0.9-r4-h121042,9,101,127,1.2574257425742574,90,0.900990099009901,0.8910891089108911,0.7086614173228346,90,32,1211990857949861304,73821920195878632,1949988512110973028,2003759063759882832
n1000-g1.25-t0.9-r4-h121042,10,127,163,1.2834645669291338,114,0.905511811023622,0.8976377952755905,0.6993865030674846,114,36,1949988512110973028,2003759063759882832,44026765943306969,623302003436931727
n1000-g1.25-t0.9-r4-h121042,11,163,211,1.294478527607362,146,0.901840490797546,0.8957055214723927,0.6919431279620853,146,59,44026765943306969,623302003436931727,1337144844118304097,258353061423726478
n1000-g1.25-t0.9-r4-h121042,12,211,269,1.2748815165876777,189,0.9004739336492891,0.8957345971563981,0.7026022304832714,189,78,1337144844118304097,258353061423726478,2021371262390663885,201597899478943564
n1000-g1.25-t0.9-r4-h121042,13,269,337,1.2527881040892193,242,0.9033457249070632,0.8996282527881041,0.7181008902077152,242,84,2021371262390663885,201597899478943564,996530739359610883,114239759752112216
n1000-g1.25-t0.9-r4-h121042,14,337,431,1.2789317507418398,303,0.9020771513353115,0.8991097922848664,0.703016241299304,303,98,996530739359610883,114239759752112216,1615716584922546858,1596422083129870523
n1000-g1.25-t0.9-r4-h121042,15,431,541,1.2552204176334107,387,0.9002320185614849,0.8979118329466357,0.7153419593345656,387,120,1615716584922546858,1596422083129870523,1492774385656378135,1868386116724708009
n1000-g1.25-t0.9-r4-h121042,16,541,677,1.2513863216266174,486,0.9001848428835489,0.8983364140480592,0.7178729689807977,486,166,1492774385656378135,1868386116724708009,159985798125024713,1751630933321583214
n1000-g1.25-t0.9-r4-h121042,17,677,853,1.259970457902511,609,0.9010339734121122,0.8995568685376661,0.7139507620164126,609,400,159985798125024713,1751630933321583214,2117850281487165457,1153415510983537497
n1000-g1.25-t0.9-r4-h121042,18,853,1069,1.2532239155920282,767,0.9003516998827668,0.8991793669402111,0.7174929840972872,767,281,2117850281487165457,1153415510983537497,1872941128407679953,716748800245135348
n1000-g1.25-t0.9-r4-h121042,19,1069,1361,1.2731524789522919,962,0.9008419083255379,0.8999064546304958,0.7068332108743571,962,310,1872941128407679953,716748800245135348,211294239832301350,1676316468595166039
n1000-g3-t0.7-r4-h121042,1,11,37,3.3636363636363638,7,0.7272727272727273,0.6363636363636364,0.1891891891891892,7,0,1438441458369731197,1161398389124435621,373571151820197285,176726475916362992
n1000-g3-t0.7-r4-h121042,2,37,113,3.054054054054054,25,0.7027027027027027,0.6756756756756757,0.22123893805309736,25,2,373571151820197285,176726475916362992,1935955002111444184,2016135677875700736
n1000-g3-t0.7-r4-h121042,3,113,347,3.0707964601769913,79,0.7079646017699115,0.6991150442477876,0.2276657060518732,79,9,1935955002111444184,2016135677875700736,300165061260997744,2274817987988978820
n1000-g3-t0.7-r4-h121042,4,347,1049,3.0230547550432276,242,0.7002881844380403,0.6974063400576369,0.23069590085795996,242,25,300165061260997744,2274817987988978820,85951505598602567,843583517749024958
n1000-g3-t0.7-r4-h121042,5,1049,3163,3.015252621544328,734,0.7006673021925643,0.6997140133460439,0.2320581726209295,734,79,85951505598602567,843583517749024958,1488622475506903256,1353066490927861107
n1000-g4-t0.5-r4-h121042,1,11,47,4.2727272727272725,5,0.5454545454545454,0.45454545454545453,0.10638297872340426,5,0,1438441458369731197,1161398389124435621,373571151820197285,176726475916362992
n1000-g4-t0.5-r4-h121042,2,47,191,4.0638297872340425,23,0.5106382978723404,0.48936170212765956,0.12041884816753927,23,3,373571151820197285,176726475916362992,1935955002111444184,2016135677875700736
n1000-g4-t0.5-r4-h121042,3,191,769,4.026178010471204,95,0.5026178010471204,0.4973821989528796,0.1235370611183355,95,4,1935955002111444184,2016135677875700736,300165061260997744,2274817987988978820
n1000-g4-t0.5-r4-h121042,4,769,3079,4.003901170351106,384,0.5006501950585176,0.49934980494148246,0.12471581682364404,384,46,300165061260997744,2274817987988978820,85951505598602567,843583517749024958
n1000-g2-t0.9-r4-h121042,1,11,23,2.090909090909091,9,0.9090909090909091,0.8181818181818182,0.391304347826087,9,1,1438441458369731197,1161398389124435621,373571151820197285,176726475916362992
n1000-g2-t0.9-r4-h121042,2,23,47,2.0434782608695654,20,0.9130434782608695,0.8695652173913043,0.425531914893617,20,1,373571151820197285,176726475916362992,1935955002111444184,2016135677875700736
n1000-g2-t0.9-r4-h121042,3,47,97,2.0638297872340425,42,0.9148936170212766,0.8936170212765957,0.4329896907216495,42,9,1935955002111444184,2016135677875700736,300165061260997744,2274817987988978820
n1000-g2-t0.9-r4-h121042,4,97,197,2.0309278350515463,87,0.9072164948453608,0.8969072164948454,0.4416243654822335,87,28,300165061260997744,2274817987988978820,85951505598602567,843583517749024958
n1000-g2-t0.9-r4-h121042,5,197,397,2.015228426395939,177,0.9035532994923858,0.8984771573604061,0.44584382871536526,177,42,85951505598602567,843583517749024958,1488622475506903256,1353066490927861107
n1000-g2-t0.9-r4-h121042,6,397,797,2.0075566750629723,357,0.9017632241813602,0.8992443324937027,0.4479297365119197,357,75,1488622475506903256,1353066490927861107,2195470744555136266,1625524098439938767
n1000-g2-t0.9-r4-h121042,7,797,1597,2.0037641154328734,717,0.9008782936010038,0.8996235884567126,0.4489668127739512,717,161,2195470744555136266,1625524098439938767,513137521787946597,1987867169544319590
n1000-g1.25-t0.8-r4-h121042,1,11,17,1.5454545454545454,8,0.8181818181818182,0.7272727272727273,0.47058823529411764,8,3,1438441458369731197,1161398389124435621,373571151820197285,176726475916362992
n1000-g1.25-t0.8-r4-h121042,2,17,23,1.3529411764705883,13,0.8235294117647058,0.7647058823529411,0.5652173913043478,13,4,373571151820197285,176726475916362992,1935955002111444184,2016135677875700736
n1000-g1.25-t0.8-r4-h121042,3,23,29,1.2608695652173914,18,0.8260869565217391,0.782608695652174,0.6206896551724138,18,4,1935955002111444184,2016135677875700736,300165061260997744,2274817987988978820
n1000-g1.25-t0.8-r4-h121042,4,29,37,1.2758620689655173,23,0.8275862068965517,0.7931034482758621,0.6216216216216216,23,11,300165061260997744,2274817987988978820,85951505598602567,843583517749024958
n1000-g1.25-t0.8-r4-h121042,5,37,47,1.2702702702702702,29,0.8108108108108109,0.7837837837837838,0.6170212765957447,29,6,85951505598602567,843583517749024958,1488622475506903256,1353066490927861107
n1000-g1.25-t0.8-r4-h121042,6,47,59,1.2553191489361701,37,0.8085106382978723,0.7872340425531915,0.6271186440677966,37,11,1488622475506903256,1353066490927861107,2195470744555136266,1625524098439938767
n1000-g1.25-t0.8-r4-h121042,7,59,79,1.3389830508474576,47,0.8135593220338984,0.7966101694915254,0.5949367088607594,47,10,2195470744555136266,1625524098439938767,513137521787946597,1987867169544319590
n1000-g1.25-t0.8-r4-h121042,8,79,101,1.2784810126582278,63,0.810126582278481,0.7974683544303798,0.6237623762376238,63,29,513137521787946597,1987867169544319590,1211990857949861304,73821920195878632
n1000-g1.25-t0.8-r4-h121042,9,101,127,1.2574257425742574,80,0.801980198019802,0.7920792079207921,0.6299212598425197,80,26,1211990857949861304,73821920195878632,1949988512110973028,2003759063759882832
n1000-g1.25-t0.8-r4-h121042,10,127,163,1.2834645669291338,101,0.8031496062992126,0.7952755905511811,0.6196319018404908,101,30,1949988512110973028,2003759063759882832,44026765943306969,623302003436931727
n1000-g1.25-t0.8-r4-h121042,11,163,211,1.294478527607362,130,0.803680981595092,0.7975460122699386,0.6161137440758294,130,44,44026765943306969,623302003436931727,1337144844118304097,258353061423726478
n1000-g1.25-t0.8-r4-h121042,12,211,269,1.2748815165876777,168,0.8009478672985783,0.7962085308056872,0.6245353159851301,168,62,1337144844118304097,258353061423726478,2021371262390663885,201597899478943564
n1000-g1.25-t0.8-r4-h121042,13,269,337,1.2527881040892193,215,0.8029739776951673,0.7992565055762082,0.6379821958456974,215,68,2021371262390663885,201597899478943564,996530739359610883,114239759752112216
n1000-g1.25-t0.8-r4-h121042,14,337,431,1.2789317507418398,269,0.8011869436201781,0.798219584569733,0.6241299303944315,269,74,996530739359610883,114239759752112216,1615716584922546858,1596422083129870523
n1000-g1.25-t0.8-r4-h121042,15,431,541,1.2552204176334107,344,0.8004640371229699,0.7981438515081206,0.6358595194085028,344,94,1615716584922546858,1596422083129870523,1492774385656378135,1868386116724708009
n1000-g1.25-t0.8-r4-h121042,16,541,677,1.2513863216266174,432,0.800369685767098,0.7985212569316081,0.638109305760709,432,125,1492774385656378135,1868386116724708009,159985798125024713,1751630933321583214
n1000-g1.25-t0.8-r4-h121042,17,677,853,1.259970457902511,541,0.8005908419497785,0.7991137370753324,0.634232121922626,541,327,159985798125024713,1751630933321583214,2117850281487165457,1153415510983537497
n1000-g1.25-t0.8-r4-h121042,18,853,1069,1.2532239155920282,682,0.8007033997655334,0.7995310668229777,0.6379794200187091,682,218,2117850281487165457,1153415510983537497,1872941128407679953,716748800245135348
n1000-g1.25-t0.8-r4-h121042,19,1069,1361,1.2731524789522919,855,0.8007483629560337,0.7998129092609916,0.6282145481263777,855,240,1872941128407679953,716748800245135348,211294239832301350,1676316468595166039
n1000-g3-t0.9-r4-h121042,1,11,37,3.3636363636363638,9,0.9090909090909091,0.8181818181818182,0.24324324324324326,9,1,1438441458369731197,1161398389124435621,373571151820197285,176726475916362992
n1000-g3-t0.9-r4-h121042,2,37,113,3.054054054054054,33,0.918918918918919,0.8918918918918919,0.2920353982300885,33,4,373571151820197285,176726475916362992,1935955002111444184,2016135677875700736
n1000-g3-t0.9-r4-h121042,3,113,347,3.0707964601769913,101,0.9026548672566371,0.8938053097345132,0.2910662824207493,101,12,1935955002111444184,2016135677875700736,300165061260997744,2274817987988978820
n1000-g3-t0.9-r4-h121042,4,347,1049,3.0230547550432276,312,0.9020172910662824,0.899135446685879,0.2974261201143947,312,44,300165061260997744,2274817987988978820,85951505598602567,843583517749024958
n1000-g3-t0.9-r4-h121042,5,1049,3163,3.015252621544328,944,0.9008579599618685,0.899904671115348,0.2984508378122036,944,121,85951505598602567,843583517749024958,1488622475506903256,1353066490927861107
n1000-g3-t0.8-r4-h121042,1,11,37,3.3636363636363638,8,0.8181818181818182,0.7272727272727273,0.21621621621621623,8,0,1438441458369731197,1161398389124435621,373571151820197285,176726475916362992
n1000-g3-t0.8-r4-h121042,2,37,113,3.054054054054054,29,0.8108108108108109,0.7837837837837838,0.25663716814159293,29,3,373571151820197285,176726475916362992,1935955002111444184,2016135677875700736
n1000-g3-t0.8-r4-h121042,3,113,347,3.0707964601769913,90,0.8053097345132744,0.7964601769911505,0.25936599423631124,90,11,1935955002111444184,2016135677875700736,300165061260997744,2274817987988978820
n1000-g3-t0.8-r4-h121042,4,347,1049,3.0230547550432276,277,0.8011527377521613,0.7982708933717579,0.2640610104861773,277,34,300165061260997744,2274817987988978820,85951505598602567,843583517749024958
n1000-g3-t0.8-r4-h121042,5,1049,3163,3.015252621544328,839,0.8007626310772163,0.7998093422306959,0.26525450521656657,839,94,85951505598602567,843583517749024958,1488622475506903256,1353066490927861107
n1000-g2-t0.7-r5-h151042,1,11,23,2.090909090909091,7,0.7272727272727273,0.6363636363636364,0.30434782608695654,7,1,570624429259296789,1230845999629521873,179391598745700858,1501413104426403404
n1000-g2-t0.7-r5-h151042,2,23,47,2.0434782608695654,16,0.7391304347826086,0.6956521739130435,0.3404255319148936,16,2,179391598745700858,1501413104426403404,483427759711750698,2239815160492223255
n1000-g2-t0.7-r5-h151042,3,47,97,2.0638297872340425,32,0.7021276595744681,0.6808510638297872,0.32989690721649484,32,4,483427759711750698,2239815160492223255,879583847791101721,963733458774418637
n1000-g2-t0.7-r5-h151042,4,97,197,2.0309278350515463,67,0.7010309278350515,0.6907216494845361,0.3401015228426396,67,13,879583847791101721,963733458774418637,1923952456219428232,230110045224524940
n1000-g2-t0.7-r5-h151042,5,197,397,2.015228426395939,137,0.700507614213198,0.6954314720812182,0.345088161209068,137,18,1923952456219428232,230110045224524940,603629941972558542,1062895242482436160
n1000-g2-t0.7-r5-h151042,6,397,797,2.0075566750629723,277,0.7002518891687658,0.6977329974811083,0.3475533249686324,277,45,603629941972558542,1062895242482436160,1552252137014917894,1818980168494971870
n1000-g2-t0.7-r5-h151042,7,797,1597,2.0037641154328734,557,0.7001254705144291,0.698870765370138,0.3487789605510332,557,80,1552252137014917894,1818980168494971870,1178615065598311799,1010242050449694446
n1000-g3-t0.7-r5-h151042,1,11,37,3.3636363636363638,7,0.7272727272727273,0.6363636363636364,0.1891891891891892,7,1,570624429259296789,1230845999629521873,179391598745700858,1501413104426403404
n1000-g3-t0.7-r5-h151042,2,37,113,3.054054054054054,25,0.7027027027027027,0.6756756756756757,0.22123893805309736,25,1,179391598745700858,1501413104426403404,483427759711750698,2239815160492223255
n1000-g3-t0.7-r5-h151042,3,113,347,3.0707964601769913,79,0.7079646017699115,0.6991150442477876,0.2276657060518732,79,13,483427759711750698,2239815160492223255,879583847791101721,963733458774418637
n1000-g3-t0.7-r5-h151042,4,347,1049,3.0230547550432276,242,0.7002881844380403,0.6974063400576369,0.23069590085795996,242,24,879583847791101721,963733458774418637,1923952456219428232,230110045224524940
n1000-g3-t0.7-r5-h151042,5,1049,3163,3.015252621544328,734,0.7006673021925643,0.6997140133460439,0.2320581726209295,734,75,1923952456219428232,230110045224524940,603629941972558542,1062895242482436160
n1000-g2-t0.8-r5-h151042,1,11,23,2.090909090909091,8,0.8181818181818182,0.7272727272727273,0.34782608695652173,8,1,570624429259296789,1230845999629521873,179391598745700858,1501413104426403404
n1000-g2-t0.8-r5-h151042,2,23,47,2.0434782608695654,18,0.8260869565217391,0.782608695652174,0.3829787234042553,18,2,179391598745700858,1501413104426403404,483427759711750698,2239815160492223255
n1000-g2-t0.8-r5-h151042,3,47,97,2.0638297872340425,37,0.8085106382978723,0.7872340425531915,0.38144329896907214,37,5,483427759711750698,2239815160492223255,879583847791101721,963733458774418637
n1000-g2-t0.8-r5-h151042,4,97,197,2.0309278350515463,77,0.8041237113402062,0.7938144329896907,0.39086294416243655,77,15,879583847791101721,963733458774418637,1923952456219428232,230110045224524940
n1000-g2-t0.8-r5-h151042,5,197,397,2.015228426395939,157,0.8020304568527918,0.7969543147208121,0.3954659949622166,157,23,1923952456219428232,230110045224524940,603629941972558542,1062895242482436160
n1000-g2-t0.8-r5-h151042,6,397,797,2.0075566750629723,317,0.801007556675063,0.7984886649874056,0.397741530740276,317,60,603629941972558542,1062895242482436160,1552252137014917894,1818980168494971870
n1000-g2-t0.8-r5-h151042,7,797,1597,2.0037641154328734,637,0.8005018820577164,0.7992471769134254,0.39887288666249215,637,103,1552252137014917894,1818980168494971870,1178615065598311799,1010242050449694446
n1000-g2-t0.9-r5-h151042,1,11,23,2.090909090909091,9,0.9090909090909091,0.8181818181818182,0.391304347826087,9,1,570624429259296789,1230845999629521873,179391598745700858,1501413104426403404
n1000-g2-t0.9-r5-h151042,2,23,47,2.0434782608695654,20,0.9130434782608695,0.8695652173913043,0.425531914893617,20,2,179391598745700858,1501413104426403404,483427759711750698,2239815160492223255
n1000-g2-t0.9-r5-h151042,3,47,97,2.0638297872340425,42,0.9148936170212766,0.8936170212765957,0.4329896907216495,42,9,483427759711750698,2239815160492223255,879583847791101721,963733458774418637
n1000-g2-t0.9-r5-h151042,4,97,197,2.0309278350515463,87,0.9072164948453608,0.8969072164948454,0.4416243654822335,87,21,879583847791101721,963733458774418637,1923952456219428232,230110045224524940
n1000-g2-t0.9-r5-h151042,5,197,397,2.015228426395939,177,0.9035532994923858,0.8984771573604061,0.44584382871536526,177,36,1923952456219428232,230110045224524940,603629941972558542,1062895242482436160
n1000-g2-t0.9-r5-h151042,6,397,797,2.0075566750629723,357,0.9017632241813602,0.8992443324937027,0.4479297365119197,357,77,603629941972558542,1062895242482436160,1552252137014917894,1818980168494971870
n1000-g2-t0.9-r5-h151042,7,797,1597,2.0037641154328734,717,0.9008782936010038,0.8996235884567126,0.4489668127739512,717,141,1552252137014917894,1818980168494971870,1178615065598311799,1010242050449694446
n1000-g1.5-t0.5-r5-h151042,1,11,17,1.5454545454545454,5,0.5454545454545454,0.45454545454545453,0.29411764705882354,5,1,570624429259296789,1230845999629521873,179391598745700858,1501413104426403404
n1000-g1.5-t0.5-r5-h151042,2,17,29,1.7058823529411764,8,0.5294117647058824,0.47058823529411764,0.27586206896551724,8,2,179391598745700858,1501413104426403404,483427759711750698,2239815160492223255
n1000-g1.5-t0.5-r5-h151042,3,29,47,1.6206896551724137,14,0.5172413793103449,0.4827586206896552,0.2978723404255319,14,0,483427759711750698,2239815160492223255,879583847791101721,963733458774418637
n1000-g1.5-t0.5-r5-h151042,4,47,71,1.5106382978723405,23,0.5106382978723404,0.48936170212765956,0.323943661971831,23,5,879583847791101721,963733458774418637,1923952456219428232,230110045224524940
n1000-g1.5-t0.5-r5-h151042,5,71,107,1.5070422535211268,35,0.5070422535211268,0.49295774647887325,0.32710280373831774,35,8,1923952456219428232,230110045224524940,603629941972558542,1062895242482436160
n1000-g1.5-t0.5-r5-h151042,6,107,163,1.5233644859813085,53,0.5046728971962616,0.4953271028037383,0.32515337423312884,53,6,603629941972558542,1062895242482436160,1552252137014917894,1818980168494971870
n1000-g1.5-t0.5-r5-h151042,7,163,251,1.539877300613497,81,0.5030674846625767,0.49693251533742333,0.32270916334661354,81,18,1552252137014917894,1818980168494971870,1178615065598311799,1010242050449694446
n1000-g1.5-t0.5-r5-h151042,8,251,379,1.5099601593625498,125,0.50199203187251,0.49800796812749004,0.32981530343007914,125,28,1178615065598311799,1010242050449694446,572201159854970287,1503021899938717997
n1000-g1.5-t0.5-r5-h151042,9,379,569,1.5013192612137203,189,0.5013192612137203,0.49868073878627966,0.3321616871704745,189,30,572201159854970287,1503021899938717997,1918404384048996179,570260300303678256
n1000-g1.5-t0.5-r5-h151042,10,569,857,1.5061511423550087,284,0.5008787346221442,0.4991212653778559,0.3313885647607935,284,46,1918404384048996179,570260300303678256,114284749249691199,2017151682320546389
n1000-g1.5-t0.5-r5-h151042,11,857,1289,1.5040840140023337,428,0.5005834305717619,0.49941656942823803,0.33204034134988364,428,64,114284749249691199,2017151682320546389,110524606583232433,2046263702161556158
n1000-g1.5-t0.5-r5-h151042,12,1289,1949,1.5120248254460822,644,0.5003878975950349,0.49961210240496506,0.3304258594150847,644,96,110524606583232433,2046263702161556158,1543242592012573037,1898084234141453789
n1000-g1.5-t0.5-r5-h151042,13,1949,2927,1.5017957927142125,974,0.5002565418163161,0.49974345818368393,0.3327639221045439,974,144,1543242592012573037,1898084234141453789,364913120938090682,957046219749195322
n1000-g3-t0.9-r5-h151042,1,11,37,3.3636363636363638,9,0.9090909090909091,0.8181818181818182,0.24324324324324326,9,1,570624429259296789,1230845999629521873,179391598745700858,1501413104426403404
n1000-g3-t0.9-r5-h151042,2,37,113,3.054054054054054,33,0.918918918918919,0.8918918918918919,0.2920353982300885,33,4,179391598745700858,1501413104426403404,483427759711750698,2239815160492223255
n1000-g3-t0.9-r5-h151042,3,113,347,3.0707964601769913,101,0.9026548672566371,0.8938053097345132,0.2910662824207493,101,19,483427759711750698,2239815160492223255,879583847791101721,963733458774418637
n1000-g3-t0.9-r5-h151042,4,347,1049,3.0230547550432276,312,0.9020172910662824,0.899135446685879,0.2974261201143947,312,37,879583847791101721,963733458774418637,1923952456219428232,230110045224524940
n1000-g3-t0.9-r5-h151042,5,1049,3163,3.015252621544328,944,0.9008579599618685,0.899904671115348,0.2984508378122036,944,129,1923952456219428232,230110045224524940,603629941972558542,1062895242482436160
n1000-g1.25-t0.5-r5-h151042,1,11,17,1.5454545454545454,5,0.5454545454545454,0.45454545454545453,0.29411764705882354,5,1,570624429259296789,1230845999629521873,179391598745700858,1501413104426403404
n1000-g1.25-t0.5-r5-h151042,2,17,23,1.3529411764705883,8,0.5294117647058824,0.47058823529411764,0.34782608695652173,8,1,179391598745700858,1501413104426403404,483427759711750698,2239815160492223255
n1000-g1.25-t0.5-r5-h151042,3,23,29,1.2608695652173914,11,0.5217391304347826,0.4782608695652174,0.3793103448275862,11,2,483427759711750698,2239815160492223255,879583847791101721,963733458774418637
n1000-g1.25-t0.5-r5-h151042,4,29,37,1.2758620689655173,14,0.5172413793103449,0.4827586206896552,0.3783783783783784,14,1,879583847791101721,963733458774418637,1923952456219428232,230110045224524940
n1000-g1.25-t0.5-r5-h151042,5,37,47,1.2702702702702702,18,0.5135135135135135,0.4864864864864865,0.3829787234042553,18,2,1923952456219428232,230110045224524940,603629941972558542,1062895242482436160
n1000-g1.25-t0.5-r5-h151042,6,47,59,1.2553191489361701,23,0.5106382978723404,0.48936170212765956,0.3898305084745763,23,2,603629941972558542,1062895242482436160,1552252137014917894,1818980168494971870
n1000-g1.25-t0.5-r5-h151042,7,59,79,1.3389830508474576,29,0.5084745762711864,0.4915254237288136,0.3670886075949367,29,3,1552252137014917894,1818980168494971870,1178615065598311799,1010242050449694446
n1000-g1.25-t0.5-r5-h151042,8,79,101,1.2784810126582278,39,0.5063291139240507,0.4936708860759494,0.38613861386138615,39,10,1178615065598311799,1010242050449694446,572201159854970287,1503021899938717997
n1000-g1.25-t0.5-r5-h151042,9,101,127,1.2574257425742574,50,0.504950495049505,0.49504950495049505,0.3937007874015748,50,11,572201159854970287,1503021899938717997,1918404384048996179,570260300303678256
n1000-g1.25-t0.5-r5-h151042,10,127,163,1.2834645669291338,63,0.5039370078740157,0.49606299212598426,0.38650306748466257,63,11,1918404384048996179,570260300303678256,114284749249691199,2017151682320546389
n1000-g1.25-t0.5-r5-h151042,11,163,211,1.294478527607362,81,0.5030674846625767,0.49693251533742333,0.38388625592417064,81,13,114284749249691199,2017151682320546389,110524606583232433,2046263702161556158
n1000-g1.25-t0.5-r5-h151042,12,211,269,1.2748815165876777,105,0.5023696682464455,0.4976303317535545,0.3903345724907063,105,24,110524606583232433,2046263702161556158,1543242592012573037,1898084234141453789
n1000-g1.25-t0.5-r5-h151042,13,269,337,1.2527881040892193,134,0.5018587360594795,0.49814126394052044,0.39762611275964393,134,30,1543242592012573037,1898084234141453789,364913120938090682,957046219749195322
n1000-g1.25-t0.5-r5-h151042,14,337,431,1.2789317507418398,168,0.5014836795252225,0.49851632047477745,0.38979118329466356,168,38,364913120938090682,957046219749195322,1603870176158338628,406406416011210729
n1000-g1.25-t0.5-r5-h151042,15,431,541,1.2552204176334107,215,0.5011600928074246,0.4988399071925754,0.3974121996303142,215,34,1603870176158338628,406406416011210729,667718480706369260,2242604758751206951
n1000-g1.25-t0.5-r5-h151042,16,541,677,1.2513863216266174,270,0.5009242144177449,0.49907578558225507,0.3988183161004431,270,57,667718480706369260,2242604758751206951,165306037834021778,823342354632187011
n1000-g1.25-t0.5-r5-h151042,17,677,853,1.259970457902511,338,0.5007385524372231,0.49926144756277696,0.3962485345838218,338,75,165306037834021778,823342354632187011,1388695977519970166,2144205918572115992
n1000-g1.25-t0.5-r5-h151042,18,853,1069,1.2532239155920282,426,0.5005861664712778,0.49941383352872215,0.3985032740879326,426,74,1388695977519970166,2144205918572115992,1802808566967245891,525206302925278537
n1000-g1.25-t0.5-r5-h151042,19,1069,1361,1.2731524789522919,534,0.500467726847521,0.49953227315247895,0.3923585598824394,534,115,1802808566967245891,525206302925278537,2010597415435103399,2234674465092269678
n1000-g1.25-t0.5-r5-h151042,20,1361,1709,1.2556943423952975,680,0.5003673769287289,0.4996326230712711,0.3978935049736688,680,117,2010597415435103399,2234674465092269678,1944728149911895083,1682141416003417012
n1000-g1.25-t0.5-r5-h151042,21,1709,2137,1.2504388531304858,854,0.5002925687536571,0.49970743124634287,0.39962564342536266,854,182,1944728149911895083,1682141416003417012,232991783787746502,1662314588511349046
n1000-g1.25-t0.7-r5-h151042,1,11,17,1.5454545454545454,7,0.7272727272727273,0.6363636363636364,0.4117647058823529,7,1,570624429259296789,1230845999629521873,179391598745700858,1501413104426403404
n1000-g1.25-t0.7-r5-h151042,2,17,23,1.3529411764705883,11,0.7058823529411765,0.6470588235294118,0.4782608695652174,11,1,179391598745700858,1501413104426403404,483427759711750698,2239815160492223255
n1000-g1.25-t0.7-r5-h151042,3,23,29,1.2608695652173914,16,0.7391304347826086,0.6956521739130435,0.5517241379310345,16,3,483427759711750698,2239815160492223255,879583847791101721,963733458774418637
n1000-g1.25-t0.7-r5-h151042,4,29,37,1.2758620689655173,20,0.7241379310344828,0.6896551724137931,0.5405405405405406,20,2,879583847791101721,963733458774418637,1923952456219428232,230110045224524940
n1000-g1.25-t0.7-r5-h151042,5,37,47,1.2702702702702702,25,0.7027027027027027,0.6756756756756757,0.5319148936170213,25,4,1923952456219428232,230110045224524940,603629941972558542,1062895242482436160
n1000-g1.25-t0.7-r5-h151042,6,47,59,1.2553191489361701,32,0.7021276595744681,0.6808510638297872,0.5423728813559322,32,10,603629941972558542,1062895242482436160,1552252137014917894,1818980168494971870
n1000-g1.25-t0.7-r5-h151042,7,59,79,1.3389830508474576,41,0.711864406779661,0.6949152542372882,0.5189873417721519,41,7,1552252137014917894,1818980168494971870,1178615065598311799,1010242050449694446
n1000-g1.25-t0.7-r5-h151042,8,79,101,1.2784810126582278,55,0.7088607594936709,0.6962025316455697,0.5445544554455446,55,16,1178615065598311799,1010242050449694446,572201159854970287,1503021899938717997
n1000-g1.25-t0.7-r5-h151042,9,101,127,1.2574257425742574,70,0.7029702970297029,0.693069306930693,0.5511811023622047,70,21,572201159854970287,1503021899938717997,1918404384048996179,570260300303678256
n1000-g1.25-t0.7-r5-h151042,10,127,163,1.2834645669291338,88,0.7007874015748031,0.6929133858267716,0.5398773006134969,88,23,1918404384048996179,570260300303678256,114284749249691199,2017151682320546389
n1000-g1.25-t0.7-r5-h151042,11,163,211,1.294478527607362,114,0.7055214723926381,0.6993865030674846,0.5402843601895735,114,22,114284749249691199,2017151682320546389,110524606583232433,2046263702161556158
n1000-g1.25-t0.7-r5-h151042,12,211,269,1.2748815165876777,147,0.7014218009478673,0.6966824644549763,0.5464684014869888,147,34,110524606583232433,2046263702161556158,1543242592012573037,1898084234141453789
n1000-g1.25-t0.7-r5-h151042,13,269,337,1.2527881040892193,188,0.7026022304832714,0.6988847583643123,0.5578635014836796,188,57,1543242592012573037,1898084234141453789,364913120938090682,957046219749195322
n1000-g1.25-t0.7-r5-h151042,14,337,431,1.2789317507418398,235,0.7002967359050445,0.6973293768545994,0.5452436194895591,235,61,364913120938090682,957046219749195322,1603870176158338628,406406416011210729
n1000-g1.25-t0.7-r5-h151042,15,431,541,1.2552204176334107,301,0.7006960556844548,0.6983758700696056,0.55637707948244,301,80,1603870176158338628,406406416011210729,667718480706369260,2242604758751206951
n1000-g1.25-t0.7-r5-h151042,16,541,677,1.2513863216266174,378,0.7005545286506469,0.6987060998151571,0.5583456425406204,378,94,667718480706369260,2242604758751206951,165306037834021778,823342354632187011
n1000-g1.25-t0.7-r5-h151042,17,677,853,1.259970457902511,473,0.7001477104874446,0.6986706056129985,0.5545134818288394,473,127,165306037834021778,823342354632187011,1388695977519970166,2144205918572115992
n1000-g1.25-t0.7-r5-h151042,18,853,1069,1.2532239155920282,597,0.7010550996483002,0.6998827667057445,0.558465855940131,597,157,1388695977519970166,2144205918572115992,1802808566967245891,525206302925278537
n1000-g1.25-t0.7-r5-h151042,19,1069,1361,1.2731524789522919,748,0.7006548175865295,0.6997193638914874,0.5495958853783982,748,217,1802808566967245891,525206302925278537,2010597415435103399,2234674465092269678
n1000-g1.25-t0.7-r5-h151042,20,1361,1709,1.2556943423952975,952,0.7002204261572373,0.6994856722997795,0.5570509069631363,952,245,2010597415435103399,2234674465092269678,1944728149911895083,1682141416003417012
n1000-g4-t0.7-r5-h151042,1,11,47,4.2727272727272725,7,0.7272727272727273,0.6363636363636364,0.14893617021276595,7,1,570624429259296789,1230845999629521873,179391598745700858,1501413104426403404
n1000-g4-t0.7-r5-h151042,2,47,191,4.0638297872340425,32,0.7021276595744681,0.6808510638297872,0.16753926701570682,32,5,179391598745700858,1501413104426403404,483427759711750698,2239815160492223255
n1000-g4-t0.7-r5-h151042,3,191,769,4.026178010471204,133,0.7015706806282722,0.6963350785340314,0.1729518855656697,133,9,483427759711750698,2239815160492223255,879583847791101721,963733458774418637
n1000-g4-t0.7-r5-h151042,4,769,3079,4.003901170351106,538,0.7009102730819246,0.6996098829648895,0.17473205586229296,538,47,879583847791101721,963733458774418637,1923952456219428232,230110045224524940
n1000-g1.25-t0.9-r5-h151042,1,11,17,1.5454545454545454,9,0.9090909090909091,0.8181818181818182,0.5294117647058824,9,1,570624429259296789,1230845999629521873,179391598745700858,1501413104426403404
n1000-g1.25-t0.9-r5-h151042,2,17,23,1.3529411764705883,15,0.9411764705882353,0.8823529411764706,0.6521739130434783,15,2,179391598745700858,1501413104426403404,483427759711750698,2239815160492223255
n1000-g1.25-t0.9-r5-h151042,3,23,29,1.2608695652173914,20,0.9130434782608695,0.8695652173913043,0.6896551724137931,20,4,483427759711750698,2239815160492223255,879583847791101721,963733458774418637
n1000-g1.25-t0.9-r5-h151042,4,29,37,1.2758620689655173,26,0.9310344827586207,0.896551724137931,0.7027027027027027,26,7,879583847791101721,963733458774418637,1923952456219428232,230110045224524940
n1000-g1.25-t0.9-r5-h151042,5,37,47,1.2702702702702702,33,0.918918918918919,0.8918918918918919,0.7021276595744681,33,10,1923952456219428232,230110045224524940,603629941972558542,1062895242482436160
n1000-g1.25-t0.9-r5-h151042,6,47,59,1.2553191489361701,42,0.9148936170212766,0.8936170212765957,0.711864406779661,42,18,603629941972558542,1062895242482436160,1552252137014917894,1818980168494971870
n1000-g1.25-t0.9-r5-h151042,7,59,79,1.3389830508474576,53,0.9152542372881356,0.8983050847457628,0.6708860759493671,53,13,1552252137014917894,1818980168494971870,1178615065598311799,1010242050449694446
n1000-g1.25-t0.9-r5-h151042,8,79,101,1.2784810126582278,71,0.9113924050632911,0.8987341772151899,0.7029702970297029,71,27,1178615065598311799,1010242050449694446,572201159854970287,1503021899938717997
n1000-g1.25-t0.9-r5-h151042,9,101,127,1.2574257425742574,90,0.900990099009901,0.8910891089108911,0.7086614173228346,90,30,572201159854970287,1503021899938717997,1918404384048996179,570260300303678256
n1000-g1.25-t0.9-r5-h151042,10,127,163,1.2834645669291338,114,0.905511811023622,0.8976377952755905,0.6993865030674846,114,47,1918404384048996179,570260300303678256,114284749249691199,2017151682320546389
n1000-g1.25-t0.9-r5-h151042,11,163,211,1.294478527607362,146,0.901840490797546,0.8957055214723927,0.6919431279620853,146,41,114284749249691199,2017151682320546389,110524606583232433,2046263702161556158
n1000-g1.25-t0.9-r5-h151042,12,211,269,1.2748815165876777,189,0.9004739336492891,0.8957345971563981,0.7026022304832714,189,68,110524606583232433,2046263702161556158,1543242592012573037,1898084234141453789
n1000-g1.25-t0.9-r5-h151042,13,269,337,1.2527881040892193,242,0.9033457249070632,0.8996282527881041,0.7181008902077152,242,87,1543242592012573037,1898084234141453789,364913120938090682,957046219749195322
n1000-g1.25-t0.9-r5-h151042,14,337,431,1.2789317507418398,303,0.9020771513353115,0.8991097922848664,0.703016241299304,303,106,364913120938090682,957046219749195322,1603870176158338628,406406416011210729
n1000-g1.25-t0.9-r5-h151042,15,431,541,1.2552204176334107,387,0.9002320185614849,0.8979118329466357,0.7153419593345656,387,124,1603870176158338628,406406416011210729,667718480706369260,2242604758751206951
n1000-g1.25-t0.9-r5-h151042,16,541,677,1.2513863216266174,486,0.9001848428835489,0.8983364140480592,0.7178729689807977,486,159,667718480706369260,2242604758751206951,165306037834021778,823342354632187011
n1000-g1.25-t0.9-r5-h151042,17,677,853,1.259970457902511,609,0.9010339734121122,0.8995568685376661,0.7139507620164126,609,195,165306037834021778,823342354632187011,1388695977519970166,2144205918572115992
n1000-g1.25-t0.9-r5-h151042,18,853,1069,1.2532239155920282,767,0.9003516998827668,0.8991793669402111,0.7174929840972872,767,252,1388695977519970166,2144205918572115992,1802808566967245891,525206302925278537
n1000-g1.25-t0.9-r5-h151042,19,1069,1361,1.2731524789522919,962,0.9008419083255379,0.8999064546304958,0.7068332108743571,962,338,1802808566967245891,525206302925278537,2010597415435103399,2234674465092269678
n1000-g4-t0.5-r5-h151042,1,11,47,4.2727272727272725,5,0.5454545454545454,0.45454545454545453,0.10638297872340426,5,0,570624429259296789,1230845999629521873,179391598745700858,1501413104426403404
n1000-g4-t0.5-r5-h151042,2,47,191,4.0638297872340425,23,0.5106382978723404,0.48936170212765956,0.12041884816753927,23,4,179391598745700858,1501413104426403404,483427759711750698,2239815160492223255
n1000-g4-t0.5-r5-h151042,3,191,769,4.026178010471204,95,0.5026178010471204,0.4973821989528796,0.1235370611183355,95,5,483427759711750698,2239815160492223255,879583847791101721,963733458774418637
n1000-g4-t0.5-r5-h151042,4,769,3079,4.003901170351106,384,0.5006501950585176,0.49934980494148246,0.12471581682364404,384,22,879583847791101721,963733458774418637,1923952456219428232,230110045224524940
n1000-g1.5-t0.7-r5-h151042,1,11,17,1.5454545454545454,7,0.7272727272727273,0.6363636363636364,0.4117647058823529,7,1,570624429259296789,1230845999629521873,179391598745700858,1501413104426403404
n1000-g1.5-t0.7-r5-h151042,2,17,29,1.7058823529411764,11,0.7058823529411765,0.6470588235294118,0.3793103448275862,11,3,179391598745700858,1501413104426403404,483427759711750698,2239815160492223255
n1000-g1.5-t0.7-r5-h151042,3,29,47,1.6206896551724137,20,0.7241379310344828,0.6896551724137931,0.425531914893617,20,1,483427759711750698,2239815160492223255,879583847791101721,963733458774418637
n1000-g1.5-t0.7-r5-h151042,4,47,71,1.5106382978723405,32,0.7021276595744681,0.6808510638297872,0.4507042253521127,32,7,879583847791101721,963733458774418637,1923952456219428232,230110045224524940
n1000-g1.5-t0.7-r5-h151042,5,71,107,1.5070422535211268,49,0.704225352112676,0.6901408450704225,0.45794392523364486,49,15,1923952456219428232,230110045224524940,603629941972558542,1062895242482436160
n1000-g1.5-t0.7-r5-h151042,6,107,163,1.5233644859813085,74,0.7009345794392523,0.6915887850467289,0.4539877300613497,74,18,603629941972558542,1062895242482436160,1552252137014917894,1818980168494971870
n1000-g1.5-t0.7-r5-h151042,7,163,251,1.539877300613497,114,0.7055214723926381,0.6993865030674846,0.4541832669322709,114,28,1552252137014917894,1818980168494971870,1178615065598311799,1010242050449694446
n1000-g1.5-t0.7-r5-h151042,8,251,379,1.5099601593625498,175,0.701195219123506,0.6972111553784861,0.46174142480211083,175,46,1178615065598311799,1010242050449694446,572201159854970287,1503021899938717997
n1000-g1.5-t0.7-r5-h151042,9,379,569,1.5013192612137203,265,0.7018469656992085,0.6992084432717678,0.46572934973637964,265,74,572201159854970287,1503021899938717997,1918404384048996179,570260300303678256
n1000-g1.5-t0.7-r5-h151042,10,569,857,1.5061511423550087,398,0.7012302284710018,0.6994727592267135,0.4644107351225204,398,83,1918404384048996179,570260300303678256,114284749249691199,2017151682320546389
n1000-g1.5-t0.7-r5-h151042,11,857,1289,1.5040840140023337,599,0.7001166861143524,0.6989498249708285,0.46470131885182314,599,137,114284749249691199,2017151682320546389,110524606583232433,2046263702161556158
n1000-g1.5-t0.7-r5-h151042,12,1289,1949,1.5120248254460822,902,0.7005430566330488,0.6997672614429791,0.4628014366341714,902,198,110524606583232433,2046263702161556158,1543242592012573037,1898084234141453789
n1000-g4-t0.9-r5-h151042,1,11,47,4.2727272727272725,9,0.9090909090909091,0.8181818181818182,0.19148936170212766,9,1,570624429259296789,1230845999629521873,179391598745700858,1501413104426403404
n1000-g4-t0.9-r5-h151042,2,47,191,4.0638297872340425,42,0.9148936170212766,0.8936170212765957,0.2198952879581152,42,7,179391598745700858,1501413104426403404,483427759711750698,2239815160492223255
n1000-g4-t0.9-r5-h151042,3,191,769,4.026178010471204,171,0.900523560209424,0.8952879581151832,0.2223667100130039,171,17,483427759711750698,2239815160492223255,879583847791101721,963733458774418637
n1000-g4-t0.9-r5-h151042,4,769,3079,4.003901170351106,692,0.9011703511053316,0.8998699609882965,0.22474829490094186,692,67,879583847791101721,963733458774418637,1923952456219428232,230110045224524940
n1000-g1.5-t0.9-r5-h151042,1,11,17,1.5454545454545454,9,0.9090909090909091,0.8181818181818182,0.5294117647058824,9,1,570624429259296789,1230845999629521873,179391598745700858,1501413104426403404
n1000-g1.5-t0.9-r5-h151042,2,17,29,1.7058823529411764,15,0.9411764705882353,0.8823529411764706,0.5172413793103449,15,5,179391598745700858,1501413104426403404,483427759711750698,2239815160492223255
n1000-g1.5-t0.9-r5-h151042,3,29,47,1.6206896551724137,26,0.9310344827586207,0.896551724137931,0.5531914893617021,26,7,483427759711750698,2239815160492223255,879583847791101721,963733458774418637
n1000-g1.5-t0.9-r5-h151042,4,47,71,1.5106382978723405,42,0.9148936170212766,0.8936170212765957,0.5915492957746479,42,16,879583847791101721,963733458774418637,1923952456219428232,230110045224524940
n1000-g1.5-t0.9-r5-h151042,5,71,107,1.5070422535211268,63,0.9014084507042254,0.8873239436619719,0.5887850467289719,63,28,1923952456219428232,230110045224524940,603629941972558542,1062895242482436160
n1000-g1.5-t0.9-r5-h151042,6,107,163,1.5233644859813085,96,0.9065420560747663,0.897196261682243,0.588957055214724,96,36,603629941972558542,1062895242482436160,1552252137014917894,1818980168494971870
n1000-g1.5-t0.9-r5-h151042,7,163,251,1.539877300613497,146,0.901840490797546,0.8957055214723927,0.5816733067729084,146,45,1552252137014917894,1818980168494971870,1178615065598311799,1010242050449694446
n1000-g1.5-t0.9-r5-h151042,8,251,379,1.5099601593625498,225,0.900398406374502,0.896414342629482,0.5936675461741425,225,63,1178615065598311799,1010242050449694446,572201159854970287,1503021899938717997
n1000-g1.5-t0.9-r5-h151042,9,379,569,1.5013192612137203,341,0.9023746701846965,0.899736147757256,0.5992970123022847,341,117,572201159854970287,1503021899938717997,1918404384048996179,570260300303678256
n1000-g1.5-t0.9-r5-h151042,10,569,857,1.5061511423550087,512,0.9015817223198594,0.8998242530755711,0.5974329054842473,512,148,1918404384048996179,570260300303678256,114284749249691199,2017151682320546389
n1000-g1.5-t0.9-r5-h151042,11,857,1289,1.5040840140023337,771,0.9008168028004667,0.8996499416569428,0.5981380915438325,771,224,114284749249691199,2017151682320546389,110524606583232433,2046263702161556158
n1000-g1.5-t0.8-r5-h151042,1,11,17,1.5454545454545454,8,0.8181818181818182,0.7272727272727273,0.47058823529411764,8,1,570624429259296789,1230845999629521873,179391598745700858,1501413104426403404
n1000-g1.5-t0.8-r5-h151042,2,17,29,1.7058823529411764,13,0.8235294117647058,0.7647058823529411,0.4482758620689655,13,3,179391598745700858,1501413104426403404,483427759711750698,2239815160492223255
n1000-g1.5-t0.8-r5-h151042,3,29,47,1.6206896551724137,23,0.8275862068965517,0.7931034482758621,0.48936170212765956,23,3,483427759711750698,2239815160492223255,879583847791101721,963733458774418637
n1000-g1.5-t0.8-r5-h151042,4,47,71,1.5106382978723405,37,0.8085106382978723,0.7872340425531915,0.5211267605633803,37,11,879583847791101721,963733458774418637,1923952456219428232,230110045224524940
n1000-g1.5-t0.8-r5-h151042,5,71,107,1.5070422535211268,56,0.8028169014084507,0.7887323943661971,0.5233644859813084,56,19,1923952456219428232,230110045224524940,603629941972558542,1062895242482436160
n1000-g1.5-t0.8-r5-h151042,6,107,163,1.5233644859813085,85,0.8037383177570093,0.794392523364486,0.5214723926380368,85,28,603629941972558542,1062895242482436160,1552252137014917894,1818980168494971870
n1000-g1.5-t0.8-r5-h151042,7,163,251,1.539877300613497,130,0.803680981595092,0.7975460122699386,0.5179282868525896,130,37,1552252137014917894,1818980168494971870,1178615065598311799,1010242050449694446
n1000-g1.5-t0.8-r5-h151042,8,251,379,1.5099601593625498,200,0.8007968127490039,0.796812749003984,0.5277044854881267,200,50,1178615065598311799,1010242050449694446,572201159854970287,1503021899938717997
n1000-g1.5-t0.8-r5-h151042,9,379,569,1.5013192612137203,303,0.8021108179419525,0.7994722955145118,0.5325131810193322,303,91,572201159854970287,1503021899938717997,1918404384048996179,570260300303678256
n1000-g1.5-t0.8-r5-h151042,10,569,857,1.5061511423550087,455,0.8014059753954306,0.7996485061511424,0.5309218203033839,455,106,1918404384048996179,570260300303678256,114284749249691199,2017151682320546389
n1000-g1.5-t0.8-r5-h151042,11,857,1289,1.5040840140023337,685,0.8004667444574096,0.7992998833138857,0.5314197051978278,685,174,114284749249691199,2017151682320546389,110524606583232433,2046263702161556158
n1000-g3-t0.8-r5-h151042,1,11,37,3.3636363636363638,8,0.8181818181818182,0.7272727272727273,0.21621621621621623,8,1,570624429259296789,1230845999629521873,179391598745700858,1501413104426403404
n1000-g3-t0.8-r5-h151042,2,37,113,3.054054054054054,29,0.8108108108108109,0.7837837837837838,0.25663716814159293,29,2,179391598745700858,1501413104426403404,483427759711750698,2239815160492223255
n1000-g3-t0.8-r5-h151042,3,113,347,3.0707964601769913,90,0.8053097345132744,0.7964601769911505,0.25936599423631124,90,14,483427759711750698,2239815160492223255,879583847791101721,963733458774418637
n1000-g3-t0.8-r5-h151042,4,347,1049,3.0230547550432276,277,0.8011527377521613,0.7982708933717579,0.2640610104861773,277,32,879583847791101721,963733458774418637,1923952456219428232,230110045224524940
n1000-g3-t0.8-r5-h151042,5,1049,3163,3.015252621544328,839,0.8007626310772163,0.7998093422306959,0.26525450521656657,839,105,1923952456219428232,230110045224524940,603629941972558542,1062895242482436160
n1000-g4-t0.8-r5-h151042,1,11,47,4.2727272727272725,8,0.8181818181818182,0.7272727272727273,0.1702127659574468,8,1,570624429259296789,1230845999629521873,179391598745700858,1501413104426403404
n1000-g4-t0.8-r5-h151042,2,47,191,4.0638297872340425,37,0.8085106382978723,0.7872340425531915,0.193717277486911,37,5,179391598745700858,1501413104426403404,483427759711750698,2239815160492223255
n1000-g4-t0.8-r5-h151042,3,191,769,4.026178010471204,152,0.8010471204188482,0.7958115183246073,0.1976592977893368,152,11,483427759711750698,2239815160492223255,879583847791101721,963733458774418637
n1000-g4-t0.8-r5-h151042,4,769,3079,4.003901170351106,615,0.8010403120936281,0.7997399219765929,0.1997401753816174,615,54,879583847791101721,963733458774418637,1923952456219428232,230110045224524940
n1000-g3-t0.5-r5-h151042,1,11,37,3.3636363636363638,5,0.5454545454545454,0.45454545454545453,0.13513513513513514,5,0,570624429259296789,1230845999629521873,179391598745700858,1501413104426403404
n1000-g3-t0.5-r5-h151042,2,37,113,3.054054054054054,18,0.5135135135135135,0.4864864864864865,0.1592920353982301,18,0,179391598745700858,1501413104426403404,483427759711750698,2239815160492223255
n1000-g3-t0.5-r5-h151042,3,113,347,3.0707964601769913,56,0.504424778761062,0.49557522123893805,0.16138328530259366,56,6,483427759711750698,2239815160492223255,879583847791101721,963733458774418637
n1000-g3-t0.5-r5-h151042,4,347,1049,3.0230547550432276,173,0.5014409221902018,0.49855907780979825,0.16491897044804577,173,13,879583847791101721,963733458774418637,1923952456219428232,230110045224524940
n1000-g3-t0.5-r5-h151042,5,1049,3163,3.015252621544328,524,0.5004766444232602,0.49952335557673977,0.16566550742965538,524,28,1923952456219428232,230110045224524940,603629941972558542,1062895242482436160
n1000-g2-t0.5-r5-h151042,1,11,23,2.090909090909091,5,0.5454545454545454,0.45454545454545453,0.21739130434782608,5,1,570624429259296789,1230845999629521873,179391598745700858,1501413104426403404
n1000-g2-t0.5-r5-h151042,2,23,47,2.0434782608695654,11,0.5217391304347826,0.4782608695652174,0.23404255319148937,11,0,179391598745700858,1501413104426403404,483427759711750698,2239815160492223255
n1000-g2-t0.5-r5-h151042,3,47,97,2.0638297872340425,23,0.5106382978723404,0.48936170212765956,0.23711340206185566,23,2,483427759711750698,2239815160492223255,879583847791101721,963733458774418637
n1000-g2-t0.5-r5-h151042,4,97,197,2.0309278350515463,48,0.5051546391752577,0.4948453608247423,0.2436548223350254,48,3,879583847791101721,963733458774418637,1923952456219428232,230110045224524940
n1000-g2-t0.5-r5-h151042,5,197,397,2.015228426395939,98,0.5025380710659898,0.49746192893401014,0.24685138539042822,98,7,1923952456219428232,230110045224524940,603629941972558542,1062895242482436160
n1000-g2-t0.5-r5-h151042,6,397,797,2.0075566750629723,198,0.5012594458438288,0.4987405541561713,0.24843161856963614,198,23,603629941972558542,1062895242482436160,1552252137014917894,1818980168494971870
n1000-g2-t0.5-r5-h151042,7,797,1597,2.0037641154328734,398,0.5006273525721455,0.4993726474278545,0.24921728240450847,398,43,1552252137014917894,1818980168494971870,1178615065598311799,1010242050449694446
n1000-g2-t0.5-r5-h151042,8,1597,3203,2.005635566687539,798,0.5003130870381967,0.4996869129618034,0.2491414299094599,798,127,1178615065598311799,1010242050449694446,572201159854970287,1503021899938717997
n1000-g1.25-t0.8-r5-h151042,1,11,17,1.5454545454545454,8,0.8181818181818182,0.7272727272727273,0.47058823529411764,8,1,570624429259296789,1230845999629521873,179391598745700858,1501413104426403404
n1000-g1.25-t0.8-r5-h151042,2,17,23,1.3529411764705883,13,0.8235294117647058,0.7647058823529411,0.5652173913043478,13,1,179391598745700858,1501413104426403404,483427759711750698,2239815160492223255
n1000-g1.25-t0.8-r5-h151042,3,23,29,1.2608695652173914,18,0.8260869565217391,0.782608695652174,0.6206896551724138,18,4,483427759711750698,2239815160492223255,879583847791101721,963733458774418637
n1000-g1.25-t0.8-r5-h151042,4,29,37,1.2758620689655173,23,0.8275862068965517,0.7931034482758621,0.6216216216216216,23,4,879583847791101721,963733458774418637,1923952456219428232,230110045224524940
n1000-g1.25-t0.8-r5-h151042,5,37,47,1.2702702702702702,29,0.8108108108108109,0.7837837837837838,0.6170212765957447,29,6,1923952456219428232,230110045224524940,603629941972558542,1062895242482436160
n1000-g1.25-t0.8-r5-h151042,6,47,59,1.2553191489361701,37,0.8085106382978723,0.7872340425531915,0.6271186440677966,37,13,603629941972558542,1062895242482436160,1552252137014917894,1818980168494971870
n1000-g1.25-t0.8-r5-h151042,7,59,79,1.3389830508474576,47,0.8135593220338984,0.7966101694915254,0.5949367088607594,47,9,1552252137014917894,1818980168494971870,1178615065598311799,1010242050449694446
n1000-g1.25-t0.8-r5-h151042,8,79,101,1.2784810126582278,63,0.810126582278481,0.7974683544303798,0.6237623762376238,63,22,1178615065598311799,1010242050449694446,572201159854970287,1503021899938717997
n1000-g1.25-t0.8-r5-h151042,9,101,127,1.2574257425742574,80,0.801980198019802,0.7920792079207921,0.6299212598425197,80,26,572201159854970287,1503021899938717997,1918404384048996179,570260300303678256
n1000-g1.25-t0.8-r5-h151042,10,127,163,1.2834645669291338,101,0.8031496062992126,0.7952755905511811,0.6196319018404908,101,34,1918404384048996179,570260300303678256,114284749249691199,2017151682320546389
n1000-g1.25-t0.8-r5-h151042,11,163,211,1.294478527607362,130,0.803680981595092,0.7975460122699386,0.6161137440758294,130,32,114284749249691199,2017151682320546389,110524606583232433,2046263702161556158
n1000-g1.25-t0.8-r5-h151042,12,211,269,1.2748815165876777,168,0.8009478672985783,0.7962085308056872,0.6245353159851301,168,47,110524606583232433,2046263702161556158,1543242592012573037,1898084234141453789
n1000-g1.25-t0.8-r5-h151042,13,269,337,1.2527881040892193,215,0.8029739776951673,0.7992565055762082,0.6379821958456974,215,70,1543242592012573037,1898084234141453789,364913120938090682,957046219749195322
n1000-g1.25-t0.8-r5-h151042,14,337,431,1.2789317507418398,269,0.8011869436201781,0.798219584569733,0.6241299303944315,269,85,364913120938090682,957046219749195322,1603870176158338628,406406416011210729
n1000-g1.25-t0.8-r5-h151042,15,431,541,1.2552204176334107,344,0.8004640371229699,0.7981438515081206,0.6358595194085028,344,100,1603870176158338628,406406416011210729,667718480706369260,2242604758751206951
n1000-g1.25-t0.8-r5-h151042,16,541,677,1.2513863216266174,432,0.800369685767098,0.7985212569316081,0.638109305760709,432,119,667718480706369260,2242604758751206951,165306037834021778,823342354632187011
n1000-g1.25-t0.8-r5-h151042,17,677,853,1.259970457902511,541,0.8005908419497785,0.7991137370753324,0.634232121922626,541,159,165306037834021778,823342354632187011,1388695977519970166,2144205918572115992
n1000-g1.25-t0.8-r5-h151042,18,853,1069,1.2532239155920282,682,0.8007033997655334,0.7995310668229777,0.6379794200187091,682,200,1388695977519970166,2144205918572115992,1802808566967245891,525206302925278537
n1000-g1.25-t0.8-r5-h151042,19,1069,1361,1.2731524789522919,855,0.8007483629560337,0.7998129092609916,0.6282145481263777,855,268,1802808566967245891,525206302925278537,2010597415435103399,2234674465092269678
n10000-g4-t0.5-r1-h40042,1,11,47,4.2727272727272725,5,0.5454545454545454,0.45454545454545453,0.10638297872340426,5,0,2005437429047220570,296814914551336603,100704515164880804,1346025943104994313
n10000-g4-t0.5-r1-h40042,2,47,191,4.0638297872340425,23,0.5106382978723404,0.48936170212765956,0.12041884816753927,23,3,100704515164880804,1346025943104994313,805500938461591318,1407503198495357282
n10000-g4-t0.5-r1-h40042,3,191,769,4.026178010471204,95,0.5026178010471204,0.4973821989528796,0.1235370611183355,95,4,805500938461591318,1407503198495357282,2034232938809603479,445182141870633888
n10000-g4-t0.5-r1-h40042,4,769,3079,4.003901170351106,384,0.5006501950585176,0.49934980494148246,0.12471581682364404,384,21,2034232938809603479,445182141870633888,561487699449179063,111705455815632224
n10000-g4-t0.5-r1-h40042,5,3079,12323,4.002273465410847,1539,0.5001623903864891,0.49983760961351087,0.12488842002759068,1539,79,561487699449179063,111705455815632224,1700549996247259158,639579457161945450
n10000-g4-t0.5-r1-h40042,6,12323,49297,4.0004057453542154,6161,0.5000405745354216,0.49995942546457844,0.12497717913868998,6161,316,1700549996247259158,639579457161945450,41357831174653572,611083725876286844
n10000-g1.5-t0.7-r1-h40042,1,11,17,1.5454545454545454,7,0.7272727272727273,0.6363636363636364,0.4117647058823529,7,4,2005437429047220570,296814914551336603,100704515164880804,1346025943104994313
n10000-g1.5-t0.7-r1-h40042,2,17,29,1.7058823529411764,11,0.7058823529411765,0.6470588235294118,0.3793103448275862,11,1,100704515164880804,1346025943104994313,805500938461591318,1407503198495357282
n10000-g1.5-t0.7-r1-h40042,3,29,47,1.6206896551724137,20,0.7241379310344828,0.6896551724137931,0.425531914893617,20,4,805500938461591318,1407503198495357282,2034232938809603479,445182141870633888
n10000-g1.5-t0.7-r1-h40042,4,47,71,1.5106382978723405,32,0.7021276595744681,0.6808510638297872,0.4507042253521127,32,5,2034232938809603479,445182141870633888,561487699449179063,111705455815632224
n10000-g1.5-t0.7-r1-h40042,5,71,107,1.5070422535211268,49,0.704225352112676,0.6901408450704225,0.45794392523364486,49,8,561487699449179063,111705455815632224,1700549996247259158,639579457161945450
n10000-g1.5-t0.7-r1-h40042,6,107,163,1.5233644859813085,74,0.7009345794392523,0.6915887850467289,0.4539877300613497,74,18,1700549996247259158,639579457161945450,41357831174653572,611083725876286844
n10000-g1.5-t0.7-r1-h40042,7,163,251,1.539877300613497,114,0.7055214723926381,0.6993865030674846,0.4541832669322709,114,24,41357831174653572,611083725876286844,1156714603238940003,980056401587828401
n10000-g1.5-t0.7-r1-h40042,8,251,379,1.5099601593625498,175,0.701195219123506,0.6972111553784861,0.46174142480211083,175,39,1156714603238940003,980056401587828401,931566657707959755,968148739169161996
n10000-g1.5-t0.7-r1-h40042,9,379,569,1.5013192612137203,265,0.7018469656992085,0.6992084432717678,0.46572934973637964,265,68,931566657707959755,968148739169161996,1614008956299043323,329956131856155772
n10000-g1.5-t0.7-r1-h40042,10,569,857,1.5061511423550087,398,0.7012302284710018,0.6994727592267135,0.4644107351225204,398,89,1614008956299043323,329956131856155772,1892975896214795007,618666313452616974
n10000-g1.5-t0.7-r1-h40042,11,857,1289,1.5040840140023337,599,0.7001166861143524,0.6989498249708285,0.46470131885182314,599,147,1892975896214795007,618666313452616974,421485944533384389,770239280012066878
n10000-g1.5-t0.7-r1-h40042,12,1289,1949,1.5120248254460822,902,0.7005430566330488,0.6997672614429791,0.4628014366341714,902,199,421485944533384389,770239280012066878,1717397441339246962,437550353440964151
n10000-g1.5-t0.7-r1-h40042,13,1949,2927,1.5017957927142125,1364,0.7003591585428425,0.6998460749102103,0.4660061496412709,1364,349,1717397441339246962,437550353440964151,18765523801050819,524202119070492483
n10000-g1.5-t0.7-r1-h40042,14,2927,4391,1.5001708233686368,2048,0.7000341646737274,0.6996925179364537,0.4664085629697108,2048,455,18765523801050819,524202119070492483,1776702533574530187,257669030281764139
n10000-g1.5-t0.7-r1-h40042,15,4391,6599,1.5028467319517194,3073,0.7000683215668413,0.6998405830107037,0.4656766176693438,3073,1806,1776702533574530187,257669030281764139,2297592868681282138,1339623891795286839
n10000-g1.5-t0.7-r1-h40042,16,6599,9901,1.5003788452795879,4619,0.7001060766782846,0.6999545385664495,0.4665185334814665,4619,1021,2297592868681282138,1339623891795286839,548592192118694793,1200249444279502725
n10000-g1.5-t0.7-r1-h40042,17,9901,14867,1.5015654984345015,6930,0.7000302999697,0.6999293000707,0.46613304634425234,6930,1596,548592192118694793,1200249444279502725,558605632167038481,30480210764277290
n10000-g3-t0.8-r1-h40042,1,11,37,3.3636363636363638,8,0.8181818181818182,0.7272727272727273,0.21621621621621623,8,3,2005437429047220570,296814914551336603,100704515164880804,1346025943104994313
n10000-g3-t0.8-r1-h40042,2,37,113,3.054054054054054,29,0.8108108108108109,0.7837837837837838,0.25663716814159293,29,1,100704515164880804,1346025943104994313,805500938461591318,1407503198495357282
n10000-g3-t0.8-r1-h40042,3,113,347,3.0707964601769913,90,0.8053097345132744,0.7964601769911505,0.25936599423631124,90,9,805500938461591318,1407503198495357282,2034232938809603479,445182141870633888
n10000-g3-t0.8-r1-h40042,4,347,1049,3.0230547550432276,277,0.8011527377521613,0.7982708933717579,0.2640610104861773,277,32,2034232938809603479,445182141870633888,561487699449179063,111705455815632224
n10000-g3-t0.8-r1-h40042,5,1049,3163,3.015252621544328,839,0.8007626310772163,0.7998093422306959,0.26525450521656657,839,112,561487699449179063,111705455815632224,1700549996247259158,639579457161945450
n10000-g3-t0.8-r1-h40042,6,3163,9491,3.0006323110970596,2530,0.8001896933291179,0.799873537780588,0.2665683278895796,2530,310,1700549996247259158,639579457161945450,41357831174653572,611083725876286844
n10000-g3-t0.8-r1-h40042,7,9491,28477,3.0004214519018015,7592,0.80002107259509,0.7999157096196396,0.26660111669066267,7592,930,41357831174653572,611083725876286844,1156714603238940003,980056401587828401
n10000-g4-t0.8-r1-h40042,1,11,47,4.2727272727272725,8,0.8181818181818182,0.7272727272727273,0.1702127659574468,8,1,2005437429047220570,296814914551336603,100704515164880804,1346025943104994313
n10000-g4-t0.8-r1-h40042,2,47,191,4.0638297872340425,37,0.8085106382978723,0.7872340425531915,0.193717277486911,37,5,100704515164880804,1346025943104994313,805500938461591318,1407503198495357282
n10000-g4-t0.8-r1-h40042,3,191,769,4.026178010471204,152,0.8010471204188482,0.7958115183246073,0.1976592977893368,152,14,805500938461591318,1407503198495357282,2034232938809603479,445182141870633888
n10000-g4-t0.8-r1-h40042,4,769,3079,4.003901170351106,615,0.8010403120936281,0.7997399219765929,0.1997401753816174,615,64,2034232938809603479,445182141870633888,561487699449179063,111705455815632224
n10000-g4-t0.8-r1-h40042,5,3079,12323,4.002273465410847,2463,0.8002598246183826,0.7999350438454044,0.199870161486651,2463,215,561487699449179063,111705455815632224,1700549996247259158,639579457161945450
n10000-g4-t0.8-r1-h40042,6,12323,49297,4.0004057453542154,9858,0.8000486894425058,0.7999675403716627,0.19997160070592532,9858,796,1700549996247259158,639579457161945450,41357831174653572,611083725876286844
n10000-g1.25-t0.5-r1-h40042,1,11,17,1.5454545454545454,5,0.5454545454545454,0.45454545454545453,0.29411764705882354,5,1,2005437429047220570,296814914551336603,100704515164880804,1346025943104994313
n10000-g1.25-t0.5-r1-h40042,2,17,23,1.3529411764705883,8,0.5294117647058824,0.47058823529411764,0.34782608695652173,8,2,100704515164880804,1346025943104994313,805500938461591318,1407503198495357282
n10000-g1.25-t0.5-r1-h40042,3,23,29,1.2608695652173914,11,0.5217391304347826,0.4782608695652174,0.3793103448275862,11,1,805500938461591318,1407503198495357282,2034232938809603479,445182141870633888
n10000-g1.25-t0.5-r1-h40042,4,29,37,1.2758620689655173,14,0.5172413793103449,0.4827586206896552,0.3783783783783784,14,2,2034232938809603479,445182141870633888,561487699449179063,111705455815632224
n10000-g1.25-t0.5-r1-h40042,5,37,47,1.2702702702702702,18,0.5135135135135135,0.4864864864864865,0.3829787234042553,18,5,561487699449179063,111705455815632224,1700549996247259158,639579457161945450
n10000-g1.25-t0.5-r1-h40042,6,47,59,1.2553191489361701,23,0.5106382978723404,0.48936170212765956,0.3898305084745763,23,2,1700549996247259158,639579457161945450,41357831174653572,611083725876286844
n10000-g1.25-t0.5-r1-h40042,7,59,79,1.3389830508474576,29,0.5084745762711864,0.4915254237288136,0.3670886075949367,29,0,41357831174653572,611083725876286844,1156714603238940003,980056401587828401
n10000-g1.25-t0.5-r1-h40042,8,79,101,1.2784810126582278,39,0.5063291139240507,0.4936708860759494,0.38613861386138615,39,9,1156714603238940003,980056401587828401,931566657707959755,968148739169161996
n10000-g1.25-t0.5-r1-h40042,9,101,127,1.2574257425742574,50,0.504950495049505,0.49504950495049505,0.3937007874015748,50,10,931566657707959755,968148739169161996,1614008956299043323,329956131856155772
n10000-g1.25-t0.5-r1-h40042,10,127,163,1.2834645669291338,63,0.5039370078740157,0.49606299212598426,0.38650306748466257,63,13,1614008956299043323,329956131856155772,1892975896214795007,618666313452616974
n10000-g1.25-t0.5-r1-h40042,11,163,211,1.294478527607362,81,0.5030674846625767,0.49693251533742333,0.38388625592417064,81,15,1892975896214795007,618666313452616974,421485944533384389,770239280012066878
n10000-g1.25-t0.5-r1-h40042,12,211,269,1.2748815165876777,105,0.5023696682464455,0.4976303317535545,0.3903345724907063,105,18,421485944533384389,770239280012066878,1717397441339246962,437550353440964151
n10000-g1.25-t0.5-r1-h40042,13,269,337,1.2527881040892193,134,0.5018587360594795,0.49814126394052044,0.39762611275964393,134,26,1717397441339246962,437550353440964151,18765523801050819,524202119070492483
n10000-g1.25-t0.5-r1-h40042,14,337,431,1.2789317507418398,168,0.5014836795252225,0.49851632047477745,0.38979118329466356,168,37,18765523801050819,524202119070492483,1776702533574530187,257669030281764139
n10000-g1.25-t0.5-r1-h40042,15,431,541,1.2552204176334107,215,0.5011600928074246,0.4988399071925754,0.3974121996303142,215,47,1776702533574530187,257669030281764139,2297592868681282138,1339623891795286839
n10000-g1.25-t0.5-r1-h40042,16,541,677,1.2513863216266174,270,0.5009242144177449,0.49907578558225507,0.3988183161004431,270,48,2297592868681282138,1339623891795286839,548592192118694793,1200249444279502725
n10000-g1.25-t0.5-r1-h40042,17,677,853,1.259970457902511,338,0.5007385524372231,0.49926144756277696,0.3962485345838218,338,60,548592192118694793,1200249444279502725,558605632167038481,30480210764277290
n10000-g1.25-t0.5-r1-h40042,18,853,1069,1.2532239155920282,426,0.5005861664712778,0.49941383352872215,0.3985032740879326,426,72,558605632167038481,30480210764277290,633806681871448463,541620220906949150
n10000-g1.25-t0.5-r1-h40042,19,1069,1361,1.2731524789522919,534,0.500467726847521,0.49953227315247895,0.3923585598824394,534,106,633806681871448463,541620220906949150,1925486992830712143,1795934477687381843
n10000-g1.25-t0.5-r1-h40042,20,1361,1709,1.2556943423952975,680,0.5003673769287289,0.4996326230712711,0.3978935049736688,680,142,1925486992830712143,1795934477687381843,634173977467409894,922895065414356550
n10000-g1.25-t0.5-r1-h40042,21,1709,2137,1.2504388531304858,854,0.5002925687536571,0.49970743124634287,0.39962564342536266,854,157,634173977467409894,922895065414356550,1242511686549544859,1260445316358030288
n10000-g1.25-t0.5-r1-h40042,22,2137,2677,1.252690687880206,1068,0.5002339728591484,0.49976602714085167,0.39895405304445275,1068,234,1242511686549544859,1260445316358030288,214691606429491758,1315157955297384808
n10000-g1.25-t0.5-r1-h40042,23,2677,3347,1.250280164363093,1338,0.500186776242062,0.49981322375793796,0.3997609799820735,1338,269,214691606429491758,1315157955297384808,67326733075362602,1640674541510640820
n10000-g1.25-t0.5-r1-h40042,24,3347,4201,1.2551538691365403,1673,0.5001493875112041,0.4998506124887959,0.3982385146393716,1673,340,67326733075362602,1640674541510640820,1253751064683725372,1678049931250552599
n10000-g1.25-t0.5-r1-h40042,25,4201,5261,1.252320875981909,2100,0.5001190192811236,0.49988098071887643,0.39916365709941076,2100,414,1253751064683725372,1678049931250552599,1558705962685783479,1468888558892208346
n10000-g1.25-t0.5-r1-h40042,26,5261,6577,1.250142558448964,2630,0.5000950389659761,0.49990496103402393,0.3998783639957427,2630,512,1558705962685783479,1468888558892208346,1401910206717970103,1792680205478352425
n10000-g1.25-t0.5-r1-h40042,27,6577,8231,1.2514824388018853,3288,0.5000760225026608,0.4999239774973392,0.39946543554853603,3288,640,1401910206717970103,1792680205478352425,329275297171235534,783289064387602806
n10000-g1.25-t0.5-r1-h40042,28,8231,10289,1.250030372980197,4115,0.5000607459603936,0.4999392540396064,0.3999416852949752,4115,785,329275297171235534,783289064387602806,961667632754231552,1079992795355580199
n10000-g1.25-t0.5-r1-h40042,29,10289,12889,1.2526970551073962,5144,0.5000485955875207,0.49995140441247937,0.3991000077585538,5144,982,961667632754231552,1079992795355580199,2235106282651899697,1999362790972784239
n10000-g1.25-t0.5-r1-h40042,30,12889,16127,1.2512219722243774,6444,0.5000387927690279,0.49996120723097215,0.39957834687170585,6444,1176,2235106282651899697,1999362790972784239,1126921893122025355,1974639411274068637
n10000-g1.25-t0.5-r1-h40042,31,16127,20161,1.250139517579215,8063,0.5000310039064922,0.49996899609350776,0.3999305590000496,8063,1449,1126921893122025355,1974639411274068637,2721672115931058,774125376119131057
n10000-g4-t0.9-r1-h40042,1,11,47,4.2727272727272725,9,0.9090909090909091,0.8181818181818182,0.19148936170212766,9,1,2005437429047220570,296814914551336603,100704515164880804,1346025943104994313
n10000-g4-t0.9-r1-h40042,2,47,191,4.0638297872340425,42,0.9148936170212766,0.8936170212765957,0.2198952879581152,42,6,100704515164880804,1346025943104994313,805500938461591318,1407503198495357282
n10000-g4-t0.9-r1-h40042,3,191,769,4.026178010471204,171,0.900523560209424,0.8952879581151832,0.2223667100130039,171,17,805500938461591318,1407503198495357282,2034232938809603479,445182141870633888
n10000-g4-t0.9-r1-h40042,4,769,3079,4.003901170351106,692,0.9011703511053316,0.8998699609882965,0.22474829490094186,692,88,2034232938809603479,445182141870633888,561487699449179063,111705455815632224
n10000-g4-t0.9-r1-h40042,5,3079,12323,4.002273465410847,2771,0.9002923026956804,0.8999675219227021,0.22486407530633773,2771,276,561487699449179063,111705455815632224,1700549996247259158,639579457161945450
n10000-g2-t0.9-r1-h40042,1,11,23,2.090909090909091,9,0.9090909090909091,0.8181818181818182,0.391304347826087,9,1,2005437429047220570,296814914551336603,100704515164880804,1346025943104994313
n10000-g2-t0.9-r1-h40042,2,23,47,2.0434782608695654,20,0.9130434782608695,0.8695652173913043,0.425531914893617,20,5,100704515164880804,1346025943104994313,805500938461591318,1407503198495357282
n10000-g2-t0.9-r1-h40042,3,47,97,2.0638297872340425,42,0.9148936170212766,0.8936170212765957,0.4329896907216495,42,6,805500938461591318,1407503198495357282,2034232938809603479,445182141870633888
n10000-g2-t0.9-r1-h40042,4,97,197,2.0309278350515463,87,0.9072164948453608,0.8969072164948454,0.4416243654822335,87,17,2034232938809603479,445182141870633888,561487699449179063,111705455815632224
n10000-g2-t0.9-r1-h40042,5,197,397,2.015228426395939,177,0.9035532994923858,0.8984771573604061,0.44584382871536526,177,32,561487699449179063,111705455815632224,1700549996247259158,639579457161945450
n10000-g2-t0.9-r1-h40042,6,397,797,2.0075566750629723,357,0.9017632241813602,0.8992443324937027,0.4479297365119197,357,92,1700549996247259158,639579457161945450,41357831174653572,611083725876286844
n10000-g2-t0.9-r1-h40042,7,797,1597,2.0037641154328734,717,0.9008782936010038,0.8996235884567126,0.4489668127739512,717,155,41357831174653572,611083725876286844,1156714603238940003,980056401587828401
n10000-g2-t0.9-r1-h40042,8,1597,3203,2.005635566687539,1437,0.9004383218534753,0.8998121477770821,0.44864189822041833,1437,348,1156714603238940003,980056401587828401,931566657707959755,968148739169161996
n10000-g2-t0.9-r1-h40042,9,3203,6421,2.0046831095847644,2882,0.9000936621916953,0.8997814548860443,0.4488397445880704,2882,631,931566657707959755,968148739169161996,1614008956299043323,329956131856155772
n10000-g2-t0.9-r1-h40042,10,6421,12853,2.001713128796138,5778,0.9000155738981467,0.8998598349166796,0.4495448533416323,5778,1352,1614008956299043323,329956131856155772,1892975896214795007,618666313452616974
n10000-g3-t0.5-r1-h40042,1,11,37,3.3636363636363638,5,0.5454545454545454,0.45454545454545453,0.13513513513513514,5,1,2005437429047220570,296814914551336603,100704515164880804,1346025943104994313
n10000-g3-t0.5-r1-h40042,2,37,113,3.054054054054054,18,0.5135135135135135,0.4864864864864865,0.1592920353982301,18,1,100704515164880804,1346025943104994313,805500938461591318,1407503198495357282
n10000-g3-t0.5-r1-h40042,3,113,347,3.0707964601769913,56,0.504424778761062,0.49557522123893805,0.16138328530259366,56,6,805500938461591318,1407503198495357282,2034232938809603479,445182141870633888
n10000-g3-t0.5-r1-h40042,4,347,1049,3.0230547550432276,173,0.5014409221902018,0.49855907780979825,0.16491897044804577,173,9,2034232938809603479,445182141870633888,561487699449179063,111705455815632224
n10000-g3-t0.5-r1-h40042,5,1049,3163,3.015252621544328,524,0.5004766444232602,0.49952335557673977,0.16566550742965538,524,42,561487699449179063,111705455815632224,1700549996247259158,639579457161945450
n10000-g3-t0.5-r1-h40042,6,3163,9491,3.0006323110970596,1581,0.5001580777742649,0.49984192222573504,0.16657886418712464,1581,123,1700549996247259158,639579457161945450,41357831174653572,611083725876286844
n10000-g3-t0.5-r1-h40042,7,9491,28477,3.0004214519018015,4745,0.5000526814877252,0.4999473185122748,0.16662569793166415,4745,358,41357831174653572,611083725876286844,1156714603238940003,980056401587828401
n10000-g1.25-t0.7-r1-h40042,1,11,17,1.5454545454545454,7,0.7272727272727273,0.6363636363636364,0.4117647058823529,7,4,2005437429047220570,296814914551336603,100704515164880804,1346025943104994313
n10000-g1.25-t0.7-r1-h40042,2,17,23,1.3529411764705883,11,0.7058823529411765,0.6470588235294118,0.4782608695652174,11,3,100704515164880804,1346025943104994313,805500938461591318,1407503198495357282
n10000-g1.25-t0.7-r1-h40042,3,23,29,1.2608695652173914,16,0.7391304347826086,0.6956521739130435,0.5517241379310345,16,3,805500938461591318,1407503198495357282,2034232938809603479,445182141870633888
n10000-g1.25-t0.7-r1-h40042,4,29,37,1.2758620689655173,20,0.7241379310344828,0.6896551724137931,0.5405405405405406,20,4,2034232938809603479,445182141870633888,561487699449179063,111705455815632224
n10000-g1.25-t0.7-r1-h40042,5,37,47,1.2702702702702702,25,0.7027027027027027,0.6756756756756757,0.5319148936170213,25,10,561487699449179063,111705455815632224,1700549996247259158,639579457161945450
n10000-g1.25-t0.7-r1-h40042,6,47,59,1.2553191489361701,32,0.7021276595744681,0.6808510638297872,0.5423728813559322,32,7,1700549996247259158,639579457161945450,41357831174653572,611083725876286844
n10000-g1.25-t0.7-r1-h40042,7,59,79,1.3389830508474576,41,0.711864406779661,0.6949152542372882,0.5189873417721519,41,4,41357831174653572,611083725876286844,1156714603238940003,980056401587828401
n10000-g1.25-t0.7-r1-h40042,8,79,101,1.2784810126582278,55,0.7088607594936709,0.6962025316455697,0.5445544554455446,55,13,1156714603238940003,980056401587828401,931566657707959755,968148739169161996
n10000-g1.25-t0.7-r1-h40042,9,101,127,1.2574257425742574,70,0.7029702970297029,0.693069306930693,0.5511811023622047,70,20,931566657707959755,968148739169161996,1614008956299043323,329956131856155772
n10000-g1.25-t0.7-r1-h40042,10,127,163,1.2834645669291338,88,0.7007874015748031,0.6929133858267716,0.5398773006134969,88,26,1614008956299043323,329956131856155772,1892975896214795007,618666313452616974
n10000-g1.25-t0.7-r1-h40042,11,163,211,1.294478527607362,114,0.7055214723926381,0.6993865030674846,0.5402843601895735,114,32,1892975896214795007,618666313452616974,421485944533384389,770239280012066878
n10000-g1.25-t0.7-r1-h40042,12,211,269,1.2748815165876777,147,0.7014218009478673,0.6966824644549763,0.5464684014869888,147,34,421485944533384389,770239280012066878,1717397441339246962,437550353440964151
n10000-g1.25-t0.7-r1-h40042,13,269,337,1.2527881040892193,188,0.7026022304832714,0.6988847583643123,0.5578635014836796,188,44,1717397441339246962,437550353440964151,18765523801050819,524202119070492483
n10000-g1.25-t0.7-r1-h40042,14,337,431,1.2789317507418398,235,0.7002967359050445,0.6973293768545994,0.5452436194895591,235,77,18765523801050819,524202119070492483,1776702533574530187,257669030281764139
n10000-g1.25-t0.7-r1-h40042,15,431,541,1.2552204176334107,301,0.7006960556844548,0.6983758700696056,0.55637707948244,301,84,1776702533574530187,257669030281764139,2297592868681282138,1339623891795286839
n10000-g1.25-t0.7-r1-h40042,16,541,677,1.2513863216266174,378,0.7005545286506469,0.6987060998151571,0.5583456425406204,378,97,2297592868681282138,1339623891795286839,548592192118694793,1200249444279502725
n10000-g1.25-t0.7-r1-h40042,17,677,853,1.259970457902511,473,0.7001477104874446,0.6986706056129985,0.5545134818288394,473,119,548592192118694793,1200249444279502725,558605632167038481,30480210764277290
n10000-g1.25-t0.7-r1-h40042,18,853,1069,1.2532239155920282,597,0.7010550996483002,0.6998827667057445,0.558465855940131,597,155,558605632167038481,30480210764277290,633806681871448463,541620220906949150
n10000-g1.25-t0.7-r1-h40042,19,1069,1361,1.2731524789522919,748,0.7006548175865295,0.6997193638914874,0.5495958853783982,748,210,633806681871448463,541620220906949150,1925486992830712143,1795934477687381843
n10000-g1.25-t0.7-r1-h40042,20,1361,1709,1.2556943423952975,952,0.7002204261572373,0.6994856722997795,0.5570509069631363,952,266,1925486992830712143,1795934477687381843,634173977467409894,922895065414356550
n10000-g1.25-t0.7-r1-h40042,21,1709,2137,1.2504388531304858,1196,0.70040959625512,0.6998244587478057,0.5596630790828264,1196,321,634173977467409894,922895065414356550,1242511686549544859,1260445316358030288
n10000-g1.25-t0.7-r1-h40042,22,2137,2677,1.252690687880206,1495,0.7000467945718297,0.6995788488535329,0.558460963765409,1495,434,1242511686549544859,1260445316358030288,214691606429491758,1315157955297384808
n10000-g1.25-t0.7-r1-h40042,23,2677,3347,1.250280164363093,1873,0.7000373552484124,0.6996638027642884,0.5596056169704213,1873,508,214691606429491758,1315157955297384808,67326733075362602,1640674541510640820
n10000-g1.25-t0.7-r1-h40042,24,3347,4201,1.2551538691365403,2342,0.7000298775022408,0.6997311024798327,0.5574863127826708,2342,657,67326733075362602,1640674541510640820,1253751064683725372,1678049931250552599
n10000-g1.25-t0.7-r1-h40042,25,4201,5261,1.252320875981909,2940,0.7000714115686741,0.699833373006427,0.5588291199391751,2940,782,1253751064683725372,1678049931250552599,1558705962685783479,1468888558892208346
n10000-g1.25-t0.7-r1-h40042,26,5261,6577,1.250142558448964,3682,0.7000570233795856,0.6998669454476335,0.5598297095940399,3682,1005,1558705962685783479,1468888558892208346,1401910206717970103,1792680205478352425
n10000-g1.25-t0.7-r1-h40042,27,6577,8231,1.2514824388018853,4603,0.7000152045005321,0.6998631594952106,0.559227311383793,4603,1267,1401910206717970103,1792680205478352425,329275297171235534,783289064387602806
n10000-g1.25-t0.7-r1-h40042,28,8231,10289,1.250030372980197,5761,0.7000364475762362,0.6999149556554489,0.5599183594129653,5761,1516,329275297171235534,783289064387602806,961667632754231552,1079992795355580199
n10000-g1.25-t0.7-r1-h40042,29,10289,12889,1.2526970551073962,7202,0.7000680338225289,0.6999708426474877,0.5587710450771977,7202,1875,961667632754231552,1079992795355580199,2235106282651899697,1999362790972784239
n10000-g1.25-t0.7-r1-h40042,30,12889,16127,1.2512219722243774,9022,0.700054309876639,0.6999767243385833,0.559434488745582,9022,2321,2235106282651899697,1999362790972784239,1126921893122025355,1974639411274068637
n10000-g1.25-t0.9-r1-h40042,1,11,17,1.5454545454545454,9,0.9090909090909091,0.8181818181818182,0.5294117647058824,9,6,2005437429047220570,296814914551336603,100704515164880804,1346025943104994313
n10000-g1.25-t0.9-r1-h40042,2,17,23,1.3529411764705883,15,0.9411764705882353,0.8823529411764706,0.6521739130434783,15,9,100704515164880804,1346025943104994313,805500938461591318,1407503198495357282
n10000-g1.25-t0.9-r1-h40042,3,23,29,1.2608695652173914,20,0.9130434782608695,0.8695652173913043,0.6896551724137931,20,6,805500938461591318,1407503198495357282,2034232938809603479,445182141870633888
n10000-g1.25-t0.9-r1-h40042,4,29,37,1.2758620689655173,26,0.9310344827586207,0.896551724137931,0.7027027027027027,26,10,2034232938809603479,445182141870633888,561487699449179063,111705455815632224
n10000-g1.25-t0.9-r1-h40042,5,37,47,1.2702702702702702,33,0.918918918918919,0.8918918918918919,0.7021276595744681,33,14,561487699449179063,111705455815632224,1700549996247259158,639579457161945450
n10000-g1.25-t0.9-r1-h40042,6,47,59,1.2553191489361701,42,0.9148936170212766,0.8936170212765957,0.711864406779661,42,11,1700549996247259158,639579457161945450,41357831174653572,611083725876286844
n10000-g1.25-t0.9-r1-h40042,7,59,79,1.3389830508474576,53,0.9152542372881356,0.8983050847457628,0.6708860759493671,53,11,41357831174653572,611083725876286844,1156714603238940003,980056401587828401
n10000-g1.25-t0.9-r1-h40042,8,79,101,1.2784810126582278,71,0.9113924050632911,0.8987341772151899,0.7029702970297029,71,20,1156714603238940003,980056401587828401,931566657707959755,968148739169161996
n10000-g1.25-t0.9-r1-h40042,9,101,127,1.2574257425742574,90,0.900990099009901,0.8910891089108911,0.7086614173228346,90,28,931566657707959755,968148739169161996,1614008956299043323,329956131856155772
n10000-g1.25-t0.9-r1-h40042,10,127,163,1.2834645669291338,114,0.905511811023622,0.8976377952755905,0.6993865030674846,114,41,1614008956299043323,329956131856155772,1892975896214795007,618666313452616974
n10000-g1.25-t0.9-r1-h40042,11,163,211,1.294478527607362,146,0.901840490797546,0.8957055214723927,0.6919431279620853,146,55,1892975896214795007,618666313452616974,421485944533384389,770239280012066878
n10000-g1.25-t0.9-r1-h40042,12,211,269,1.2748815165876777,189,0.9004739336492891,0.8957345971563981,0.7026022304832714,189,61,421485944533384389,770239280012066878,1717397441339246962,437550353440964151
n10000-g1.25-t0.9-r1-h40042,13,269,337,1.2527881040892193,242,0.9033457249070632,0.8996282527881041,0.7181008902077152,242,83,1717397441339246962,437550353440964151,18765523801050819,524202119070492483
n10000-g1.25-t0.9-r1-h40042,14,337,431,1.2789317507418398,303,0.9020771513353115,0.8991097922848664,0.703016241299304,303,125,18765523801050819,524202119070492483,1776702533574530187,257669030281764139
n10000-g1.25-t0.9-r1-h40042,15,431,541,1.2552204176334107,387,0.9002320185614849,0.8979118329466357,0.7153419593345656,387,142,1776702533574530187,257669030281764139,2297592868681282138,1339623891795286839
n10000-g1.25-t0.9-r1-h40042,16,541,677,1.2513863216266174,486,0.9001848428835489,0.8983364140480592,0.7178729689807977,486,163,2297592868681282138,1339623891795286839,548592192118694793,1200249444279502725
n10000-g1.25-t0.9-r1-h40042,17,677,853,1.259970457902511,609,0.9010339734121122,0.8995568685376661,0.7139507620164126,609,207,548592192118694793,1200249444279502725,558605632167038481,30480210764277290
n10000-g1.25-t0.9-r1-h40042,18,853,1069,1.2532239155920282,767,0.9003516998827668,0.8991793669402111,0.7174929840972872,767,259,558605632167038481,30480210764277290,633806681871448463,541620220906949150
n10000-g1.25-t0.9-r1-h40042,19,1069,1361,1.2731524789522919,962,0.9008419083255379,0.8999064546304958,0.7068332108743571,962,349,633806681871448463,541620220906949150,1925486992830712143,1795934477687381843
n10000-g1.25-t0.9-r1-h40042,20,1361,1709,1.2556943423952975,1224,0.9000734753857458,0.899338721528288,0.7162083089526039,1224,436,1925486992830712143,1795934477687381843,634173977467409894,922895065414356550
n10000-g1.25-t0.9-r1-h40042,21,1709,2137,1.2504388531304858,1538,0.9005266237565828,0.8999414862492686,0.7197005147402902,1538,530,634173977467409894,922895065414356550,1242511686549544859,1260445316358030288
n10000-g1.25-t0.9-r1-h40042,22,2137,2677,1.252690687880206,1923,0.9003275620028077,0.8998596162845109,0.7183414269704893,1923,674,1242511686549544859,1260445316358030288,214691606429491758,1315157955297384808
n10000-g1.25-t0.9-r1-h40042,23,2677,3347,1.250280164363093,2409,0.9002614867388868,0.8998879342547628,0.7197490289811772,2409,848,214691606429491758,1315157955297384808,67326733075362602,1640674541510640820
n10000-g1.25-t0.9-r1-h40042,24,3347,4201,1.2551538691365403,3012,0.9002091425156857,0.8999103674932776,0.7169721494882171,3012,1032,67326733075362602,1640674541510640820,1253751064683725372,1678049931250552599
n10000-g1.25-t0.9-r1-h40042,25,4201,5261,1.252320875981909,3780,0.9000238038562247,0.8997857652939776,0.7184945827789394,3780,1310,1253751064683725372,1678049931250552599,1558705962685783479,1468888558892208346
n10000-g1.25-t0.9-r1-h40042,26,5261,6577,1.250142558448964,4734,0.9000190077931952,0.8998289298612431,0.7197810551923369,4734,1641,1558705962685783479,1468888558892208346,1401910206717970103,1792680205478352425
n10000-g1.25-t0.9-r1-h40042,27,6577,8231,1.2514824388018853,5919,0.9001064315037252,0.8999543864984035,0.7191106791398372,5919,2059,1401910206717970103,1792680205478352425,329275297171235534,783289064387602806
n10000-g1.25-t0.9-r1-h40042,28,8231,10289,1.250030372980197,7407,0.9000121491920787,0.8998906572712915,0.7198950335309554,7407,2570,329275297171235534,783289064387602806,961667632754231552,1079992795355580199
n10000-g1.25-t0.9-r1-h40042,29,10289,12889,1.2526970551073962,9260,0.9000874720575371,0.8999902808824959,0.7184420823958414,9260,3129,961667632754231552,1079992795355580199,2235106282651899697,1999362790972784239
n10000-g4-t0.7-r1-h40042,1,11,47,4.2727272727272725,7,0.7272727272727273,0.6363636363636364,0.14893617021276595,7,1,2005437429047220570,296814914551336603,100704515164880804,1346025943104994313
n10000-g4-t0.7-r1-h40042,2,47,191,4.0638297872340425,32,0.7021276595744681,0.6808510638297872,0.16753926701570682,32,4,100704515164880804,1346025943104994313,805500938461591318,1407503198495357282
n10000-g4-t0.7-r1-h40042,3,191,769,4.026178010471204,133,0.7015706806282722,0.6963350785340314,0.1729518855656697,133,12,805500938461591318,1407503198495357282,2034232938809603479,445182141870633888
n10000-g4-t0.7-r1-h40042,4,769,3079,4.003901170351106,538,0.7009102730819246,0.6996098829648895,0.17473205586229296,538,49,2034232938809603479,445182141870633888,561487699449179063,111705455815632224
n10000-g4-t0.7-r1-h40042,5,3079,12323,4.002273465410847,2155,0.7002273465410848,0.6999025657681065,0.17487624766696422,2155,163,561487699449179063,111705455815632224,1700549996247259158,639579457161945450
n10000-g4-t0.7-r1-h40042,6,12323,49297,4.0004057453542154,8626,0.7000730341637589,0.6999918850929157,0.174980221920198,8626,605,1700549996247259158,639579457161945450,41357831174653572,611083725876286844
n10000-g1.5-t0.9-r1-h40042,1,11,17,1.5454545454545454,9,0.9090909090909091,0.8181818181818182,0.5294117647058824,9,6,2005437429047220570,296814914551336603,100704515164880804,1346025943104994313
n10000-g1.5-t0.9-r1-h40042,2,17,29,1.7058823529411764,15,0.9411764705882353,0.8823529411764706,0.5172413793103449,15,2,100704515164880804,1346025943104994313,805500938461591318,1407503198495357282
n10000-g1.5-t0.9-r1-h40042,3,29,47,1.6206896551724137,26,0.9310344827586207,0.896551724137931,0.5531914893617021,26,9,805500938461591318,1407503198495357282,2034232938809603479,445182141870633888
n10000-g1.5-t0.9-r1-h40042,4,47,71,1.5106382978723405,42,0.9148936170212766,0.8936170212765957,0.5915492957746479,42,9,2034232938809603479,445182141870633888,561487699449179063,111705455815632224
n10000-g1.5-t0.9-r1-h40042,5,71,107,1.5070422535211268,63,0.9014084507042254,0.8873239436619719,0.5887850467289719,63,15,561487699449179063,111705455815632224,1700549996247259158,639579457161945450
n10000-g1.5-t0.9-r1-h40042,6,107,163,1.5233644859813085,96,0.9065420560747663,0.897196261682243,0.588957055214724,96,29,1700549996247259158,639579457161945450,41357831174653572,611083725876286844
n10000-g1.5-t0.9-r1-h40042,7,163,251,1.539877300613497,146,0.901840490797546,0.8957055214723927,0.5816733067729084,146,45,41357831174653572,611083725876286844,1156714603238940003,980056401587828401
n10000-g1.5-t0.9-r1-h40042,8,251,379,1.5099601593625498,225,0.900398406374502,0.896414342629482,0.5936675461741425,225,61,1156714603238940003,980056401587828401,931566657707959755,968148739169161996
n10000-g1.5-t0.9-r1-h40042,9,379,569,1.5013192612137203,341,0.9023746701846965,0.899736147757256,0.5992970123022847,341,99,931566657707959755,968148739169161996,1614008956299043323,329956131856155772
n10000-g1.5-t0.9-r1-h40042,10,569,857,1.5061511423550087,512,0.9015817223198594,0.8998242530755711,0.5974329054842473,512,150,1614008956299043323,329956131856155772,1892975896214795007,618666313452616974
n10000-g1.5-t0.9-r1-h40042,11,857,1289,1.5040840140023337,771,0.9008168028004667,0.8996499416569428,0.5981380915438325,771,238,1892975896214795007,618666313452616974,421485944533384389,770239280012066878
n10000-g1.5-t0.9-r1-h40042,12,1289,1949,1.5120248254460822,1160,0.9006982156710628,0.899922420480993,0.595177013853258,1160,343,421485944533384389,770239280012066878,1717397441339246962,437550353440964151
n10000-g1.5-t0.9-r1-h40042,13,1949,2927,1.5017957927142125,1754,0.9004617752693689,0.8999486916367367,0.599248377177998,1754,543,1717397441339246962,437550353440964151,18765523801050819,524202119070492483
n10000-g1.5-t0.9-r1-h40042,14,2927,4391,1.5001708233686368,2634,0.9002391527160916,0.8998975059788179,0.5998633568663174,2634,753,18765523801050819,524202119070492483,1776702533574530187,257669030281764139
n10000-g1.5-t0.9-r1-h40042,15,4391,6599,1.5028467319517194,3951,0.9000227738556138,0.8997950352994762,0.5987270798605849,3951,2997,1776702533574530187,257669030281764139,2297592868681282138,1339623891795286839
n10000-g1.5-t0.9-r1-h40042,16,6599,9901,1.5003788452795879,5939,0.9001363843006516,0.8999848461888165,0.5998384001615998,5939,1664,2297592868681282138,1339623891795286839,548592192118694793,1200249444279502725
n10000-g1.5-t0.9-r1-h40042,17,9901,14867,1.5015654984345015,8910,0.9000100999899,0.8999091000908999,0.5993139167283245,8910,2647,548592192118694793,1200249444279502725,558605632167038481,30480210764277290
n10000-g3-t0.9-r1-h40042,1,11,37,3.3636363636363638,9,0.9090909090909091,0.8181818181818182,0.24324324324324326,9,3,2005437429047220570,296814914551336603,100704515164880804,1346025943104994313
n10000-g3-t0.9-r1-h40042,2,37,113,3.054054054054054,33,0.918918918918919,0.8918918918918919,0.2920353982300885,33,3,100704515164880804,1346025943104994313,805500938461591318,1407503198495357282
n10000-g3-t0.9-r1-h40042,3,113,347,3.0707964601769913,101,0.9026548672566371,0.8938053097345132,0.2910662824207493,101,9,805500938461591318,1407503198495357282,2034232938809603479,445182141870633888
n10000-g3-t0.9-r1-h40042,4,347,1049,3.0230547550432276,312,0.9020172910662824,0.899135446685879,0.2974261201143947,312,42,2034232938809603479,445182141870633888,561487699449179063,111705455815632224
n10000-g3-t0.9-r1-h40042,5,1049,3163,3.015252621544328,944,0.9008579599618685,0.899904671115348,0.2984508378122036,944,131,561487699449179063,111705455815632224,1700549996247259158,639579457161945450
n10000-g3-t0.9-r1-h40042,6,3163,9491,3.0006323110970596,2846,0.900094846664559,0.899778691116029,0.29986302813191446,2846,382,1700549996247259158,639579457161945450,41357831174653572,611083725876286844
n10000-g3-t0.9-r1-h40042,7,9491,28477,3.0004214519018015,8541,0.900010536297545,0.8999051733220946,0.2999262562769955,8541,1156,41357831174653572,611083725876286844,1156714603238940003,980056401587828401
n10000-g2-t0.7-r1-h40042,1,11,23,2.090909090909091,7,0.7272727272727273,0.6363636363636364,0.30434782608695654,7,1,2005437429047220570,296814914551336603,100704515164880804,1346025943104994313
n10000-g2-t0.7-r1-h40042,2,23,47,2.0434782608695654,16,0.7391304347826086,0.6956521739130435,0.3404255319148936,16,4,100704515164880804,1346025943104994313,805500938461591318,1407503198495357282
n10000-g2-t0.7-r1-h40042,3,47,97,2.0638297872340425,32,0.7021276595744681,0.6808510638297872,0.32989690721649484,32,5,805500938461591318,1407503198495357282,2034232938809603479,445182141870633888
n10000-g2-t0.7-r1-h40042,4,97,197,2.0309278350515463,67,0.7010309278350515,0.6907216494845361,0.3401015228426396,67,7,2034232938809603479,445182141870633888,561487699449179063,111705455815632224
n10000-g2-t0.7-r1-h40042,5,197,397,2.015228426395939,137,0.700507614213198,0.6954314720812182,0.345088161209068,137,18,561487699449179063,111705455815632224,1700549996247259158,639579457161945450
n10000-g2-t0.7-r1-h40042,6,397,797,2.0075566750629723,277,0.7002518891687658,0.6977329974811083,0.3475533249686324,277,52,1700549996247259158,639579457161945450,41357831174653572,611083725876286844
n10000-g2-t0.7-r1-h40042,7,797,1597,2.0037641154328734,557,0.7001254705144291,0.698870765370138,0.3487789605510332,557,101,41357831174653572,611083725876286844,1156714603238940003,980056401587828401
n10000-g2-t0.7-r1-h40042,8,1597,3203,2.005635566687539,1117,0.7000626174076393,0.6994364433312461,0.3487355604121136,1117,208,1156714603238940003,980056401587828401,931566657707959755,968148739169161996
n10000-g2-t0.7-r1-h40042,9,3203,6421,2.0046831095847644,2242,0.7002809865750859,0.6999687792694349,0.3491667964491512,2242,386,931566657707959755,968148739169161996,1614008956299043323,329956131856155772
n10000-g2-t0.7-r1-h40042,10,6421,12853,2.001713128796138,4494,0.7000467216944402,0.699890982712973,0.3496459970434918,4494,783,1614008956299043323,329956131856155772,1892975896214795007,618666313452616974
n10000-g2-t0.7-r1-h40042,11,12853,25717,2.0008558313234266,8997,0.7000700225628258,0.6999922197152416,0.3498464051016837,8997,1409,1892975896214795007,618666313452616974,421485944533384389,770239280012066878
n10000-g1.5-t0.5-r1-h40042,1,11,17,1.5454545454545454,5,0.5454545454545454,0.45454545454545453,0.29411764705882354,5,1,2005437429047220570,296814914551336603,100704515164880804,1346025943104994313
n10000-g1.5-t0.5-r1-h40042,2,17,29,1.7058823529411764,8,0.5294117647058824,0.47058823529411764,0.27586206896551724,8,0,100704515164880804,1346025943104994313,805500938461591318,1407503198495357282
n10000-g1.5-t0.5-r1-h40042,3,29,47,1.6206896551724137,14,0.5172413793103449,0.4827586206896552,0.2978723404255319,14,1,805500938461591318,1407503198495357282,2034232938809603479,445182141870633888
n10000-g1.5-t0.5-r1-h40042,4,47,71,1.5106382978723405,23,0.5106382978723404,0.48936170212765956,0.323943661971831,23,2,2034232938809603479,445182141870633888,561487699449179063,111705455815632224
n10000-g1.5-t0.5-r1-h40042,5,71,107,1.5070422535211268,35,0.5070422535211268,0.49295774647887325,0.32710280373831774,35,5,561487699449179063,111705455815632224,1700549996247259158,639579457161945450
n10000-g1.5-t0.5-r1-h40042,6,107,163,1.5233644859813085,53,0.5046728971962616,0.4953271028037383,0.32515337423312884,53,9,1700549996247259158,639579457161945450,41357831174653572,611083725876286844
n10000-g1.5-t0.5-r1-h40042,7,163,251,1.539877300613497,81,0.5030674846625767,0.49693251533742333,0.32270916334661354,81,13,41357831174653572,611083725876286844,1156714603238940003,980056401587828401
n10000-g1.5-t0.5-r1-h40042,8,251,379,1.5099601593625498,125,0.50199203187251,0.49800796812749004,0.32981530343007914,125,18,1156714603238940003,980056401587828401,931566657707959755,968148739169161996
n10000-g1.5-t0.5-r1-h40042,9,379,569,1.5013192612137203,189,0.5013192612137203,0.49868073878627966,0.3321616871704745,189,26,931566657707959755,968148739169161996,1614008956299043323,329956131856155772
n10000-g1.5-t0.5-r1-h40042,10,569,857,1.5061511423550087,284,0.5008787346221442,0.4991212653778559,0.3313885647607935,284,44,1614008956299043323,329956131856155772,1892975896214795007,618666313452616974
n10000-g1.5-t0.5-r1-h40042,11,857,1289,1.5040840140023337,428,0.5005834305717619,0.49941656942823803,0.33204034134988364,428,87,1892975896214795007,618666313452616974,421485944533384389,770239280012066878
n10000-g1.5-t0.5-r1-h40042,12,1289,1949,1.5120248254460822,644,0.5003878975950349,0.49961210240496506,0.3304258594150847,644,105,421485944533384389,770239280012066878,1717397441339246962,437550353440964151
n10000-g1.5-t0.5-r1-h40042,13,1949,2927,1.5017957927142125,974,0.5002565418163161,0.49974345818368393,0.3327639221045439,974,179,1717397441339246962,437550353440964151,18765523801050819,524202119070492483
n10000-g1.5-t0.5-r1-h40042,14,2927,4391,1.5001708233686368,1463,0.5001708233686368,0.49982917663136317,0.33318150762924165,1463,232,18765523801050819,524202119070492483,1776702533574530187,257669030281764139
n10000-g1.5-t0.5-r1-h40042,15,4391,6599,1.5028467319517194,2195,0.5001138692780688,0.4998861307219312,0.33262615547810276,2195,895,1776702533574530187,257669030281764139,2297592868681282138,1339623891795286839
n10000-g1.5-t0.5-r1-h40042,16,6599,9901,1.5003788452795879,3299,0.5000757690559176,0.49992423094408245,0.3331986668013332,3299,532,2297592868681282138,1339623891795286839,548592192118694793,1200249444279502725
n10000-g1.5-t0.5-r1-h40042,17,9901,14867,1.5015654984345015,4950,0.5000504999495,0.49994950005049993,0.3329521759601803,4950,788,548592192118694793,1200249444279502725,558605632167038481,30480210764277290
n10000-g1.5-t0.5-r1-h40042,18,14867,22303,1.5001681576646264,7433,0.5000336315329252,0.4999663684670747,0.3332735506434112,7433,1089,558605632167038481,30480210764277290,633806681871448463,541620220906949150
n10000-g2-t0.5-r1-h40042,1,11,23,2.090909090909091,5,0.5454545454545454,0.45454545454545453,0.21739130434782608,5,1,2005437429047220570,296814914551336603,100704515164880804,1346025943104994313
n10000-g2-t0.5-r1-h40042,2,23,47,2.0434782608695654,11,0.5217391304347826,0.4782608695652174,0.23404255319148937,11,1,100704515164880804,1346025943104994313,805500938461591318,1407503198495357282
n10000-g2-t0.5-r1-h40042,3,47,97,2.0638297872340425,23,0.5106382978723404,0.48936170212765956,0.23711340206185566,23,3,805500938461591318,1407503198495357282,2034232938809603479,445182141870633888
n10000-g2-t0.5-r1-h40042,4,97,197,2.0309278350515463,48,0.5051546391752577,0.4948453608247423,0.2436548223350254,48,2,2034232938809603479,445182141870633888,561487699449179063,111705455815632224
n10000-g2-t0.5-r1-h40042,5,197,397,2.015228426395939,98,0.5025380710659898,0.49746192893401014,0.24685138539042822,98,8,561487699449179063,111705455815632224,1700549996247259158,639579457161945450
n10000-g2-t0.5-r1-h40042,6,397,797,2.0075566750629723,198,0.5012594458438288,0.4987405541561713,0.24843161856963614,198,26,1700549996247259158,639579457161945450,41357831174653572,611083725876286844
n10000-g2-t0.5-r1-h40042,7,797,1597,2.0037641154328734,398,0.5006273525721455,0.4993726474278545,0.24921728240450847,398,53,41357831174653572,611083725876286844,1156714603238940003,980056401587828401
n10000-g2-t0.5-r1-h40042,8,1597,3203,2.005635566687539,798,0.5003130870381967,0.4996869129618034,0.2491414299094599,798,111,1156714603238940003,980056401587828401,931566657707959755,968148739169161996
n10000-g2-t0.5-r1-h40042,9,3203,6421,2.0046831095847644,1601,0.5001561036528255,0.4998438963471745,0.249338109328765,1601,206,931566657707959755,968148739169161996,1614008956299043323,329956131856155772
n10000-g2-t0.5-r1-h40042,10,6421,12853,2.001713128796138,3210,0.5000778694907335,0.4999221305092665,0.2497471407453513,3210,402,1614008956299043323,329956131856155772,1892975896214795007,618666313452616974
n10000-g2-t0.5-r1-h40042,11,12853,25717,2.0008558313234266,6426,0.5000389014237921,0.4999610985762079,0.24987362445075242,6426,716,1892975896214795007,618666313452616974,421485944533384389,770239280012066878
n10000-g3-t0.7-r1-h40042,1,11,37,3.3636363636363638,7,0.7272727272727273,0.6363636363636364,0.1891891891891892,7,3,2005437429047220570,296814914551336603,100704515164880804,1346025943104994313
n10000-g3-t0.7-r1-h40042,2,37,113,3.054054054054054,25,0.7027027027027027,0.6756756756756757,0.22123893805309736,25,1,100704515164880804,1346025943104994313,805500938461591318,1407503198495357282
n10000-g3-t0.7-r1-h40042,3,113,347,3.0707964601769913,79,0.7079646017699115,0.6991150442477876,0.2276657060518732,79,8,805500938461591318,1407503198495357282,2034232938809603479,445182141870633888
n10000-g3-t0.7-r1-h40042,4,347,1049,3.0230547550432276,242,0.7002881844380403,0.6974063400576369,0.23069590085795996,242,25,2034232938809603479,445182141870633888,561487699449179063,111705455815632224
n10000-g3-t0.7-r1-h40042,5,1049,3163,3.015252621544328,734,0.7006673021925643,0.6997140133460439,0.2320581726209295,734,82,561487699449179063,111705455815632224,1700549996247259158,639579457161945450
n10000-g3-t0.7-r1-h40042,6,3163,9491,3.0006323110970596,2214,0.7002845399936769,0.699968384445147,0.23327362764724477,2214,230,1700549996247259158,639579457161945450,41357831174653572,611083725876286844
n10000-g3-t0.7-r1-h40042,7,9491,28477,3.0004214519018015,6643,0.7000316088926352,0.6999262459171847,0.23327597710432982,6643,713,41357831174653572,611083725876286844,1156714603238940003,980056401587828401
n10000-g1.5-t0.8-r1-h40042,1,11,17,1.5454545454545454,8,0.8181818181818182,0.7272727272727273,0.47058823529411764,8,4,2005437429047220570,296814914551336603,100704515164880804,1346025943104994313
n10000-g1.5-t0.8-r1-h40042,2,17,29,1.7058823529411764,13,0.8235294117647058,0.7647058823529411,0.4482758620689655,13,1,100704515164880804,1346025943104994313,805500938461591318,1407503198495357282
n10000-g1.5-t0.8-r1-h40042,3,29,47,1.6206896551724137,23,0.8275862068965517,0.7931034482758621,0.48936170212765956,23,6,805500938461591318,1407503198495357282,2034232938809603479,445182141870633888
n10000-g1.5-t0.8-r1-h40042,4,47,71,1.5106382978723405,37,0.8085106382978723,0.7872340425531915,0.5211267605633803,37,8,2034232938809603479,445182141870633888,561487699449179063,111705455815632224
n10000-g1.5-t0.8-r1-h40042,5,71,107,1.5070422535211268,56,0.8028169014084507,0.7887323943661971,0.5233644859813084,56,13,561487699449179063,111705455815632224,1700549996247259158,639579457161945450
n10000-g1.5-t0.8-r1-h40042,6,107,163,1.5233644859813085,85,0.8037383177570093,0.794392523364486,0.5214723926380368,85,25,1700549996247259158,639579457161945450,41357831174653572,611083725876286844
n10000-g1.5-t0.8-r1-h40042,7,163,251,1.539877300613497,130,0.803680981595092,0.7975460122699386,0.5179282868525896,130,34,41357831174653572,611083725876286844,1156714603238940003,980056401587828401
n10000-g1.5-t0.8-r1-h40042,8,251,379,1.5099601593625498,200,0.8007968127490039,0.796812749003984,0.5277044854881267,200,47,1156714603238940003,980056401587828401,931566657707959755,968148739169161996
n10000-g1.5-t0.8-r1-h40042,9,379,569,1.5013192612137203,303,0.8021108179419525,0.7994722955145118,0.5325131810193322,303,82,931566657707959755,968148739169161996,1614008956299043323,329956131856155772
n10000-g1.5-t0.8-r1-h40042,10,569,857,1.5061511423550087,455,0.8014059753954306,0.7996485061511424,0.5309218203033839,455,115,1614008956299043323,329956131856155772,1892975896214795007,618666313452616974
n10000-g1.5-t0.8-r1-h40042,11,857,1289,1.5040840140023337,685,0.8004667444574096,0.7992998833138857,0.5314197051978278,685,182,1892975896214795007,618666313452616974,421485944533384389,770239280012066878
n10000-g1.5-t0.8-r1-h40042,12,1289,1949,1.5120248254460822,1031,0.8006206361520558,0.799844840961986,0.5289892252437147,1031,269,421485944533384389,770239280012066878,1717397441339246962,437550353440964151
n10000-g1.5-t0.8-r1-h40042,13,1949,2927,1.5017957927142125,1559,0.8004104669061057,0.7998973832734736,0.5326272634096344,1559,445,1717397441339246962,437550353440964151,18765523801050819,524202119070492483
n10000-g1.5-t0.8-r1-h40042,14,2927,4391,1.5001708233686368,2341,0.8001366586949095,0.7997950119576358,0.5331359599180141,2341,599,18765523801050819,524202119070492483,1776702533574530187,257669030281764139
n10000-g1.5-t0.8-r1-h40042,15,4391,6599,1.5028467319517194,3512,0.8000455477112275,0.7998178091550899,0.5322018487649643,3512,2335,1776702533574530187,257669030281764139,2297592868681282138,1339623891795286839
n10000-g1.5-t0.8-r1-h40042,16,6599,9901,1.5003788452795879,5279,0.8001212304894681,0.7999696923776329,0.5331784668215331,5279,1323,2297592868681282138,1339623891795286839,548592192118694793,1200249444279502725
n10000-g1.5-t0.8-r1-h40042,17,9901,14867,1.5015654984345015,7920,0.8000201999798,0.7999192000807999,0.5327234815362885,7920,2124,548592192118694793,1200249444279502725,558605632167038481,30480210764277290
n10000-g2-t0.8-r1-h40042,1,11,23,2.090909090909091,8,0.8181818181818182,0.7272727272727273,0.34782608695652173,8,1,2005437429047220570,296814914551336603,100704515164880804,1346025943104994313
n10000-g2-t0.8-r1-h40042,2,23,47,2.0434782608695654,18,0.8260869565217391,0.782608695652174,0.3829787234042553,18,5,100704515164880804,1346025943104994313,805500938461591318,1407503198495357282
n10000-g2-t0.8-r1-h40042,3,47,97,2.0638297872340425,37,0.8085106382978723,0.7872340425531915,0.38144329896907214,37,6,805500938461591318,1407503198495357282,2034232938809603479,445182141870633888
n10000-g2-t0.8-r1-h40042,4,97,197,2.0309278350515463,77,0.8041237113402062,0.7938144329896907,0.39086294416243655,77,15,2034232938809603479,445182141870633888,561487699449179063,111705455815632224
n10000-g2-t0.8-r1-h40042,5,197,397,2.015228426395939,157,0.8020304568527918,0.7969543147208121,0.3954659949622166,157,26,561487699449179063,111705455815632224,1700549996247259158,639579457161945450
n10000-g2-t0.8-r1-h40042,6,397,797,2.0075566750629723,317,0.801007556675063,0.7984886649874056,0.397741530740276,317,71,1700549996247259158,639579457161945450,41357831174653572,611083725876286844
n10000-g2-t0.8-r1-h40042,7,797,1597,2.0037641154328734,637,0.8005018820577164,0.7992471769134254,0.39887288666249215,637,131,41357831174653572,611083725876286844,1156714603238940003,980056401587828401
n10000-g2-t0.8-r1-h40042,8,1597,3203,2.005635566687539,1277,0.8002504696305573,0.799624295554164,0.398688729316266,1277,269,1156714603238940003,980056401587828401,931566657707959755,968148739169161996
n10000-g2-t0.8-r1-h40042,9,3203,6421,2.0046831095847644,2562,0.8001873243833906,0.7998751170777396,0.3990032705186108,2562,508,931566657707959755,968148739169161996,1614008956299043323,329956131856155772
n10000-g2-t0.8-r1-h40042,10,6421,12853,2.001713128796138,5136,0.8000311477962934,0.7998754088148263,0.399595425192562,5136,1065,1614008956299043323,329956131856155772,1892975896214795007,618666313452616974
n10000-g1.25-t0.8-r1-h40042,1,11,17,1.5454545454545454,8,0.8181818181818182,0.7272727272727273,0.47058823529411764,8,4,2005437429047220570,296814914551336603,100704515164880804,1346025943104994313
n10000-g1.25-t0.8-r1-h40042,2,17,23,1.3529411764705883,13,0.8235294117647058,0.7647058823529411,0.5652173913043478,13,6,100704515164880804,1346025943104994313,805500938461591318,1407503198495357282
n10000-g1.25-t0.8-r1-h40042,3,23,29,1.2608695652173914,18,0.8260869565217391,0.782608695652174,0.6206896551724138,18,4,805500938461591318,1407503198495357282,2034232938809603479,445182141870633888
n10000-g1.25-t0.8-r1-h40042,4,29,37,1.2758620689655173,23,0.8275862068965517,0.7931034482758621,0.6216216216216216,23,9,2034232938809603479,445182141870633888,561487699449179063,111705455815632224
n10000-g1.25-t0.8-r1-h40042,5,37,47,1.2702702702702702,29,0.8108108108108109,0.7837837837837838,0.6170212765957447,29,13,561487699449179063,111705455815632224,1700549996247259158,639579457161945450
n10000-g1.25-t0.8-r1-h40042,6,47,59,1.2553191489361701,37,0.8085106382978723,0.7872340425531915,0.6271186440677966,37,8,1700549996247259158,639579457161945450,41357831174653572,611083725876286844
n10000-g1.25-t0.8-r1-h40042,7,59,79,1.3389830508474576,47,0.8135593220338984,0.7966101694915254,0.5949367088607594,47,8,41357831174653572,611083725876286844,1156714603238940003,980056401587828401
n10000-g1.25-t0.8-r1-h40042,8,79,101,1.2784810126582278,63,0.810126582278481,0.7974683544303798,0.6237623762376238,63,18,1156714603238940003,980056401587828401,931566657707959755,968148739169161996
n10000-g1.25-t0.8-r1-h40042,9,101,127,1.2574257425742574,80,0.801980198019802,0.7920792079207921,0.6299212598425197,80,22,931566657707959755,968148739169161996,1614008956299043323,329956131856155772
n10000-g1.25-t0.8-r1-h40042,10,127,163,1.2834645669291338,101,0.8031496062992126,0.7952755905511811,0.6196319018404908,101,34,1614008956299043323,329956131856155772,1892975896214795007,618666313452616974
n10000-g1.25-t0.8-r1-h40042,11,163,211,1.294478527607362,130,0.803680981595092,0.7975460122699386,0.6161137440758294,130,43,1892975896214795007,618666313452616974,421485944533384389,770239280012066878
n10000-g1.25-t0.8-r1-h40042,12,211,269,1.2748815165876777,168,0.8009478672985783,0.7962085308056872,0.6245353159851301,168,46,421485944533384389,770239280012066878,1717397441339246962,437550353440964151
n10000-g1.25-t0.8-r1-h40042,13,269,337,1.2527881040892193,215,0.8029739776951673,0.7992565055762082,0.6379821958456974,215,57,1717397441339246962,437550353440964151,18765523801050819,524202119070492483
n10000-g1.25-t0.8-r1-h40042,14,337,431,1.2789317507418398,269,0.8011869436201781,0.798219584569733,0.6241299303944315,269,97,18765523801050819,524202119070492483,1776702533574530187,257669030281764139
n10000-g1.25-t0.8-r1-h40042,15,431,541,1.2552204176334107,344,0.8004640371229699,0.7981438515081206,0.6358595194085028,344,110,1776702533574530187,257669030281764139,2297592868681282138,1339623891795286839
n10000-g1.25-t0.8-r1-h40042,16,541,677,1.2513863216266174,432,0.800369685767098,0.7985212569316081,0.638109305760709,432,130,2297592868681282138,1339623891795286839,548592192118694793,1200249444279502725
n10000-g1.25-t0.8-r1-h40042,17,677,853,1.259970457902511,541,0.8005908419497785,0.7991137370753324,0.634232121922626,541,164,548592192118694793,1200249444279502725,558605632167038481,30480210764277290
n10000-g1.25-t0.8-r1-h40042,18,853,1069,1.2532239155920282,682,0.8007033997655334,0.7995310668229777,0.6379794200187091,682,206,558605632167038481,30480210764277290,633806681871448463,541620220906949150
n10000-g1.25-t0.8-r1-h40042,19,1069,1361,1.2731524789522919,855,0.8007483629560337,0.7998129092609916,0.6282145481263777,855,274,633806681871448463,541620220906949150,1925486992830712143,1795934477687381843
n10000-g1.25-t0.8-r1-h40042,20,1361,1709,1.2556943423952975,1088,0.8001469507714916,0.7994121969140338,0.63662960795787,1088,348,1925486992830712143,1795934477687381843,634173977467409894,922895065414356550
n10000-g1.25-t0.8-r1-h40042,21,1709,2137,1.2504388531304858,1367,0.8004681100058514,0.7998829724985371,0.6396817969115582,1367,414,634173977467409894,922895065414356550,1242511686549544859,1260445316358030288
n10000-g1.25-t0.8-r1-h40042,22,2137,2677,1.252690687880206,1709,0.8001871782873187,0.799719232569022,0.6384011953679491,1709,538,1242511686549544859,1260445316358030288,214691606429491758,1315157955297384808
n10000-g1.25-t0.8-r1-h40042,23,2677,3347,1.250280164363093,2141,0.8001494209936496,0.7997758685095255,0.6396773229757993,2141,675,214691606429491758,1315157955297384808,67326733075362602,1640674541510640820
n10000-g1.25-t0.8-r1-h40042,24,3347,4201,1.2551538691365403,2677,0.8001195100089632,0.7998207349865551,0.6372292311354439,2677,823,67326733075362602,1640674541510640820,1253751064683725372,1678049931250552599
n10000-g1.25-t0.8-r1-h40042,25,4201,5261,1.252320875981909,3360,0.8000476077124494,0.7998095691502023,0.6386618513590572,3360,1028,1253751064683725372,1678049931250552599,1558705962685783479,1468888558892208346
n10000-g1.25-t0.8-r1-h40042,26,5261,6577,1.250142558448964,4208,0.8000380155863904,0.7998479376544383,0.6398053823931884,4208,1314,1558705962685783479,1468888558892208346,1401910206717970103,1792680205478352425
n10000-g1.25-t0.8-r1-h40042,27,6577,8231,1.2514824388018853,5261,0.8000608180021286,0.7999087729968071,0.6391689952618151,5261,1639,1401910206717970103,1792680205478352425,329275297171235534,783289064387602806
n10000-g1.25-t0.8-r1-h40042,28,8231,10289,1.250030372980197,6584,0.8000242983841575,0.7999028064633702,0.6399066964719603,6584,2016,329275297171235534,783289064387602806,961667632754231552,1079992795355580199
n10000-g1.25-t0.8-r1-h40042,29,10289,12889,1.2526970551073962,8231,0.800077752940033,0.7999805617649918,0.6386065637365195,8231,2488,961667632754231552,1079992795355580199,2235106282651899697,1999362790972784239
n10000-g1.25-t0.8-r2-h70042,1,11,17,1.5454545454545454,8,0.8181818181818182,0.7272727272727273,0.47058823529411764,8,1,810705662364074005,2151547540061836289,1984082611407068869,1392011469734636252
n10000-g1.25-t0.8-r2-h70042,2,17,23,1.3529411764705883,13,0.8235294117647058,0.7647058823529411,0.5652173913043478,13,4,1984082611407068869,1392011469734636252,1307023228151470769,361150602059509686
n10000-g1.25-t0.8-r2-h70042,3,23,29,1.2608695652173914,18,0.8260869565217391,0.782608695652174,0.6206896551724138,18,8,1307023228151470769,361150602059509686,776616814984992863,120078728263357358
n10000-g1.25-t0.8-r2-h70042,4,29,37,1.2758620689655173,23,0.8275862068965517,0.7931034482758621,0.6216216216216216,23,10,776616814984992863,120078728263357358,2184095888921724406,1617952480205262842
n10000-g1.25-t0.8-r2-h70042,5,37,47,1.2702702702702702,29,0.8108108108108109,0.7837837837837838,0.6170212765957447,29,9,2184095888921724406,1617952480205262842,327243863416983720,1978440742230471949
n10000-g1.25-t0.8-r2-h70042,6,47,59,1.2553191489361701,37,0.8085106382978723,0.7872340425531915,0.6271186440677966,37,9,327243863416983720,1978440742230471949,1861826843054724044,1907202849567938830
n10000-g1.25-t0.8-r2-h70042,7,59,79,1.3389830508474576,47,0.8135593220338984,0.7966101694915254,0.5949367088607594,47,7,1861826843054724044,1907202849567938830,1401967394619155818,2215063800188871697
n10000-g1.25-t0.8-r2-h70042,8,79,101,1.2784810126582278,63,0.810126582278481,0.7974683544303798,0.6237623762376238,63,18,1401967394619155818,2215063800188871697,500816042240208022,1477797840443791121
n10000-g1.25-t0.8-r2-h70042,9,101,127,1.2574257425742574,80,0.801980198019802,0.7920792079207921,0.6299212598425197,80,41,500816042240208022,1477797840443791121,1036927926379946129,2080411690312300732
n10000-g1.25-t0.8-r2-h70042,10,127,163,1.2834645669291338,101,0.8031496062992126,0.7952755905511811,0.6196319018404908,101,32,1036927926379946129,2080411690312300732,2140532451734192922,52317000941763767
n10000-g1.25-t0.8-r2-h70042,11,163,211,1.294478527607362,130,0.803680981595092,0.7975460122699386,0.6161137440758294,130,39,2140532451734192922,52317000941763767,2091820678927994299,1321807050030662402
n10000-g1.25-t0.8-r2-h70042,12,211,269,1.2748815165876777,168,0.8009478672985783,0.7962085308056872,0.6245353159851301,168,51,2091820678927994299,1321807050030662402,21000241270461093,918644810322280861
n10000-g1.25-t0.8-r2-h70042,13,269,337,1.2527881040892193,215,0.8029739776951673,0.7992565055762082,0.6379821958456974,215,63,21000241270461093,918644810322280861,1829578799087867178,278747890977412703
n10000-g1.25-t0.8-r2-h70042,14,337,431,1.2789317507418398,269,0.8011869436201781,0.798219584569733,0.6241299303944315,269,79,1829578799087867178,278747890977412703,714699847608306027,462243554307490661
n10000-g1.25-t0.8-r2-h70042,15,431,541,1.2552204176334107,344,0.8004640371229699,0.7981438515081206,0.6358595194085028,344,108,714699847608306027,462243554307490661,814044350749227781,913607872716616361
n10000-g1.25-t0.8-r2-h70042,16,541,677,1.2513863216266174,432,0.800369685767098,0.7985212569316081,0.638109305760709,432,137,814044350749227781,913607872716616361,311379523729114294,1171881496075838997
n10000-g1.25-t0.8-r2-h70042,17,677,853,1.259970457902511,541,0.8005908419497785,0.7991137370753324,0.634232121922626,541,168,311379523729114294,1171881496075838997,616501671019868767,1121510920319737401
n10000-g1.25-t0.8-r2-h70042,18,853,1069,1.2532239155920282,682,0.8007033997655334,0.7995310668229777,0.6379794200187091,682,235,616501671019868767,1121510920319737401,1403193052504627048,1174389762034136819
n10000-g1.25-t0.8-r2-h70042,19,1069,1361,1.2731524789522919,855,0.8007483629560337,0.7998129092609916,0.6282145481263777,855,259,1403193052504627048,1174389762034136819,844834781155127040,2155837432084341808
n10000-g1.25-t0.8-r2-h70042,20,1361,1709,1.2556943423952975,1088,0.8001469507714916,0.7994121969140338,0.63662960795787,1088,353,844834781155127040,2155837432084341808,727934667089726876,805490184200024486
n10000-g1.25-t0.8-r2-h70042,21,1709,2137,1.2504388531304858,1367,0.8004681100058514,0.7998829724985371,0.6396817969115582,1367,418,727934667089726876,805490184200024486,2052107904677491579,1811358854604454653
n10000-g1.25-t0.8-r2-h70042,22,2137,2677,1.252690687880206,1709,0.8001871782873187,0.799719232569022,0.6384011953679491,1709,573,2052107904677491579,1811358854604454653,178802030981094641,1697660721334661954
n10000-g1.25-t0.8-r2-h70042,23,2677,3347,1.250280164363093,2141,0.8001494209936496,0.7997758685095255,0.6396773229757993,2141,682,178802030981094641,1697660721334661954,1313301336743916348,2176975662484872130
n10000-g1.25-t0.8-r2-h70042,24,3347,4201,1.2551538691365403,2677,0.8001195100089632,0.7998207349865551,0.6372292311354439,2677,818,1313301336743916348,2176975662484872130,1438075507244320405,2096452046473817545
n10000-g1.25-t0.8-r2-h70042,25,4201,5261,1.252320875981909,3360,0.8000476077124494,0.7998095691502023,0.6386618513590572,3360,1039,1438075507244320405,2096452046473817545,1416777709347893610,89891899934828341
n10000-g1.25-t0.8-r2-h70042,26,5261,6577,1.250142558448964,4208,0.8000380155863904,0.7998479376544383,0.6398053823931884,4208,7175,1416777709347893610,89891899934828341,2767096809236879,948271339321730567
n10000-g1.25-t0.8-r2-h70042,27,6577,8231,1.2514824388018853,5261,0.8000608180021286,0.7999087729968071,0.6391689952618151,5261,1607,2767096809236879,948271339321730567,2287417714728363976,1966486311157828967
n10000-g1.25-t0.8-r2-h70042,28,8231,10289,1.250030372980197,6584,0.8000242983841575,0.7999028064633702,0.6399066964719603,6584,1999,2287417714728363976,1966486311157828967,2193250871573113587,1111294394862077501
n10000-g1.25-t0.8-r2-h70042,29,10289,12889,1.2526970551073962,8231,0.800077752940033,0.7999805617649918,0.6386065637365195,8231,2505,2193250871573113587,1111294394862077501,481268205608716773,1505421764166638807
n10000-g4-t0.8-r2-h70042,1,11,47,4.2727272727272725,8,0.8181818181818182,0.7272727272727273,0.1702127659574468,8,1,810705662364074005,2151547540061836289,1984082611407068869,1392011469734636252
n10000-g4-t0.8-r2-h70042,2,47,191,4.0638297872340425,37,0.8085106382978723,0.7872340425531915,0.193717277486911,37,5,1984082611407068869,1392011469734636252,1307023228151470769,361150602059509686
n10000-g4-t0.8-r2-h70042,3,191,769,4.026178010471204,152,0.8010471204188482,0.7958115183246073,0.1976592977893368,152,12,1307023228151470769,361150602059509686,776616814984992863,120078728263357358
n10000-g4-t0.8-r2-h70042,4,769,3079,4.003901170351106,615,0.8010403120936281,0.7997399219765929,0.1997401753816174,615,67,776616814984992863,120078728263357358,2184095888921724406,1617952480205262842
n10000-g4-t0.8-r2-h70042,5,3079,12323,4.002273465410847,2463,0.8002598246183826,0.7999350438454044,0.199870161486651,2463,265,2184095888921724406,1617952480205262842,327243863416983720,1978440742230471949
n10000-g4-t0.8-r2-h70042,6,12323,49297,4.0004057453542154,9858,0.8000486894425058,0.7999675403716627,0.19997160070592532,9858,726,327243863416983720,1978440742230471949,1861826843054724044,1907202849567938830
n10000-g1.5-t0.5-r2-h70042,1,11,17,1.5454545454545454,5,0.5454545454545454,0.45454545454545453,0.29411764705882354,5,0,810705662364074005,2151547540061836289,1984082611407068869,1392011469734636252
n10000-g1.5-t0.5-r2-h70042,2,17,29,1.7058823529411764,8,0.5294117647058824,0.47058823529411764,0.27586206896551724,8,2,1984082611407068869,1392011469734636252,1307023228151470769,361150602059509686
n10000-g1.5-t0.5-r2-h70042,3,29,47,1.6206896551724137,14,0.5172413793103449,0.4827586206896552,0.2978723404255319,14,1,1307023228151470769,361150602059509686,776616814984992863,120078728263357358
n10000-g1.5-t0.5-r2-h70042,4,47,71,1.5106382978723405,23,0.5106382978723404,0.48936170212765956,0.323943661971831,23,2,776616814984992863,120078728263357358,2184095888921724406,1617952480205262842
n10000-g1.5-t0.5-r2-h70042,5,71,107,1.5070422535211268,35,0.5070422535211268,0.49295774647887325,0.32710280373831774,35,6,2184095888921724406,1617952480205262842,327243863416983720,1978440742230471949
n10000-g1.5-t0.5-r2-h70042,6,107,163,1.5233644859813085,53,0.5046728971962616,0.4953271028037383,0.32515337423312884,53,15,327243863416983720,1978440742230471949,1861826843054724044,1907202849567938830
n10000-g1.5-t0.5-r2-h70042,7,163,251,1.539877300613497,81,0.5030674846625767,0.49693251533742333,0.32270916334661354,81,13,1861826843054724044,1907202849567938830,1401967394619155818,2215063800188871697
n10000-g1.5-t0.5-r2-h70042,8,251,379,1.5099601593625498,125,0.50199203187251,0.49800796812749004,0.32981530343007914,125,22,1401967394619155818,2215063800188871697,500816042240208022,1477797840443791121
n10000-g1.5-t0.5-r2-h70042,9,379,569,1.5013192612137203,189,0.5013192612137203,0.49868073878627966,0.3321616871704745,189,41,500816042240208022,1477797840443791121,1036927926379946129,2080411690312300732
n10000-g1.5-t0.5-r2-h70042,10,569,857,1.5061511423550087,284,0.5008787346221442,0.4991212653778559,0.3313885647607935,284,47,1036927926379946129,2080411690312300732,2140532451734192922,52317000941763767
n10000-g1.5-t0.5-r2-h70042,11,857,1289,1.5040840140023337,428,0.5005834305717619,0.49941656942823803,0.33204034134988364,428,70,2140532451734192922,52317000941763767,2091820678927994299,1321807050030662402
n10000-g1.5-t0.5-r2-h70042,12,1289,1949,1.5120248254460822,644,0.5003878975950349,0.49961210240496506,0.3304258594150847,644,103,2091820678927994299,1321807050030662402,21000241270461093,918644810322280861
n10000-g1.5-t0.5-r2-h70042,13,1949,2927,1.5017957927142125,974,0.5002565418163161,0.49974345818368393,0.3327639221045439,974,146,21000241270461093,918644810322280861,1829578799087867178,278747890977412703
n10000-g1.5-t0.5-r2-h70042,14,2927,4391,1.5001708233686368,1463,0.5001708233686368,0.49982917663136317,0.33318150762924165,1463,244,1829578799087867178,278747890977412703,714699847608306027,462243554307490661
n10000-g1.5-t0.5-r2-h70042,15,4391,6599,1.5028467319517194,2195,0.5001138692780688,0.4998861307219312,0.33262615547810276,2195,388,714699847608306027,462243554307490661,814044350749227781,913607872716616361
n10000-g1.5-t0.5-r2-h70042,16,6599,9901,1.5003788452795879,3299,0.5000757690559176,0.49992423094408245,0.3331986668013332,3299,500,814044350749227781,913607872716616361,311379523729114294,1171881496075838997
n10000-g1.5-t0.5-r2-h70042,17,9901,14867,1.5015654984345015,4950,0.5000504999495,0.49994950005049993,0.3329521759601803,4950,762,311379523729114294,1171881496075838997,616501671019868767,1121510920319737401
n10000-g1.5-t0.5-r2-h70042,18,14867,22303,1.5001681576646264,7433,0.5000336315329252,0.4999663684670747,0.3332735506434112,7433,1092,616501671019868767,1121510920319737401,1403193052504627048,1174389762034136819
n10000-g1.5-t0.9-r2-h70042,1,11,17,1.5454545454545454,9,0.9090909090909091,0.8181818181818182,0.5294117647058824,9,2,810705662364074005,2151547540061836289,1984082611407068869,1392011469734636252
n10000-g1.5-t0.9-r2-h70042,2,17,29,1.7058823529411764,15,0.9411764705882353,0.8823529411764706,0.5172413793103449,15,3,1984082611407068869,1392011469734636252,1307023228151470769,361150602059509686
n10000-g1.5-t0.9-r2-h70042,3,29,47,1.6206896551724137,26,0.9310344827586207,0.896551724137931,0.5531914893617021,26,7,1307023228151470769,361150602059509686,776616814984992863,120078728263357358
n10000-g1.5-t0.9-r2-h70042,4,47,71,1.5106382978723405,42,0.9148936170212766,0.8936170212765957,0.5915492957746479,42,14,776616814984992863,120078728263357358,2184095888921724406,1617952480205262842
n10000-g1.5-t0.9-r2-h70042,5,71,107,1.5070422535211268,63,0.9014084507042254,0.8873239436619719,0.5887850467289719,63,20,2184095888921724406,1617952480205262842,327243863416983720,1978440742230471949
n10000-g1.5-t0.9-r2-h70042,6,107,163,1.5233644859813085,96,0.9065420560747663,0.897196261682243,0.588957055214724,96,36,327243863416983720,1978440742230471949,1861826843054724044,1907202849567938830
n10000-g1.5-t0.9-r2-h70042,7,163,251,1.539877300613497,146,0.901840490797546,0.8957055214723927,0.5816733067729084,146,39,1861826843054724044,1907202849567938830,1401967394619155818,2215063800188871697
n10000-g1.5-t0.9-r2-h70042,8,251,379,1.5099601593625498,225,0.900398406374502,0.896414342629482,0.5936675461741425,225,64,1401967394619155818,2215063800188871697,500816042240208022,1477797840443791121
n10000-g1.5-t0.9-r2-h70042,9,379,569,1.5013192612137203,341,0.9023746701846965,0.899736147757256,0.5992970123022847,341,112,500816042240208022,1477797840443791121,1036927926379946129,2080411690312300732
n10000-g1.5-t0.9-r2-h70042,10,569,857,1.5061511423550087,512,0.9015817223198594,0.8998242530755711,0.5974329054842473,512,160,1036927926379946129,2080411690312300732,2140532451734192922,52317000941763767
n10000-g1.5-t0.9-r2-h70042,11,857,1289,1.5040840140023337,771,0.9008168028004667,0.8996499416569428,0.5981380915438325,771,209,2140532451734192922,52317000941763767,2091820678927994299,1321807050030662402
n10000-g1.5-t0.9-r2-h70042,12,1289,1949,1.5120248254460822,1160,0.9006982156710628,0.899922420480993,0.595177013853258,1160,347,2091820678927994299,1321807050030662402,21000241270461093,918644810322280861
n10000-g1.5-t0.9-r2-h70042,13,1949,2927,1.5017957927142125,1754,0.9004617752693689,0.8999486916367367,0.599248377177998,1754,495,21000241270461093,918644810322280861,1829578799087867178,278747890977412703
n10000-g1.5-t0.9-r2-h70042,14,2927,4391,1.5001708233686368,2634,0.9002391527160916,0.8998975059788179,0.5998633568663174,2634,766,1829578799087867178,278747890977412703,714699847608306027,462243554307490661
n10000-g1.5-t0.9-r2-h70042,15,4391,6599,1.5028467319517194,3951,0.9000227738556138,0.8997950352994762,0.5987270798605849,3951,1155,714699847608306027,462243554307490661,814044350749227781,913607872716616361
n10000-g1.5-t0.9-r2-h70042,16,6599,9901,1.5003788452795879,5939,0.9001363843006516,0.8999848461888165,0.5998384001615998,5939,1684,814044350749227781,913607872716616361,311379523729114294,1171881496075838997
n10000-g1.5-t0.9-r2-h70042,17,9901,14867,1.5015654984345015,8910,0.9000100999899,0.8999091000908999,0.5993139167283245,8910,2522,311379523729114294,1171881496075838997,616501671019868767,1121510920319737401
n10000-g3-t0.5-r2-h70042,1,11,37,3.3636363636363638,5,0.5454545454545454,0.45454545454545453,0.13513513513513514,5,0,810705662364074005,2151547540061836289,1984082611407068869,1392011469734636252
n10000-g3-t0.5-r2-h70042,2,37,113,3.054054054054054,18,0.5135135135135135,0.4864864864864865,0.1592920353982301,18,2,1984082611407068869,1392011469734636252,1307023228151470769,361150602059509686
n10000-g3-t0.5-r2-h70042,3,113,347,3.0707964601769913,56,0.504424778761062,0.49557522123893805,0.16138328530259366,56,4,1307023228151470769,361150602059509686,776616814984992863,120078728263357358
n10000-g3-t0.5-r2-h70042,4,347,1049,3.0230547550432276,173,0.5014409221902018,0.49855907780979825,0.16491897044804577,173,6,776616814984992863,120078728263357358,2184095888921724406,1617952480205262842
n10000-g3-t0.5-r2-h70042,5,1049,3163,3.015252621544328,524,0.5004766444232602,0.49952335557673977,0.16566550742965538,524,34,2184095888921724406,1617952480205262842,327243863416983720,1978440742230471949
n10000-g3-t0.5-r2-h70042,6,3163,9491,3.0006323110970596,1581,0.5001580777742649,0.49984192222573504,0.16657886418712464,1581,146,327243863416983720,1978440742230471949,1861826843054724044,1907202849567938830
n10000-g3-t0.5-r2-h70042,7,9491,28477,3.0004214519018015,4745,0.5000526814877252,0.4999473185122748,0.16662569793166415,4745,334,1861826843054724044,1907202849567938830,1401967394619155818,2215063800188871697
n10000-g4-t0.9-r2-h70042,1,11,47,4.2727272727272725,9,0.9090909090909091,0.8181818181818182,0.19148936170212766,9,1,810705662364074005,2151547540061836289,1984082611407068869,1392011469734636252
n10000-g4-t0.9-r2-h70042,2,47,191,4.0638297872340425,42,0.9148936170212766,0.8936170212765957,0.2198952879581152,42,6,1984082611407068869,1392011469734636252,1307023228151470769,361150602059509686
n10000-g4-t0.9-r2-h70042,3,191,769,4.026178010471204,171,0.900523560209424,0.8952879581151832,0.2223667100130039,171,15,1307023228151470769,361150602059509686,776616814984992863,120078728263357358
n10000-g4-t0.9-r2-h70042,4,769,3079,4.003901170351106,692,0.9011703511053316,0.8998699609882965,0.22474829490094186,692,80,776616814984992863,120078728263357358,2184095888921724406,1617952480205262842
n10000-g4-t0.9-r2-h70042,5,3079,12323,4.002273465410847,2771,0.9002923026956804,0.8999675219227021,0.22486407530633773,2771,313,2184095888921724406,1617952480205262842,327243863416983720,1978440742230471949
n10000-g1.25-t0.9-r2-h70042,1,11,17,1.5454545454545454,9,0.9090909090909091,0.8181818181818182,0.5294117647058824,9,2,810705662364074005,2151547540061836289,1984082611407068869,1392011469734636252
n10000-g1.25-t0.9-r2-h70042,2,17,23,1.3529411764705883,15,0.9411764705882353,0.8823529411764706,0.6521739130434783,15,4,1984082611407068869,1392011469734636252,1307023228151470769,361150602059509686
n10000-g1.25-t0.9-r2-h70042,3,23,29,1.2608695652173914,20,0.9130434782608695,0.8695652173913043,0.6896551724137931,20,9,1307023228151470769,361150602059509686,776616814984992863,120078728263357358
n10000-g1.25-t0.9-r2-h70042,4,29,37,1.2758620689655173,26,0.9310344827586207,0.896551724137931,0.7027027027027027,26,14,776616814984992863,120078728263357358,2184095888921724406,1617952480205262842
n10000-g1.25-t0.9-r2-h70042,5,37,47,1.2702702702702702,33,0.918918918918919,0.8918918918918919,0.7021276595744681,33,11,2184095888921724406,1617952480205262842,327243863416983720,1978440742230471949
n10000-g1.25-t0.9-r2-h70042,6,47,59,1.2553191489361701,42,0.9148936170212766,0.8936170212765957,0.711864406779661,42,12,327243863416983720,1978440742230471949,1861826843054724044,1907202849567938830
n10000-g1.25-t0.9-r2-h70042,7,59,79,1.3389830508474576,53,0.9152542372881356,0.8983050847457628,0.6708860759493671,53,10,1861826843054724044,1907202849567938830,1401967394619155818,2215063800188871697
n10000-g1.25-t0.9-r2-h70042,8,79,101,1.2784810126582278,71,0.9113924050632911,0.8987341772151899,0.7029702970297029,71,21,1401967394619155818,2215063800188871697,500816042240208022,1477797840443791121
n10000-g1.25-t0.9-r2-h70042,9,101,127,1.2574257425742574,90,0.900990099009901,0.8910891089108911,0.7086614173228346,90,46,500816042240208022,1477797840443791121,1036927926379946129,2080411690312300732
n10000-g1.25-t0.9-r2-h70042,10,127,163,1.2834645669291338,114,0.905511811023622,0.8976377952755905,0.6993865030674846,114,38,1036927926379946129,2080411690312300732,2140532451734192922,52317000941763767
n10000-g1.25-t0.9-r2-h70042,11,163,211,1.294478527607362,146,0.901840490797546,0.8957055214723927,0.6919431279620853,146,51,2140532451734192922,52317000941763767,2091820678927994299,1321807050030662402
n10000-g1.25-t0.9-r2-h70042,12,211,269,1.2748815165876777,189,0.9004739336492891,0.8957345971563981,0.7026022304832714,189,70,2091820678927994299,1321807050030662402,21000241270461093,918644810322280861
n10000-g1.25-t0.9-r2-h70042,13,269,337,1.2527881040892193,242,0.9033457249070632,0.8996282527881041,0.7181008902077152,242,78,21000241270461093,918644810322280861,1829578799087867178,278747890977412703
n10000-g1.25-t0.9-r2-h70042,14,337,431,1.2789317507418398,303,0.9020771513353115,0.8991097922848664,0.703016241299304,303,111,1829578799087867178,278747890977412703,714699847608306027,462243554307490661
n10000-g1.25-t0.9-r2-h70042,15,431,541,1.2552204176334107,387,0.9002320185614849,0.8979118329466357,0.7153419593345656,387,141,714699847608306027,462243554307490661,814044350749227781,913607872716616361
n10000-g1.25-t0.9-r2-h70042,16,541,677,1.2513863216266174,486,0.9001848428835489,0.8983364140480592,0.7178729689807977,486,177,814044350749227781,913607872716616361,311379523729114294,1171881496075838997
n10000-g1.25-t0.9-r2-h70042,17,677,853,1.259970457902511,609,0.9010339734121122,0.8995568685376661,0.7139507620164126,609,214,311379523729114294,1171881496075838997,616501671019868767,1121510920319737401
n10000-g1.25-t0.9-r2-h70042,18,853,1069,1.2532239155920282,767,0.9003516998827668,0.8991793669402111,0.7174929840972872,767,303,616501671019868767,1121510920319737401,1403193052504627048,1174389762034136819
n10000-g1.25-t0.9-r2-h70042,19,1069,1361,1.2731524789522919,962,0.9008419083255379,0.8999064546304958,0.7068332108743571,962,325,1403193052504627048,1174389762034136819,844834781155127040,2155837432084341808
n10000-g1.25-t0.9-r2-h70042,20,1361,1709,1.2556943423952975,1224,0.9000734753857458,0.899338721528288,0.7162083089526039,1224,442,844834781155127040,2155837432084341808,727934667089726876,805490184200024486
n10000-g1.25-t0.9-r2-h70042,21,1709,2137,1.2504388531304858,1538,0.9005266237565828,0.8999414862492686,0.7197005147402902,1538,543,727934667089726876,805490184200024486,2052107904677491579,1811358854604454653
n10000-g1.25-t0.9-r2-h70042,22,2137,2677,1.252690687880206,1923,0.9003275620028077,0.8998596162845109,0.7183414269704893,1923,706,2052107904677491579,1811358854604454653,178802030981094641,1697660721334661954
n10000-g1.25-t0.9-r2-h70042,23,2677,3347,1.250280164363093,2409,0.9002614867388868,0.8998879342547628,0.7197490289811772,2409,879,178802030981094641,1697660721334661954,1313301336743916348,2176975662484872130
n10000-g1.25-t0.9-r2-h70042,24,3347,4201,1.2551538691365403,3012,0.9002091425156857,0.8999103674932776,0.7169721494882171,3012,1022,1313301336743916348,2176975662484872130,1438075507244320405,2096452046473817545
n10000-g1.25-t0.9-r2-h70042,25,4201,5261,1.252320875981909,3780,0.9000238038562247,0.8997857652939776,0.7184945827789394,3780,1324,1438075507244320405,2096452046473817545,1416777709347893610,89891899934828341
n10000-g1.25-t0.9-r2-h70042,26,5261,6577,1.250142558448964,4734,0.9000190077931952,0.8998289298612431,0.7197810551923369,4734,9179,1416777709347893610,89891899934828341,2767096809236879,948271339321730567
n10000-g1.25-t0.9-r2-h70042,27,6577,8231,1.2514824388018853,5919,0.9001064315037252,0.8999543864984035,0.7191106791398372,5919,2071,2767096809236879,948271339321730567,2287417714728363976,1966486311157828967
n10000-g1.25-t0.9-r2-h70042,28,8231,10289,1.250030372980197,7407,0.9000121491920787,0.8998906572712915,0.7198950335309554,7407,2514,2287417714728363976,1966486311157828967,2193250871573113587,1111294394862077501
n10000-g1.25-t0.9-r2-h70042,29,10289,12889,1.2526970551073962,9260,0.9000874720575371,0.8999902808824959,0.7184420823958414,9260,3155,2193250871573113587,1111294394862077501,481268205608716773,1505421764166638807
n10000-g4-t0.5-r2-h70042,1,11,47,4.2727272727272725,5,0.5454545454545454,0.45454545454545453,0.10638297872340426,5,0,810705662364074005,2151547540061836289,1984082611407068869,1392011469734636252
n10000-g4-t0.5-r2-h70042,2,47,191,4.0638297872340425,23,0.5106382978723404,0.48936170212765956,0.12041884816753927,23,1,1984082611407068869,1392011469734636252,1307023228151470769,361150602059509686
n10000-g4-t0.5-r2-h70042,3,191,769,4.026178010471204,95,0.5026178010471204,0.4973821989528796,0.1235370611183355,95,4,1307023228151470769,361150602059509686,776616814984992863,120078728263357358
n10000-g4-t0.5-r2-h70042,4,769,3079,4.003901170351106,384,0.5006501950585176,0.49934980494148246,0.12471581682364404,384,26,776616814984992863,120078728263357358,2184095888921724406,1617952480205262842
n10000-g4-t0.5-r2-h70042,5,3079,12323,4.002273465410847,1539,0.5001623903864891,0.49983760961351087,0.12488842002759068,1539,108,2184095888921724406,1617952480205262842,327243863416983720,1978440742230471949
n10000-g4-t0.5-r2-h70042,6,12323,49297,4.0004057453542154,6161,0.5000405745354216,0.49995942546457844,0.12497717913868998,6161,295,327243863416983720,1978440742230471949,1861826843054724044,1907202849567938830
n10000-g4-t0.7-r2-h70042,1,11,47,4.2727272727272725,7,0.7272727272727273,0.6363636363636364,0.14893617021276595,7,0,810705662364074005,2151547540061836289,1984082611407068869,1392011469734636252
n10000-g4-t0.7-r2-h70042,2,47,191,4.0638297872340425,32,0.7021276595744681,0.6808510638297872,0.16753926701570682,32,2,1984082611407068869,1392011469734636252,1307023228151470769,361150602059509686
n10000-g4-t0.7-r2-h70042,3,191,769,4.026178010471204,133,0.7015706806282722,0.6963350785340314,0.1729518855656697,133,10,1307023228151470769,361150602059509686,776616814984992863,120078728263357358
n10000-g4-t0.7-r2-h70042,4,769,3079,4.003901170351106,538,0.7009102730819246,0.6996098829648895,0.17473205586229296,538,51,776616814984992863,120078728263357358,2184095888921724406,1617952480205262842
n10000-g4-t0.7-r2-h70042,5,3079,12323,4.002273465410847,2155,0.7002273465410848,0.6999025657681065,0.17487624766696422,2155,206,2184095888921724406,1617952480205262842,327243863416983720,1978440742230471949
n10000-g4-t0.7-r2-h70042,6,12323,49297,4.0004057453542154,8626,0.7000730341637589,0.6999918850929157,0.174980221920198,8626,571,327243863416983720,1978440742230471949,1861826843054724044,1907202849567938830
n10000-g2-t0.5-r2-h70042,1,11,23,2.090909090909091,5,0.5454545454545454,0.45454545454545453,0.21739130434782608,5,0,810705662364074005,2151547540061836289,1984082611407068869,1392011469734636252
n10000-g2-t0.5-r2-h70042,2,23,47,2.0434782608695654,11,0.5217391304347826,0.4782608695652174,0.23404255319148937,11,0,1984082611407068869,1392011469734636252,1307023228151470769,361150602059509686
n10000-g2-t0.5-r2-h70042,3,47,97,2.0638297872340425,23,0.5106382978723404,0.48936170212765956,0.23711340206185566,23,4,1307023228151470769,361150602059509686,776616814984992863,120078728263357358
n10000-g2-t0.5-r2-h70042,4,97,197,2.0309278350515463,48,0.5051546391752577,0.4948453608247423,0.2436548223350254,48,6,776616814984992863,120078728263357358,2184095888921724406,1617952480205262842
n10000-g2-t0.5-r2-h70042,5,197,397,2.015228426395939,98,0.5025380710659898,0.49746192893401014,0.24685138539042822,98,7,2184095888921724406,1617952480205262842,327243863416983720,1978440742230471949
n10000-g2-t0.5-r2-h70042,6,397,797,2.0075566750629723,198,0.5012594458438288,0.4987405541561713,0.24843161856963614,198,23,327243863416983720,1978440742230471949,1861826843054724044,1907202849567938830
n10000-g2-t0.5-r2-h70042,7,797,1597,2.0037641154328734,398,0.5006273525721455,0.4993726474278545,0.24921728240450847,398,41,1861826843054724044,1907202849567938830,1401967394619155818,2215063800188871697
n10000-g2-t0.5-r2-h70042,8,1597,3203,2.005635566687539,798,0.5003130870381967,0.4996869129618034,0.2491414299094599,798,93,1401967394619155818,2215063800188871697,500816042240208022,1477797840443791121
n10000-g2-t0.5-r2-h70042,9,3203,6421,2.0046831095847644,1601,0.5001561036528255,0.4998438963471745,0.249338109328765,1601,184,500816042240208022,1477797840443791121,1036927926379946129,2080411690312300732
n10000-g2-t0.5-r2-h70042,10,6421,12853,2.001713128796138,3210,0.5000778694907335,0.4999221305092665,0.2497471407453513,3210,449,1036927926379946129,2080411690312300732,2140532451734192922,52317000941763767
n10000-g2-t0.5-r2-h70042,11,12853,25717,2.0008558313234266,6426,0.5000389014237921,0.4999610985762079,0.24987362445075242,6426,708,2140532451734192922,52317000941763767,2091820678927994299,1321807050030662402
n10000-g2-t0.7-r2-h70042,1,11,23,2.090909090909091,7,0.7272727272727273,0.6363636363636364,0.30434782608695654,7,0,810705662364074005,2151547540061836289,1984082611407068869,1392011469734636252
n10000-g2-t0.7-r2-h70042,2,23,47,2.0434782608695654,16,0.7391304347826086,0.6956521739130435,0.3404255319148936,16,2,1984082611407068869,1392011469734636252,1307023228151470769,361150602059509686
n10000-g2-t0.7-r2-h70042,3,47,97,2.0638297872340425,32,0.7021276595744681,0.6808510638297872,0.32989690721649484,32,10,1307023228151470769,361150602059509686,776616814984992863,120078728263357358
n10000-g2-t0.7-r2-h70042,4,97,197,2.0309278350515463,67,0.7010309278350515,0.6907216494845361,0.3401015228426396,67,15,776616814984992863,120078728263357358,2184095888921724406,1617952480205262842
n10000-g2-t0.7-r2-h70042,5,197,397,2.015228426395939,137,0.700507614213198,0.6954314720812182,0.345088161209068,137,18,2184095888921724406,1617952480205262842,327243863416983720,1978440742230471949
n10000-g2-t0.7-r2-h70042,6,397,797,2.0075566750629723,277,0.7002518891687658,0.6977329974811083,0.3475533249686324,277,47,327243863416983720,1978440742230471949,1861826843054724044,1907202849567938830
n10000-g2-t0.7-r2-h70042,7,797,1597,2.0037641154328734,557,0.7001254705144291,0.698870765370138,0.3487789605510332,557,87,1861826843054724044,1907202849567938830,1401967394619155818,2215063800188871697
n10000-g2-t0.7-r2-h70042,8,1597,3203,2.005635566687539,1117,0.7000626174076393,0.6994364433312461,0.3487355604121136,1117,172,1401967394619155818,2215063800188871697,500816042240208022,1477797840443791121
n10000-g2-t0.7-r2-h70042,9,3203,6421,2.0046831095847644,2242,0.7002809865750859,0.6999687792694349,0.3491667964491512,2242,365,500816042240208022,1477797840443791121,1036927926379946129,2080411690312300732
n10000-g2-t0.7-r2-h70042,10,6421,12853,2.001713128796138,4494,0.7000467216944402,0.699890982712973,0.3496459970434918,4494,881,1036927926379946129,2080411690312300732,2140532451734192922,52317000941763767
n10000-g2-t0.7-r2-h70042,11,12853,25717,2.0008558313234266,8997,0.7000700225628258,0.6999922197152416,0.3498464051016837,8997,1448,2140532451734192922,52317000941763767,2091820678927994299,1321807050030662402
n10000-g3-t0.8-r2-h70042,1,11,37,3.3636363636363638,8,0.8181818181818182,0.7272727272727273,0.21621621621621623,8,0,810705662364074005,2151547540061836289,1984082611407068869,1392011469734636252
n10000-g3-t0.8-r2-h70042,2,37,113,3.054054054054054,29,0.8108108108108109,0.7837837837837838,0.25663716814159293,29,5,1984082611407068869,1392011469734636252,1307023228151470769,361150602059509686
n10000-g3-t0.8-r2-h70042,3,113,347,3.0707964601769913,90,0.8053097345132744,0.7964601769911505,0.25936599423631124,90,8,1307023228151470769,361150602059509686,776616814984992863,120078728263357358
n10000-g3-t0.8-r2-h70042,4,347,1049,3.0230547550432276,277,0.8011527377521613,0.7982708933717579,0.2640610104861773,277,32,776616814984992863,120078728263357358,2184095888921724406,1617952480205262842
n10000-g3-t0.8-r2-h70042,5,1049,3163,3.015252621544328,839,0.8007626310772163,0.7998093422306959,0.26525450521656657,839,98,2184095888921724406,1617952480205262842,327243863416983720,1978440742230471949
n10000-g3-t0.8-r2-h70042,6,3163,9491,3.0006323110970596,2530,0.8001896933291179,0.799873537780588,0.2665683278895796,2530,346,327243863416983720,1978440742230471949,1861826843054724044,1907202849567938830
n10000-g3-t0.8-r2-h70042,7,9491,28477,3.0004214519018015,7592,0.80002107259509,0.7999157096196396,0.26660111669066267,7592,835,1861826843054724044,1907202849567938830,1401967394619155818,2215063800188871697
n10000-g1.25-t0.5-r2-h70042,1,11,17,1.5454545454545454,5,0.5454545454545454,0.45454545454545453,0.29411764705882354,5,0,810705662364074005,2151547540061836289,1984082611407068869,1392011469734636252
n10000-g1.25-t0.5-r2-h70042,2,17,23,1.3529411764705883,8,0.5294117647058824,0.47058823529411764,0.34782608695652173,8,3,1984082611407068869,1392011469734636252,1307023228151470769,361150602059509686
n10000-g1.25-t0.5-r2-h70042,3,23,29,1.2608695652173914,11,0.5217391304347826,0.4782608695652174,0.3793103448275862,11,2,1307023228151470769,361150602059509686,776616814984992863,120078728263357358
n10000-g1.25-t0.5-r2-h70042,4,29,37,1.2758620689655173,14,0.5172413793103449,0.4827586206896552,0.3783783783783784,14,5,776616814984992863,120078728263357358,2184095888921724406,1617952480205262842
n10000-g1.25-t0.5-r2-h70042,5,37,47,1.2702702702702702,18,0.5135135135135135,0.4864864864864865,0.3829787234042553,18,5,2184095888921724406,1617952480205262842,327243863416983720,1978440742230471949
n10000-g1.25-t0.5-r2-h70042,6,47,59,1.2553191489361701,23,0.5106382978723404,0.48936170212765956,0.3898305084745763,23,3,327243863416983720,1978440742230471949,1861826843054724044,1907202849567938830
n10000-g1.25-t0.5-r2-h70042,7,59,79,1.3389830508474576,29,0.5084745762711864,0.4915254237288136,0.3670886075949367,29,3,1861826843054724044,1907202849567938830,1401967394619155818,2215063800188871697
n10000-g1.25-t0.5-r2-h70042,8,79,101,1.2784810126582278,39,0.5063291139240507,0.4936708860759494,0.38613861386138615,39,12,1401967394619155818,2215063800188871697,500816042240208022,1477797840443791121
n10000-g1.25-t0.5-r2-h70042,9,101,127,1.2574257425742574,50,0.504950495049505,0.49504950495049505,0.3937007874015748,50,12,500816042240208022,1477797840443791121,1036927926379946129,2080411690312300732
n10000-g1.25-t0.5-r2-h70042,10,127,163,1.2834645669291338,63,0.5039370078740157,0.49606299212598426,0.38650306748466257,63,12,1036927926379946129,2080411690312300732,2140532451734192922,52317000941763767
n10000-g1.25-t0.5-r2-h70042,11,163,211,1.294478527607362,81,0.5030674846625767,0.49693251533742333,0.38388625592417064,81,19,2140532451734192922,52317000941763767,2091820678927994299,1321807050030662402
n10000-g1.25-t0.5-r2-h70042,12,211,269,1.2748815165876777,105,0.5023696682464455,0.4976303317535545,0.3903345724907063,105,22,2091820678927994299,1321807050030662402,21000241270461093,918644810322280861
n10000-g1.25-t0.5-r2-h70042,13,269,337,1.2527881040892193,134,0.5018587360594795,0.49814126394052044,0.39762611275964393,134,19,21000241270461093,918644810322280861,1829578799087867178,278747890977412703
n10000-g1.25-t0.5-r2-h70042,14,337,431,1.2789317507418398,168,0.5014836795252225,0.49851632047477745,0.38979118329466356,168,27,1829578799087867178,278747890977412703,714699847608306027,462243554307490661
n10000-g1.25-t0.5-r2-h70042,15,431,541,1.2552204176334107,215,0.5011600928074246,0.4988399071925754,0.3974121996303142,215,49,714699847608306027,462243554307490661,814044350749227781,913607872716616361
n10000-g1.25-t0.5-r2-h70042,16,541,677,1.2513863216266174,270,0.5009242144177449,0.49907578558225507,0.3988183161004431,270,49,814044350749227781,913607872716616361,311379523729114294,1171881496075838997
n10000-g1.25-t0.5-r2-h70042,17,677,853,1.259970457902511,338,0.5007385524372231,0.49926144756277696,0.3962485345838218,338,60,311379523729114294,1171881496075838997,616501671019868767,1121510920319737401
n10000-g1.25-t0.5-r2-h70042,18,853,1069,1.2532239155920282,426,0.5005861664712778,0.49941383352872215,0.3985032740879326,426,85,616501671019868767,1121510920319737401,1403193052504627048,1174389762034136819
n10000-g1.25-t0.5-r2-h70042,19,1069,1361,1.2731524789522919,534,0.500467726847521,0.49953227315247895,0.3923585598824394,534,95,1403193052504627048,1174389762034136819,844834781155127040,2155837432084341808
n10000-g1.25-t0.5-r2-h70042,20,1361,1709,1.2556943423952975,680,0.5003673769287289,0.4996326230712711,0.3978935049736688,680,123,844834781155127040,2155837432084341808,727934667089726876,805490184200024486
n10000-g1.25-t0.5-r2-h70042,21,1709,2137,1.2504388531304858,854,0.5002925687536571,0.49970743124634287,0.39962564342536266,854,171,727934667089726876,805490184200024486,2052107904677491579,1811358854604454653
n10000-g1.25-t0.5-r2-h70042,22,2137,2677,1.252690687880206,1068,0.5002339728591484,0.49976602714085167,0.39895405304445275,1068,252,2052107904677491579,1811358854604454653,178802030981094641,1697660721334661954
n10000-g1.25-t0.5-r2-h70042,23,2677,3347,1.250280164363093,1338,0.500186776242062,0.49981322375793796,0.3997609799820735,1338,275,178802030981094641,1697660721334661954,1313301336743916348,2176975662484872130
n10000-g1.25-t0.5-r2-h70042,24,3347,4201,1.2551538691365403,1673,0.5001493875112041,0.4998506124887959,0.3982385146393716,1673,300,1313301336743916348,2176975662484872130,1438075507244320405,2096452046473817545
n10000-g1.25-t0.5-r2-h70042,25,4201,5261,1.252320875981909,2100,0.5001190192811236,0.49988098071887643,0.39916365709941076,2100,441,1438075507244320405,2096452046473817545,1416777709347893610,89891899934828341
n10000-g1.25-t0.5-r2-h70042,26,5261,6577,1.250142558448964,2630,0.5000950389659761,0.49990496103402393,0.3998783639957427,2630,2808,1416777709347893610,89891899934828341,2767096809236879,948271339321730567
n10000-g1.25-t0.5-r2-h70042,27,6577,8231,1.2514824388018853,3288,0.5000760225026608,0.4999239774973392,0.39946543554853603,3288,618,2767096809236879,948271339321730567,2287417714728363976,1966486311157828967
n10000-g1.25-t0.5-r2-h70042,28,8231,10289,1.250030372980197,4115,0.5000607459603936,0.4999392540396064,0.3999416852949752,4115,781,2287417714728363976,1966486311157828967,2193250871573113587,1111294394862077501
n10000-g1.25-t0.5-r2-h70042,29,10289,12889,1.2526970551073962,5144,0.5000485955875207,0.49995140441247937,0.3991000077585538,5144,1012,2193250871573113587,1111294394862077501,481268205608716773,1505421764166638807
n10000-g1.25-t0.5-r2-h70042,30,12889,16127,1.2512219722243774,6444,0.5000387927690279,0.49996120723097215,0.39957834687170585,6444,1217,481268205608716773,1505421764166638807,1285765672517979161,2272294560785954406
n10000-g1.25-t0.5-r2-h70042,31,16127,20161,1.250139517579215,8063,0.5000310039064922,0.49996899609350776,0.3999305590000496,8063,1403,1285765672517979161,2272294560785954406,1123582061416033138,286991115792785036
n10000-g1.25-t0.7-r2-h70042,1,11,17,1.5454545454545454,7,0.7272727272727273,0.6363636363636364,0.4117647058823529,7,0,810705662364074005,2151547540061836289,1984082611407068869,1392011469734636252
n10000-g1.25-t0.7-r2-h70042,2,17,23,1.3529411764705883,11,0.7058823529411765,0.6470588235294118,0.4782608695652174,11,3,1984082611407068869,1392011469734636252,1307023228151470769,361150602059509686
n10000-g1.25-t0.7-r2-h70042,3,23,29,1.2608695652173914,16,0.7391304347826086,0.6956521739130435,0.5517241379310345,16,8,1307023228151470769,361150602059509686,776616814984992863,120078728263357358
n10000-g1.25-t0.7-r2-h70042,4,29,37,1.2758620689655173,20,0.7241379310344828,0.6896551724137931,0.5405405405405406,20,8,776616814984992863,120078728263357358,2184095888921724406,1617952480205262842
n10000-g1.25-t0.7-r2-h70042,5,37,47,1.2702702702702702,25,0.7027027027027027,0.6756756756756757,0.5319148936170213,25,7,2184095888921724406,1617952480205262842,327243863416983720,1978440742230471949
n10000-g1.25-t0.7-r2-h70042,6,47,59,1.2553191489361701,32,0.7021276595744681,0.6808510638297872,0.5423728813559322,32,6,327243863416983720,1978440742230471949,1861826843054724044,1907202849567938830
n10000-g1.25-t0.7-r2-h70042,7,59,79,1.3389830508474576,41,0.711864406779661,0.6949152542372882,0.5189873417721519,41,6,1861826843054724044,1907202849567938830,1401967394619155818,2215063800188871697
n10000-g1.25-t0.7-r2-h70042,8,79,101,1.2784810126582278,55,0.7088607594936709,0.6962025316455697,0.5445544554455446,55,15,1401967394619155818,2215063800188871697,500816042240208022,1477797840443791121
n10000-g1.25-t0.7-r2-h70042,9,101,127,1.2574257425742574,70,0.7029702970297029,0.693069306930693,0.5511811023622047,70,27,500816042240208022,1477797840443791121,1036927926379946129,2080411690312300732
n10000-g1.25-t0.7-r2-h70042,10,127,163,1.2834645669291338,88,0.7007874015748031,0.6929133858267716,0.5398773006134969,88,23,1036927926379946129,2080411690312300732,2140532451734192922,52317000941763767
n10000-g1.25-t0.7-r2-h70042,11,163,211,1.294478527607362,114,0.7055214723926381,0.6993865030674846,0.5402843601895735,114,31,2140532451734192922,52317000941763767,2091820678927994299,1321807050030662402
n10000-g1.25-t0.7-r2-h70042,12,211,269,1.2748815165876777,147,0.7014218009478673,0.6966824644549763,0.5464684014869888,147,41,2091820678927994299,1321807050030662402,21000241270461093,918644810322280861
n10000-g1.25-t0.7-r2-h70042,13,269,337,1.2527881040892193,188,0.7026022304832714,0.6988847583643123,0.5578635014836796,188,46,21000241270461093,918644810322280861,1829578799087867178,278747890977412703
n10000-g1.25-t0.7-r2-h70042,14,337,431,1.2789317507418398,235,0.7002967359050445,0.6973293768545994,0.5452436194895591,235,57,1829578799087867178,278747890977412703,714699847608306027,462243554307490661
n10000-g1.25-t0.7-r2-h70042,15,431,541,1.2552204176334107,301,0.7006960556844548,0.6983758700696056,0.55637707948244,301,89,714699847608306027,462243554307490661,814044350749227781,913607872716616361
n10000-g1.25-t0.7-r2-h70042,16,541,677,1.2513863216266174,378,0.7005545286506469,0.6987060998151571,0.5583456425406204,378,100,814044350749227781,913607872716616361,311379523729114294,1171881496075838997
n10000-g1.25-t0.7-r2-h70042,17,677,853,1.259970457902511,473,0.7001477104874446,0.6986706056129985,0.5545134818288394,473,122,311379523729114294,1171881496075838997,616501671019868767,1121510920319737401
n10000-g1.25-t0.7-r2-h70042,18,853,1069,1.2532239155920282,597,0.7010550996483002,0.6998827667057445,0.558465855940131,597,177,616501671019868767,1121510920319737401,1403193052504627048,1174389762034136819
n10000-g1.25-t0.7-r2-h70042,19,1069,1361,1.2731524789522919,748,0.7006548175865295,0.6997193638914874,0.5495958853783982,748,204,1403193052504627048,1174389762034136819,844834781155127040,2155837432084341808
n10000-g1.25-t0.7-r2-h70042,20,1361,1709,1.2556943423952975,952,0.7002204261572373,0.6994856722997795,0.5570509069631363,952,261,844834781155127040,2155837432084341808,727934667089726876,805490184200024486
n10000-g1.25-t0.7-r2-h70042,21,1709,2137,1.2504388531304858,1196,0.70040959625512,0.6998244587478057,0.5596630790828264,1196,323,727934667089726876,805490184200024486,2052107904677491579,1811358854604454653
n10000-g1.25-t0.7-r2-h70042,22,2137,2677,1.252690687880206,1495,0.7000467945718297,0.6995788488535329,0.558460963765409,1495,460,2052107904677491579,1811358854604454653,178802030981094641,1697660721334661954
n10000-g1.25-t0.7-r2-h70042,23,2677,3347,1.250280164363093,1873,0.7000373552484124,0.6996638027642884,0.5596056169704213,1873,528,178802030981094641,1697660721334661954,1313301336743916348,2176975662484872130
n10000-g1.25-t0.7-r2-h70042,24,3347,4201,1.2551538691365403,2342,0.7000298775022408,0.6997311024798327,0.5574863127826708,2342,619,1313301336743916348,2176975662484872130,1438075507244320405,2096452046473817545
n10000-g1.25-t0.7-r2-h70042,25,4201,5261,1.252320875981909,2940,0.7000714115686741,0.699833373006427,0.5588291199391751,2940,806,1438075507244320405,2096452046473817545,1416777709347893610,89891899934828341
n10000-g1.25-t0.7-r2-h70042,26,5261,6577,1.250142558448964,3682,0.7000570233795856,0.6998669454476335,0.5598297095940399,3682,5486,1416777709347893610,89891899934828341,2767096809236879,948271339321730567
n10000-g1.25-t0.7-r2-h70042,27,6577,8231,1.2514824388018853,4603,0.7000152045005321,0.6998631594952106,0.559227311383793,4603,1225,2767096809236879,948271339321730567,2287417714728363976,1966486311157828967
n10000-g1.25-t0.7-r2-h70042,28,8231,10289,1.250030372980197,5761,0.7000364475762362,0.6999149556554489,0.5599183594129653,5761,1523,2287417714728363976,1966486311157828967,2193250871573113587,1111294394862077501
n10000-g1.25-t0.7-r2-h70042,29,10289,12889,1.2526970551073962,7202,0.7000680338225289,0.6999708426474877,0.5587710450771977,7202,1887,2193250871573113587,1111294394862077501,481268205608716773,1505421764166638807
n10000-g1.25-t0.7-r2-h70042,30,12889,16127,1.2512219722243774,9022,0.700054309876639,0.6999767243385833,0.559434488745582,9022,2359,481268205608716773,1505421764166638807,1285765672517979161,2272294560785954406
n10000-g3-t0.7-r2-h70042,1,11,37,3.3636363636363638,7,0.7272727272727273,0.6363636363636364,0.1891891891891892,7,0,810705662364074005,2151547540061836289,1984082611407068869,1392011469734636252
n10000-g3-t0.7-r2-h70042,2,37,113,3.054054054054054,25,0.7027027027027027,0.6756756756756757,0.22123893805309736,25,2,1984082611407068869,1392011469734636252,1307023228151470769,361150602059509686
n10000-g3-t0.7-r2-h70042,3,113,347,3.0707964601769913,79,0.7079646017699115,0.6991150442477876,0.2276657060518732,79,6,1307023228151470769,361150602059509686,776616814984992863,120078728263357358
n10000-g3-t0.7-r2-h70042,4,347,1049,3.0230547550432276,242,0.7002881844380403,0.6974063400576369,0.23069590085795996,242,22,776616814984992863,120078728263357358,2184095888921724406,1617952480205262842
n10000-g3-t0.7-r2-h70042,5,1049,3163,3.015252621544328,734,0.7006673021925643,0.6997140133460439,0.2320581726209295,734,74,2184095888921724406,1617952480205262842,327243863416983720,1978440742230471949
n10000-g3-t0.7-r2-h70042,6,3163,9491,3.0006323110970596,2214,0.7002845399936769,0.699968384445147,0.23327362764724477,2214,270,327243863416983720,1978440742230471949,1861826843054724044,1907202849567938830
n10000-g3-t0.7-r2-h70042,7,9491,28477,3.0004214519018015,6643,0.7000316088926352,0.6999262459171847,0.23327597710432982,6643,637,1861826843054724044,1907202849567938830,1401967394619155818,2215063800188871697
n10000-g2-t0.8-r2-h70042,1,11,23,2.090909090909091,8,0.8181818181818182,0.7272727272727273,0.34782608695652173,8,0,810705662364074005,2151547540061836289,1984082611407068869,1392011469734636252
n10000-g2-t0.8-r2-h70042,2,23,47,2.0434782608695654,18,0.8260869565217391,0.782608695652174,0.3829787234042553,18,2,1984082611407068869,1392011469734636252,1307023228151470769,361150602059509686
n10000-g2-t0.8-r2-h70042,3,47,97,2.0638297872340425,37,0.8085106382978723,0.7872340425531915,0.38144329896907214,37,11,1307023228151470769,361150602059509686,776616814984992863,120078728263357358
n10000-g2-t0.8-r2-h70042,4,97,197,2.0309278350515463,77,0.8041237113402062,0.7938144329896907,0.39086294416243655,77,18,776616814984992863,120078728263357358,2184095888921724406,1617952480205262842
n10000-g2-t0.8-r2-h70042,5,197,397,2.015228426395939,157,0.8020304568527918,0.7969543147208121,0.3954659949622166,157,25,2184095888921724406,1617952480205262842,327243863416983720,1978440742230471949
n10000-g2-t0.8-r2-h70042,6,397,797,2.0075566750629723,317,0.801007556675063,0.7984886649874056,0.397741530740276,317,68,327243863416983720,1978440742230471949,1861826843054724044,1907202849567938830
n10000-g2-t0.8-r2-h70042,7,797,1597,2.0037641154328734,637,0.8005018820577164,0.7992471769134254,0.39887288666249215,637,120,1861826843054724044,1907202849567938830,1401967394619155818,2215063800188871697
n10000-g2-t0.8-r2-h70042,8,1597,3203,2.005635566687539,1277,0.8002504696305573,0.799624295554164,0.398688729316266,1277,223,1401967394619155818,2215063800188871697,500816042240208022,1477797840443791121
n10000-g2-t0.8-r2-h70042,9,3203,6421,2.0046831095847644,2562,0.8001873243833906,0.7998751170777396,0.3990032705186108,2562,497,500816042240208022,1477797840443791121,1036927926379946129,2080411690312300732
n10000-g2-t0.8-r2-h70042,10,6421,12853,2.001713128796138,5136,0.8000311477962934,0.7998754088148263,0.399595425192562,5136,1150,1036927926379946129,2080411690312300732,2140532451734192922,52317000941763767
n10000-g1.5-t0.7-r2-h70042,1,11,17,1.5454545454545454,7,0.7272727272727273,0.6363636363636364,0.4117647058823529,7,0,810705662364074005,2151547540061836289,1984082611407068869,1392011469734636252
n10000-g1.5-t0.7-r2-h70042,2,17,29,1.7058823529411764,11,0.7058823529411765,0.6470588235294118,0.3793103448275862,11,2,1984082611407068869,1392011469734636252,1307023228151470769,361150602059509686
n10000-g1.5-t0.7-r2-h70042,3,29,47,1.6206896551724137,20,0.7241379310344828,0.6896551724137931,0.425531914893617,20,3,1307023228151470769,361150602059509686,776616814984992863,120078728263357358
n10000-g1.5-t0.7-r2-h70042,4,47,71,1.5106382978723405,32,0.7021276595744681,0.6808510638297872,0.4507042253521127,32,8,776616814984992863,120078728263357358,2184095888921724406,1617952480205262842
n10000-g1.5-t0.7-r2-h70042,5,71,107,1.5070422535211268,49,0.704225352112676,0.6901408450704225,0.45794392523364486,49,13,2184095888921724406,1617952480205262842,327243863416983720,1978440742230471949
n10000-g1.5-t0.7-r2-h70042,6,107,163,1.5233644859813085,74,0.7009345794392523,0.6915887850467289,0.4539877300613497,74,26,327243863416983720,1978440742230471949,1861826843054724044,1907202849567938830
n10000-g1.5-t0.7-r2-h70042,7,163,251,1.539877300613497,114,0.7055214723926381,0.6993865030674846,0.4541832669322709,114,26,1861826843054724044,1907202849567938830,1401967394619155818,2215063800188871697
n10000-g1.5-t0.7-r2-h70042,8,251,379,1.5099601593625498,175,0.701195219123506,0.6972111553784861,0.46174142480211083,175,39,1401967394619155818,2215063800188871697,500816042240208022,1477797840443791121
n10000-g1.5-t0.7-r2-h70042,9,379,569,1.5013192612137203,265,0.7018469656992085,0.6992084432717678,0.46572934973637964,265,69,500816042240208022,1477797840443791121,1036927926379946129,2080411690312300732
n10000-g1.5-t0.7-r2-h70042,10,569,857,1.5061511423550087,398,0.7012302284710018,0.6994727592267135,0.4644107351225204,398,94,1036927926379946129,2080411690312300732,2140532451734192922,52317000941763767
n10000-g1.5-t0.7-r2-h70042,11,857,1289,1.5040840140023337,599,0.7001166861143524,0.6989498249708285,0.46470131885182314,599,130,2140532451734192922,52317000941763767,2091820678927994299,1321807050030662402
n10000-g1.5-t0.7-r2-h70042,12,1289,1949,1.5120248254460822,902,0.7005430566330488,0.6997672614429791,0.4628014366341714,902,217,2091820678927994299,1321807050030662402,21000241270461093,918644810322280861
n10000-g1.5-t0.7-r2-h70042,13,1949,2927,1.5017957927142125,1364,0.7003591585428425,0.6998460749102103,0.4660061496412709,1364,297,21000241270461093,918644810322280861,1829578799087867178,278747890977412703
n10000-g1.5-t0.7-r2-h70042,14,2927,4391,1.5001708233686368,2048,0.7000341646737274,0.6996925179364537,0.4664085629697108,2048,463,1829578799087867178,278747890977412703,714699847608306027,462243554307490661
n10000-g1.5-t0.7-r2-h70042,15,4391,6599,1.5028467319517194,3073,0.7000683215668413,0.6998405830107037,0.4656766176693438,3073,698,714699847608306027,462243554307490661,814044350749227781,913607872716616361
n10000-g1.5-t0.7-r2-h70042,16,6599,9901,1.5003788452795879,4619,0.7001060766782846,0.6999545385664495,0.4665185334814665,4619,1036,814044350749227781,913607872716616361,311379523729114294,1171881496075838997
n10000-g1.5-t0.7-r2-h70042,17,9901,14867,1.5015654984345015,6930,0.7000302999697,0.6999293000707,0.46613304634425234,6930,1549,311379523729114294,1171881496075838997,616501671019868767,1121510920319737401
n10000-g3-t0.9-r2-h70042,1,11,37,3.3636363636363638,9,0.9090909090909091,0.8181818181818182,0.24324324324324326,9,0,810705662364074005,2151547540061836289,1984082611407068869,1392011469734636252
n10000-g3-t0.9-r2-h70042,2,37,113,3.054054054054054,33,0.918918918918919,0.8918918918918919,0.2920353982300885,33,7,1984082611407068869,1392011469734636252,1307023228151470769,361150602059509686
n10000-g3-t0.9-r2-h70042,3,113,347,3.0707964601769913,101,0.9026548672566371,0.8938053097345132,0.2910662824207493,101,10,1307023228151470769,361150602059509686,776616814984992863,120078728263357358
n10000-g3-t0.9-r2-h70042,4,347,1049,3.0230547550432276,312,0.9020172910662824,0.899135446685879,0.2974261201143947,312,43,776616814984992863,120078728263357358,2184095888921724406,1617952480205262842
n10000-g3-t0.9-r2-h70042,5,1049,3163,3.015252621544328,944,0.9008579599618685,0.899904671115348,0.2984508378122036,944,128,2184095888921724406,1617952480205262842,327243863416983720,1978440742230471949
n10000-g3-t0.9-r2-h70042,6,3163,9491,3.0006323110970596,2846,0.900094846664559,0.899778691116029,0.29986302813191446,2846,422,327243863416983720,1978440742230471949,1861826843054724044,1907202849567938830
n10000-g3-t0.9-r2-h70042,7,9491,28477,3.0004214519018015,8541,0.900010536297545,0.8999051733220946,0.2999262562769955,8541,1085,1861826843054724044,1907202849567938830,1401967394619155818,2215063800188871697
n10000-g2-t0.9-r2-h70042,1,11,23,2.090909090909091,9,0.9090909090909091,0.8181818181818182,0.391304347826087,9,0,810705662364074005,2151547540061836289,1984082611407068869,1392011469734636252
n10000-g2-t0.9-r2-h70042,2,23,47,2.0434782608695654,20,0.9130434782608695,0.8695652173913043,0.425531914893617,20,2,1984082611407068869,1392011469734636252,1307023228151470769,361150602059509686
n10000-g2-t0.9-r2-h70042,3,47,97,2.0638297872340425,42,0.9148936170212766,0.8936170212765957,0.4329896907216495,42,14,1307023228151470769,361150602059509686,776616814984992863,120078728263357358
n10000-g2-t0.9-r2-h70042,4,97,197,2.0309278350515463,87,0.9072164948453608,0.8969072164948454,0.4416243654822335,87,21,776616814984992863,120078728263357358,2184095888921724406,1617952480205262842
n10000-g2-t0.9-r2-h70042,5,197,397,2.015228426395939,177,0.9035532994923858,0.8984771573604061,0.44584382871536526,177,40,2184095888921724406,1617952480205262842,327243863416983720,1978440742230471949
n10000-g2-t0.9-r2-h70042,6,397,797,2.0075566750629723,357,0.9017632241813602,0.8992443324937027,0.4479297365119197,357,85,327243863416983720,1978440742230471949,1861826843054724044,1907202849567938830
n10000-g2-t0.9-r2-h70042,7,797,1597,2.0037641154328734,717,0.9008782936010038,0.8996235884567126,0.4489668127739512,717,161,1861826843054724044,1907202849567938830,1401967394619155818,2215063800188871697
n10000-g2-t0.9-r2-h70042,8,1597,3203,2.005635566687539,1437,0.9004383218534753,0.8998121477770821,0.44864189822041833,1437,300,1401967394619155818,2215063800188871697,500816042240208022,1477797840443791121
n10000-g2-t0.9-r2-h70042,9,3203,6421,2.0046831095847644,2882,0.9000936621916953,0.8997814548860443,0.4488397445880704,2882,632,500816042240208022,1477797840443791121,1036927926379946129,2080411690312300732
n10000-g2-t0.9-r2-h70042,10,6421,12853,2.001713128796138,5778,0.9000155738981467,0.8998598349166796,0.4495448533416323,5778,1451,1036927926379946129,2080411690312300732,2140532451734192922,52317000941763767
n10000-g1.5-t0.8-r2-h70042,1,11,17,1.5454545454545454,8,0.8181818181818182,0.7272727272727273,0.47058823529411764,8,1,810705662364074005,2151547540061836289,1984082611407068869,1392011469734636252
n10000-g1.5-t0.8-r2-h70042,2,17,29,1.7058823529411764,13,0.8235294117647058,0.7647058823529411,0.4482758620689655,13,3,1984082611407068869,1392011469734636252,1307023228151470769,361150602059509686
n10000-g1.5-t0.8-r2-h70042,3,29,47,1.6206896551724137,23,0.8275862068965517,0.7931034482758621,0.48936170212765956,23,7,1307023228151470769,361150602059509686,776616814984992863,120078728263357358
n10000-g1.5-t0.8-r2-h70042,4,47,71,1.5106382978723405,37,0.8085106382978723,0.7872340425531915,0.5211267605633803,37,10,776616814984992863,120078728263357358,2184095888921724406,1617952480205262842
n10000-g1.5-t0.8-r2-h70042,5,71,107,1.5070422535211268,56,0.8028169014084507,0.7887323943661971,0.5233644859813084,56,17,2184095888921724406,1617952480205262842,327243863416983720,1978440742230471949
n10000-g1.5-t0.8-r2-h70042,6,107,163,1.5233644859813085,85,0.8037383177570093,0.794392523364486,0.5214723926380368,85,33,327243863416983720,1978440742230471949,1861826843054724044,1907202849567938830
n10000-g1.5-t0.8-r2-h70042,7,163,251,1.539877300613497,130,0.803680981595092,0.7975460122699386,0.5179282868525896,130,32,1861826843054724044,1907202849567938830,1401967394619155818,2215063800188871697
n10000-g1.5-t0.8-r2-h70042,8,251,379,1.5099601593625498,200,0.8007968127490039,0.796812749003984,0.5277044854881267,200,51,1401967394619155818,2215063800188871697,500816042240208022,1477797840443791121
n10000-g1.5-t0.8-r2-h70042,9,379,569,1.5013192612137203,303,0.8021108179419525,0.7994722955145118,0.5325131810193322,303,91,500816042240208022,1477797840443791121,1036927926379946129,2080411690312300732
n10000-g1.5-t0.8-r2-h70042,10,569,857,1.5061511423550087,455,0.8014059753954306,0.7996485061511424,0.5309218203033839,455,130,1036927926379946129,2080411690312300732,2140532451734192922,52317000941763767
n10000-g1.5-t0.8-r2-h70042,11,857,1289,1.5040840140023337,685,0.8004667444574096,0.7992998833138857,0.5314197051978278,685,164,2140532451734192922,52317000941763767,2091820678927994299,1321807050030662402
n10000-g1.5-t0.8-r2-h70042,12,1289,1949,1.5120248254460822,1031,0.8006206361520558,0.799844840961986,0.5289892252437147,1031,279,2091820678927994299,1321807050030662402,21000241270461093,918644810322280861
n10000-g1.5-t0.8-r2-h70042,13,1949,2927,1.5017957927142125,1559,0.8004104669061057,0.7998973832734736,0.5326272634096344,1559,400,21000241270461093,918644810322280861,1829578799087867178,278747890977412703
n10000-g1.5-t0.8-r2-h70042,14,2927,4391,1.5001708233686368,2341,0.8001366586949095,0.7997950119576358,0.5331359599180141,2341,598,1829578799087867178,278747890977412703,714699847608306027,462243554307490661
n10000-g1.5-t0.8-r2-h70042,15,4391,6599,1.5028467319517194,3512,0.8000455477112275,0.7998178091550899,0.5322018487649643,3512,903,714699847608306027,462243554307490661,814044350749227781,913607872716616361
n10000-g1.5-t0.8-r2-h70042,16,6599,9901,1.5003788452795879,5279,0.8001212304894681,0.7999696923776329,0.5331784668215331,5279,1340,814044350749227781,913607872716616361,311379523729114294,1171881496075838997
n10000-g1.5-t0.8-r2-h70042,17,9901,14867,1.5015654984345015,7920,0.8000201999798,0.7999192000807999,0.5327234815362885,7920,2022,311379523729114294,1171881496075838997,616501671019868767,1121510920319737401
n10000-g2-t0.7-r3-h100042,1,11,23,2.090909090909091,7,0.7272727272727273,0.6363636363636364,0.30434782608695654,7,1,242574829870217526,1179787917218814995,491992425759164443,348434879072938139
n10000-g2-t0.7-r3-h100042,2,23,47,2.0434782608695654,16,0.7391304347826086,0.6956521739130435,0.3404255319148936,16,0,491992425759164443,348434879072938139,1500394119087287025,1470517157351862142
n10000-g2-t0.7-r3-h100042,3,47,97,2.0638297872340425,32,0.7021276595744681,0.6808510638297872,0.32989690721649484,32,7,1500394119087287025,1470517157351862142,418253880793689114,35769932174649862
n10000-g2-t0.7-r3-h100042,4,97,197,2.0309278350515463,67,0.7010309278350515,0.6907216494845361,0.3401015228426396,67,6,418253880793689114,35769932174649862,1867626069630122141,1937800645751945885
n10000-g2-t0.7-r3-h100042,5,197,397,2.015228426395939,137,0.700507614213198,0.6954314720812182,0.345088161209068,137,23,1867626069630122141,1937800645751945885,725696558778635720,462114612730891953
n10000-g2-t0.7-r3-h100042,6,397,797,2.0075566750629723,277,0.7002518891687658,0.6977329974811083,0.3475533249686324,277,31,725696558778635720,462114612730891953,82620988648231865,854205959242111588
n10000-g2-t0.7-r3-h100042,7,797,1597,2.0037641154328734,557,0.7001254705144291,0.698870765370138,0.3487789605510332,557,96,82620988648231865,854205959242111588,969530680349787061,742828358962818490
n10000-g2-t0.7-r3-h100042,8,1597,3203,2.005635566687539,1117,0.7000626174076393,0.6994364433312461,0.3487355604121136,1117,185,969530680349787061,742828358962818490,1663953868291166210,740091576298027481
n10000-g2-t0.7-r3-h100042,9,3203,6421,2.0046831095847644,2242,0.7002809865750859,0.6999687792694349,0.3491667964491512,2242,397,1663953868291166210,740091576298027481,309709631543613055,252709736950547099
n10000-g2-t0.7-r3-h100042,10,6421,12853,2.001713128796138,4494,0.7000467216944402,0.699890982712973,0.3496459970434918,4494,711,309709631543613055,252709736950547099,1707529223089527723,1660552831838684743
n10000-g2-t0.7-r3-h100042,11,12853,25717,2.0008558313234266,8997,0.7000700225628258,0.6999922197152416,0.3498464051016837,8997,1814,1707529223089527723,1660552831838684743,1678218114642525821,140165741163539417
n10000-g3-t0.5-r3-h100042,1,11,37,3.3636363636363638,5,0.5454545454545454,0.45454545454545453,0.13513513513513514,5,0,242574829870217526,1179787917218814995,491992425759164443,348434879072938139
n10000-g3-t0.5-r3-h100042,2,37,113,3.054054054054054,18,0.5135135135135135,0.4864864864864865,0.1592920353982301,18,2,491992425759164443,348434879072938139,1500394119087287025,1470517157351862142
n10000-g3-t0.5-r3-h100042,3,113,347,3.0707964601769913,56,0.504424778761062,0.49557522123893805,0.16138328530259366,56,5,1500394119087287025,1470517157351862142,418253880793689114,35769932174649862
n10000-g3-t0.5-r3-h100042,4,347,1049,3.0230547550432276,173,0.5014409221902018,0.49855907780979825,0.16491897044804577,173,13,418253880793689114,35769932174649862,1867626069630122141,1937800645751945885
n10000-g3-t0.5-r3-h100042,5,1049,3163,3.015252621544328,524,0.5004766444232602,0.49952335557673977,0.16566550742965538,524,47,1867626069630122141,1937800645751945885,725696558778635720,462114612730891953
n10000-g3-t0.5-r3-h100042,6,3163,9491,3.0006323110970596,1581,0.5001580777742649,0.49984192222573504,0.16657886418712464,1581,161,725696558778635720,462114612730891953,82620988648231865,854205959242111588
n10000-g3-t0.5-r3-h100042,7,9491,28477,3.0004214519018015,4745,0.5000526814877252,0.4999473185122748,0.16662569793166415,4745,329,82620988648231865,854205959242111588,969530680349787061,742828358962818490
n10000-g1.25-t0.7-r3-h100042,1,11,17,1.5454545454545454,7,0.7272727272727273,0.6363636363636364,0.4117647058823529,7,2,242574829870217526,1179787917218814995,491992425759164443,348434879072938139
n10000-g1.25-t0.7-r3-h100042,2,17,23,1.3529411764705883,11,0.7058823529411765,0.6470588235294118,0.4782608695652174,11,1,491992425759164443,348434879072938139,1500394119087287025,1470517157351862142
n10000-g1.25-t0.7-r3-h100042,3,23,29,1.2608695652173914,16,0.7391304347826086,0.6956521739130435,0.5517241379310345,16,5,1500394119087287025,1470517157351862142,418253880793689114,35769932174649862
n10000-g1.25-t0.7-r3-h100042,4,29,37,1.2758620689655173,20,0.7241379310344828,0.6896551724137931,0.5405405405405406,20,8,418253880793689114,35769932174649862,1867626069630122141,1937800645751945885
n10000-g1.25-t0.7-r3-h100042,5,37,47,1.2702702702702702,25,0.7027027027027027,0.6756756756756757,0.5319148936170213,25,7,1867626069630122141,1937800645751945885,725696558778635720,462114612730891953
n10000-g1.25-t0.7-r3-h100042,6,47,59,1.2553191489361701,32,0.7021276595744681,0.6808510638297872,0.5423728813559322,32,11,725696558778635720,462114612730891953,82620988648231865,854205959242111588
n10000-g1.25-t0.7-r3-h100042,7,59,79,1.3389830508474576,41,0.711864406779661,0.6949152542372882,0.5189873417721519,41,13,82620988648231865,854205959242111588,969530680349787061,742828358962818490
n10000-g1.25-t0.7-r3-h100042,8,79,101,1.2784810126582278,55,0.7088607594936709,0.6962025316455697,0.5445544554455446,55,16,969530680349787061,742828358962818490,1663953868291166210,740091576298027481
n10000-g1.25-t0.7-r3-h100042,9,101,127,1.2574257425742574,70,0.7029702970297029,0.693069306930693,0.5511811023622047,70,24,1663953868291166210,740091576298027481,309709631543613055,252709736950547099
n10000-g1.25-t0.7-r3-h100042,10,127,163,1.2834645669291338,88,0.7007874015748031,0.6929133858267716,0.5398773006134969,88,27,309709631543613055,252709736950547099,1707529223089527723,1660552831838684743
n10000-g1.25-t0.7-r3-h100042,11,163,211,1.294478527607362,114,0.7055214723926381,0.6993865030674846,0.5402843601895735,114,32,1707529223089527723,1660552831838684743,1678218114642525821,140165741163539417
n10000-g1.25-t0.7-r3-h100042,12,211,269,1.2748815165876777,147,0.7014218009478673,0.6966824644549763,0.5464684014869888,147,39,1678218114642525821,140165741163539417,1228111197050917686,749434172089294411
n10000-g1.25-t0.7-r3-h100042,13,269,337,1.2527881040892193,188,0.7026022304832714,0.6988847583643123,0.5578635014836796,188,49,1228111197050917686,749434172089294411,747511221759154564,44502726984438804
n10000-g1.25-t0.7-r3-h100042,14,337,431,1.2789317507418398,235,0.7002967359050445,0.6973293768545994,0.5452436194895591,235,70,747511221759154564,44502726984438804,2303514931396338039,862557572322978109
n10000-g1.25-t0.7-r3-h100042,15,431,541,1.2552204176334107,301,0.7006960556844548,0.6983758700696056,0.55637707948244,301,78,2303514931396338039,862557572322978109,1396136688475786676,314968870173092429
n10000-g1.25-t0.7-r3-h100042,16,541,677,1.2513863216266174,378,0.7005545286506469,0.6987060998151571,0.5583456425406204,378,112,1396136688475786676,314968870173092429,717364939692575582,2262827036506202721
n10000-g1.25-t0.7-r3-h100042,17,677,853,1.259970457902511,473,0.7001477104874446,0.6986706056129985,0.5545134818288394,473,123,717364939692575582,2262827036506202721,113804778882053273,539984900210946742
n10000-g1.25-t0.7-r3-h100042,18,853,1069,1.2532239155920282,597,0.7010550996483002,0.6998827667057445,0.558465855940131,597,159,113804778882053273,539984900210946742,2032680673650913499,2014977461342034341
n10000-g1.25-t0.7-r3-h100042,19,1069,1361,1.2731524789522919,748,0.7006548175865295,0.6997193638914874,0.5495958853783982,748,192,2032680673650913499,2014977461342034341,2161998386271604869,2095571098680331574
n10000-g1.25-t0.7-r3-h100042,20,1361,1709,1.2556943423952975,952,0.7002204261572373,0.6994856722997795,0.5570509069631363,952,290,2161998386271604869,2095571098680331574,1889594878540803231,414848460944964438
n10000-g1.25-t0.7-r3-h100042,21,1709,2137,1.2504388531304858,1196,0.70040959625512,0.6998244587478057,0.5596630790828264,1196,328,1889594878540803231,414848460944964438,872101162185451044,2028483569680864710
n10000-g1.25-t0.7-r3-h100042,22,2137,2677,1.252690687880206,1495,0.7000467945718297,0.6995788488535329,0.558460963765409,1495,442,872101162185451044,2028483569680864710,1396558382986098341,2200000714958335268
n10000-g1.25-t0.7-r3-h100042,23,2677,3347,1.250280164363093,1873,0.7000373552484124,0.6996638027642884,0.5596056169704213,1873,531,1396558382986098341,2200000714958335268,1723958621534663025,272645687115492385
n10000-g1.25-t0.7-r3-h100042,24,3347,4201,1.2551538691365403,2342,0.7000298775022408,0.6997311024798327,0.5574863127826708,2342,640,1723958621534663025,272645687115492385,1395880766718797845,241811488257732761
n10000-g1.25-t0.7-r3-h100042,25,4201,5261,1.252320875981909,2940,0.7000714115686741,0.699833373006427,0.5588291199391751,2940,812,1395880766718797845,241811488257732761,1503615569156638400,2007144354259520203
n10000-g1.25-t0.7-r3-h100042,26,5261,6577,1.250142558448964,3682,0.7000570233795856,0.6998669454476335,0.5598297095940399,3682,954,1503615569156638400,2007144354259520203,603711248096929079,877623996699131994
n10000-g1.25-t0.7-r3-h100042,27,6577,8231,1.2514824388018853,4603,0.7000152045005321,0.6998631594952106,0.559227311383793,4603,1337,603711248096929079,877623996699131994,1110495296643974960,2108517387945962723
n10000-g1.25-t0.7-r3-h100042,28,8231,10289,1.250030372980197,5761,0.7000364475762362,0.6999149556554489,0.5599183594129653,5761,1583,1110495296643974960,2108517387945962723,551162489893959026,470843809309238713
n10000-g1.25-t0.7-r3-h100042,29,10289,12889,1.2526970551073962,7202,0.7000680338225289,0.6999708426474877,0.5587710450771977,7202,1927,551162489893959026,470843809309238713,1722098243549328647,1146727155808073262
n10000-g1.25-t0.7-r3-h100042,30,12889,16127,1.2512219722243774,9022,0.700054309876639,0.6999767243385833,0.559434488745582,9022,2330,1722098243549328647,1146727155808073262,209967521065575326,106090947685889366
n10000-g1.5-t0.8-r3-h100042,1,11,17,1.5454545454545454,8,0.8181818181818182,0.7272727272727273,0.47058823529411764,8,2,242574829870217526,1179787917218814995,491992425759164443,348434879072938139
n10000-g1.5-t0.8-r3-h100042,2,17,29,1.7058823529411764,13,0.8235294117647058,0.7647058823529411,0.4482758620689655,13,5,491992425759164443,348434879072938139,1500394119087287025,1470517157351862142
n10000-g1.5-t0.8-r3-h100042,3,29,47,1.6206896551724137,23,0.8275862068965517,0.7931034482758621,0.48936170212765956,23,4,1500394119087287025,1470517157351862142,418253880793689114,35769932174649862
n10000-g1.5-t0.8-r3-h100042,4,47,71,1.5106382978723405,37,0.8085106382978723,0.7872340425531915,0.5211267605633803,37,12,418253880793689114,35769932174649862,1867626069630122141,1937800645751945885
n10000-g1.5-t0.8-r3-h100042,5,71,107,1.5070422535211268,56,0.8028169014084507,0.7887323943661971,0.5233644859813084,56,15,1867626069630122141,1937800645751945885,725696558778635720,462114612730891953
n10000-g1.5-t0.8-r3-h100042,6,107,163,1.5233644859813085,85,0.8037383177570093,0.794392523364486,0.5214723926380368,85,21,725696558778635720,462114612730891953,82620988648231865,854205959242111588
n10000-g1.5-t0.8-r3-h100042,7,163,251,1.539877300613497,130,0.803680981595092,0.7975460122699386,0.5179282868525896,130,37,82620988648231865,854205959242111588,969530680349787061,742828358962818490
n10000-g1.5-t0.8-r3-h100042,8,251,379,1.5099601593625498,200,0.8007968127490039,0.796812749003984,0.5277044854881267,200,46,969530680349787061,742828358962818490,1663953868291166210,740091576298027481
n10000-g1.5-t0.8-r3-h100042,9,379,569,1.5013192612137203,303,0.8021108179419525,0.7994722955145118,0.5325131810193322,303,74,1663953868291166210,740091576298027481,309709631543613055,252709736950547099
n10000-g1.5-t0.8-r3-h100042,10,569,857,1.5061511423550087,455,0.8014059753954306,0.7996485061511424,0.5309218203033839,455,121,309709631543613055,252709736950547099,1707529223089527723,1660552831838684743
n10000-g1.5-t0.8-r3-h100042,11,857,1289,1.5040840140023337,685,0.8004667444574096,0.7992998833138857,0.5314197051978278,685,179,1707529223089527723,1660552831838684743,1678218114642525821,140165741163539417
n10000-g1.5-t0.8-r3-h100042,12,1289,1949,1.5120248254460822,1031,0.8006206361520558,0.799844840961986,0.5289892252437147,1031,249,1678218114642525821,140165741163539417,1228111197050917686,749434172089294411
n10000-g1.5-t0.8-r3-h100042,13,1949,2927,1.5017957927142125,1559,0.8004104669061057,0.7998973832734736,0.5326272634096344,1559,458,1228111197050917686,749434172089294411,747511221759154564,44502726984438804
n10000-g1.5-t0.8-r3-h100042,14,2927,4391,1.5001708233686368,2341,0.8001366586949095,0.7997950119576358,0.5331359599180141,2341,610,747511221759154564,44502726984438804,2303514931396338039,862557572322978109
n10000-g1.5-t0.8-r3-h100042,15,4391,6599,1.5028467319517194,3512,0.8000455477112275,0.7998178091550899,0.5322018487649643,3512,918,2303514931396338039,862557572322978109,1396136688475786676,314968870173092429
n10000-g1.5-t0.8-r3-h100042,16,6599,9901,1.5003788452795879,5279,0.8001212304894681,0.7999696923776329,0.5331784668215331,5279,1386,1396136688475786676,314968870173092429,717364939692575582,2262827036506202721
n10000-g1.5-t0.8-r3-h100042,17,9901,14867,1.5015654984345015,7920,0.8000201999798,0.7999192000807999,0.5327234815362885,7920,2010,717364939692575582,2262827036506202721,113804778882053273,539984900210946742
n10000-g3-t0.8-r3-h100042,1,11,37,3.3636363636363638,8,0.8181818181818182,0.7272727272727273,0.21621621621621623,8,2,242574829870217526,1179787917218814995,491992425759164443,348434879072938139
n10000-g3-t0.8-r3-h100042,2,37,113,3.054054054054054,29,0.8108108108108109,0.7837837837837838,0.25663716814159293,29,3,491992425759164443,348434879072938139,1500394119087287025,1470517157351862142
n10000-g3-t0.8-r3-h100042,3,113,347,3.0707964601769913,90,0.8053097345132744,0.7964601769911505,0.25936599423631124,90,10,1500394119087287025,1470517157351862142,418253880793689114,35769932174649862
n10000-g3-t0.8-r3-h100042,4,347,1049,3.0230547550432276,277,0.8011527377521613,0.7982708933717579,0.2640610104861773,277,28,418253880793689114,35769932174649862,1867626069630122141,1937800645751945885
n10000-g3-t0.8-r3-h100042,5,1049,3163,3.015252621544328,839,0.8007626310772163,0.7998093422306959,0.26525450521656657,839,117,1867626069630122141,1937800645751945885,725696558778635720,462114612730891953
n10000-g3-t0.8-r3-h100042,6,3163,9491,3.0006323110970596,2530,0.8001896933291179,0.799873537780588,0.2665683278895796,2530,398,725696558778635720,462114612730891953,82620988648231865,854205959242111588
n10000-g3-t0.8-r3-h100042,7,9491,28477,3.0004214519018015,7592,0.80002107259509,0.7999157096196396,0.26660111669066267,7592,828,82620988648231865,854205959242111588,969530680349787061,742828358962818490
n10000-g1.25-t0.9-r3-h100042,1,11,17,1.5454545454545454,9,0.9090909090909091,0.8181818181818182,0.5294117647058824,9,2,242574829870217526,1179787917218814995,491992425759164443,348434879072938139
n10000-g1.25-t0.9-r3-h100042,2,17,23,1.3529411764705883,15,0.9411764705882353,0.8823529411764706,0.6521739130434783,15,1,491992425759164443,348434879072938139,1500394119087287025,1470517157351862142
n10000-g1.25-t0.9-r3-h100042,3,23,29,1.2608695652173914,20,0.9130434782608695,0.8695652173913043,0.6896551724137931,20,7,1500394119087287025,1470517157351862142,418253880793689114,35769932174649862
n10000-g1.25-t0.9-r3-h100042,4,29,37,1.2758620689655173,26,0.9310344827586207,0.896551724137931,0.7027027027027027,26,14,418253880793689114,35769932174649862,1867626069630122141,1937800645751945885
n10000-g1.25-t0.9-r3-h100042,5,37,47,1.2702702702702702,33,0.918918918918919,0.8918918918918919,0.7021276595744681,33,10,1867626069630122141,1937800645751945885,725696558778635720,462114612730891953
n10000-g1.25-t0.9-r3-h100042,6,47,59,1.2553191489361701,42,0.9148936170212766,0.8936170212765957,0.711864406779661,42,14,725696558778635720,462114612730891953,82620988648231865,854205959242111588
n10000-g1.25-t0.9-r3-h100042,7,59,79,1.3389830508474576,53,0.9152542372881356,0.8983050847457628,0.6708860759493671,53,18,82620988648231865,854205959242111588,969530680349787061,742828358962818490
n10000-g1.25-t0.9-r3-h100042,8,79,101,1.2784810126582278,71,0.9113924050632911,0.8987341772151899,0.7029702970297029,71,26,969530680349787061,742828358962818490,1663953868291166210,740091576298027481
n10000-g1.25-t0.9-r3-h100042,9,101,127,1.2574257425742574,90,0.900990099009901,0.8910891089108911,0.7086614173228346,90,33,1663953868291166210,740091576298027481,309709631543613055,252709736950547099
n10000-g1.25-t0.9-r3-h100042,10,127,163,1.2834645669291338,114,0.905511811023622,0.8976377952755905,0.6993865030674846,114,45,309709631543613055,252709736950547099,1707529223089527723,1660552831838684743
n10000-g1.25-t0.9-r3-h100042,11,163,211,1.294478527607362,146,0.901840490797546,0.8957055214723927,0.6919431279620853,146,44,1707529223089527723,1660552831838684743,1678218114642525821,140165741163539417
n10000-g1.25-t0.9-r3-h100042,12,211,269,1.2748815165876777,189,0.9004739336492891,0.8957345971563981,0.7026022304832714,189,57,1678218114642525821,140165741163539417,1228111197050917686,749434172089294411
n10000-g1.25-t0.9-r3-h100042,13,269,337,1.2527881040892193,242,0.9033457249070632,0.8996282527881041,0.7181008902077152,242,79,1228111197050917686,749434172089294411,747511221759154564,44502726984438804
n10000-g1.25-t0.9-r3-h100042,14,337,431,1.2789317507418398,303,0.9020771513353115,0.8991097922848664,0.703016241299304,303,118,747511221759154564,44502726984438804,2303514931396338039,862557572322978109
n10000-g1.25-t0.9-r3-h100042,15,431,541,1.2552204176334107,387,0.9002320185614849,0.8979118329466357,0.7153419593345656,387,128,2303514931396338039,862557572322978109,1396136688475786676,314968870173092429
n10000-g1.25-t0.9-r3-h100042,16,541,677,1.2513863216266174,486,0.9001848428835489,0.8983364140480592,0.7178729689807977,486,184,1396136688475786676,314968870173092429,717364939692575582,2262827036506202721
n10000-g1.25-t0.9-r3-h100042,17,677,853,1.259970457902511,609,0.9010339734121122,0.8995568685376661,0.7139507620164126,609,217,717364939692575582,2262827036506202721,113804778882053273,539984900210946742
n10000-g1.25-t0.9-r3-h100042,18,853,1069,1.2532239155920282,767,0.9003516998827668,0.8991793669402111,0.7174929840972872,767,269,113804778882053273,539984900210946742,2032680673650913499,2014977461342034341
n10000-g1.25-t0.9-r3-h100042,19,1069,1361,1.2731524789522919,962,0.9008419083255379,0.8999064546304958,0.7068332108743571,962,322,2032680673650913499,2014977461342034341,2161998386271604869,2095571098680331574
n10000-g1.25-t0.9-r3-h100042,20,1361,1709,1.2556943423952975,1224,0.9000734753857458,0.899338721528288,0.7162083089526039,1224,470,2161998386271604869,2095571098680331574,1889594878540803231,414848460944964438
n10000-g1.25-t0.9-r3-h100042,21,1709,2137,1.2504388531304858,1538,0.9005266237565828,0.8999414862492686,0.7197005147402902,1538,557,1889594878540803231,414848460944964438,872101162185451044,2028483569680864710
n10000-g1.25-t0.9-r3-h100042,22,2137,2677,1.252690687880206,1923,0.9003275620028077,0.8998596162845109,0.7183414269704893,1923,741,872101162185451044,2028483569680864710,1396558382986098341,2200000714958335268
n10000-g1.25-t0.9-r3-h100042,23,2677,3347,1.250280164363093,2409,0.9002614867388868,0.8998879342547628,0.7197490289811772,2409,856,1396558382986098341,2200000714958335268,1723958621534663025,272645687115492385
n10000-g1.25-t0.9-r3-h100042,24,3347,4201,1.2551538691365403,3012,0.9002091425156857,0.8999103674932776,0.7169721494882171,3012,1073,1723958621534663025,272645687115492385,1395880766718797845,241811488257732761
n10000-g1.25-t0.9-r3-h100042,25,4201,5261,1.252320875981909,3780,0.9000238038562247,0.8997857652939776,0.7184945827789394,3780,1333,1395880766718797845,241811488257732761,1503615569156638400,2007144354259520203
n10000-g1.25-t0.9-r3-h100042,26,5261,6577,1.250142558448964,4734,0.9000190077931952,0.8998289298612431,0.7197810551923369,4734,1612,1503615569156638400,2007144354259520203,603711248096929079,877623996699131994
n10000-g1.25-t0.9-r3-h100042,27,6577,8231,1.2514824388018853,5919,0.9001064315037252,0.8999543864984035,0.7191106791398372,5919,2214,603711248096929079,877623996699131994,1110495296643974960,2108517387945962723
n10000-g1.25-t0.9-r3-h100042,28,8231,10289,1.250030372980197,7407,0.9000121491920787,0.8998906572712915,0.7198950335309554,7407,2556,1110495296643974960,2108517387945962723,551162489893959026,470843809309238713
n10000-g1.25-t0.9-r3-h100042,29,10289,12889,1.2526970551073962,9260,0.9000874720575371,0.8999902808824959,0.7184420823958414,9260,3122,551162489893959026,470843809309238713,1722098243549328647,1146727155808073262
n10000-g4-t0.8-r3-h100042,1,11,47,4.2727272727272725,8,0.8181818181818182,0.7272727272727273,0.1702127659574468,8,1,242574829870217526,1179787917218814995,491992425759164443,348434879072938139
n10000-g4-t0.8-r3-h100042,2,47,191,4.0638297872340425,37,0.8085106382978723,0.7872340425531915,0.193717277486911,37,1,491992425759164443,348434879072938139,1500394119087287025,1470517157351862142
n10000-g4-t0.8-r3-h100042,3,191,769,4.026178010471204,152,0.8010471204188482,0.7958115183246073,0.1976592977893368,152,22,1500394119087287025,1470517157351862142,418253880793689114,35769932174649862
n10000-g4-t0.8-r3-h100042,4,769,3079,4.003901170351106,615,0.8010403120936281,0.7997399219765929,0.1997401753816174,615,55,418253880793689114,35769932174649862,1867626069630122141,1937800645751945885
n10000-g4-t0.8-r3-h100042,5,3079,12323,4.002273465410847,2463,0.8002598246183826,0.7999350438454044,0.199870161486651,2463,208,1867626069630122141,1937800645751945885,725696558778635720,462114612730891953
n10000-g4-t0.8-r3-h100042,6,12323,49297,4.0004057453542154,9858,0.8000486894425058,0.7999675403716627,0.19997160070592532,9858,765,725696558778635720,462114612730891953,82620988648231865,854205959242111588
n10000-g3-t0.7-r3-h100042,1,11,37,3.3636363636363638,7,0.7272727272727273,0.6363636363636364,0.1891891891891892,7,1,242574829870217526,1179787917218814995,491992425759164443,348434879072938139
n10000-g3-t0.7-r3-h100042,2,37,113,3.054054054054054,25,0.7027027027027027,0.6756756756756757,0.22123893805309736,25,3,491992425759164443,348434879072938139,1500394119087287025,1470517157351862142
n10000-g3-t0.7-r3-h100042,3,113,347,3.0707964601769913,79,0.7079646017699115,0.6991150442477876,0.2276657060518732,79,8,1500394119087287025,1470517157351862142,418253880793689114,35769932174649862
n10000-g3-t0.7-r3-h100042,4,347,1049,3.0230547550432276,242,0.7002881844380403,0.6974063400576369,0.23069590085795996,242,20,418253880793689114,35769932174649862,1867626069630122141,1937800645751945885
n10000-g3-t0.7-r3-h100042,5,1049,3163,3.015252621544328,734,0.7006673021925643,0.6997140133460439,0.2320581726209295,734,94,1867626069630122141,1937800645751945885,725696558778635720,462114612730891953
n10000-g3-t0.7-r3-h100042,6,3163,9491,3.0006323110970596,2214,0.7002845399936769,0.699968384445147,0.23327362764724477,2214,313,725696558778635720,462114612730891953,82620988648231865,854205959242111588
n10000-g3-t0.7-r3-h100042,7,9491,28477,3.0004214519018015,6643,0.7000316088926352,0.6999262459171847,0.23327597710432982,6643,641,82620988648231865,854205959242111588,969530680349787061,742828358962818490
n10000-g1.25-t0.8-r3-h100042,1,11,17,1.5454545454545454,8,0.8181818181818182,0.7272727272727273,0.47058823529411764,8,2,242574829870217526,1179787917218814995,491992425759164443,348434879072938139
n10000-g1.25-t0.8-r3-h100042,2,17,23,1.3529411764705883,13,0.8235294117647058,0.7647058823529411,0.5652173913043478,13,1,491992425759164443,348434879072938139,1500394119087287025,1470517157351862142
n10000-g1.25-t0.8-r3-h100042,3,23,29,1.2608695652173914,18,0.8260869565217391,0.782608695652174,0.6206896551724138,18,6,1500394119087287025,1470517157351862142,418253880793689114,35769932174649862
n10000-g1.25-t0.8-r3-h100042,4,29,37,1.2758620689655173,23,0.8275862068965517,0.7931034482758621,0.6216216216216216,23,11,418253880793689114,35769932174649862,1867626069630122141,1937800645751945885
n10000-g1.25-t0.8-r3-h100042,5,37,47,1.2702702702702702,29,0.8108108108108109,0.7837837837837838,0.6170212765957447,29,10,1867626069630122141,1937800645751945885,725696558778635720,462114612730891953
n10000-g1.25-t0.8-r3-h100042,6,47,59,1.2553191489361701,37,0.8085106382978723,0.7872340425531915,0.6271186440677966,37,12,725696558778635720,462114612730891953,82620988648231865,854205959242111588
n10000-g1.25-t0.8-r3-h100042,7,59,79,1.3389830508474576,47,0.8135593220338984,0.7966101694915254,0.5949367088607594,47,15,82620988648231865,854205959242111588,969530680349787061,742828358962818490
n10000-g1.25-t0.8-r3-h100042,8,79,101,1.2784810126582278,63,0.810126582278481,0.7974683544303798,0.6237623762376238,63,20,969530680349787061,742828358962818490,1663953868291166210,740091576298027481
n10000-g1.25-t0.8-r3-h100042,9,101,127,1.2574257425742574,80,0.801980198019802,0.7920792079207921,0.6299212598425197,80,25,1663953868291166210,740091576298027481,309709631543613055,252709736950547099
n10000-g1.25-t0.8-r3-h100042,10,127,163,1.2834645669291338,101,0.8031496062992126,0.7952755905511811,0.6196319018404908,101,34,309709631543613055,252709736950547099,1707529223089527723,1660552831838684743
n10000-g1.25-t0.8-r3-h100042,11,163,211,1.294478527607362,130,0.803680981595092,0.7975460122699386,0.6161137440758294,130,36,1707529223089527723,1660552831838684743,1678218114642525821,140165741163539417
n10000-g1.25-t0.8-r3-h100042,12,211,269,1.2748815165876777,168,0.8009478672985783,0.7962085308056872,0.6245353159851301,168,46,1678218114642525821,140165741163539417,1228111197050917686,749434172089294411
n10000-g1.25-t0.8-r3-h100042,13,269,337,1.2527881040892193,215,0.8029739776951673,0.7992565055762082,0.6379821958456974,215,57,1228111197050917686,749434172089294411,747511221759154564,44502726984438804
n10000-g1.25-t0.8-r3-h100042,14,337,431,1.2789317507418398,269,0.8011869436201781,0.798219584569733,0.6241299303944315,269,96,747511221759154564,44502726984438804,2303514931396338039,862557572322978109
n10000-g1.25-t0.8-r3-h100042,15,431,541,1.2552204176334107,344,0.8004640371229699,0.7981438515081206,0.6358595194085028,344,101,2303514931396338039,862557572322978109,1396136688475786676,314968870173092429
n10000-g1.25-t0.8-r3-h100042,16,541,677,1.2513863216266174,432,0.800369685767098,0.7985212569316081,0.638109305760709,432,139,1396136688475786676,314968870173092429,717364939692575582,2262827036506202721
n10000-g1.25-t0.8-r3-h100042,17,677,853,1.259970457902511,541,0.8005908419497785,0.7991137370753324,0.634232121922626,541,170,717364939692575582,2262827036506202721,113804778882053273,539984900210946742
n10000-g1.25-t0.8-r3-h100042,18,853,1069,1.2532239155920282,682,0.8007033997655334,0.7995310668229777,0.6379794200187091,682,211,113804778882053273,539984900210946742,2032680673650913499,2014977461342034341
n10000-g1.25-t0.8-r3-h100042,19,1069,1361,1.2731524789522919,855,0.8007483629560337,0.7998129092609916,0.6282145481263777,855,254,2032680673650913499,2014977461342034341,2161998386271604869,2095571098680331574
n10000-g1.25-t0.8-r3-h100042,20,1361,1709,1.2556943423952975,1088,0.8001469507714916,0.7994121969140338,0.63662960795787,1088,383,2161998386271604869,2095571098680331574,1889594878540803231,414848460944964438
n10000-g1.25-t0.8-r3-h100042,21,1709,2137,1.2504388531304858,1367,0.8004681100058514,0.7998829724985371,0.6396817969115582,1367,442,1889594878540803231,414848460944964438,872101162185451044,2028483569680864710
n10000-g1.25-t0.8-r3-h100042,22,2137,2677,1.252690687880206,1709,0.8001871782873187,0.799719232569022,0.6384011953679491,1709,598,872101162185451044,2028483569680864710,1396558382986098341,2200000714958335268
n10000-g1.25-t0.8-r3-h100042,23,2677,3347,1.250280164363093,2141,0.8001494209936496,0.7997758685095255,0.6396773229757993,2141,686,1396558382986098341,2200000714958335268,1723958621534663025,272645687115492385
n10000-g1.25-t0.8-r3-h100042,24,3347,4201,1.2551538691365403,2677,0.8001195100089632,0.7998207349865551,0.6372292311354439,2677,853,1723958621534663025,272645687115492385,1395880766718797845,241811488257732761
n10000-g1.25-t0.8-r3-h100042,25,4201,5261,1.252320875981909,3360,0.8000476077124494,0.7998095691502023,0.6386618513590572,3360,1048,1395880766718797845,241811488257732761,1503615569156638400,2007144354259520203
n10000-g1.25-t0.8-r3-h100042,26,5261,6577,1.250142558448964,4208,0.8000380155863904,0.7998479376544383,0.6398053823931884,4208,1279,1503615569156638400,2007144354259520203,603711248096929079,877623996699131994
n10000-g1.25-t0.8-r3-h100042,27,6577,8231,1.2514824388018853,5261,0.8000608180021286,0.7999087729968071,0.6391689952618151,5261,1732,603711248096929079,877623996699131994,1110495296643974960,2108517387945962723
n10000-g1.25-t0.8-r3-h100042,28,8231,10289,1.250030372980197,6584,0.8000242983841575,0.7999028064633702,0.6399066964719603,6584,2029,1110495296643974960,2108517387945962723,551162489893959026,470843809309238713
n10000-g1.25-t0.8-r3-h100042,29,10289,12889,1.2526970551073962,8231,0.800077752940033,0.7999805617649918,0.6386065637365195,8231,2510,551162489893959026,470843809309238713,1722098243549328647,1146727155808073262
n10000-g4-t0.9-r3-h100042,1,11,47,4.2727272727272725,9,0.9090909090909091,0.8181818181818182,0.19148936170212766,9,1,242574829870217526,1179787917218814995,491992425759164443,348434879072938139
n10000-g4-t0.9-r3-h100042,2,47,191,4.0638297872340425,42,0.9148936170212766,0.8936170212765957,0.2198952879581152,42,3,491992425759164443,348434879072938139,1500394119087287025,1470517157351862142
n10000-g4-t0.9-r3-h100042,3,191,769,4.026178010471204,171,0.900523560209424,0.8952879581151832,0.2223667100130039,171,26,1500394119087287025,1470517157351862142,418253880793689114,35769932174649862
n10000-g4-t0.9-r3-h100042,4,769,3079,4.003901170351106,692,0.9011703511053316,0.8998699609882965,0.22474829490094186,692,63,418253880793689114,35769932174649862,1867626069630122141,1937800645751945885
n10000-g4-t0.9-r3-h100042,5,3079,12323,4.002273465410847,2771,0.9002923026956804,0.8999675219227021,0.22486407530633773,2771,260,1867626069630122141,1937800645751945885,725696558778635720,462114612730891953
n10000-g4-t0.5-r3-h100042,1,11,47,4.2727272727272725,5,0.5454545454545454,0.45454545454545453,0.10638297872340426,5,0,242574829870217526,1179787917218814995,491992425759164443,348434879072938139
n10000-g4-t0.5-r3-h100042,2,47,191,4.0638297872340425,23,0.5106382978723404,0.48936170212765956,0.12041884816753927,23,0,491992425759164443,348434879072938139,1500394119087287025,1470517157351862142
n10000-g4-t0.5-r3-h100042,3,191,769,4.026178010471204,95,0.5026178010471204,0.4973821989528796,0.1235370611183355,95,8,1500394119087287025,1470517157351862142,418253880793689114,35769932174649862
n10000-g4-t0.5-r3-h100042,4,769,3079,4.003901170351106,384,0.5006501950585176,0.49934980494148246,0.12471581682364404,384,31,418253880793689114,35769932174649862,1867626069630122141,1937800645751945885
n10000-g4-t0.5-r3-h100042,5,3079,12323,4.002273465410847,1539,0.5001623903864891,0.49983760961351087,0.12488842002759068,1539,71,1867626069630122141,1937800645751945885,725696558778635720,462114612730891953
n10000-g4-t0.5-r3-h100042,6,12323,49297,4.0004057453542154,6161,0.5000405745354216,0.49995942546457844,0.12497717913868998,6161,285,725696558778635720,462114612730891953,82620988648231865,854205959242111588
n10000-g4-t0.7-r3-h100042,1,11,47,4.2727272727272725,7,0.7272727272727273,0.6363636363636364,0.14893617021276595,7,1,242574829870217526,1179787917218814995,491992425759164443,348434879072938139
n10000-g4-t0.7-r3-h100042,2,47,191,4.0638297872340425,32,0.7021276595744681,0.6808510638297872,0.16753926701570682,32,1,491992425759164443,348434879072938139,1500394119087287025,1470517157351862142
n10000-g4-t0.7-r3-h100042,3,191,769,4.026178010471204,133,0.7015706806282722,0.6963350785340314,0.1729518855656697,133,15,1500394119087287025,1470517157351862142,418253880793689114,35769932174649862
n10000-g4-t0.7-r3-h100042,4,769,3079,4.003901170351106,538,0.7009102730819246,0.6996098829648895,0.17473205586229296,538,50,418253880793689114,35769932174649862,1867626069630122141,1937800645751945885
n10000-g4-t0.7-r3-h100042,5,3079,12323,4.002273465410847,2155,0.7002273465410848,0.6999025657681065,0.17487624766696422,2155,158,1867626069630122141,1937800645751945885,725696558778635720,462114612730891953
n10000-g4-t0.7-r3-h100042,6,12323,49297,4.0004057453542154,8626,0.7000730341637589,0.6999918850929157,0.174980221920198,8626,569,725696558778635720,462114612730891953,82620988648231865,854205959242111588
n10000-g3-t0.9-r3-h100042,1,11,37,3.3636363636363638,9,0.9090909090909091,0.8181818181818182,0.24324324324324326,9,2,242574829870217526,1179787917218814995,491992425759164443,348434879072938139
n10000-g3-t0.9-r3-h100042,2,37,113,3.054054054054054,33,0.918918918918919,0.8918918918918919,0.2920353982300885,33,4,491992425759164443,348434879072938139,1500394119087287025,1470517157351862142
n10000-g3-t0.9-r3-h100042,3,113,347,3.0707964601769913,101,0.9026548672566371,0.8938053097345132,0.2910662824207493,101,13,1500394119087287025,1470517157351862142,418253880793689114,35769932174649862
n10000-g3-t0.9-r3-h100042,4,347,1049,3.0230547550432276,312,0.9020172910662824,0.899135446685879,0.2974261201143947,312,38,418253880793689114,35769932174649862,1867626069630122141,1937800645751945885
n10000-g3-t0.9-r3-h100042,5,1049,3163,3.015252621544328,944,0.9008579599618685,0.899904671115348,0.2984508378122036,944,157,1867626069630122141,1937800645751945885,725696558778635720,462114612730891953
n10000-g3-t0.9-r3-h100042,6,3163,9491,3.0006323110970596,2846,0.900094846664559,0.899778691116029,0.29986302813191446,2846,502,725696558778635720,462114612730891953,82620988648231865,854205959242111588
n10000-g3-t0.9-r3-h100042,7,9491,28477,3.0004214519018015,8541,0.900010536297545,0.8999051733220946,0.2999262562769955,8541,1057,82620988648231865,854205959242111588,969530680349787061,742828358962818490
n10000-g1.5-t0.7-r3-h100042,1,11,17,1.5454545454545454,7,0.7272727272727273,0.6363636363636364,0.4117647058823529,7,2,242574829870217526,1179787917218814995,491992425759164443,348434879072938139
n10000-g1.5-t0.7-r3-h100042,2,17,29,1.7058823529411764,11,0.7058823529411765,0.6470588235294118,0.3793103448275862,11,3,491992425759164443,348434879072938139,1500394119087287025,1470517157351862142
n10000-g1.5-t0.7-r3-h100042,3,29,47,1.6206896551724137,20,0.7241379310344828,0.6896551724137931,0.425531914893617,20,3,1500394119087287025,1470517157351862142,418253880793689114,35769932174649862
n10000-g1.5-t0.7-r3-h100042,4,47,71,1.5106382978723405,32,0.7021276595744681,0.6808510638297872,0.4507042253521127,32,10,418253880793689114,35769932174649862,1867626069630122141,1937800645751945885
n10000-g1.5-t0.7-r3-h100042,5,71,107,1.5070422535211268,49,0.704225352112676,0.6901408450704225,0.45794392523364486,49,13,1867626069630122141,1937800645751945885,725696558778635720,462114612730891953
n10000-g1.5-t0.7-r3-h100042,6,107,163,1.5233644859813085,74,0.7009345794392523,0.6915887850467289,0.4539877300613497,74,14,725696558778635720,462114612730891953,82620988648231865,854205959242111588
n10000-g1.5-t0.7-r3-h100042,7,163,251,1.539877300613497,114,0.7055214723926381,0.6993865030674846,0.4541832669322709,114,24,82620988648231865,854205959242111588,969530680349787061,742828358962818490
n10000-g1.5-t0.7-r3-h100042,8,251,379,1.5099601593625498,175,0.701195219123506,0.6972111553784861,0.46174142480211083,175,37,969530680349787061,742828358962818490,1663953868291166210,740091576298027481
n10000-g1.5-t0.7-r3-h100042,9,379,569,1.5013192612137203,265,0.7018469656992085,0.6992084432717678,0.46572934973637964,265,60,1663953868291166210,740091576298027481,309709631543613055,252709736950547099
n10000-g1.5-t0.7-r3-h100042,10,569,857,1.5061511423550087,398,0.7012302284710018,0.6994727592267135,0.4644107351225204,398,92,309709631543613055,252709736950547099,1707529223089527723,1660552831838684743
n10000-g1.5-t0.7-r3-h100042,11,857,1289,1.5040840140023337,599,0.7001166861143524,0.6989498249708285,0.46470131885182314,599,144,1707529223089527723,1660552831838684743,1678218114642525821,140165741163539417
n10000-g1.5-t0.7-r3-h100042,12,1289,1949,1.5120248254460822,902,0.7005430566330488,0.6997672614429791,0.4628014366341714,902,191,1678218114642525821,140165741163539417,1228111197050917686,749434172089294411
n10000-g1.5-t0.7-r3-h100042,13,1949,2927,1.5017957927142125,1364,0.7003591585428425,0.6998460749102103,0.4660061496412709,1364,362,1228111197050917686,749434172089294411,747511221759154564,44502726984438804
n10000-g1.5-t0.7-r3-h100042,14,2927,4391,1.5001708233686368,2048,0.7000341646737274,0.6996925179364537,0.4664085629697108,2048,462,747511221759154564,44502726984438804,2303514931396338039,862557572322978109
n10000-g1.5-t0.7-r3-h100042,15,4391,6599,1.5028467319517194,3073,0.7000683215668413,0.6998405830107037,0.4656766176693438,3073,691,2303514931396338039,862557572322978109,1396136688475786676,314968870173092429
n10000-g1.5-t0.7-r3-h100042,16,6599,9901,1.5003788452795879,4619,0.7001060766782846,0.6999545385664495,0.4665185334814665,4619,1072,1396136688475786676,314968870173092429,717364939692575582,2262827036506202721
n10000-g1.5-t0.7-r3-h100042,17,9901,14867,1.5015654984345015,6930,0.7000302999697,0.6999293000707,0.46613304634425234,6930,1519,717364939692575582,2262827036506202721,113804778882053273,539984900210946742
n10000-g2-t0.8-r3-h100042,1,11,23,2.090909090909091,8,0.8181818181818182,0.7272727272727273,0.34782608695652173,8,2,242574829870217526,1179787917218814995,491992425759164443,348434879072938139
n10000-g2-t0.8-r3-h100042,2,23,47,2.0434782608695654,18,0.8260869565217391,0.782608695652174,0.3829787234042553,18,0,491992425759164443,348434879072938139,1500394119087287025,1470517157351862142
n10000-g2-t0.8-r3-h100042,3,47,97,2.0638297872340425,37,0.8085106382978723,0.7872340425531915,0.38144329896907214,37,13,1500394119087287025,1470517157351862142,418253880793689114,35769932174649862
n10000-g2-t0.8-r3-h100042,4,97,197,2.0309278350515463,77,0.8041237113402062,0.7938144329896907,0.39086294416243655,77,9,418253880793689114,35769932174649862,1867626069630122141,1937800645751945885
n10000-g2-t0.8-r3-h100042,5,197,397,2.015228426395939,157,0.8020304568527918,0.7969543147208121,0.3954659949622166,157,28,1867626069630122141,1937800645751945885,725696558778635720,462114612730891953
n10000-g2-t0.8-r3-h100042,6,397,797,2.0075566750629723,317,0.801007556675063,0.7984886649874056,0.397741530740276,317,56,725696558778635720,462114612730891953,82620988648231865,854205959242111588
n10000-g2-t0.8-r3-h100042,7,797,1597,2.0037641154328734,637,0.8005018820577164,0.7992471769134254,0.39887288666249215,637,131,82620988648231865,854205959242111588,969530680349787061,742828358962818490
n10000-g2-t0.8-r3-h100042,8,1597,3203,2.005635566687539,1277,0.8002504696305573,0.799624295554164,0.398688729316266,1277,252,969530680349787061,742828358962818490,1663953868291166210,740091576298027481
n10000-g2-t0.8-r3-h100042,9,3203,6421,2.0046831095847644,2562,0.8001873243833906,0.7998751170777396,0.3990032705186108,2562,520,1663953868291166210,740091576298027481,309709631543613055,252709736950547099
n10000-g2-t0.8-r3-h100042,10,6421,12853,2.001713128796138,5136,0.8000311477962934,0.7998754088148263,0.399595425192562,5136,939,309709631543613055,252709736950547099,1707529223089527723,1660552831838684743
n10000-g1.5-t0.5-r3-h100042,1,11,17,1.5454545454545454,5,0.5454545454545454,0.45454545454545453,0.29411764705882354,5,1,242574829870217526,1179787917218814995,491992425759164443,348434879072938139
n10000-g1.5-t0.5-r3-h100042,2,17,29,1.7058823529411764,8,0.5294117647058824,0.47058823529411764,0.27586206896551724,8,0,491992425759164443,348434879072938139,1500394119087287025,1470517157351862142
n10000-g1.5-t0.5-r3-h100042,3,29,47,1.6206896551724137,14,0.5172413793103449,0.4827586206896552,0.2978723404255319,14,1,1500394119087287025,1470517157351862142,418253880793689114,35769932174649862
n10000-g1.5-t0.5-r3-h100042,4,47,71,1.5106382978723405,23,0.5106382978723404,0.48936170212765956,0.323943661971831,23,2,418253880793689114,35769932174649862,1867626069630122141,1937800645751945885
n10000-g1.5-t0.5-r3-h100042,5,71,107,1.5070422535211268,35,0.5070422535211268,0.49295774647887325,0.32710280373831774,35,4,1867626069630122141,1937800645751945885,725696558778635720,462114612730891953
n10000-g1.5-t0.5-r3-h100042,6,107,163,1.5233644859813085,53,0.5046728971962616,0.4953271028037383,0.32515337423312884,53,7,725696558778635720,462114612730891953,82620988648231865,854205959242111588
n10000-g1.5-t0.5-r3-h100042,7,163,251,1.539877300613497,81,0.5030674846625767,0.49693251533742333,0.32270916334661354,81,15,82620988648231865,854205959242111588,969530680349787061,742828358962818490
n10000-g1.5-t0.5-r3-h100042,8,251,379,1.5099601593625498,125,0.50199203187251,0.49800796812749004,0.32981530343007914,125,17,969530680349787061,742828358962818490,1663953868291166210,740091576298027481
n10000-g1.5-t0.5-r3-h100042,9,379,569,1.5013192612137203,189,0.5013192612137203,0.49868073878627966,0.3321616871704745,189,35,1663953868291166210,740091576298027481,309709631543613055,252709736950547099
n10000-g1.5-t0.5-r3-h100042,10,569,857,1.5061511423550087,284,0.5008787346221442,0.4991212653778559,0.3313885647607935,284,44,309709631543613055,252709736950547099,1707529223089527723,1660552831838684743
n10000-g1.5-t0.5-r3-h100042,11,857,1289,1.5040840140023337,428,0.5005834305717619,0.49941656942823803,0.33204034134988364,428,68,1707529223089527723,1660552831838684743,1678218114642525821,140165741163539417
n10000-g1.5-t0.5-r3-h100042,12,1289,1949,1.5120248254460822,644,0.5003878975950349,0.49961210240496506,0.3304258594150847,644,96,1678218114642525821,140165741163539417,1228111197050917686,749434172089294411
n10000-g1.5-t0.5-r3-h100042,13,1949,2927,1.5017957927142125,974,0.5002565418163161,0.49974345818368393,0.3327639221045439,974,189,1228111197050917686,749434172089294411,747511221759154564,44502726984438804
n10000-g1.5-t0.5-r3-h100042,14,2927,4391,1.5001708233686368,1463,0.5001708233686368,0.49982917663136317,0.33318150762924165,1463,237,747511221759154564,44502726984438804,2303514931396338039,862557572322978109
n10000-g1.5-t0.5-r3-h100042,15,4391,6599,1.5028467319517194,2195,0.5001138692780688,0.4998861307219312,0.33262615547810276,2195,348,2303514931396338039,862557572322978109,1396136688475786676,314968870173092429
n10000-g1.5-t0.5-r3-h100042,16,6599,9901,1.5003788452795879,3299,0.5000757690559176,0.49992423094408245,0.3331986668013332,3299,535,1396136688475786676,314968870173092429,717364939692575582,2262827036506202721
n10000-g1.5-t0.5-r3-h100042,17,9901,14867,1.5015654984345015,4950,0.5000504999495,0.49994950005049993,0.3329521759601803,4950,757,717364939692575582,2262827036506202721,113804778882053273,539984900210946742
n10000-g1.5-t0.5-r3-h100042,18,14867,22303,1.5001681576646264,7433,0.5000336315329252,0.4999663684670747,0.3332735506434112,7433,1115,113804778882053273,539984900210946742,2032680673650913499,2014977461342034341
n10000-g2-t0.9-r3-h100042,1,11,23,2.090909090909091,9,0.9090909090909091,0.8181818181818182,0.391304347826087,9,2,242574829870217526,1179787917218814995,491992425759164443,348434879072938139
n10000-g2-t0.9-r3-h100042,2,23,47,2.0434782608695654,20,0.9130434782608695,0.8695652173913043,0.425531914893617,20,1,491992425759164443,348434879072938139,1500394119087287025,1470517157351862142
n10000-g2-t0.9-r3-h100042,3,47,97,2.0638297872340425,42,0.9148936170212766,0.8936170212765957,0.4329896907216495,42,13,1500394119087287025,1470517157351862142,418253880793689114,35769932174649862
n10000-g2-t0.9-r3-h100042,4,97,197,2.0309278350515463,87,0.9072164948453608,0.8969072164948454,0.4416243654822335,87,13,418253880793689114,35769932174649862,1867626069630122141,1937800645751945885
n10000-g2-t0.9-r3-h100042,5,197,397,2.015228426395939,177,0.9035532994923858,0.8984771573604061,0.44584382871536526,177,36,1867626069630122141,1937800645751945885,725696558778635720,462114612730891953
n10000-g2-t0.9-r3-h100042,6,397,797,2.0075566750629723,357,0.9017632241813602,0.8992443324937027,0.4479297365119197,357,71,725696558778635720,462114612730891953,82620988648231865,854205959242111588
n10000-g2-t0.9-r3-h100042,7,797,1597,2.0037641154328734,717,0.9008782936010038,0.8996235884567126,0.4489668127739512,717,169,82620988648231865,854205959242111588,969530680349787061,742828358962818490
n10000-g2-t0.9-r3-h100042,8,1597,3203,2.005635566687539,1437,0.9004383218534753,0.8998121477770821,0.44864189822041833,1437,322,969530680349787061,742828358962818490,1663953868291166210,740091576298027481
n10000-g2-t0.9-r3-h100042,9,3203,6421,2.0046831095847644,2882,0.9000936621916953,0.8997814548860443,0.4488397445880704,2882,659,1663953868291166210,740091576298027481,309709631543613055,252709736950547099
n10000-g2-t0.9-r3-h100042,10,6421,12853,2.001713128796138,5778,0.9000155738981467,0.8998598349166796,0.4495448533416323,5778,1213,309709631543613055,252709736950547099,1707529223089527723,1660552831838684743
n10000-g1.5-t0.9-r3-h100042,1,11,17,1.5454545454545454,9,0.9090909090909091,0.8181818181818182,0.5294117647058824,9,2,242574829870217526,1179787917218814995,491992425759164443,348434879072938139
n10000-g1.5-t0.9-r3-h100042,2,17,29,1.7058823529411764,15,0.9411764705882353,0.8823529411764706,0.5172413793103449,15,8,491992425759164443,348434879072938139,1500394119087287025,1470517157351862142
n10000-g1.5-t0.9-r3-h100042,3,29,47,1.6206896551724137,26,0.9310344827586207,0.896551724137931,0.5531914893617021,26,6,1500394119087287025,1470517157351862142,418253880793689114,35769932174649862
n10000-g1.5-t0.9-r3-h100042,4,47,71,1.5106382978723405,42,0.9148936170212766,0.8936170212765957,0.5915492957746479,42,16,418253880793689114,35769932174649862,1867626069630122141,1937800645751945885
n10000-g1.5-t0.9-r3-h100042,5,71,107,1.5070422535211268,63,0.9014084507042254,0.8873239436619719,0.5887850467289719,63,18,1867626069630122141,1937800645751945885,725696558778635720,462114612730891953
n10000-g1.5-t0.9-r3-h100042,6,107,163,1.5233644859813085,96,0.9065420560747663,0.897196261682243,0.588957055214724,96,27,725696558778635720,462114612730891953,82620988648231865,854205959242111588
n10000-g1.5-t0.9-r3-h100042,7,163,251,1.539877300613497,146,0.901840490797546,0.8957055214723927,0.5816733067729084,146,46,82620988648231865,854205959242111588,969530680349787061,742828358962818490
n10000-g1.5-t0.9-r3-h100042,8,251,379,1.5099601593625498,225,0.900398406374502,0.896414342629482,0.5936675461741425,225,58,969530680349787061,742828358962818490,1663953868291166210,740091576298027481
n10000-g1.5-t0.9-r3-h100042,9,379,569,1.5013192612137203,341,0.9023746701846965,0.899736147757256,0.5992970123022847,341,97,1663953868291166210,740091576298027481,309709631543613055,252709736950547099
n10000-g1.5-t0.9-r3-h100042,10,569,857,1.5061511423550087,512,0.9015817223198594,0.8998242530755711,0.5974329054842473,512,155,309709631543613055,252709736950547099,1707529223089527723,1660552831838684743
n10000-g1.5-t0.9-r3-h100042,11,857,1289,1.5040840140023337,771,0.9008168028004667,0.8996499416569428,0.5981380915438325,771,231,1707529223089527723,1660552831838684743,1678218114642525821,140165741163539417
n10000-g1.5-t0.9-r3-h100042,12,1289,1949,1.5120248254460822,1160,0.9006982156710628,0.899922420480993,0.595177013853258,1160,329,1678218114642525821,140165741163539417,1228111197050917686,749434172089294411
n10000-g1.5-t0.9-r3-h100042,13,1949,2927,1.5017957927142125,1754,0.9004617752693689,0.8999486916367367,0.599248377177998,1754,558,1228111197050917686,749434172089294411,747511221759154564,44502726984438804
n10000-g1.5-t0.9-r3-h100042,14,2927,4391,1.5001708233686368,2634,0.9002391527160916,0.8998975059788179,0.5998633568663174,2634,784,747511221759154564,44502726984438804,2303514931396338039,862557572322978109
n10000-g1.5-t0.9-r3-h100042,15,4391,6599,1.5028467319517194,3951,0.9000227738556138,0.8997950352994762,0.5987270798605849,3951,1152,2303514931396338039,862557572322978109,1396136688475786676,314968870173092429
n10000-g1.5-t0.9-r3-h100042,16,6599,9901,1.5003788452795879,5939,0.9001363843006516,0.8999848461888165,0.5998384001615998,5939,1758,1396136688475786676,314968870173092429,717364939692575582,2262827036506202721
n10000-g1.5-t0.9-r3-h100042,17,9901,14867,1.5015654984345015,8910,0.9000100999899,0.8999091000908999,0.5993139167283245,8910,2498,717364939692575582,2262827036506202721,113804778882053273,539984900210946742
n10000-g1.25-t0.5-r3-h100042,1,11,17,1.5454545454545454,5,0.5454545454545454,0.45454545454545453,0.29411764705882354,5,1,242574829870217526,1179787917218814995,491992425759164443,348434879072938139
n10000-g1.25-t0.5-r3-h100042,2,17,23,1.3529411764705883,8,0.5294117647058824,0.47058823529411764,0.34782608695652173,8,0,491992425759164443,348434879072938139,1500394119087287025,1470517157351862142
n10000-g1.25-t0.5-r3-h100042,3,23,29,1.2608695652173914,11,0.5217391304347826,0.4782608695652174,0.3793103448275862,11,2,1500394119087287025,1470517157351862142,418253880793689114,35769932174649862
n10000-g1.25-t0.5-r3-h100042,4,29,37,1.2758620689655173,14,0.5172413793103449,0.4827586206896552,0.3783783783783784,14,3,418253880793689114,35769932174649862,1867626069630122141,1937800645751945885
n10000-g1.25-t0.5-r3-h100042,5,37,47,1.2702702702702702,18,0.5135135135135135,0.4864864864864865,0.3829787234042553,18,2,1867626069630122141,1937800645751945885,725696558778635720,462114612730891953
n10000-g1.25-t0.5-r3-h100042,6,47,59,1.2553191489361701,23,0.5106382978723404,0.48936170212765956,0.3898305084745763,23,4,725696558778635720,462114612730891953,82620988648231865,854205959242111588
n10000-g1.25-t0.5-r3-h100042,7,59,79,1.3389830508474576,29,0.5084745762711864,0.4915254237288136,0.3670886075949367,29,6,82620988648231865,854205959242111588,969530680349787061,742828358962818490
n10000-g1.25-t0.5-r3-h100042,8,79,101,1.2784810126582278,39,0.5063291139240507,0.4936708860759494,0.38613861386138615,39,8,969530680349787061,742828358962818490,1663953868291166210,740091576298027481
n10000-g1.25-t0.5-r3-h100042,9,101,127,1.2574257425742574,50,0.504950495049505,0.49504950495049505,0.3937007874015748,50,16,1663953868291166210,740091576298027481,309709631543613055,252709736950547099
n10000-g1.25-t0.5-r3-h100042,10,127,163,1.2834645669291338,63,0.5039370078740157,0.49606299212598426,0.38650306748466257,63,19,309709631543613055,252709736950547099,1707529223089527723,1660552831838684743
n10000-g1.25-t0.5-r3-h100042,11,163,211,1.294478527607362,81,0.5030674846625767,0.49693251533742333,0.38388625592417064,81,15,1707529223089527723,1660552831838684743,1678218114642525821,140165741163539417
n10000-g1.25-t0.5-r3-h100042,12,211,269,1.2748815165876777,105,0.5023696682464455,0.4976303317535545,0.3903345724907063,105,16,1678218114642525821,140165741163539417,1228111197050917686,749434172089294411
n10000-g1.25-t0.5-r3-h100042,13,269,337,1.2527881040892193,134,0.5018587360594795,0.49814126394052044,0.39762611275964393,134,20,1228111197050917686,749434172089294411,747511221759154564,44502726984438804
n10000-g1.25-t0.5-r3-h100042,14,337,431,1.2789317507418398,168,0.5014836795252225,0.49851632047477745,0.38979118329466356,168,37,747511221759154564,44502726984438804,2303514931396338039,862557572322978109
n10000-g1.25-t0.5-r3-h100042,15,431,541,1.2552204176334107,215,0.5011600928074246,0.4988399071925754,0.3974121996303142,215,43,2303514931396338039,862557572322978109,1396136688475786676,314968870173092429
n10000-g1.25-t0.5-r3-h100042,16,541,677,1.2513863216266174,270,0.5009242144177449,0.49907578558225507,0.3988183161004431,270,57,1396136688475786676,314968870173092429,717364939692575582,2262827036506202721
n10000-g1.25-t0.5-r3-h100042,17,677,853,1.259970457902511,338,0.5007385524372231,0.49926144756277696,0.3962485345838218,338,63,717364939692575582,2262827036506202721,113804778882053273,539984900210946742
n10000-g1.25-t0.5-r3-h100042,18,853,1069,1.2532239155920282,426,0.5005861664712778,0.49941383352872215,0.3985032740879326,426,75,113804778882053273,539984900210946742,2032680673650913499,2014977461342034341
n10000-g1.25-t0.5-r3-h100042,19,1069,1361,1.2731524789522919,534,0.500467726847521,0.49953227315247895,0.3923585598824394,534,93,2032680673650913499,2014977461342034341,2161998386271604869,2095571098680331574
n10000-g1.25-t0.5-r3-h100042,20,1361,1709,1.2556943423952975,680,0.5003673769287289,0.4996326230712711,0.3978935049736688,680,154,2161998386271604869,2095571098680331574,1889594878540803231,414848460944964438
n10000-g1.25-t0.5-r3-h100042,21,1709,2137,1.2504388531304858,854,0.5002925687536571,0.49970743124634287,0.39962564342536266,854,161,1889594878540803231,414848460944964438,872101162185451044,2028483569680864710
n10000-g1.25-t0.5-r3-h100042,22,2137,2677,1.252690687880206,1068,0.5002339728591484,0.49976602714085167,0.39895405304445275,1068,218,872101162185451044,2028483569680864710,1396558382986098341,2200000714958335268
n10000-g1.25-t0.5-r3-h100042,23,2677,3347,1.250280164363093,1338,0.500186776242062,0.49981322375793796,0.3997609799820735,1338,274,1396558382986098341,2200000714958335268,1723958621534663025,272645687115492385
n10000-g1.25-t0.5-r3-h100042,24,3347,4201,1.2551538691365403,1673,0.5001493875112041,0.4998506124887959,0.3982385146393716,1673,316,1723958621534663025,272645687115492385,1395880766718797845,241811488257732761
n10000-g1.25-t0.5-r3-h100042,25,4201,5261,1.252320875981909,2100,0.5001190192811236,0.49988098071887643,0.39916365709941076,2100,424,1395880766718797845,241811488257732761,1503615569156638400,2007144354259520203
n10000-g1.25-t0.5-r3-h100042,26,5261,6577,1.250142558448964,2630,0.5000950389659761,0.49990496103402393,0.3998783639957427,2630,472,1503615569156638400,2007144354259520203,603711248096929079,877623996699131994
n10000-g1.25-t0.5-r3-h100042,27,6577,8231,1.2514824388018853,3288,0.5000760225026608,0.4999239774973392,0.39946543554853603,3288,654,603711248096929079,877623996699131994,1110495296643974960,2108517387945962723
n10000-g1.25-t0.5-r3-h100042,28,8231,10289,1.250030372980197,4115,0.5000607459603936,0.4999392540396064,0.3999416852949752,4115,818,1110495296643974960,2108517387945962723,551162489893959026,470843809309238713
n10000-g1.25-t0.5-r3-h100042,29,10289,12889,1.2526970551073962,5144,0.5000485955875207,0.49995140441247937,0.3991000077585538,5144,1000,551162489893959026,470843809309238713,1722098243549328647,1146727155808073262
n10000-g1.25-t0.5-r3-h100042,30,12889,16127,1.2512219722243774,6444,0.5000387927690279,0.49996120723097215,0.39957834687170585,6444,1180,1722098243549328647,1146727155808073262,209967521065575326,106090947685889366
n10000-g1.25-t0.5-r3-h100042,31,16127,20161,1.250139517579215,8063,0.5000310039064922,0.49996899609350776,0.3999305590000496,8063,1424,209967521065575326,106090947685889366,742541064090748023,1329144817845688235
n10000-g2-t0.5-r3-h100042,1,11,23,2.090909090909091,5,0.5454545454545454,0.45454545454545453,0.21739130434782608,5,1,242574829870217526,1179787917218814995,491992425759164443,348434879072938139
n10000-g2-t0.5-r3-h100042,2,23,47,2.0434782608695654,11,0.5217391304347826,0.4782608695652174,0.23404255319148937,11,0,491992425759164443,348434879072938139,1500394119087287025,1470517157351862142
n10000-g2-t0.5-r3-h100042,3,47,97,2.0638297872340425,23,0.5106382978723404,0.48936170212765956,0.23711340206185566,23,4,1500394119087287025,1470517157351862142,418253880793689114,35769932174649862
n10000-g2-t0.5-r3-h100042,4,97,197,2.0309278350515463,48,0.5051546391752577,0.4948453608247423,0.2436548223350254,48,3,418253880793689114,35769932174649862,1867626069630122141,1937800645751945885
n10000-g2-t0.5-r3-h100042,5,197,397,2.015228426395939,98,0.5025380710659898,0.49746192893401014,0.24685138539042822,98,10,1867626069630122141,1937800645751945885,725696558778635720,462114612730891953
n10000-g2-t0.5-r3-h100042,6,397,797,2.0075566750629723,198,0.5012594458438288,0.4987405541561713,0.24843161856963614,198,18,725696558778635720,462114612730891953,82620988648231865,854205959242111588
n10000-g2-t0.5-r3-h100042,7,797,1597,2.0037641154328734,398,0.5006273525721455,0.4993726474278545,0.24921728240450847,398,48,82620988648231865,854205959242111588,969530680349787061,742828358962818490
n10000-g2-t0.5-r3-h100042,8,1597,3203,2.005635566687539,798,0.5003130870381967,0.4996869129618034,0.2491414299094599,798,99,969530680349787061,742828358962818490,1663953868291166210,740091576298027481
n10000-g2-t0.5-r3-h100042,9,3203,6421,2.0046831095847644,1601,0.5001561036528255,0.4998438963471745,0.249338109328765,1601,202,1663953868291166210,740091576298027481,309709631543613055,252709736950547099
n10000-g2-t0.5-r3-h100042,10,6421,12853,2.001713128796138,3210,0.5000778694907335,0.4999221305092665,0.2497471407453513,3210,371,309709631543613055,252709736950547099,1707529223089527723,1660552831838684743
n10000-g2-t0.5-r3-h100042,11,12853,25717,2.0008558313234266,6426,0.5000389014237921,0.4999610985762079,0.24987362445075242,6426,913,1707529223089527723,1660552831838684743,1678218114642525821,140165741163539417
n10000-g4-t0.8-r4-h130042,1,11,47,4.2727272727272725,8,0.8181818181818182,0.7272727272727273,0.1702127659574468,8,0,316545033741923045,2257049165429968084,1282404536482396009,2294418764409128083
n10000-g4-t0.8-r4-h130042,2,47,191,4.0638297872340425,37,0.8085106382978723,0.7872340425531915,0.193717277486911,37,3,1282404536482396009,2294418764409128083,1846888735089067198,1149673853302403335
n10000-g4-t0.8-r4-h130042,3,191,769,4.026178010471204,152,0.8010471204188482,0.7958115183246073,0.1976592977893368,152,8,1846888735089067198,1149673853302403335,310320299593778507,1470046287862092905
n10000-g4-t0.8-r4-h130042,4,769,3079,4.003901170351106,615,0.8010403120936281,0.7997399219765929,0.1997401753816174,615,60,310320299593778507,1470046287862092905,873904176685936908,1712668518396823148
n10000-g4-t0.8-r4-h130042,5,3079,12323,4.002273465410847,2463,0.8002598246183826,0.7999350438454044,0.199870161486651,2463,251,873904176685936908,1712668518396823148,1213554751921887004,1608349030757973988
n10000-g4-t0.8-r4-h130042,6,12323,49297,4.0004057453542154,9858,0.8000486894425058,0.7999675403716627,0.19997160070592532,9858,725,1213554751921887004,1608349030757973988,1261420028908620234,179813914822843760
n10000-g1.5-t0.7-r4-h130042,1,11,17,1.5454545454545454,7,0.7272727272727273,0.6363636363636364,0.4117647058823529,7,0,316545033741923045,2257049165429968084,1282404536482396009,2294418764409128083
n10000-g1.5-t0.7-r4-h130042,2,17,29,1.7058823529411764,11,0.7058823529411765,0.6470588235294118,0.3793103448275862,11,2,1282404536482396009,2294418764409128083,1846888735089067198,1149673853302403335
n10000-g1.5-t0.7-r4-h130042,3,29,47,1.6206896551724137,20,0.7241379310344828,0.6896551724137931,0.425531914893617,20,5,1846888735089067198,1149673853302403335,310320299593778507,1470046287862092905
n10000-g1.5-t0.7-r4-h130042,4,47,71,1.5106382978723405,32,0.7021276595744681,0.6808510638297872,0.4507042253521127,32,4,310320299593778507,1470046287862092905,873904176685936908,1712668518396823148
n10000-g1.5-t0.7-r4-h130042,5,71,107,1.5070422535211268,49,0.704225352112676,0.6901408450704225,0.45794392523364486,49,14,873904176685936908,1712668518396823148,1213554751921887004,1608349030757973988
n10000-g1.5-t0.7-r4-h130042,6,107,163,1.5233644859813085,74,0.7009345794392523,0.6915887850467289,0.4539877300613497,74,12,1213554751921887004,1608349030757973988,1261420028908620234,179813914822843760
n10000-g1.5-t0.7-r4-h130042,7,163,251,1.539877300613497,114,0.7055214723926381,0.6993865030674846,0.4541832669322709,114,28,1261420028908620234,179813914822843760,719411767517639018,2162287493092420241
n10000-g1.5-t0.7-r4-h130042,8,251,379,1.5099601593625498,175,0.701195219123506,0.6972111553784861,0.46174142480211083,175,35,719411767517639018,2162287493092420241,1310438515052732362,715442673291994606
n10000-g1.5-t0.7-r4-h130042,9,379,569,1.5013192612137203,265,0.7018469656992085,0.6992084432717678,0.46572934973637964,265,58,1310438515052732362,715442673291994606,970646117819075627,1851951273409453420
n10000-g1.5-t0.7-r4-h130042,10,569,857,1.5061511423550087,398,0.7012302284710018,0.6994727592267135,0.4644107351225204,398,99,970646117819075627,1851951273409453420,356427331773283763,1023736245059445953
n10000-g1.5-t0.7-r4-h130042,11,857,1289,1.5040840140023337,599,0.7001166861143524,0.6989498249708285,0.46470131885182314,599,137,356427331773283763,1023736245059445953,987820863660137973,1418700263064881034
n10000-g1.5-t0.7-r4-h130042,12,1289,1949,1.5120248254460822,902,0.7005430566330488,0.6997672614429791,0.4628014366341714,902,201,987820863660137973,1418700263064881034,622790148909650651,1233959337504753094
n10000-g1.5-t0.7-r4-h130042,13,1949,2927,1.5017957927142125,1364,0.7003591585428425,0.6998460749102103,0.4660061496412709,1364,318,622790148909650651,1233959337504753094,109166290744896887,1318821071511795841
n10000-g1.5-t0.7-r4-h130042,14,2927,4391,1.5001708233686368,2048,0.7000341646737274,0.6996925179364537,0.4664085629697108,2048,452,109166290744896887,1318821071511795841,999979942546688081,1422580042733533478
n10000-g1.5-t0.7-r4-h130042,15,4391,6599,1.5028467319517194,3073,0.7000683215668413,0.6998405830107037,0.4656766176693438,3073,654,999979942546688081,1422580042733533478,1188007596167673831,593584616059429686
n10000-g1.5-t0.7-r4-h130042,16,6599,9901,1.5003788452795879,4619,0.7001060766782846,0.6999545385664495,0.4665185334814665,4619,1074,1188007596167673831,593584616059429686,821288448955319413,296649569889769181
n10000-g1.5-t0.7-r4-h130042,17,9901,14867,1.5015654984345015,6930,0.7000302999697,0.6999293000707,0.46613304634425234,6930,1684,821288448955319413,296649569889769181,1451335047593738072,1725131032970636998
n10000-g1.25-t0.5-r4-h130042,1,11,17,1.5454545454545454,5,0.5454545454545454,0.45454545454545453,0.29411764705882354,5,0,316545033741923045,2257049165429968084,1282404536482396009,2294418764409128083
n10000-g1.25-t0.5-r4-h130042,2,17,23,1.3529411764705883,8,0.5294117647058824,0.47058823529411764,0.34782608695652173,8,2,1282404536482396009,2294418764409128083,1846888735089067198,1149673853302403335
n10000-g1.25-t0.5-r4-h130042,3,23,29,1.2608695652173914,11,0.5217391304347826,0.4782608695652174,0.3793103448275862,11,3,1846888735089067198,1149673853302403335,310320299593778507,1470046287862092905
n10000-g1.25-t0.5-r4-h130042,4,29,37,1.2758620689655173,14,0.5172413793103449,0.4827586206896552,0.3783783783783784,14,3,310320299593778507,1470046287862092905,873904176685936908,1712668518396823148
n10000-g1.25-t0.5-r4-h130042,5,37,47,1.2702702702702702,18,0.5135135135135135,0.4864864864864865,0.3829787234042553,18,4,873904176685936908,1712668518396823148,1213554751921887004,1608349030757973988
n10000-g1.25-t0.5-r4-h130042,6,47,59,1.2553191489361701,23,0.5106382978723404,0.48936170212765956,0.3898305084745763,23,3,1213554751921887004,1608349030757973988,1261420028908620234,179813914822843760
n10000-g1.25-t0.5-r4-h130042,7,59,79,1.3389830508474576,29,0.5084745762711864,0.4915254237288136,0.3670886075949367,29,7,1261420028908620234,179813914822843760,719411767517639018,2162287493092420241
n10000-g1.25-t0.5-r4-h130042,8,79,101,1.2784810126582278,39,0.5063291139240507,0.4936708860759494,0.38613861386138615,39,3,719411767517639018,2162287493092420241,1310438515052732362,715442673291994606
n10000-g1.25-t0.5-r4-h130042,9,101,127,1.2574257425742574,50,0.504950495049505,0.49504950495049505,0.3937007874015748,50,5,1310438515052732362,715442673291994606,970646117819075627,1851951273409453420
n10000-g1.25-t0.5-r4-h130042,10,127,163,1.2834645669291338,63,0.5039370078740157,0.49606299212598426,0.38650306748466257,63,11,970646117819075627,1851951273409453420,356427331773283763,1023736245059445953
n10000-g1.25-t0.5-r4-h130042,11,163,211,1.294478527607362,81,0.5030674846625767,0.49693251533742333,0.38388625592417064,81,17,356427331773283763,1023736245059445953,987820863660137973,1418700263064881034
n10000-g1.25-t0.5-r4-h130042,12,211,269,1.2748815165876777,105,0.5023696682464455,0.4976303317535545,0.3903345724907063,105,23,987820863660137973,1418700263064881034,622790148909650651,1233959337504753094
n10000-g1.25-t0.5-r4-h130042,13,269,337,1.2527881040892193,134,0.5018587360594795,0.49814126394052044,0.39762611275964393,134,26,622790148909650651,1233959337504753094,109166290744896887,1318821071511795841
n10000-g1.25-t0.5-r4-h130042,14,337,431,1.2789317507418398,168,0.5014836795252225,0.49851632047477745,0.38979118329466356,168,32,109166290744896887,1318821071511795841,999979942546688081,1422580042733533478
n10000-g1.25-t0.5-r4-h130042,15,431,541,1.2552204176334107,215,0.5011600928074246,0.4988399071925754,0.3974121996303142,215,34,999979942546688081,1422580042733533478,1188007596167673831,593584616059429686
n10000-g1.25-t0.5-r4-h130042,16,541,677,1.2513863216266174,270,0.5009242144177449,0.49907578558225507,0.3988183161004431,270,59,1188007596167673831,593584616059429686,821288448955319413,296649569889769181
n10000-g1.25-t0.5-r4-h130042,17,677,853,1.259970457902511,338,0.5007385524372231,0.49926144756277696,0.3962485345838218,338,74,821288448955319413,296649569889769181,1451335047593738072,1725131032970636998
n10000-g1.25-t0.5-r4-h130042,18,853,1069,1.2532239155920282,426,0.5005861664712778,0.49941383352872215,0.3985032740879326,426,81,1451335047593738072,1725131032970636998,58838981549689396,1162958441174123353
n10000-g1.25-t0.5-r4-h130042,19,1069,1361,1.2731524789522919,534,0.500467726847521,0.49953227315247895,0.3923585598824394,534,122,58838981549689396,1162958441174123353,1253692566445258751,558672606499749811
n10000-g1.25-t0.5-r4-h130042,20,1361,1709,1.2556943423952975,680,0.5003673769287289,0.4996326230712711,0.3978935049736688,680,143,1253692566445258751,558672606499749811,1089108139822803721,2019508709270136433
n10000-g1.25-t0.5-r4-h130042,21,1709,2137,1.2504388531304858,854,0.5002925687536571,0.49970743124634287,0.39962564342536266,854,157,1089108139822803721,2019508709270136433,809522484556697515,20587205173364451
n10000-g1.25-t0.5-r4-h130042,22,2137,2677,1.252690687880206,1068,0.5002339728591484,0.49976602714085167,0.39895405304445275,1068,193,809522484556697515,20587205173364451,1540785225695580911,594835306173958275
n10000-g1.25-t0.5-r4-h130042,23,2677,3347,1.250280164363093,1338,0.500186776242062,0.49981322375793796,0.3997609799820735,1338,286,1540785225695580911,594835306173958275,212489268088544636,1755092834550616489
n10000-g1.25-t0.5-r4-h130042,24,3347,4201,1.2551538691365403,1673,0.5001493875112041,0.4998506124887959,0.3982385146393716,1673,315,212489268088544636,1755092834550616489,1994289647909327458,1889950183191132913
n10000-g1.25-t0.5-r4-h130042,25,4201,5261,1.252320875981909,2100,0.5001190192811236,0.49988098071887643,0.39916365709941076,2100,372,1994289647909327458,1889950183191132913,536342217972536674,2223874288308640881
n10000-g1.25-t0.5-r4-h130042,26,5261,6577,1.250142558448964,2630,0.5000950389659761,0.49990496103402393,0.3998783639957427,2630,510,536342217972536674,2223874288308640881,1770449008571991024,1310139211237562483
n10000-g1.25-t0.5-r4-h130042,27,6577,8231,1.2514824388018853,3288,0.5000760225026608,0.4999239774973392,0.39946543554853603,3288,704,1770449008571991024,1310139211237562483,1432810995058754503,1893642119769714224
n10000-g1.25-t0.5-r4-h130042,28,8231,10289,1.250030372980197,4115,0.5000607459603936,0.4999392540396064,0.3999416852949752,4115,800,1432810995058754503,1893642119769714224,1655975388596290669,241647112456206463
n10000-g1.25-t0.5-r4-h130042,29,10289,12889,1.2526970551073962,5144,0.5000485955875207,0.49995140441247937,0.3991000077585538,5144,1014,1655975388596290669,241647112456206463,490751760513298166,1410144398052681270
n10000-g1.25-t0.5-r4-h130042,30,12889,16127,1.2512219722243774,6444,0.5000387927690279,0.49996120723097215,0.39957834687170585,6444,1180,490751760513298166,1410144398052681270,1897945020599192566,519896556425075558
n10000-g1.25-t0.5-r4-h130042,31,16127,20161,1.250139517579215,8063,0.5000310039064922,0.49996899609350776,0.3999305590000496,8063,1442,1897945020599192566,519896556425075558,702185212597435424,1700261459066608259
n10000-g1.5-t0.8-r4-h130042,1,11,17,1.5454545454545454,8,0.8181818181818182,0.7272727272727273,0.47058823529411764,8,0,316545033741923045,2257049165429968084,1282404536482396009,2294418764409128083
n10000-g1.5-t0.8-r4-h130042,2,17,29,1.7058823529411764,13,0.8235294117647058,0.7647058823529411,0.4482758620689655,13,3,1282404536482396009,2294418764409128083,1846888735089067198,1149673853302403335
n10000-g1.5-t0.8-r4-h130042,3,29,47,1.6206896551724137,23,0.8275862068965517,0.7931034482758621,0.48936170212765956,23,5,1846888735089067198,1149673853302403335,310320299593778507,1470046287862092905
n10000-g1.5-t0.8-r4-h130042,4,47,71,1.5106382978723405,37,0.8085106382978723,0.7872340425531915,0.5211267605633803,37,7,310320299593778507,1470046287862092905,873904176685936908,1712668518396823148
n10000-g1.5-t0.8-r4-h130042,5,71,107,1.5070422535211268,56,0.8028169014084507,0.7887323943661971,0.5233644859813084,56,17,873904176685936908,1712668518396823148,1213554751921887004,1608349030757973988
n10000-g1.5-t0.8-r4-h130042,6,107,163,1.5233644859813085,85,0.8037383177570093,0.794392523364486,0.5214723926380368,85,14,1213554751921887004,1608349030757973988,1261420028908620234,179813914822843760
n10000-g1.5-t0.8-r4-h130042,7,163,251,1.539877300613497,130,0.803680981595092,0.7975460122699386,0.5179282868525896,130,35,1261420028908620234,179813914822843760,719411767517639018,2162287493092420241
n10000-g1.5-t0.8-r4-h130042,8,251,379,1.5099601593625498,200,0.8007968127490039,0.796812749003984,0.5277044854881267,200,46,719411767517639018,2162287493092420241,1310438515052732362,715442673291994606
n10000-g1.5-t0.8-r4-h130042,9,379,569,1.5013192612137203,303,0.8021108179419525,0.7994722955145118,0.5325131810193322,303,72,1310438515052732362,715442673291994606,970646117819075627,1851951273409453420
n10000-g1.5-t0.8-r4-h130042,10,569,857,1.5061511423550087,455,0.8014059753954306,0.7996485061511424,0.5309218203033839,455,123,970646117819075627,1851951273409453420,356427331773283763,1023736245059445953
n10000-g1.5-t0.8-r4-h130042,11,857,1289,1.5040840140023337,685,0.8004667444574096,0.7992998833138857,0.5314197051978278,685,170,356427331773283763,1023736245059445953,987820863660137973,1418700263064881034
n10000-g1.5-t0.8-r4-h130042,12,1289,1949,1.5120248254460822,1031,0.8006206361520558,0.799844840961986,0.5289892252437147,1031,285,987820863660137973,1418700263064881034,622790148909650651,1233959337504753094
n10000-g1.5-t0.8-r4-h130042,13,1949,2927,1.5017957927142125,1559,0.8004104669061057,0.7998973832734736,0.5326272634096344,1559,404,622790148909650651,1233959337504753094,109166290744896887,1318821071511795841
n10000-g1.5-t0.8-r4-h130042,14,2927,4391,1.5001708233686368,2341,0.8001366586949095,0.7997950119576358,0.5331359599180141,2341,580,109166290744896887,1318821071511795841,999979942546688081,1422580042733533478
n10000-g1.5-t0.8-r4-h130042,15,4391,6599,1.5028467319517194,3512,0.8000455477112275,0.7998178091550899,0.5322018487649643,3512,890,999979942546688081,1422580042733533478,1188007596167673831,593584616059429686
n10000-g1.5-t0.8-r4-h130042,16,6599,9901,1.5003788452795879,5279,0.8001212304894681,0.7999696923776329,0.5331784668215331,5279,1444,1188007596167673831,593584616059429686,821288448955319413,296649569889769181
n10000-g1.5-t0.8-r4-h130042,17,9901,14867,1.5015654984345015,7920,0.8000201999798,0.7999192000807999,0.5327234815362885,7920,2225,821288448955319413,296649569889769181,1451335047593738072,1725131032970636998
n10000-g4-t0.9-r4-h130042,1,11,47,4.2727272727272725,9,0.9090909090909091,0.8181818181818182,0.19148936170212766,9,1,316545033741923045,2257049165429968084,1282404536482396009,2294418764409128083
n10000-g4-t0.9-r4-h130042,2,47,191,4.0638297872340425,42,0.9148936170212766,0.8936170212765957,0.2198952879581152,42,4,1282404536482396009,2294418764409128083,1846888735089067198,1149673853302403335
n10000-g4-t0.9-r4-h130042,3,191,769,4.026178010471204,171,0.900523560209424,0.8952879581151832,0.2223667100130039,171,10,1846888735089067198,1149673853302403335,310320299593778507,1470046287862092905
n10000-g4-t0.9-r4-h130042,4,769,3079,4.003901170351106,692,0.9011703511053316,0.8998699609882965,0.22474829490094186,692,80,310320299593778507,1470046287862092905,873904176685936908,1712668518396823148
n10000-g4-t0.9-r4-h130042,5,3079,12323,4.002273465410847,2771,0.9002923026956804,0.8999675219227021,0.22486407530633773,2771,333,873904176685936908,1712668518396823148,1213554751921887004,1608349030757973988
n10000-g2-t0.9-r4-h130042,1,11,23,2.090909090909091,9,0.9090909090909091,0.8181818181818182,0.391304347826087,9,1,316545033741923045,2257049165429968084,1282404536482396009,2294418764409128083
n10000-g2-t0.9-r4-h130042,2,23,47,2.0434782608695654,20,0.9130434782608695,0.8695652173913043,0.425531914893617,20,5,1282404536482396009,2294418764409128083,1846888735089067198,1149673853302403335
n10000-g2-t0.9-r4-h130042,3,47,97,2.0638297872340425,42,0.9148936170212766,0.8936170212765957,0.4329896907216495,42,9,1846888735089067198,1149673853302403335,310320299593778507,1470046287862092905
n10000-g2-t0.9-r4-h130042,4,97,197,2.0309278350515463,87,0.9072164948453608,0.8969072164948454,0.4416243654822335,87,20,310320299593778507,1470046287862092905,873904176685936908,1712668518396823148
n10000-g2-t0.9-r4-h130042,5,197,397,2.015228426395939,177,0.9035532994923858,0.8984771573604061,0.44584382871536526,177,35,873904176685936908,1712668518396823148,1213554751921887004,1608349030757973988
n10000-g2-t0.9-r4-h130042,6,397,797,2.0075566750629723,357,0.9017632241813602,0.8992443324937027,0.4479297365119197,357,80,1213554751921887004,1608349030757973988,1261420028908620234,179813914822843760
n10000-g2-t0.9-r4-h130042,7,797,1597,2.0037641154328734,717,0.9008782936010038,0.8996235884567126,0.4489668127739512,717,117,1261420028908620234,179813914822843760,719411767517639018,2162287493092420241
n10000-g2-t0.9-r4-h130042,8,1597,3203,2.005635566687539,1437,0.9004383218534753,0.8998121477770821,0.44864189822041833,1437,323,719411767517639018,2162287493092420241,1310438515052732362,715442673291994606
n10000-g2-t0.9-r4-h130042,9,3203,6421,2.0046831095847644,2882,0.9000936621916953,0.8997814548860443,0.4488397445880704,2882,658,1310438515052732362,715442673291994606,970646117819075627,1851951273409453420
n10000-g2-t0.9-r4-h130042,10,6421,12853,2.001713128796138,5778,0.9000155738981467,0.8998598349166796,0.4495448533416323,5778,1223,970646117819075627,1851951273409453420,356427331773283763,1023736245059445953
n10000-g1.25-t0.7-r4-h130042,1,11,17,1.5454545454545454,7,0.7272727272727273,0.6363636363636364,0.4117647058823529,7,0,316545033741923045,2257049165429968084,1282404536482396009,2294418764409128083
n10000-g1.25-t0.7-r4-h130042,2,17,23,1.3529411764705883,11,0.7058823529411765,0.6470588235294118,0.4782608695652174,11,3,1282404536482396009,2294418764409128083,1846888735089067198,1149673853302403335
n10000-g1.25-t0.7-r4-h130042,3,23,29,1.2608695652173914,16,0.7391304347826086,0.6956521739130435,0.5517241379310345,16,5,1846888735089067198,1149673853302403335,310320299593778507,1470046287862092905
n10000-g1.25-t0.7-r4-h130042,4,29,37,1.2758620689655173,20,0.7241379310344828,0.6896551724137931,0.5405405405405406,20,5,310320299593778507,1470046287862092905,873904176685936908,1712668518396823148
n10000-g1.25-t0.7-r4-h130042,5,37,47,1.2702702702702702,25,0.7027027027027027,0.6756756756756757,0.5319148936170213,25,7,873904176685936908,1712668518396823148,1213554751921887004,1608349030757973988
n10000-g1.25-t0.7-r4-h130042,6,47,59,1.2553191489361701,32,0.7021276595744681,0.6808510638297872,0.5423728813559322,32,5,1213554751921887004,1608349030757973988,1261420028908620234,179813914822843760
n10000-g1.25-t0.7-r4-h130042,7,59,79,1.3389830508474576,41,0.711864406779661,0.6949152542372882,0.5189873417721519,41,12,1261420028908620234,179813914822843760,719411767517639018,2162287493092420241
n10000-g1.25-t0.7-r4-h130042,8,79,101,1.2784810126582278,55,0.7088607594936709,0.6962025316455697,0.5445544554455446,55,15,719411767517639018,2162287493092420241,1310438515052732362,715442673291994606
n10000-g1.25-t0.7-r4-h130042,9,101,127,1.2574257425742574,70,0.7029702970297029,0.693069306930693,0.5511811023622047,70,13,1310438515052732362,715442673291994606,970646117819075627,1851951273409453420
n10000-g1.25-t0.7-r4-h130042,10,127,163,1.2834645669291338,88,0.7007874015748031,0.6929133858267716,0.5398773006134969,88,21,970646117819075627,1851951273409453420,356427331773283763,1023736245059445953
n10000-g1.25-t0.7-r4-h130042,11,163,211,1.294478527607362,114,0.7055214723926381,0.6993865030674846,0.5402843601895735,114,27,356427331773283763,1023736245059445953,987820863660137973,1418700263064881034
n10000-g1.25-t0.7-r4-h130042,12,211,269,1.2748815165876777,147,0.7014218009478673,0.6966824644549763,0.5464684014869888,147,34,987820863660137973,1418700263064881034,622790148909650651,1233959337504753094
n10000-g1.25-t0.7-r4-h130042,13,269,337,1.2527881040892193,188,0.7026022304832714,0.6988847583643123,0.5578635014836796,188,49,622790148909650651,1233959337504753094,109166290744896887,1318821071511795841
n10000-g1.25-t0.7-r4-h130042,14,337,431,1.2789317507418398,235,0.7002967359050445,0.6973293768545994,0.5452436194895591,235,74,109166290744896887,1318821071511795841,999979942546688081,1422580042733533478
n10000-g1.25-t0.7-r4-h130042,15,431,541,1.2552204176334107,301,0.7006960556844548,0.6983758700696056,0.55637707948244,301,73,999979942546688081,1422580042733533478,1188007596167673831,593584616059429686
n10000-g1.25-t0.7-r4-h130042,16,541,677,1.2513863216266174,378,0.7005545286506469,0.6987060998151571,0.5583456425406204,378,94,1188007596167673831,593584616059429686,821288448955319413,296649569889769181
n10000-g1.25-t0.7-r4-h130042,17,677,853,1.259970457902511,473,0.7001477104874446,0.6986706056129985,0.5545134818288394,473,143,821288448955319413,296649569889769181,1451335047593738072,1725131032970636998
n10000-g1.25-t0.7-r4-h130042,18,853,1069,1.2532239155920282,597,0.7010550996483002,0.6998827667057445,0.558465855940131,597,166,1451335047593738072,1725131032970636998,58838981549689396,1162958441174123353
n10000-g1.25-t0.7-r4-h130042,19,1069,1361,1.2731524789522919,748,0.7006548175865295,0.6997193638914874,0.5495958853783982,748,210,58838981549689396,1162958441174123353,1253692566445258751,558672606499749811
n10000-g1.25-t0.7-r4-h130042,20,1361,1709,1.2556943423952975,952,0.7002204261572373,0.6994856722997795,0.5570509069631363,952,253,1253692566445258751,558672606499749811,1089108139822803721,2019508709270136433
n10000-g1.25-t0.7-r4-h130042,21,1709,2137,1.2504388531304858,1196,0.70040959625512,0.6998244587478057,0.5596630790828264,1196,309,1089108139822803721,2019508709270136433,809522484556697515,20587205173364451
n10000-g1.25-t0.7-r4-h130042,22,2137,2677,1.252690687880206,1495,0.7000467945718297,0.6995788488535329,0.558460963765409,1495,422,809522484556697515,20587205173364451,1540785225695580911,594835306173958275
n10000-g1.25-t0.7-r4-h130042,23,2677,3347,1.250280164363093,1873,0.7000373552484124,0.6996638027642884,0.5596056169704213,1873,513,1540785225695580911,594835306173958275,212489268088544636,1755092834550616489
n10000-g1.25-t0.7-r4-h130042,24,3347,4201,1.2551538691365403,2342,0.7000298775022408,0.6997311024798327,0.5574863127826708,2342,617,212489268088544636,1755092834550616489,1994289647909327458,1889950183191132913
n10000-g1.25-t0.7-r4-h130042,25,4201,5261,1.252320875981909,2940,0.7000714115686741,0.699833373006427,0.5588291199391751,2940,780,1994289647909327458,1889950183191132913,536342217972536674,2223874288308640881
n10000-g1.25-t0.7-r4-h130042,26,5261,6577,1.250142558448964,3682,0.7000570233795856,0.6998669454476335,0.5598297095940399,3682,984,536342217972536674,2223874288308640881,1770449008571991024,1310139211237562483
n10000-g1.25-t0.7-r4-h130042,27,6577,8231,1.2514824388018853,4603,0.7000152045005321,0.6998631594952106,0.559227311383793,4603,1385,1770449008571991024,1310139211237562483,1432810995058754503,1893642119769714224
n10000-g1.25-t0.7-r4-h130042,28,8231,10289,1.250030372980197,5761,0.7000364475762362,0.6999149556554489,0.5599183594129653,5761,1538,1432810995058754503,1893642119769714224,1655975388596290669,241647112456206463
n10000-g1.25-t0.7-r4-h130042,29,10289,12889,1.2526970551073962,7202,0.7000680338225289,0.6999708426474877,0.5587710450771977,7202,1911,1655975388596290669,241647112456206463,490751760513298166,1410144398052681270
n10000-g1.25-t0.7-r4-h130042,30,12889,16127,1.2512219722243774,9022,0.700054309876639,0.6999767243385833,0.559434488745582,9022,2355,490751760513298166,1410144398052681270,1897945020599192566,519896556425075558
n10000-g2-t0.5-r4-h130042,1,11,23,2.090909090909091,5,0.5454545454545454,0.45454545454545453,0.21739130434782608,5,1,316545033741923045,2257049165429968084,1282404536482396009,2294418764409128083
n10000-g2-t0.5-r4-h130042,2,23,47,2.0434782608695654,11,0.5217391304347826,0.4782608695652174,0.23404255319148937,11,2,1282404536482396009,2294418764409128083,1846888735089067198,1149673853302403335
n10000-g2-t0.5-r4-h130042,3,47,97,2.0638297872340425,23,0.5106382978723404,0.48936170212765956,0.23711340206185566,23,2,1846888735089067198,1149673853302403335,310320299593778507,1470046287862092905
n10000-g2-t0.5-r4-h130042,4,97,197,2.0309278350515463,48,0.5051546391752577,0.4948453608247423,0.2436548223350254,48,4,310320299593778507,1470046287862092905,873904176685936908,1712668518396823148
n10000-g2-t0.5-r4-h130042,5,197,397,2.015228426395939,98,0.5025380710659898,0.49746192893401014,0.24685138539042822,98,13,873904176685936908,1712668518396823148,1213554751921887004,1608349030757973988
n10000-g2-t0.5-r4-h130042,6,397,797,2.0075566750629723,198,0.5012594458438288,0.4987405541561713,0.24843161856963614,198,27,1213554751921887004,1608349030757973988,1261420028908620234,179813914822843760
n10000-g2-t0.5-r4-h130042,7,797,1597,2.0037641154328734,398,0.5006273525721455,0.4993726474278545,0.24921728240450847,398,42,1261420028908620234,179813914822843760,719411767517639018,2162287493092420241
n10000-g2-t0.5-r4-h130042,8,1597,3203,2.005635566687539,798,0.5003130870381967,0.4996869129618034,0.2491414299094599,798,88,719411767517639018,2162287493092420241,1310438515052732362,715442673291994606
n10000-g2-t0.5-r4-h130042,9,3203,6421,2.0046831095847644,1601,0.5001561036528255,0.4998438963471745,0.249338109328765,1601,215,1310438515052732362,715442673291994606,970646117819075627,1851951273409453420
n10000-g2-t0.5-r4-h130042,10,6421,12853,2.001713128796138,3210,0.5000778694907335,0.4999221305092665,0.2497471407453513,3210,375,970646117819075627,1851951273409453420,356427331773283763,1023736245059445953
n10000-g2-t0.5-r4-h130042,11,12853,25717,2.0008558313234266,6426,0.5000389014237921,0.4999610985762079,0.24987362445075242,6426,717,356427331773283763,1023736245059445953,987820863660137973,1418700263064881034
n10000-g4-t0.5-r4-h130042,1,11,47,4.2727272727272725,5,0.5454545454545454,0.45454545454545453,0.10638297872340426,5,0,316545033741923045,2257049165429968084,1282404536482396009,2294418764409128083
n10000-g4-t0.5-r4-h130042,2,47,191,4.0638297872340425,23,0.5106382978723404,0.48936170212765956,0.12041884816753927,23,1,1282404536482396009,2294418764409128083,1846888735089067198,1149673853302403335
n10000-g4-t0.5-r4-h130042,3,191,769,4.026178010471204,95,0.5026178010471204,0.4973821989528796,0.1235370611183355,95,4,1846888735089067198,1149673853302403335,310320299593778507,1470046287862092905
n10000-g4-t0.5-r4-h130042,4,769,3079,4.003901170351106,384,0.5006501950585176,0.49934980494148246,0.12471581682364404,384,25,310320299593778507,1470046287862092905,873904176685936908,1712668518396823148
n10000-g4-t0.5-r4-h130042,5,3079,12323,4.002273465410847,1539,0.5001623903864891,0.49983760961351087,0.12488842002759068,1539,105,873904176685936908,1712668518396823148,1213554751921887004,1608349030757973988
n10000-g4-t0.5-r4-h130042,6,12323,49297,4.0004057453542154,6161,0.5000405745354216,0.49995942546457844,0.12497717913868998,6161,285,1213554751921887004,1608349030757973988,1261420028908620234,179813914822843760
n10000-g1.5-t0.9-r4-h130042,1,11,17,1.5454545454545454,9,0.9090909090909091,0.8181818181818182,0.5294117647058824,9,0,316545033741923045,2257049165429968084,1282404536482396009,2294418764409128083
n10000-g1.5-t0.9-r4-h130042,2,17,29,1.7058823529411764,15,0.9411764705882353,0.8823529411764706,0.5172413793103449,15,4,1282404536482396009,2294418764409128083,1846888735089067198,1149673853302403335
n10000-g1.5-t0.9-r4-h130042,3,29,47,1.6206896551724137,26,0.9310344827586207,0.896551724137931,0.5531914893617021,26,7,1846888735089067198,1149673853302403335,310320299593778507,1470046287862092905
n10000-g1.5-t0.9-r4-h130042,4,47,71,1.5106382978723405,42,0.9148936170212766,0.8936170212765957,0.5915492957746479,42,12,310320299593778507,1470046287862092905,873904176685936908,1712668518396823148
n10000-g1.5-t0.9-r4-h130042,5,71,107,1.5070422535211268,63,0.9014084507042254,0.8873239436619719,0.5887850467289719,63,19,873904176685936908,1712668518396823148,1213554751921887004,1608349030757973988
n10000-g1.5-t0.9-r4-h130042,6,107,163,1.5233644859813085,96,0.9065420560747663,0.897196261682243,0.588957055214724,96,20,1213554751921887004,1608349030757973988,1261420028908620234,179813914822843760
n10000-g1.5-t0.9-r4-h130042,7,163,251,1.539877300613497,146,0.901840490797546,0.8957055214723927,0.5816733067729084,146,47,1261420028908620234,179813914822843760,719411767517639018,2162287493092420241
n10000-g1.5-t0.9-r4-h130042,8,251,379,1.5099601593625498,225,0.900398406374502,0.896414342629482,0.5936675461741425,225,57,719411767517639018,2162287493092420241,1310438515052732362,715442673291994606
n10000-g1.5-t0.9-r4-h130042,9,379,569,1.5013192612137203,341,0.9023746701846965,0.899736147757256,0.5992970123022847,341,99,1310438515052732362,715442673291994606,970646117819075627,1851951273409453420
n10000-g1.5-t0.9-r4-h130042,10,569,857,1.5061511423550087,512,0.9015817223198594,0.8998242530755711,0.5974329054842473,512,147,970646117819075627,1851951273409453420,356427331773283763,1023736245059445953
n10000-g1.5-t0.9-r4-h130042,11,857,1289,1.5040840140023337,771,0.9008168028004667,0.8996499416569428,0.5981380915438325,771,228,356427331773283763,1023736245059445953,987820863660137973,1418700263064881034
n10000-g1.5-t0.9-r4-h130042,12,1289,1949,1.5120248254460822,1160,0.9006982156710628,0.899922420480993,0.595177013853258,1160,363,987820863660137973,1418700263064881034,622790148909650651,1233959337504753094
n10000-g1.5-t0.9-r4-h130042,13,1949,2927,1.5017957927142125,1754,0.9004617752693689,0.8999486916367367,0.599248377177998,1754,512,622790148909650651,1233959337504753094,109166290744896887,1318821071511795841
n10000-g1.5-t0.9-r4-h130042,14,2927,4391,1.5001708233686368,2634,0.9002391527160916,0.8998975059788179,0.5998633568663174,2634,750,109166290744896887,1318821071511795841,999979942546688081,1422580042733533478
n10000-g1.5-t0.9-r4-h130042,15,4391,6599,1.5028467319517194,3951,0.9000227738556138,0.8997950352994762,0.5987270798605849,3951,1121,999979942546688081,1422580042733533478,1188007596167673831,593584616059429686
n10000-g1.5-t0.9-r4-h130042,16,6599,9901,1.5003788452795879,5939,0.9001363843006516,0.8999848461888165,0.5998384001615998,5939,1805,1188007596167673831,593584616059429686,821288448955319413,296649569889769181
n10000-g1.5-t0.9-r4-h130042,17,9901,14867,1.5015654984345015,8910,0.9000100999899,0.8999091000908999,0.5993139167283245,8910,2801,821288448955319413,296649569889769181,1451335047593738072,1725131032970636998
n10000-g1.5-t0.5-r4-h130042,1,11,17,1.5454545454545454,5,0.5454545454545454,0.45454545454545453,0.29411764705882354,5,0,316545033741923045,2257049165429968084,1282404536482396009,2294418764409128083
n10000-g1.5-t0.5-r4-h130042,2,17,29,1.7058823529411764,8,0.5294117647058824,0.47058823529411764,0.27586206896551724,8,1,1282404536482396009,2294418764409128083,1846888735089067198,1149673853302403335
n10000-g1.5-t0.5-r4-h130042,3,29,47,1.6206896551724137,14,0.5172413793103449,0.4827586206896552,0.2978723404255319,14,4,1846888735089067198,1149673853302403335,310320299593778507,1470046287862092905
n10000-g1.5-t0.5-r4-h130042,4,47,71,1.5106382978723405,23,0.5106382978723404,0.48936170212765956,0.323943661971831,23,3,310320299593778507,1470046287862092905,873904176685936908,1712668518396823148
n10000-g1.5-t0.5-r4-h130042,5,71,107,1.5070422535211268,35,0.5070422535211268,0.49295774647887325,0.32710280373831774,35,6,873904176685936908,1712668518396823148,1213554751921887004,1608349030757973988
n10000-g1.5-t0.5-r4-h130042,6,107,163,1.5233644859813085,53,0.5046728971962616,0.4953271028037383,0.32515337423312884,53,7,1213554751921887004,1608349030757973988,1261420028908620234,179813914822843760
n10000-g1.5-t0.5-r4-h130042,7,163,251,1.539877300613497,81,0.5030674846625767,0.49693251533742333,0.32270916334661354,81,15,1261420028908620234,179813914822843760,719411767517639018,2162287493092420241
n10000-g1.5-t0.5-r4-h130042,8,251,379,1.5099601593625498,125,0.50199203187251,0.49800796812749004,0.32981530343007914,125,21,719411767517639018,2162287493092420241,1310438515052732362,715442673291994606
n10000-g1.5-t0.5-r4-h130042,9,379,569,1.5013192612137203,189,0.5013192612137203,0.49868073878627966,0.3321616871704745,189,33,1310438515052732362,715442673291994606,970646117819075627,1851951273409453420
n10000-g1.5-t0.5-r4-h130042,10,569,857,1.5061511423550087,284,0.5008787346221442,0.4991212653778559,0.3313885647607935,284,59,970646117819075627,1851951273409453420,356427331773283763,1023736245059445953
n10000-g1.5-t0.5-r4-h130042,11,857,1289,1.5040840140023337,428,0.5005834305717619,0.49941656942823803,0.33204034134988364,428,74,356427331773283763,1023736245059445953,987820863660137973,1418700263064881034
n10000-g1.5-t0.5-r4-h130042,12,1289,1949,1.5120248254460822,644,0.5003878975950349,0.49961210240496506,0.3304258594150847,644,103,987820863660137973,1418700263064881034,622790148909650651,1233959337504753094
n10000-g1.5-t0.5-r4-h130042,13,1949,2927,1.5017957927142125,974,0.5002565418163161,0.49974345818368393,0.3327639221045439,974,168,622790148909650651,1233959337504753094,109166290744896887,1318821071511795841
n10000-g1.5-t0.5-r4-h130042,14,2927,4391,1.5001708233686368,1463,0.5001708233686368,0.49982917663136317,0.33318150762924165,1463,223,109166290744896887,1318821071511795841,999979942546688081,1422580042733533478
n10000-g1.5-t0.5-r4-h130042,15,4391,6599,1.5028467319517194,2195,0.5001138692780688,0.4998861307219312,0.33262615547810276,2195,346,999979942546688081,1422580042733533478,1188007596167673831,593584616059429686
n10000-g1.5-t0.5-r4-h130042,16,6599,9901,1.5003788452795879,3299,0.5000757690559176,0.49992423094408245,0.3331986668013332,3299,565,1188007596167673831,593584616059429686,821288448955319413,296649569889769181
n10000-g1.5-t0.5-r4-h130042,17,9901,14867,1.5015654984345015,4950,0.5000504999495,0.49994950005049993,0.3329521759601803,4950,866,821288448955319413,296649569889769181,1451335047593738072,1725131032970636998
n10000-g1.5-t0.5-r4-h130042,18,14867,22303,1.5001681576646264,7433,0.5000336315329252,0.4999663684670747,0.3332735506434112,7433,1138,1451335047593738072,1725131032970636998,58838981549689396,1162958441174123353
n10000-g3-t0.9-r4-h130042,1,11,37,3.3636363636363638,9,0.9090909090909091,0.8181818181818182,0.24324324324324326,9,1,316545033741923045,2257049165429968084,1282404536482396009,2294418764409128083
n10000-g3-t0.9-r4-h130042,2,37,113,3.054054054054054,33,0.918918918918919,0.8918918918918919,0.2920353982300885,33,4,1282404536482396009,2294418764409128083,1846888735089067198,1149673853302403335
n10000-g3-t0.9-r4-h130042,3,113,347,3.0707964601769913,101,0.9026548672566371,0.8938053097345132,0.2910662824207493,101,11,1846888735089067198,1149673853302403335,310320299593778507,1470046287862092905
n10000-g3-t0.9-r4-h130042,4,347,1049,3.0230547550432276,312,0.9020172910662824,0.899135446685879,0.2974261201143947,312,51,310320299593778507,1470046287862092905,873904176685936908,1712668518396823148
n10000-g3-t0.9-r4-h130042,5,1049,3163,3.015252621544328,944,0.9008579599618685,0.899904671115348,0.2984508378122036,944,122,873904176685936908,1712668518396823148,1213554751921887004,1608349030757973988
n10000-g3-t0.9-r4-h130042,6,3163,9491,3.0006323110970596,2846,0.900094846664559,0.899778691116029,0.29986302813191446,2846,404,1213554751921887004,1608349030757973988,1261420028908620234,179813914822843760
n10000-g3-t0.9-r4-h130042,7,9491,28477,3.0004214519018015,8541,0.900010536297545,0.8999051733220946,0.2999262562769955,8541,1799,1261420028908620234,179813914822843760,719411767517639018,2162287493092420241
n10000-g3-t0.7-r4-h130042,1,11,37,3.3636363636363638,7,0.7272727272727273,0.6363636363636364,0.1891891891891892,7,0,316545033741923045,2257049165429968084,1282404536482396009,2294418764409128083
n10000-g3-t0.7-r4-h130042,2,37,113,3.054054054054054,25,0.7027027027027027,0.6756756756756757,0.22123893805309736,25,3,1282404536482396009,2294418764409128083,1846888735089067198,1149673853302403335
n10000-g3-t0.7-r4-h130042,3,113,347,3.0707964601769913,79,0.7079646017699115,0.6991150442477876,0.2276657060518732,79,5,1846888735089067198,1149673853302403335,310320299593778507,1470046287862092905
n10000-g3-t0.7-r4-h130042,4,347,1049,3.0230547550432276,242,0.7002881844380403,0.6974063400576369,0.23069590085795996,242,30,310320299593778507,1470046287862092905,873904176685936908,1712668518396823148
n10000-g3-t0.7-r4-h130042,5,1049,3163,3.015252621544328,734,0.7006673021925643,0.6997140133460439,0.2320581726209295,734,69,873904176685936908,1712668518396823148,1213554751921887004,1608349030757973988
n10000-g3-t0.7-r4-h130042,6,3163,9491,3.0006323110970596,2214,0.7002845399936769,0.699968384445147,0.23327362764724477,2214,250,1213554751921887004,1608349030757973988,1261420028908620234,179813914822843760
n10000-g3-t0.7-r4-h130042,7,9491,28477,3.0004214519018015,6643,0.7000316088926352,0.6999262459171847,0.23327597710432982,6643,1098,1261420028908620234,179813914822843760,719411767517639018,2162287493092420241
n10000-g1.25-t0.8-r4-h130042,1,11,17,1.5454545454545454,8,0.8181818181818182,0.7272727272727273,0.47058823529411764,8,0,316545033741923045,2257049165429968084,1282404536482396009,2294418764409128083
n10000-g1.25-t0.8-r4-h130042,2,17,23,1.3529411764705883,13,0.8235294117647058,0.7647058823529411,0.5652173913043478,13,3,1282404536482396009,2294418764409128083,1846888735089067198,1149673853302403335
n10000-g1.25-t0.8-r4-h130042,3,23,29,1.2608695652173914,18,0.8260869565217391,0.782608695652174,0.6206896551724138,18,6,1846888735089067198,1149673853302403335,310320299593778507,1470046287862092905
n10000-g1.25-t0.8-r4-h130042,4,29,37,1.2758620689655173,23,0.8275862068965517,0.7931034482758621,0.6216216216216216,23,5,310320299593778507,1470046287862092905,873904176685936908,1712668518396823148
n10000-g1.25-t0.8-r4-h130042,5,37,47,1.2702702702702702,29,0.8108108108108109,0.7837837837837838,0.6170212765957447,29,13,873904176685936908,1712668518396823148,1213554751921887004,1608349030757973988
n10000-g1.25-t0.8-r4-h130042,6,47,59,1.2553191489361701,37,0.8085106382978723,0.7872340425531915,0.6271186440677966,37,6,1213554751921887004,1608349030757973988,1261420028908620234,179813914822843760
n10000-g1.25-t0.8-r4-h130042,7,59,79,1.3389830508474576,47,0.8135593220338984,0.7966101694915254,0.5949367088607594,47,16,1261420028908620234,179813914822843760,719411767517639018,2162287493092420241
n10000-g1.25-t0.8-r4-h130042,8,79,101,1.2784810126582278,63,0.810126582278481,0.7974683544303798,0.6237623762376238,63,22,719411767517639018,2162287493092420241,1310438515052732362,715442673291994606
n10000-g1.25-t0.8-r4-h130042,9,101,127,1.2574257425742574,80,0.801980198019802,0.7920792079207921,0.6299212598425197,80,18,1310438515052732362,715442673291994606,970646117819075627,1851951273409453420
n10000-g1.25-t0.8-r4-h130042,10,127,163,1.2834645669291338,101,0.8031496062992126,0.7952755905511811,0.6196319018404908,101,26,970646117819075627,1851951273409453420,356427331773283763,1023736245059445953
n10000-g1.25-t0.8-r4-h130042,11,163,211,1.294478527607362,130,0.803680981595092,0.7975460122699386,0.6161137440758294,130,34,356427331773283763,1023736245059445953,987820863660137973,1418700263064881034
n10000-g1.25-t0.8-r4-h130042,12,211,269,1.2748815165876777,168,0.8009478672985783,0.7962085308056872,0.6245353159851301,168,51,987820863660137973,1418700263064881034,622790148909650651,1233959337504753094
n10000-g1.25-t0.8-r4-h130042,13,269,337,1.2527881040892193,215,0.8029739776951673,0.7992565055762082,0.6379821958456974,215,63,622790148909650651,1233959337504753094,109166290744896887,1318821071511795841
n10000-g1.25-t0.8-r4-h130042,14,337,431,1.2789317507418398,269,0.8011869436201781,0.798219584569733,0.6241299303944315,269,90,109166290744896887,1318821071511795841,999979942546688081,1422580042733533478
n10000-g1.25-t0.8-r4-h130042,15,431,541,1.2552204176334107,344,0.8004640371229699,0.7981438515081206,0.6358595194085028,344,95,999979942546688081,1422580042733533478,1188007596167673831,593584616059429686
n10000-g1.25-t0.8-r4-h130042,16,541,677,1.2513863216266174,432,0.800369685767098,0.7985212569316081,0.638109305760709,432,132,1188007596167673831,593584616059429686,821288448955319413,296649569889769181
n10000-g1.25-t0.8-r4-h130042,17,677,853,1.259970457902511,541,0.8005908419497785,0.7991137370753324,0.634232121922626,541,178,821288448955319413,296649569889769181,1451335047593738072,1725131032970636998
n10000-g1.25-t0.8-r4-h130042,18,853,1069,1.2532239155920282,682,0.8007033997655334,0.7995310668229777,0.6379794200187091,682,208,1451335047593738072,1725131032970636998,58838981549689396,1162958441174123353
n10000-g1.25-t0.8-r4-h130042,19,1069,1361,1.2731524789522919,855,0.8007483629560337,0.7998129092609916,0.6282145481263777,855,272,58838981549689396,1162958441174123353,1253692566445258751,558672606499749811
n10000-g1.25-t0.8-r4-h130042,20,1361,1709,1.2556943423952975,1088,0.8001469507714916,0.7994121969140338,0.63662960795787,1088,331,1253692566445258751,558672606499749811,1089108139822803721,2019508709270136433
n10000-g1.25-t0.8-r4-h130042,21,1709,2137,1.2504388531304858,1367,0.8004681100058514,0.7998829724985371,0.6396817969115582,1367,411,1089108139822803721,2019508709270136433,809522484556697515,20587205173364451
n10000-g1.25-t0.8-r4-h130042,22,2137,2677,1.252690687880206,1709,0.8001871782873187,0.799719232569022,0.6384011953679491,1709,551,809522484556697515,20587205173364451,1540785225695580911,594835306173958275
n10000-g1.25-t0.8-r4-h130042,23,2677,3347,1.250280164363093,2141,0.8001494209936496,0.7997758685095255,0.6396773229757993,2141,683,1540785225695580911,594835306173958275,212489268088544636,1755092834550616489
n10000-g1.25-t0.8-r4-h130042,24,3347,4201,1.2551538691365403,2677,0.8001195100089632,0.7998207349865551,0.6372292311354439,2677,811,212489268088544636,1755092834550616489,1994289647909327458,1889950183191132913
n10000-g1.25-t0.8-r4-h130042,25,4201,5261,1.252320875981909,3360,0.8000476077124494,0.7998095691502023,0.6386618513590572,3360,1006,1994289647909327458,1889950183191132913,536342217972536674,2223874288308640881
n10000-g1.25-t0.8-r4-h130042,26,5261,6577,1.250142558448964,4208,0.8000380155863904,0.7998479376544383,0.6398053823931884,4208,1298,536342217972536674,2223874288308640881,1770449008571991024,1310139211237562483
n10000-g1.25-t0.8-r4-h130042,27,6577,8231,1.2514824388018853,5261,0.8000608180021286,0.7999087729968071,0.6391689952618151,5261,1814,1770449008571991024,1310139211237562483,1432810995058754503,1893642119769714224
n10000-g1.25-t0.8-r4-h130042,28,8231,10289,1.250030372980197,6584,0.8000242983841575,0.7999028064633702,0.6399066964719603,6584,2009,1432810995058754503,1893642119769714224,1655975388596290669,241647112456206463
n10000-g1.25-t0.8-r4-h130042,29,10289,12889,1.2526970551073962,8231,0.800077752940033,0.7999805617649918,0.6386065637365195,8231,2487,1655975388596290669,241647112456206463,490751760513298166,1410144398052681270
n10000-g4-t0.7-r4-h130042,1,11,47,4.2727272727272725,7,0.7272727272727273,0.6363636363636364,0.14893617021276595,7,0,316545033741923045,2257049165429968084,1282404536482396009,2294418764409128083
n10000-g4-t0.7-r4-h130042,2,47,191,4.0638297872340425,32,0.7021276595744681,0.6808510638297872,0.16753926701570682,32,2,1282404536482396009,2294418764409128083,1846888735089067198,1149673853302403335
n10000-g4-t0.7-r4-h130042,3,191,769,4.026178010471204,133,0.7015706806282722,0.6963350785340314,0.1729518855656697,133,6,1846888735089067198,1149673853302403335,310320299593778507,1470046287862092905
n10000-g4-t0.7-r4-h130042,4,769,3079,4.003901170351106,538,0.7009102730819246,0.6996098829648895,0.17473205586229296,538,46,310320299593778507,1470046287862092905,873904176685936908,1712668518396823148
n10000-g4-t0.7-r4-h130042,5,3079,12323,4.002273465410847,2155,0.7002273465410848,0.6999025657681065,0.17487624766696422,2155,181,873904176685936908,1712668518396823148,1213554751921887004,1608349030757973988
n10000-g4-t0.7-r4-h130042,6,12323,49297,4.0004057453542154,8626,0.7000730341637589,0.6999918850929157,0.174980221920198,8626,553,1213554751921887004,1608349030757973988,1261420028908620234,179813914822843760
n10000-g2-t0.7-r4-h130042,1,11,23,2.090909090909091,7,0.7272727272727273,0.6363636363636364,0.30434782608695654,7,1,316545033741923045,2257049165429968084,1282404536482396009,2294418764409128083
n10000-g2-t0.7-r4-h130042,2,23,47,2.0434782608695654,16,0.7391304347826086,0.6956521739130435,0.3404255319148936,16,3,1282404536482396009,2294418764409128083,1846888735089067198,1149673853302403335
n10000-g2-t0.7-r4-h130042,3,47,97,2.0638297872340425,32,0.7021276595744681,0.6808510638297872,0.32989690721649484,32,5,1846888735089067198,1149673853302403335,310320299593778507,1470046287862092905
n10000-g2-t0.7-r4-h130042,4,97,197,2.0309278350515463,67,0.7010309278350515,0.6907216494845361,0.3401015228426396,67,8,310320299593778507,1470046287862092905,873904176685936908,1712668518396823148
n10000-g2-t0.7-r4-h130042,5,197,397,2.015228426395939,137,0.700507614213198,0.6954314720812182,0.345088161209068,137,25,873904176685936908,1712668518396823148,1213554751921887004,1608349030757973988
n10000-g2-t0.7-r4-h130042,6,397,797,2.0075566750629723,277,0.7002518891687658,0.6977329974811083,0.3475533249686324,277,51,1213554751921887004,1608349030757973988,1261420028908620234,179813914822843760
n10000-g2-t0.7-r4-h130042,7,797,1597,2.0037641154328734,557,0.7001254705144291,0.698870765370138,0.3487789605510332,557,79,1261420028908620234,179813914822843760,719411767517639018,2162287493092420241
n10000-g2-t0.7-r4-h130042,8,1597,3203,2.005635566687539,1117,0.7000626174076393,0.6994364433312461,0.3487355604121136,1117,190,719411767517639018,2162287493092420241,1310438515052732362,715442673291994606
n10000-g2-t0.7-r4-h130042,9,3203,6421,2.0046831095847644,2242,0.7002809865750859,0.6999687792694349,0.3491667964491512,2242,417,1310438515052732362,715442673291994606,970646117819075627,1851951273409453420
n10000-g2-t0.7-r4-h130042,10,6421,12853,2.001713128796138,4494,0.7000467216944402,0.699890982712973,0.3496459970434918,4494,757,970646117819075627,1851951273409453420,356427331773283763,1023736245059445953
n10000-g2-t0.7-r4-h130042,11,12853,25717,2.0008558313234266,8997,0.7000700225628258,0.6999922197152416,0.3498464051016837,8997,1414,356427331773283763,1023736245059445953,987820863660137973,1418700263064881034
n10000-g1.25-t0.9-r4-h130042,1,11,17,1.5454545454545454,9,0.9090909090909091,0.8181818181818182,0.5294117647058824,9,0,316545033741923045,2257049165429968084,1282404536482396009,2294418764409128083
n10000-g1.25-t0.9-r4-h130042,2,17,23,1.3529411764705883,15,0.9411764705882353,0.8823529411764706,0.6521739130434783,15,5,1282404536482396009,2294418764409128083,1846888735089067198,1149673853302403335
n10000-g1.25-t0.9-r4-h130042,3,23,29,1.2608695652173914,20,0.9130434782608695,0.8695652173913043,0.6896551724137931,20,8,1846888735089067198,1149673853302403335,310320299593778507,1470046287862092905
n10000-g1.25-t0.9-r4-h130042,4,29,37,1.2758620689655173,26,0.9310344827586207,0.896551724137931,0.7027027027027027,26,6,310320299593778507,1470046287862092905,873904176685936908,1712668518396823148
n10000-g1.25-t0.9-r4-h130042,5,37,47,1.2702702702702702,33,0.918918918918919,0.8918918918918919,0.7021276595744681,33,14,873904176685936908,1712668518396823148,1213554751921887004,1608349030757973988
n10000-g1.25-t0.9-r4-h130042,6,47,59,1.2553191489361701,42,0.9148936170212766,0.8936170212765957,0.711864406779661,42,10,1213554751921887004,1608349030757973988,1261420028908620234,179813914822843760
n10000-g1.25-t0.9-r4-h130042,7,59,79,1.3389830508474576,53,0.9152542372881356,0.8983050847457628,0.6708860759493671,53,17,1261420028908620234,179813914822843760,719411767517639018,2162287493092420241
n10000-g1.25-t0.9-r4-h130042,8,79,101,1.2784810126582278,71,0.9113924050632911,0.8987341772151899,0.7029702970297029,71,24,719411767517639018,2162287493092420241,1310438515052732362,715442673291994606
n10000-g1.25-t0.9-r4-h130042,9,101,127,1.2574257425742574,90,0.900990099009901,0.8910891089108911,0.7086614173228346,90,29,1310438515052732362,715442673291994606,970646117819075627,1851951273409453420
n10000-g1.25-t0.9-r4-h130042,10,127,163,1.2834645669291338,114,0.905511811023622,0.8976377952755905,0.6993865030674846,114,35,970646117819075627,1851951273409453420,356427331773283763,1023736245059445953
n10000-g1.25-t0.9-r4-h130042,11,163,211,1.294478527607362,146,0.901840490797546,0.8957055214723927,0.6919431279620853,146,48,356427331773283763,1023736245059445953,987820863660137973,1418700263064881034
n10000-g1.25-t0.9-r4-h130042,12,211,269,1.2748815165876777,189,0.9004739336492891,0.8957345971563981,0.7026022304832714,189,61,987820863660137973,1418700263064881034,622790148909650651,1233959337504753094
n10000-g1.25-t0.9-r4-h130042,13,269,337,1.2527881040892193,242,0.9033457249070632,0.8996282527881041,0.7181008902077152,242,82,622790148909650651,1233959337504753094,109166290744896887,1318821071511795841
n10000-g1.25-t0.9-r4-h130042,14,337,431,1.2789317507418398,303,0.9020771513353115,0.8991097922848664,0.703016241299304,303,113,109166290744896887,1318821071511795841,999979942546688081,1422580042733533478
n10000-g1.25-t0.9-r4-h130042,15,431,541,1.2552204176334107,387,0.9002320185614849,0.8979118329466357,0.7153419593345656,387,128,999979942546688081,1422580042733533478,1188007596167673831,593584616059429686
n10000-g1.25-t0.9-r4-h130042,16,541,677,1.2513863216266174,486,0.9001848428835489,0.8983364140480592,0.7178729689807977,486,169,1188007596167673831,593584616059429686,821288448955319413,296649569889769181
n10000-g1.25-t0.9-r4-h130042,17,677,853,1.259970457902511,609,0.9010339734121122,0.8995568685376661,0.7139507620164126,609,229,821288448955319413,296649569889769181,1451335047593738072,1725131032970636998
n10000-g1.25-t0.9-r4-h130042,18,853,1069,1.2532239155920282,767,0.9003516998827668,0.8991793669402111,0.7174929840972872,767,274,1451335047593738072,1725131032970636998,58838981549689396,1162958441174123353
n10000-g1.25-t0.9-r4-h130042,19,1069,1361,1.2731524789522919,962,0.9008419083255379,0.8999064546304958,0.7068332108743571,962,339,58838981549689396,1162958441174123353,1253692566445258751,558672606499749811
n10000-g1.25-t0.9-r4-h130042,20,1361,1709,1.2556943423952975,1224,0.9000734753857458,0.899338721528288,0.7162083089526039,1224,441,1253692566445258751,558672606499749811,1089108139822803721,2019508709270136433
n10000-g1.25-t0.9-r4-h130042,21,1709,2137,1.2504388531304858,1538,0.9005266237565828,0.8999414862492686,0.7197005147402902,1538,515,1089108139822803721,2019508709270136433,809522484556697515,20587205173364451
n10000-g1.25-t0.9-r4-h130042,22,2137,2677,1.252690687880206,1923,0.9003275620028077,0.8998596162845109,0.7183414269704893,1923,684,809522484556697515,20587205173364451,1540785225695580911,594835306173958275
n10000-g1.25-t0.9-r4-h130042,23,2677,3347,1.250280164363093,2409,0.9002614867388868,0.8998879342547628,0.7197490289811772,2409,863,1540785225695580911,594835306173958275,212489268088544636,1755092834550616489
n10000-g1.25-t0.9-r4-h130042,24,3347,4201,1.2551538691365403,3012,0.9002091425156857,0.8999103674932776,0.7169721494882171,3012,1038,212489268088544636,1755092834550616489,1994289647909327458,1889950183191132913
n10000-g1.25-t0.9-r4-h130042,25,4201,5261,1.252320875981909,3780,0.9000238038562247,0.8997857652939776,0.7184945827789394,3780,1275,1994289647909327458,1889950183191132913,536342217972536674,2223874288308640881
n10000-g1.25-t0.9-r4-h130042,26,5261,6577,1.250142558448964,4734,0.9000190077931952,0.8998289298612431,0.7197810551923369,4734,1646,536342217972536674,2223874288308640881,1770449008571991024,1310139211237562483
n10000-g1.25-t0.9-r4-h130042,27,6577,8231,1.2514824388018853,5919,0.9001064315037252,0.8999543864984035,0.7191106791398372,5919,2304,1770449008571991024,1310139211237562483,1432810995058754503,1893642119769714224
n10000-g1.25-t0.9-r4-h130042,28,8231,10289,1.250030372980197,7407,0.9000121491920787,0.8998906572712915,0.7198950335309554,7407,2516,1432810995058754503,1893642119769714224,1655975388596290669,241647112456206463
n10000-g1.25-t0.9-r4-h130042,29,10289,12889,1.2526970551073962,9260,0.9000874720575371,0.8999902808824959,0.7184420823958414,9260,3167,1655975388596290669,241647112456206463,490751760513298166,1410144398052681270
n10000-g3-t0.5-r4-h130042,1,11,37,3.3636363636363638,5,0.5454545454545454,0.45454545454545453,0.13513513513513514,5,0,316545033741923045,2257049165429968084,1282404536482396009,2294418764409128083
n10000-g3-t0.5-r4-h130042,2,37,113,3.054054054054054,18,0.5135135135135135,0.4864864864864865,0.1592920353982301,18,0,1282404536482396009,2294418764409128083,1846888735089067198,1149673853302403335
n10000-g3-t0.5-r4-h130042,3,113,347,3.0707964601769913,56,0.504424778761062,0.49557522123893805,0.16138328530259366,56,1,1846888735089067198,1149673853302403335,310320299593778507,1470046287862092905
n10000-g3-t0.5-r4-h130042,4,347,1049,3.0230547550432276,173,0.5014409221902018,0.49855907780979825,0.16491897044804577,173,15,310320299593778507,1470046287862092905,873904176685936908,1712668518396823148
n10000-g3-t0.5-r4-h130042,5,1049,3163,3.015252621544328,524,0.5004766444232602,0.49952335557673977,0.16566550742965538,524,30,873904176685936908,1712668518396823148,1213554751921887004,1608349030757973988
n10000-g3-t0.5-r4-h130042,6,3163,9491,3.0006323110970596,1581,0.5001580777742649,0.49984192222573504,0.16657886418712464,1581,139,1213554751921887004,1608349030757973988,1261420028908620234,179813914822843760
n10000-g3-t0.5-r4-h130042,7,9491,28477,3.0004214519018015,4745,0.5000526814877252,0.4999473185122748,0.16662569793166415,4745,553,1261420028908620234,179813914822843760,719411767517639018,2162287493092420241
n10000-g3-t0.8-r4-h130042,1,11,37,3.3636363636363638,8,0.8181818181818182,0.7272727272727273,0.21621621621621623,8,0,316545033741923045,2257049165429968084,1282404536482396009,2294418764409128083
n10000-g3-t0.8-r4-h130042,2,37,113,3.054054054054054,29,0.8108108108108109,0.7837837837837838,0.25663716814159293,29,4,1282404536482396009,2294418764409128083,1846888735089067198,1149673853302403335
n10000-g3-t0.8-r4-h130042,3,113,347,3.0707964601769913,90,0.8053097345132744,0.7964601769911505,0.25936599423631124,90,7,1846888735089067198,1149673853302403335,310320299593778507,1470046287862092905
n10000-g3-t0.8-r4-h130042,4,347,1049,3.0230547550432276,277,0.8011527377521613,0.7982708933717579,0.2640610104861773,277,42,310320299593778507,1470046287862092905,873904176685936908,1712668518396823148
n10000-g3-t0.8-r4-h130042,5,1049,3163,3.015252621544328,839,0.8007626310772163,0.7998093422306959,0.26525450521656657,839,95,873904176685936908,1712668518396823148,1213554751921887004,1608349030757973988
n10000-g3-t0.8-r4-h130042,6,3163,9491,3.0006323110970596,2530,0.8001896933291179,0.799873537780588,0.2665683278895796,2530,327,1213554751921887004,1608349030757973988,1261420028908620234,179813914822843760
n10000-g3-t0.8-r4-h130042,7,9491,28477,3.0004214519018015,7592,0.80002107259509,0.7999157096196396,0.26660111669066267,7592,1441,1261420028908620234,179813914822843760,719411767517639018,2162287493092420241
n10000-g2-t0.8-r4-h130042,1,11,23,2.090909090909091,8,0.8181818181818182,0.7272727272727273,0.34782608695652173,8,1,316545033741923045,2257049165429968084,1282404536482396009,2294418764409128083
n10000-g2-t0.8-r4-h130042,2,23,47,2.0434782608695654,18,0.8260869565217391,0.782608695652174,0.3829787234042553,18,5,1282404536482396009,2294418764409128083,1846888735089067198,1149673853302403335
n10000-g2-t0.8-r4-h130042,3,47,97,2.0638297872340425,37,0.8085106382978723,0.7872340425531915,0.38144329896907214,37,8,1846888735089067198,1149673853302403335,310320299593778507,1470046287862092905
n10000-g2-t0.8-r4-h130042,4,97,197,2.0309278350515463,77,0.8041237113402062,0.7938144329896907,0.39086294416243655,77,14,310320299593778507,1470046287862092905,873904176685936908,1712668518396823148
n10000-g2-t0.8-r4-h130042,5,197,397,2.015228426395939,157,0.8020304568527918,0.7969543147208121,0.3954659949622166,157,32,873904176685936908,1712668518396823148,1213554751921887004,1608349030757973988
n10000-g2-t0.8-r4-h130042,6,397,797,2.0075566750629723,317,0.801007556675063,0.7984886649874056,0.397741530740276,317,69,1213554751921887004,1608349030757973988,1261420028908620234,179813914822843760
n10000-g2-t0.8-r4-h130042,7,797,1597,2.0037641154328734,637,0.8005018820577164,0.7992471769134254,0.39887288666249215,637,96,1261420028908620234,179813914822843760,719411767517639018,2162287493092420241
n10000-g2-t0.8-r4-h130042,8,1597,3203,2.005635566687539,1277,0.8002504696305573,0.799624295554164,0.398688729316266,1277,254,719411767517639018,2162287493092420241,1310438515052732362,715442673291994606
n10000-g2-t0.8-r4-h130042,9,3203,6421,2.0046831095847644,2562,0.8001873243833906,0.7998751170777396,0.3990032705186108,2562,526,1310438515052732362,715442673291994606,970646117819075627,1851951273409453420
n10000-g2-t0.8-r4-h130042,10,6421,12853,2.001713128796138,5136,0.8000311477962934,0.7998754088148263,0.399595425192562,5136,969,970646117819075627,1851951273409453420,356427331773283763,1023736245059445953
n10000-g1.25-t0.9-r5-h160042,1,11,17,1.5454545454545454,9,0.9090909090909091,0.8181818181818182,0.5294117647058824,9,2,1530468187069800706,1400803185671258595,2061452452262547244,390878347336653215
n10000-g1.25-t0.9-r5-h160042,2,17,23,1.3529411764705883,15,0.9411764705882353,0.8823529411764706,0.6521739130434783,15,6,2061452452262547244,390878347336653215,2121019760987367504,1407123765243381490
n10000-g1.25-t0.9-r5-h160042,3,23,29,1.2608695652173914,20,0.9130434782608695,0.8695652173913043,0.6896551724137931,20,6,2121019760987367504,1407123765243381490,1910614896970734869,1561289877916211277
n10000-g1.25-t0.9-r5-h160042,4,29,37,1.2758620689655173,26,0.9310344827586207,0.896551724137931,0.7027027027027027,26,8,1910614896970734869,1561289877916211277,2204539173197591617,1943935669207858983
n10000-g1.25-t0.9-r5-h160042,5,37,47,1.2702702702702702,33,0.918918918918919,0.8918918918918919,0.7021276595744681,33,12,2204539173197591617,1943935669207858983,1523823901846226518,1023619030834206161
n10000-g1.25-t0.9-r5-h160042,6,47,59,1.2553191489361701,42,0.9148936170212766,0.8936170212765957,0.711864406779661,42,10,1523823901846226518,1023619030834206161,728674461801851590,914323641897661220
n10000-g1.25-t0.9-r5-h160042,7,59,79,1.3389830508474576,53,0.9152542372881356,0.8983050847457628,0.6708860759493671,53,20,728674461801851590,914323641897661220,894173606836323480,1354168775011378655
n10000-g1.25-t0.9-r5-h160042,8,79,101,1.2784810126582278,71,0.9113924050632911,0.8987341772151899,0.7029702970297029,71,27,894173606836323480,1354168775011378655,151978017657146160,2084116236017272107
n10000-g1.25-t0.9-r5-h160042,9,101,127,1.2574257425742574,90,0.900990099009901,0.8910891089108911,0.7086614173228346,90,29,151978017657146160,2084116236017272107,1503942475914619708,1023847897107854201
n10000-g1.25-t0.9-r5-h160042,10,127,163,1.2834645669291338,114,0.905511811023622,0.8976377952755905,0.6993865030674846,114,36,1503942475914619708,1023847897107854201,1959121981469107010,1507887399001509498
n10000-g1.25-t0.9-r5-h160042,11,163,211,1.294478527607362,146,0.901840490797546,0.8957055214723927,0.6919431279620853,146,55,1959121981469107010,1507887399001509498,144675229512126277,2217075565996547241
n10000-g1.25-t0.9-r5-h160042,12,211,269,1.2748815165876777,189,0.9004739336492891,0.8957345971563981,0.7026022304832714,189,68,144675229512126277,2217075565996547241,1396233999587032140,1791812416562404526
n10000-g1.25-t0.9-r5-h160042,13,269,337,1.2527881040892193,242,0.9033457249070632,0.8996282527881041,0.7181008902077152,242,76,1396233999587032140,1791812416562404526,53491670836789563,31869423821951281
n10000-g1.25-t0.9-r5-h160042,14,337,431,1.2789317507418398,303,0.9020771513353115,0.8991097922848664,0.703016241299304,303,104,53491670836789563,31869423821951281,1238016653881973143,1675051887242332895
n10000-g1.25-t0.9-r5-h160042,15,431,541,1.2552204176334107,387,0.9002320185614849,0.8979118329466357,0.7153419593345656,387,149,1238016653881973143,1675051887242332895,538776001749874185,2244355991891082304
n10000-g1.25-t0.9-r5-h160042,16,541,677,1.2513863216266174,486,0.9001848428835489,0.8983364140480592,0.7178729689807977,486,187,538776001749874185,2244355991891082304,128273209590164785,169011262479126063
n10000-g1.25-t0.9-r5-h160042,17,677,853,1.259970457902511,609,0.9010339734121122,0.8995568685376661,0.7139507620164126,609,207,128273209590164785,169011262479126063,1473503377183367983,709593445440876555
n10000-g1.25-t0.9-r5-h160042,18,853,1069,1.2532239155920282,767,0.9003516998827668,0.8991793669402111,0.7174929840972872,767,272,1473503377183367983,709593445440876555,1965254545819314856,866871868142341071
n10000-g1.25-t0.9-r5-h160042,19,1069,1361,1.2731524789522919,962,0.9008419083255379,0.8999064546304958,0.7068332108743571,962,358,1965254545819314856,866871868142341071,1421243215515021053,1819853036692235015
n10000-g1.25-t0.9-r5-h160042,20,1361,1709,1.2556943423952975,1224,0.9000734753857458,0.899338721528288,0.7162083089526039,1224,448,1421243215515021053,1819853036692235015,2005641034424738439,1574556940673301802
n10000-g1.25-t0.9-r5-h160042,21,1709,2137,1.2504388531304858,1538,0.9005266237565828,0.8999414862492686,0.7197005147402902,1538,566,2005641034424738439,1574556940673301802,623268752894847356,170393554496911070
n10000-g1.25-t0.9-r5-h160042,22,2137,2677,1.252690687880206,1923,0.9003275620028077,0.8998596162845109,0.7183414269704893,1923,682,623268752894847356,170393554496911070,1301354344565241238,1719266397358243525
n10000-g1.25-t0.9-r5-h160042,23,2677,3347,1.250280164363093,2409,0.9002614867388868,0.8998879342547628,0.7197490289811772,2409,861,1301354344565241238,1719266397358243525,601283613490519270,1745610350841788664
n10000-g1.25-t0.9-r5-h160042,24,3347,4201,1.2551538691365403,3012,0.9002091425156857,0.8999103674932776,0.7169721494882171,3012,1054,601283613490519270,1745610350841788664,496541870195300880,1341334405920102776
n10000-g1.25-t0.9-r5-h160042,25,4201,5261,1.252320875981909,3780,0.9000238038562247,0.8997857652939776,0.7184945827789394,3780,1301,496541870195300880,1341334405920102776,355865224530337026,820943979247954064
n10000-g1.25-t0.9-r5-h160042,26,5261,6577,1.250142558448964,4734,0.9000190077931952,0.8998289298612431,0.7197810551923369,4734,1681,355865224530337026,820943979247954064,1140531365284423040,1120673486971837081
n10000-g1.25-t0.9-r5-h160042,27,6577,8231,1.2514824388018853,5919,0.9001064315037252,0.8999543864984035,0.7191106791398372,5919,2100,1140531365284423040,1120673486971837081,1030154245416941837,1580499786897219058
n10000-g1.25-t0.9-r5-h160042,28,8231,10289,1.250030372980197,7407,0.9000121491920787,0.8998906572712915,0.7198950335309554,7407,2456,1030154245416941837,1580499786897219058,1687108084254048976,872052300857661317
n10000-g1.25-t0.9-r5-h160042,29,10289,12889,1.2526970551073962,9260,0.9000874720575371,0.8999902808824959,0.7184420823958414,9260,3048,1687108084254048976,872052300857661317,1082982287812154591,1266399236269489572
n10000-g1.5-t0.9-r5-h160042,1,11,17,1.5454545454545454,9,0.9090909090909091,0.8181818181818182,0.5294117647058824,9,2,1530468187069800706,1400803185671258595,2061452452262547244,390878347336653215
n10000-g1.5-t0.9-r5-h160042,2,17,29,1.7058823529411764,15,0.9411764705882353,0.8823529411764706,0.5172413793103449,15,8,2061452452262547244,390878347336653215,2121019760987367504,1407123765243381490
n10000-g1.5-t0.9-r5-h160042,3,29,47,1.6206896551724137,26,0.9310344827586207,0.896551724137931,0.5531914893617021,26,5,2121019760987367504,1407123765243381490,1910614896970734869,1561289877916211277
n10000-g1.5-t0.9-r5-h160042,4,47,71,1.5106382978723405,42,0.9148936170212766,0.8936170212765957,0.5915492957746479,42,16,1910614896970734869,1561289877916211277,2204539173197591617,1943935669207858983
n10000-g1.5-t0.9-r5-h160042,5,71,107,1.5070422535211268,63,0.9014084507042254,0.8873239436619719,0.5887850467289719,63,15,2204539173197591617,1943935669207858983,1523823901846226518,1023619030834206161
n10000-g1.5-t0.9-r5-h160042,6,107,163,1.5233644859813085,96,0.9065420560747663,0.897196261682243,0.588957055214724,96,26,1523823901846226518,1023619030834206161,728674461801851590,914323641897661220
n10000-g1.5-t0.9-r5-h160042,7,163,251,1.539877300613497,146,0.901840490797546,0.8957055214723927,0.5816733067729084,146,41,728674461801851590,914323641897661220,894173606836323480,1354168775011378655
n10000-g1.5-t0.9-r5-h160042,8,251,379,1.5099601593625498,225,0.900398406374502,0.896414342629482,0.5936675461741425,225,54,894173606836323480,1354168775011378655,151978017657146160,2084116236017272107
n10000-g1.5-t0.9-r5-h160042,9,379,569,1.5013192612137203,341,0.9023746701846965,0.899736147757256,0.5992970123022847,341,111,151978017657146160,2084116236017272107,1503942475914619708,1023847897107854201
n10000-g1.5-t0.9-r5-h160042,10,569,857,1.5061511423550087,512,0.9015817223198594,0.8998242530755711,0.5974329054842473,512,160,1503942475914619708,1023847897107854201,1959121981469107010,1507887399001509498
n10000-g1.5-t0.9-r5-h160042,11,857,1289,1.5040840140023337,771,0.9008168028004667,0.8996499416569428,0.5981380915438325,771,238,1959121981469107010,1507887399001509498,144675229512126277,2217075565996547241
n10000-g1.5-t0.9-r5-h160042,12,1289,1949,1.5120248254460822,1160,0.9006982156710628,0.899922420480993,0.595177013853258,1160,347,144675229512126277,2217075565996547241,1396233999587032140,1791812416562404526
n10000-g1.5-t0.9-r5-h160042,13,1949,2927,1.5017957927142125,1754,0.9004617752693689,0.8999486916367367,0.599248377177998,1754,500,1396233999587032140,1791812416562404526,53491670836789563,31869423821951281
n10000-g1.5-t0.9-r5-h160042,14,2927,4391,1.5001708233686368,2634,0.9002391527160916,0.8998975059788179,0.5998633568663174,2634,736,53491670836789563,31869423821951281,1238016653881973143,1675051887242332895
n10000-g1.5-t0.9-r5-h160042,15,4391,6599,1.5028467319517194,3951,0.9000227738556138,0.8997950352994762,0.5987270798605849,3951,1136,1238016653881973143,1675051887242332895,538776001749874185,2244355991891082304
n10000-g1.5-t0.9-r5-h160042,16,6599,9901,1.5003788452795879,5939,0.9001363843006516,0.8999848461888165,0.5998384001615998,5939,1765,538776001749874185,2244355991891082304,128273209590164785,169011262479126063
n10000-g1.5-t0.9-r5-h160042,17,9901,14867,1.5015654984345015,8910,0.9000100999899,0.8999091000908999,0.5993139167283245,8910,2487,128273209590164785,169011262479126063,1473503377183367983,709593445440876555
n10000-g2-t0.9-r5-h160042,1,11,23,2.090909090909091,9,0.9090909090909091,0.8181818181818182,0.391304347826087,9,1,1530468187069800706,1400803185671258595,2061452452262547244,390878347336653215
n10000-g2-t0.9-r5-h160042,2,23,47,2.0434782608695654,20,0.9130434782608695,0.8695652173913043,0.425531914893617,20,7,2061452452262547244,390878347336653215,2121019760987367504,1407123765243381490
n10000-g2-t0.9-r5-h160042,3,47,97,2.0638297872340425,42,0.9148936170212766,0.8936170212765957,0.4329896907216495,42,5,2121019760987367504,1407123765243381490,1910614896970734869,1561289877916211277
n10000-g2-t0.9-r5-h160042,4,97,197,2.0309278350515463,87,0.9072164948453608,0.8969072164948454,0.4416243654822335,87,29,1910614896970734869,1561289877916211277,2204539173197591617,1943935669207858983
n10000-g2-t0.9-r5-h160042,5,197,397,2.015228426395939,177,0.9035532994923858,0.8984771573604061,0.44584382871536526,177,32,2204539173197591617,1943935669207858983,1523823901846226518,1023619030834206161
n10000-g2-t0.9-r5-h160042,6,397,797,2.0075566750629723,357,0.9017632241813602,0.8992443324937027,0.4479297365119197,357,68,1523823901846226518,1023619030834206161,728674461801851590,914323641897661220
n10000-g2-t0.9-r5-h160042,7,797,1597,2.0037641154328734,717,0.9008782936010038,0.8996235884567126,0.4489668127739512,717,170,728674461801851590,914323641897661220,894173606836323480,1354168775011378655
n10000-g2-t0.9-r5-h160042,8,1597,3203,2.005635566687539,1437,0.9004383218534753,0.8998121477770821,0.44864189822041833,1437,336,894173606836323480,1354168775011378655,151978017657146160,2084116236017272107
n10000-g2-t0.9-r5-h160042,9,3203,6421,2.0046831095847644,2882,0.9000936621916953,0.8997814548860443,0.4488397445880704,2882,647,151978017657146160,2084116236017272107,1503942475914619708,1023847897107854201
n10000-g2-t0.9-r5-h160042,10,6421,12853,2.001713128796138,5778,0.9000155738981467,0.8998598349166796,0.4495448533416323,5778,1274,1503942475914619708,1023847897107854201,1959121981469107010,1507887399001509498
n10000-g1.25-t0.8-r5-h160042,1,11,17,1.5454545454545454,8,0.8181818181818182,0.7272727272727273,0.47058823529411764,8,1,1530468187069800706,1400803185671258595,2061452452262547244,390878347336653215
n10000-g1.25-t0.8-r5-h160042,2,17,23,1.3529411764705883,13,0.8235294117647058,0.7647058823529411,0.5652173913043478,13,4,2061452452262547244,390878347336653215,2121019760987367504,1407123765243381490
n10000-g1.25-t0.8-r5-h160042,3,23,29,1.2608695652173914,18,0.8260869565217391,0.782608695652174,0.6206896551724138,18,4,2121019760987367504,1407123765243381490,1910614896970734869,1561289877916211277
n10000-g1.25-t0.8-r5-h160042,4,29,37,1.2758620689655173,23,0.8275862068965517,0.7931034482758621,0.6216216216216216,23,7,1910614896970734869,1561289877916211277,2204539173197591617,1943935669207858983
n10000-g1.25-t0.8-r5-h160042,5,37,47,1.2702702702702702,29,0.8108108108108109,0.7837837837837838,0.6170212765957447,29,11,2204539173197591617,1943935669207858983,1523823901846226518,1023619030834206161
n10000-g1.25-t0.8-r5-h160042,6,47,59,1.2553191489361701,37,0.8085106382978723,0.7872340425531915,0.6271186440677966,37,7,1523823901846226518,1023619030834206161,728674461801851590,914323641897661220
n10000-g1.25-t0.8-r5-h160042,7,59,79,1.3389830508474576,47,0.8135593220338984,0.7966101694915254,0.5949367088607594,47,15,728674461801851590,914323641897661220,894173606836323480,1354168775011378655
n10000-g1.25-t0.8-r5-h160042,8,79,101,1.2784810126582278,63,0.810126582278481,0.7974683544303798,0.6237623762376238,63,20,894173606836323480,1354168775011378655,151978017657146160,2084116236017272107
n10000-g1.25-t0.8-r5-h160042,9,101,127,1.2574257425742574,80,0.801980198019802,0.7920792079207921,0.6299212598425197,80,22,151978017657146160,2084116236017272107,1503942475914619708,1023847897107854201
n10000-g1.25-t0.8-r5-h160042,10,127,163,1.2834645669291338,101,0.8031496062992126,0.7952755905511811,0.6196319018404908,101,30,1503942475914619708,1023847897107854201,1959121981469107010,1507887399001509498
n10000-g1.25-t0.8-r5-h160042,11,163,211,1.294478527607362,130,0.803680981595092,0.7975460122699386,0.6161137440758294,130,36,1959121981469107010,1507887399001509498,144675229512126277,2217075565996547241
n10000-g1.25-t0.8-r5-h160042,12,211,269,1.2748815165876777,168,0.8009478672985783,0.7962085308056872,0.6245353159851301,168,53,144675229512126277,2217075565996547241,1396233999587032140,1791812416562404526
n10000-g1.25-t0.8-r5-h160042,13,269,337,1.2527881040892193,215,0.8029739776951673,0.7992565055762082,0.6379821958456974,215,60,1396233999587032140,1791812416562404526,53491670836789563,31869423821951281
n10000-g1.25-t0.8-r5-h160042,14,337,431,1.2789317507418398,269,0.8011869436201781,0.798219584569733,0.6241299303944315,269,78,53491670836789563,31869423821951281,1238016653881973143,1675051887242332895
n10000-g1.25-t0.8-r5-h160042,15,431,541,1.2552204176334107,344,0.8004640371229699,0.7981438515081206,0.6358595194085028,344,111,1238016653881973143,1675051887242332895,538776001749874185,2244355991891082304
n10000-g1.25-t0.8-r5-h160042,16,541,677,1.2513863216266174,432,0.800369685767098,0.7985212569316081,0.638109305760709,432,152,538776001749874185,2244355991891082304,128273209590164785,169011262479126063
n10000-g1.25-t0.8-r5-h160042,17,677,853,1.259970457902511,541,0.8005908419497785,0.7991137370753324,0.634232121922626,541,174,128273209590164785,169011262479126063,1473503377183367983,709593445440876555
n10000-g1.25-t0.8-r5-h160042,18,853,1069,1.2532239155920282,682,0.8007033997655334,0.7995310668229777,0.6379794200187091,682,203,1473503377183367983,709593445440876555,1965254545819314856,866871868142341071
n10000-g1.25-t0.8-r5-h160042,19,1069,1361,1.2731524789522919,855,0.8007483629560337,0.7998129092609916,0.6282145481263777,855,290,1965254545819314856,866871868142341071,1421243215515021053,1819853036692235015
n10000-g1.25-t0.8-r5-h160042,20,1361,1709,1.2556943423952975,1088,0.8001469507714916,0.7994121969140338,0.63662960795787,1088,350,1421243215515021053,1819853036692235015,2005641034424738439,1574556940673301802
n10000-g1.25-t0.8-r5-h160042,21,1709,2137,1.2504388531304858,1367,0.8004681100058514,0.7998829724985371,0.6396817969115582,1367,446,2005641034424738439,1574556940673301802,623268752894847356,170393554496911070
n10000-g1.25-t0.8-r5-h160042,22,2137,2677,1.252690687880206,1709,0.8001871782873187,0.799719232569022,0.6384011953679491,1709,543,623268752894847356,170393554496911070,1301354344565241238,1719266397358243525
n10000-g1.25-t0.8-r5-h160042,23,2677,3347,1.250280164363093,2141,0.8001494209936496,0.7997758685095255,0.6396773229757993,2141,650,1301354344565241238,1719266397358243525,601283613490519270,1745610350841788664
n10000-g1.25-t0.8-r5-h160042,24,3347,4201,1.2551538691365403,2677,0.8001195100089632,0.7998207349865551,0.6372292311354439,2677,844,601283613490519270,1745610350841788664,496541870195300880,1341334405920102776
n10000-g1.25-t0.8-r5-h160042,25,4201,5261,1.252320875981909,3360,0.8000476077124494,0.7998095691502023,0.6386618513590572,3360,1013,496541870195300880,1341334405920102776,355865224530337026,820943979247954064
n10000-g1.25-t0.8-r5-h160042,26,5261,6577,1.250142558448964,4208,0.8000380155863904,0.7998479376544383,0.6398053823931884,4208,1324,355865224530337026,820943979247954064,1140531365284423040,1120673486971837081
n10000-g1.25-t0.8-r5-h160042,27,6577,8231,1.2514824388018853,5261,0.8000608180021286,0.7999087729968071,0.6391689952618151,5261,1627,1140531365284423040,1120673486971837081,1030154245416941837,1580499786897219058
n10000-g1.25-t0.8-r5-h160042,28,8231,10289,1.250030372980197,6584,0.8000242983841575,0.7999028064633702,0.6399066964719603,6584,1945,1030154245416941837,1580499786897219058,1687108084254048976,872052300857661317
n10000-g1.25-t0.8-r5-h160042,29,10289,12889,1.2526970551073962,8231,0.800077752940033,0.7999805617649918,0.6386065637365195,8231,2372,1687108084254048976,872052300857661317,1082982287812154591,1266399236269489572
n10000-g1.5-t0.7-r5-h160042,1,11,17,1.5454545454545454,7,0.7272727272727273,0.6363636363636364,0.4117647058823529,7,1,1530468187069800706,1400803185671258595,2061452452262547244,390878347336653215
n10000-g1.5-t0.7-r5-h160042,2,17,29,1.7058823529411764,11,0.7058823529411765,0.6470588235294118,0.3793103448275862,11,4,2061452452262547244,390878347336653215,2121019760987367504,1407123765243381490
n10000-g1.5-t0.7-r5-h160042,3,29,47,1.6206896551724137,20,0.7241379310344828,0.6896551724137931,0.425531914893617,20,3,2121019760987367504,1407123765243381490,1910614896970734869,1561289877916211277
n10000-g1.5-t0.7-r5-h160042,4,47,71,1.5106382978723405,32,0.7021276595744681,0.6808510638297872,0.4507042253521127,32,9,1910614896970734869,1561289877916211277,2204539173197591617,1943935669207858983
n10000-g1.5-t0.7-r5-h160042,5,71,107,1.5070422535211268,49,0.704225352112676,0.6901408450704225,0.45794392523364486,49,11,2204539173197591617,1943935669207858983,1523823901846226518,1023619030834206161
n10000-g1.5-t0.7-r5-h160042,6,107,163,1.5233644859813085,74,0.7009345794392523,0.6915887850467289,0.4539877300613497,74,17,1523823901846226518,1023619030834206161,728674461801851590,914323641897661220
n10000-g1.5-t0.7-r5-h160042,7,163,251,1.539877300613497,114,0.7055214723926381,0.6993865030674846,0.4541832669322709,114,22,728674461801851590,914323641897661220,894173606836323480,1354168775011378655
n10000-g1.5-t0.7-r5-h160042,8,251,379,1.5099601593625498,175,0.701195219123506,0.6972111553784861,0.46174142480211083,175,31,894173606836323480,1354168775011378655,151978017657146160,2084116236017272107
n10000-g1.5-t0.7-r5-h160042,9,379,569,1.5013192612137203,265,0.7018469656992085,0.6992084432717678,0.46572934973637964,265,61,151978017657146160,2084116236017272107,1503942475914619708,1023847897107854201
n10000-g1.5-t0.7-r5-h160042,10,569,857,1.5061511423550087,398,0.7012302284710018,0.6994727592267135,0.4644107351225204,398,102,1503942475914619708,1023847897107854201,1959121981469107010,1507887399001509498
n10000-g1.5-t0.7-r5-h160042,11,857,1289,1.5040840140023337,599,0.7001166861143524,0.6989498249708285,0.46470131885182314,599,136,1959121981469107010,1507887399001509498,144675229512126277,2217075565996547241
n10000-g1.5-t0.7-r5-h160042,12,1289,1949,1.5120248254460822,902,0.7005430566330488,0.6997672614429791,0.4628014366341714,902,229,144675229512126277,2217075565996547241,1396233999587032140,1791812416562404526
n10000-g1.5-t0.7-r5-h160042,13,1949,2927,1.5017957927142125,1364,0.7003591585428425,0.6998460749102103,0.4660061496412709,1364,279,1396233999587032140,1791812416562404526,53491670836789563,31869423821951281
n10000-g1.5-t0.7-r5-h160042,14,2927,4391,1.5001708233686368,2048,0.7000341646737274,0.6996925179364537,0.4664085629697108,2048,459,53491670836789563,31869423821951281,1238016653881973143,1675051887242332895
n10000-g1.5-t0.7-r5-h160042,15,4391,6599,1.5028467319517194,3073,0.7000683215668413,0.6998405830107037,0.4656766176693438,3073,690,1238016653881973143,1675051887242332895,538776001749874185,2244355991891082304
n10000-g1.5-t0.7-r5-h160042,16,6599,9901,1.5003788452795879,4619,0.7001060766782846,0.6999545385664495,0.4665185334814665,4619,1081,538776001749874185,2244355991891082304,128273209590164785,169011262479126063
n10000-g1.5-t0.7-r5-h160042,17,9901,14867,1.5015654984345015,6930,0.7000302999697,0.6999293000707,0.46613304634425234,6930,1493,128273209590164785,169011262479126063,1473503377183367983,709593445440876555
n10000-g1.25-t0.5-r5-h160042,1,11,17,1.5454545454545454,5,0.5454545454545454,0.45454545454545453,0.29411764705882354,5,1,1530468187069800706,1400803185671258595,2061452452262547244,390878347336653215
n10000-g1.25-t0.5-r5-h160042,2,17,23,1.3529411764705883,8,0.5294117647058824,0.47058823529411764,0.34782608695652173,8,1,2061452452262547244,390878347336653215,2121019760987367504,1407123765243381490
n10000-g1.25-t0.5-r5-h160042,3,23,29,1.2608695652173914,11,0.5217391304347826,0.4782608695652174,0.3793103448275862,11,2,2121019760987367504,1407123765243381490,1910614896970734869,1561289877916211277
n10000-g1.25-t0.5-r5-h160042,4,29,37,1.2758620689655173,14,0.5172413793103449,0.4827586206896552,0.3783783783783784,14,4,1910614896970734869,1561289877916211277,2204539173197591617,1943935669207858983
n10000-g1.25-t0.5-r5-h160042,5,37,47,1.2702702702702702,18,0.5135135135135135,0.4864864864864865,0.3829787234042553,18,1,2204539173197591617,1943935669207858983,1523823901846226518,1023619030834206161
n10000-g1.25-t0.5-r5-h160042,6,47,59,1.2553191489361701,23,0.5106382978723404,0.48936170212765956,0.3898305084745763,23,2,1523823901846226518,1023619030834206161,728674461801851590,914323641897661220
n10000-g1.25-t0.5-r5-h160042,7,59,79,1.3389830508474576,29,0.5084745762711864,0.4915254237288136,0.3670886075949367,29,3,728674461801851590,914323641897661220,894173606836323480,1354168775011378655
n10000-g1.25-t0.5-r5-h160042,8,79,101,1.2784810126582278,39,0.5063291139240507,0.4936708860759494,0.38613861386138615,39,7,894173606836323480,1354168775011378655,151978017657146160,2084116236017272107
n10000-g1.25-t0.5-r5-h160042,9,101,127,1.2574257425742574,50,0.504950495049505,0.49504950495049505,0.3937007874015748,50,4,151978017657146160,2084116236017272107,1503942475914619708,1023847897107854201
n10000-g1.25-t0.5-r5-h160042,10,127,163,1.2834645669291338,63,0.5039370078740157,0.49606299212598426,0.38650306748466257,63,9,1503942475914619708,1023847897107854201,1959121981469107010,1507887399001509498
n10000-g1.25-t0.5-r5-h160042,11,163,211,1.294478527607362,81,0.5030674846625767,0.49693251533742333,0.38388625592417064,81,12,1959121981469107010,1507887399001509498,144675229512126277,2217075565996547241
n10000-g1.25-t0.5-r5-h160042,12,211,269,1.2748815165876777,105,0.5023696682464455,0.4976303317535545,0.3903345724907063,105,18,144675229512126277,2217075565996547241,1396233999587032140,1791812416562404526
n10000-g1.25-t0.5-r5-h160042,13,269,337,1.2527881040892193,134,0.5018587360594795,0.49814126394052044,0.39762611275964393,134,24,1396233999587032140,1791812416562404526,53491670836789563,31869423821951281
n10000-g1.25-t0.5-r5-h160042,14,337,431,1.2789317507418398,168,0.5014836795252225,0.49851632047477745,0.38979118329466356,168,23,53491670836789563,31869423821951281,1238016653881973143,1675051887242332895
n10000-g1.25-t0.5-r5-h160042,15,431,541,1.2552204176334107,215,0.5011600928074246,0.4988399071925754,0.3974121996303142,215,47,1238016653881973143,1675051887242332895,538776001749874185,2244355991891082304
n10000-g1.25-t0.5-r5-h160042,16,541,677,1.2513863216266174,270,0.5009242144177449,0.49907578558225507,0.3988183161004431,270,56,538776001749874185,2244355991891082304,128273209590164785,169011262479126063
n10000-g1.25-t0.5-r5-h160042,17,677,853,1.259970457902511,338,0.5007385524372231,0.49926144756277696,0.3962485345838218,338,75,128273209590164785,169011262479126063,1473503377183367983,709593445440876555
n10000-g1.25-t0.5-r5-h160042,18,853,1069,1.2532239155920282,426,0.5005861664712778,0.49941383352872215,0.3985032740879326,426,77,1473503377183367983,709593445440876555,1965254545819314856,866871868142341071
n10000-g1.25-t0.5-r5-h160042,19,1069,1361,1.2731524789522919,534,0.500467726847521,0.49953227315247895,0.3923585598824394,534,113,1965254545819314856,866871868142341071,1421243215515021053,1819853036692235015
n10000-g1.25-t0.5-r5-h160042,20,1361,1709,1.2556943423952975,680,0.5003673769287289,0.4996326230712711,0.3978935049736688,680,139,1421243215515021053,1819853036692235015,2005641034424738439,1574556940673301802
n10000-g1.25-t0.5-r5-h160042,21,1709,2137,1.2504388531304858,854,0.5002925687536571,0.49970743124634287,0.39962564342536266,854,168,2005641034424738439,1574556940673301802,623268752894847356,170393554496911070
n10000-g1.25-t0.5-r5-h160042,22,2137,2677,1.252690687880206,1068,0.5002339728591484,0.49976602714085167,0.39895405304445275,1068,200,623268752894847356,170393554496911070,1301354344565241238,1719266397358243525
n10000-g1.25-t0.5-r5-h160042,23,2677,3347,1.250280164363093,1338,0.500186776242062,0.49981322375793796,0.3997609799820735,1338,231,1301354344565241238,1719266397358243525,601283613490519270,1745610350841788664
n10000-g1.25-t0.5-r5-h160042,24,3347,4201,1.2551538691365403,1673,0.5001493875112041,0.4998506124887959,0.3982385146393716,1673,316,601283613490519270,1745610350841788664,496541870195300880,1341334405920102776
n10000-g1.25-t0.5-r5-h160042,25,4201,5261,1.252320875981909,2100,0.5001190192811236,0.49988098071887643,0.39916365709941076,2100,393,496541870195300880,1341334405920102776,355865224530337026,820943979247954064
n10000-g1.25-t0.5-r5-h160042,26,5261,6577,1.250142558448964,2630,0.5000950389659761,0.49990496103402393,0.3998783639957427,2630,492,355865224530337026,820943979247954064,1140531365284423040,1120673486971837081
n10000-g1.25-t0.5-r5-h160042,27,6577,8231,1.2514824388018853,3288,0.5000760225026608,0.4999239774973392,0.39946543554853603,3288,635,1140531365284423040,1120673486971837081,1030154245416941837,1580499786897219058
n10000-g1.25-t0.5-r5-h160042,28,8231,10289,1.250030372980197,4115,0.5000607459603936,0.4999392540396064,0.3999416852949752,4115,717,1030154245416941837,1580499786897219058,1687108084254048976,872052300857661317
n10000-g1.25-t0.5-r5-h160042,29,10289,12889,1.2526970551073962,5144,0.5000485955875207,0.49995140441247937,0.3991000077585538,5144,922,1687108084254048976,872052300857661317,1082982287812154591,1266399236269489572
n10000-g1.25-t0.5-r5-h160042,30,12889,16127,1.2512219722243774,6444,0.5000387927690279,0.49996120723097215,0.39957834687170585,6444,1248,1082982287812154591,1266399236269489572,296983886265880265,1707146801477629335
n10000-g1.25-t0.5-r5-h160042,31,16127,20161,1.250139517579215,8063,0.5000310039064922,0.49996899609350776,0.3999305590000496,8063,1446,296983886265880265,1707146801477629335,249773903025442524,1223127775960247934
n10000-g4-t0.8-r5-h160042,1,11,47,4.2727272727272725,8,0.8181818181818182,0.7272727272727273,0.1702127659574468,8,0,1530468187069800706,1400803185671258595,2061452452262547244,390878347336653215
n10000-g4-t0.8-r5-h160042,2,47,191,4.0638297872340425,37,0.8085106382978723,0.7872340425531915,0.193717277486911,37,2,2061452452262547244,390878347336653215,2121019760987367504,1407123765243381490
n10000-g4-t0.8-r5-h160042,3,191,769,4.026178010471204,152,0.8010471204188482,0.7958115183246073,0.1976592977893368,152,12,2121019760987367504,1407123765243381490,1910614896970734869,1561289877916211277
n10000-g4-t0.8-r5-h160042,4,769,3079,4.003901170351106,615,0.8010403120936281,0.7997399219765929,0.1997401753816174,615,63,1910614896970734869,1561289877916211277,2204539173197591617,1943935669207858983
n10000-g4-t0.8-r5-h160042,5,3079,12323,4.002273465410847,2463,0.8002598246183826,0.7999350438454044,0.199870161486651,2463,211,2204539173197591617,1943935669207858983,1523823901846226518,1023619030834206161
n10000-g4-t0.8-r5-h160042,6,12323,49297,4.0004057453542154,9858,0.8000486894425058,0.7999675403716627,0.19997160070592532,9858,805,1523823901846226518,1023619030834206161,728674461801851590,914323641897661220
n10000-g4-t0.5-r5-h160042,1,11,47,4.2727272727272725,5,0.5454545454545454,0.45454545454545453,0.10638297872340426,5,0,1530468187069800706,1400803185671258595,2061452452262547244,390878347336653215
n10000-g4-t0.5-r5-h160042,2,47,191,4.0638297872340425,23,0.5106382978723404,0.48936170212765956,0.12041884816753927,23,0,2061452452262547244,390878347336653215,2121019760987367504,1407123765243381490
n10000-g4-t0.5-r5-h160042,3,191,769,4.026178010471204,95,0.5026178010471204,0.4973821989528796,0.1235370611183355,95,3,2121019760987367504,1407123765243381490,1910614896970734869,1561289877916211277
n10000-g4-t0.5-r5-h160042,4,769,3079,4.003901170351106,384,0.5006501950585176,0.49934980494148246,0.12471581682364404,384,24,1910614896970734869,1561289877916211277,2204539173197591617,1943935669207858983
n10000-g4-t0.5-r5-h160042,5,3079,12323,4.002273465410847,1539,0.5001623903864891,0.49983760961351087,0.12488842002759068,1539,76,2204539173197591617,1943935669207858983,1523823901846226518,1023619030834206161
n10000-g4-t0.5-r5-h160042,6,12323,49297,4.0004057453542154,6161,0.5000405745354216,0.49995942546457844,0.12497717913868998,6161,314,1523823901846226518,1023619030834206161,728674461801851590,914323641897661220
n10000-g1.25-t0.7-r5-h160042,1,11,17,1.5454545454545454,7,0.7272727272727273,0.6363636363636364,0.4117647058823529,7,1,1530468187069800706,1400803185671258595,2061452452262547244,390878347336653215
n10000-g1.25-t0.7-r5-h160042,2,17,23,1.3529411764705883,11,0.7058823529411765,0.6470588235294118,0.4782608695652174,11,3,2061452452262547244,390878347336653215,2121019760987367504,1407123765243381490
n10000-g1.25-t0.7-r5-h160042,3,23,29,1.2608695652173914,16,0.7391304347826086,0.6956521739130435,0.5517241379310345,16,4,2121019760987367504,1407123765243381490,1910614896970734869,1561289877916211277
n10000-g1.25-t0.7-r5-h160042,4,29,37,1.2758620689655173,20,0.7241379310344828,0.6896551724137931,0.5405405405405406,20,5,1910614896970734869,1561289877916211277,2204539173197591617,1943935669207858983
n10000-g1.25-t0.7-r5-h160042,5,37,47,1.2702702702702702,25,0.7027027027027027,0.6756756756756757,0.5319148936170213,25,9,2204539173197591617,1943935669207858983,1523823901846226518,1023619030834206161
n10000-g1.25-t0.7-r5-h160042,6,47,59,1.2553191489361701,32,0.7021276595744681,0.6808510638297872,0.5423728813559322,32,4,1523823901846226518,1023619030834206161,728674461801851590,914323641897661220
n10000-g1.25-t0.7-r5-h160042,7,59,79,1.3389830508474576,41,0.711864406779661,0.6949152542372882,0.5189873417721519,41,11,728674461801851590,914323641897661220,894173606836323480,1354168775011378655
n10000-g1.25-t0.7-r5-h160042,8,79,101,1.2784810126582278,55,0.7088607594936709,0.6962025316455697,0.5445544554455446,55,14,894173606836323480,1354168775011378655,151978017657146160,2084116236017272107
n10000-g1.25-t0.7-r5-h160042,9,101,127,1.2574257425742574,70,0.7029702970297029,0.693069306930693,0.5511811023622047,70,15,151978017657146160,2084116236017272107,1503942475914619708,1023847897107854201
n10000-g1.25-t0.7-r5-h160042,10,127,163,1.2834645669291338,88,0.7007874015748031,0.6929133858267716,0.5398773006134969,88,17,1503942475914619708,1023847897107854201,1959121981469107010,1507887399001509498
n10000-g1.25-t0.7-r5-h160042,11,163,211,1.294478527607362,114,0.7055214723926381,0.6993865030674846,0.5402843601895735,114,29,1959121981469107010,1507887399001509498,144675229512126277,2217075565996547241
n10000-g1.25-t0.7-r5-h160042,12,211,269,1.2748815165876777,147,0.7014218009478673,0.6966824644549763,0.5464684014869888,147,41,144675229512126277,2217075565996547241,1396233999587032140,1791812416562404526
n10000-g1.25-t0.7-r5-h160042,13,269,337,1.2527881040892193,188,0.7026022304832714,0.6988847583643123,0.5578635014836796,188,50,1396233999587032140,1791812416562404526,53491670836789563,31869423821951281
n10000-g1.25-t0.7-r5-h160042,14,337,431,1.2789317507418398,235,0.7002967359050445,0.6973293768545994,0.5452436194895591,235,50,53491670836789563,31869423821951281,1238016653881973143,1675051887242332895
n10000-g1.25-t0.7-r5-h160042,15,431,541,1.2552204176334107,301,0.7006960556844548,0.6983758700696056,0.55637707948244,301,82,1238016653881973143,1675051887242332895,538776001749874185,2244355991891082304
n10000-g1.25-t0.7-r5-h160042,16,541,677,1.2513863216266174,378,0.7005545286506469,0.6987060998151571,0.5583456425406204,378,116,538776001749874185,2244355991891082304,128273209590164785,169011262479126063
n10000-g1.25-t0.7-r5-h160042,17,677,853,1.259970457902511,473,0.7001477104874446,0.6986706056129985,0.5545134818288394,473,136,128273209590164785,169011262479126063,1473503377183367983,709593445440876555
n10000-g1.25-t0.7-r5-h160042,18,853,1069,1.2532239155920282,597,0.7010550996483002,0.6998827667057445,0.558465855940131,597,140,1473503377183367983,709593445440876555,1965254545819314856,866871868142341071
n10000-g1.25-t0.7-r5-h160042,19,1069,1361,1.2731524789522919,748,0.7006548175865295,0.6997193638914874,0.5495958853783982,748,221,1965254545819314856,866871868142341071,1421243215515021053,1819853036692235015
n10000-g1.25-t0.7-r5-h160042,20,1361,1709,1.2556943423952975,952,0.7002204261572373,0.6994856722997795,0.5570509069631363,952,272,1421243215515021053,1819853036692235015,2005641034424738439,1574556940673301802
n10000-g1.25-t0.7-r5-h160042,21,1709,2137,1.2504388531304858,1196,0.70040959625512,0.6998244587478057,0.5596630790828264,1196,340,2005641034424738439,1574556940673301802,623268752894847356,170393554496911070
n10000-g1.25-t0.7-r5-h160042,22,2137,2677,1.252690687880206,1495,0.7000467945718297,0.6995788488535329,0.558460963765409,1495,418,623268752894847356,170393554496911070,1301354344565241238,1719266397358243525
n10000-g1.25-t0.7-r5-h160042,23,2677,3347,1.250280164363093,1873,0.7000373552484124,0.6996638027642884,0.5596056169704213,1873,505,1301354344565241238,1719266397358243525,601283613490519270,1745610350841788664
n10000-g1.25-t0.7-r5-h160042,24,3347,4201,1.2551538691365403,2342,0.7000298775022408,0.6997311024798327,0.5574863127826708,2342,644,601283613490519270,1745610350841788664,496541870195300880,1341334405920102776
n10000-g1.25-t0.7-r5-h160042,25,4201,5261,1.252320875981909,2940,0.7000714115686741,0.699833373006427,0.5588291199391751,2940,772,496541870195300880,1341334405920102776,355865224530337026,820943979247954064
n10000-g1.25-t0.7-r5-h160042,26,5261,6577,1.250142558448964,3682,0.7000570233795856,0.6998669454476335,0.5598297095940399,3682,1016,355865224530337026,820943979247954064,1140531365284423040,1120673486971837081
n10000-g1.25-t0.7-r5-h160042,27,6577,8231,1.2514824388018853,4603,0.7000152045005321,0.6998631594952106,0.559227311383793,4603,1237,1140531365284423040,1120673486971837081,1030154245416941837,1580499786897219058
n10000-g1.25-t0.7-r5-h160042,28,8231,10289,1.250030372980197,5761,0.7000364475762362,0.6999149556554489,0.5599183594129653,5761,1469,1030154245416941837,1580499786897219058,1687108084254048976,872052300857661317
n10000-g1.25-t0.7-r5-h160042,29,10289,12889,1.2526970551073962,7202,0.7000680338225289,0.6999708426474877,0.5587710450771977,7202,1806,1687108084254048976,872052300857661317,1082982287812154591,1266399236269489572
n10000-g1.25-t0.7-r5-h160042,30,12889,16127,1.2512219722243774,9022,0.700054309876639,0.6999767243385833,0.559434488745582,9022,2425,1082982287812154591,1266399236269489572,296983886265880265,1707146801477629335
n10000-g2-t0.7-r5-h160042,1,11,23,2.090909090909091,7,0.7272727272727273,0.6363636363636364,0.30434782608695654,7,1,1530468187069800706,1400803185671258595,2061452452262547244,390878347336653215
n10000-g2-t0.7-r5-h160042,2,23,47,2.0434782608695654,16,0.7391304347826086,0.6956521739130435,0.3404255319148936,16,5,2061452452262547244,390878347336653215,2121019760987367504,1407123765243381490
n10000-g2-t0.7-r5-h160042,3,47,97,2.0638297872340425,32,0.7021276595744681,0.6808510638297872,0.32989690721649484,32,4,2121019760987367504,1407123765243381490,1910614896970734869,1561289877916211277
n10000-g2-t0.7-r5-h160042,4,97,197,2.0309278350515463,67,0.7010309278350515,0.6907216494845361,0.3401015228426396,67,14,1910614896970734869,1561289877916211277,2204539173197591617,1943935669207858983
n10000-g2-t0.7-r5-h160042,5,197,397,2.015228426395939,137,0.700507614213198,0.6954314720812182,0.345088161209068,137,25,2204539173197591617,1943935669207858983,1523823901846226518,1023619030834206161
n10000-g2-t0.7-r5-h160042,6,397,797,2.0075566750629723,277,0.7002518891687658,0.6977329974811083,0.3475533249686324,277,42,1523823901846226518,1023619030834206161,728674461801851590,914323641897661220
n10000-g2-t0.7-r5-h160042,7,797,1597,2.0037641154328734,557,0.7001254705144291,0.698870765370138,0.3487789605510332,557,100,728674461801851590,914323641897661220,894173606836323480,1354168775011378655
n10000-g2-t0.7-r5-h160042,8,1597,3203,2.005635566687539,1117,0.7000626174076393,0.6994364433312461,0.3487355604121136,1117,185,894173606836323480,1354168775011378655,151978017657146160,2084116236017272107
n10000-g2-t0.7-r5-h160042,9,3203,6421,2.0046831095847644,2242,0.7002809865750859,0.6999687792694349,0.3491667964491512,2242,409,151978017657146160,2084116236017272107,1503942475914619708,1023847897107854201
n10000-g2-t0.7-r5-h160042,10,6421,12853,2.001713128796138,4494,0.7000467216944402,0.699890982712973,0.3496459970434918,4494,742,1503942475914619708,1023847897107854201,1959121981469107010,1507887399001509498
n10000-g2-t0.7-r5-h160042,11,12853,25717,2.0008558313234266,8997,0.7000700225628258,0.6999922197152416,0.3498464051016837,8997,1347,1959121981469107010,1507887399001509498,144675229512126277,2217075565996547241
n10000-g3-t0.7-r5-h160042,1,11,37,3.3636363636363638,7,0.7272727272727273,0.6363636363636364,0.1891891891891892,7,1,1530468187069800706,1400803185671258595,2061452452262547244,390878347336653215
n10000-g3-t0.7-r5-h160042,2,37,113,3.054054054054054,25,0.7027027027027027,0.6756756756756757,0.22123893805309736,25,5,2061452452262547244,390878347336653215,2121019760987367504,1407123765243381490
n10000-g3-t0.7-r5-h160042,3,113,347,3.0707964601769913,79,0.7079646017699115,0.6991150442477876,0.2276657060518732,79,11,2121019760987367504,1407123765243381490,1910614896970734869,1561289877916211277
n10000-g3-t0.7-r5-h160042,4,347,1049,3.0230547550432276,242,0.7002881844380403,0.6974063400576369,0.23069590085795996,242,26,1910614896970734869,1561289877916211277,2204539173197591617,1943935669207858983
n10000-g3-t0.7-r5-h160042,5,1049,3163,3.015252621544328,734,0.7006673021925643,0.6997140133460439,0.2320581726209295,734,89,2204539173197591617,1943935669207858983,1523823901846226518,1023619030834206161
n10000-g3-t0.7-r5-h160042,6,3163,9491,3.0006323110970596,2214,0.7002845399936769,0.699968384445147,0.23327362764724477,2214,277,1523823901846226518,1023619030834206161,728674461801851590,914323641897661220
n10000-g3-t0.7-r5-h160042,7,9491,28477,3.0004214519018015,6643,0.7000316088926352,0.6999262459171847,0.23327597710432982,6643,667,728674461801851590,914323641897661220,894173606836323480,1354168775011378655
n10000-g4-t0.9-r5-h160042,1,11,47,4.2727272727272725,9,0.9090909090909091,0.8181818181818182,0.19148936170212766,9,0,1530468187069800706,1400803185671258595,2061452452262547244,390878347336653215
n10000-g4-t0.9-r5-h160042,2,47,191,4.0638297872340425,42,0.9148936170212766,0.8936170212765957,0.2198952879581152,42,4,2061452452262547244,390878347336653215,2121019760987367504,1407123765243381490
n10000-g4-t0.9-r5-h160042,3,191,769,4.026178010471204,171,0.900523560209424,0.8952879581151832,0.2223667100130039,171,12,2121019760987367504,1407123765243381490,1910614896970734869,1561289877916211277
n10000-g4-t0.9-r5-h160042,4,769,3079,4.003901170351106,692,0.9011703511053316,0.8998699609882965,0.22474829490094186,692,81,1910614896970734869,1561289877916211277,2204539173197591617,1943935669207858983
n10000-g4-t0.9-r5-h160042,5,3079,12323,4.002273465410847,2771,0.9002923026956804,0.8999675219227021,0.22486407530633773,2771,263,2204539173197591617,1943935669207858983,1523823901846226518,1023619030834206161
n10000-g2-t0.8-r5-h160042,1,11,23,2.090909090909091,8,0.8181818181818182,0.7272727272727273,0.34782608695652173,8,1,1530468187069800706,1400803185671258595,2061452452262547244,390878347336653215
n10000-g2-t0.8-r5-h160042,2,23,47,2.0434782608695654,18,0.8260869565217391,0.782608695652174,0.3829787234042553,18,6,2061452452262547244,390878347336653215,2121019760987367504,1407123765243381490
n10000-g2-t0.8-r5-h160042,3,47,97,2.0638297872340425,37,0.8085106382978723,0.7872340425531915,0.38144329896907214,37,5,2121019760987367504,1407123765243381490,1910614896970734869,1561289877916211277
n10000-g2-t0.8-r5-h160042,4,97,197,2.0309278350515463,77,0.8041237113402062,0.7938144329896907,0.39086294416243655,77,23,1910614896970734869,1561289877916211277,2204539173197591617,1943935669207858983
n10000-g2-t0.8-r5-h160042,5,197,397,2.015228426395939,157,0.8020304568527918,0.7969543147208121,0.3954659949622166,157,29,2204539173197591617,1943935669207858983,1523823901846226518,1023619030834206161
n10000-g2-t0.8-r5-h160042,6,397,797,2.0075566750629723,317,0.801007556675063,0.7984886649874056,0.397741530740276,317,55,1523823901846226518,1023619030834206161,728674461801851590,914323641897661220
n10000-g2-t0.8-r5-h160042,7,797,1597,2.0037641154328734,637,0.8005018820577164,0.7992471769134254,0.39887288666249215,637,130,728674461801851590,914323641897661220,894173606836323480,1354168775011378655
n10000-g2-t0.8-r5-h160042,8,1597,3203,2.005635566687539,1277,0.8002504696305573,0.799624295554164,0.398688729316266,1277,262,894173606836323480,1354168775011378655,151978017657146160,2084116236017272107
n10000-g2-t0.8-r5-h160042,9,3203,6421,2.0046831095847644,2562,0.8001873243833906,0.7998751170777396,0.3990032705186108,2562,524,151978017657146160,2084116236017272107,1503942475914619708,1023847897107854201
n10000-g2-t0.8-r5-h160042,10,6421,12853,2.001713128796138,5136,0.8000311477962934,0.7998754088148263,0.399595425192562,5136,988,1503942475914619708,1023847897107854201,1959121981469107010,1507887399001509498
n10000-g1.5-t0.5-r5-h160042,1,11,17,1.5454545454545454,5,0.5454545454545454,0.45454545454545453,0.29411764705882354,5,1,1530468187069800706,1400803185671258595,2061452452262547244,390878347336653215
n10000-g1.5-t0.5-r5-h160042,2,17,29,1.7058823529411764,8,0.5294117647058824,0.47058823529411764,0.27586206896551724,8,1,2061452452262547244,390878347336653215,2121019760987367504,1407123765243381490
n10000-g1.5-t0.5-r5-h160042,3,29,47,1.6206896551724137,14,0.5172413793103449,0.4827586206896552,0.2978723404255319,14,0,2121019760987367504,1407123765243381490,1910614896970734869,1561289877916211277
n10000-g1.5-t0.5-r5-h160042,4,47,71,1.5106382978723405,23,0.5106382978723404,0.48936170212765956,0.323943661971831,23,7,1910614896970734869,1561289877916211277,2204539173197591617,1943935669207858983
n10000-g1.5-t0.5-r5-h160042,5,71,107,1.5070422535211268,35,0.5070422535211268,0.49295774647887325,0.32710280373831774,35,5,2204539173197591617,1943935669207858983,1523823901846226518,1023619030834206161
n10000-g1.5-t0.5-r5-h160042,6,107,163,1.5233644859813085,53,0.5046728971962616,0.4953271028037383,0.32515337423312884,53,10,1523823901846226518,1023619030834206161,728674461801851590,914323641897661220
n10000-g1.5-t0.5-r5-h160042,7,163,251,1.539877300613497,81,0.5030674846625767,0.49693251533742333,0.32270916334661354,81,11,728674461801851590,914323641897661220,894173606836323480,1354168775011378655
n10000-g1.5-t0.5-r5-h160042,8,251,379,1.5099601593625498,125,0.50199203187251,0.49800796812749004,0.32981530343007914,125,20,894173606836323480,1354168775011378655,151978017657146160,2084116236017272107
n10000-g1.5-t0.5-r5-h160042,9,379,569,1.5013192612137203,189,0.5013192612137203,0.49868073878627966,0.3321616871704745,189,30,151978017657146160,2084116236017272107,1503942475914619708,1023847897107854201
n10000-g1.5-t0.5-r5-h160042,10,569,857,1.5061511423550087,284,0.5008787346221442,0.4991212653778559,0.3313885647607935,284,46,1503942475914619708,1023847897107854201,1959121981469107010,1507887399001509498
n10000-g1.5-t0.5-r5-h160042,11,857,1289,1.5040840140023337,428,0.5005834305717619,0.49941656942823803,0.33204034134988364,428,71,1959121981469107010,1507887399001509498,144675229512126277,2217075565996547241
n10000-g1.5-t0.5-r5-h160042,12,1289,1949,1.5120248254460822,644,0.5003878975950349,0.49961210240496506,0.3304258594150847,644,120,144675229512126277,2217075565996547241,1396233999587032140,1791812416562404526
n10000-g1.5-t0.5-r5-h160042,13,1949,2927,1.5017957927142125,974,0.5002565418163161,0.49974345818368393,0.3327639221045439,974,144,1396233999587032140,1791812416562404526,53491670836789563,31869423821951281
n10000-g1.5-t0.5-r5-h160042,14,2927,4391,1.5001708233686368,1463,0.5001708233686368,0.49982917663136317,0.33318150762924165,1463,224,53491670836789563,31869423821951281,1238016653881973143,1675051887242332895
n10000-g1.5-t0.5-r5-h160042,15,4391,6599,1.5028467319517194,2195,0.5001138692780688,0.4998861307219312,0.33262615547810276,2195,381,1238016653881973143,1675051887242332895,538776001749874185,2244355991891082304
n10000-g1.5-t0.5-r5-h160042,16,6599,9901,1.5003788452795879,3299,0.5000757690559176,0.49992423094408245,0.3331986668013332,3299,527,538776001749874185,2244355991891082304,128273209590164785,169011262479126063
n10000-g1.5-t0.5-r5-h160042,17,9901,14867,1.5015654984345015,4950,0.5000504999495,0.49994950005049993,0.3329521759601803,4950,772,128273209590164785,169011262479126063,1473503377183367983,709593445440876555
n10000-g1.5-t0.5-r5-h160042,18,14867,22303,1.5001681576646264,7433,0.5000336315329252,0.4999663684670747,0.3332735506434112,7433,1163,1473503377183367983,709593445440876555,1965254545819314856,866871868142341071
n10000-g3-t0.5-r5-h160042,1,11,37,3.3636363636363638,5,0.5454545454545454,0.45454545454545453,0.13513513513513514,5,0,1530468187069800706,1400803185671258595,2061452452262547244,390878347336653215
n10000-g3-t0.5-r5-h160042,2,37,113,3.054054054054054,18,0.5135135135135135,0.4864864864864865,0.1592920353982301,18,2,2061452452262547244,390878347336653215,2121019760987367504,1407123765243381490
n10000-g3-t0.5-r5-h160042,3,113,347,3.0707964601769913,56,0.504424778761062,0.49557522123893805,0.16138328530259366,56,7,2121019760987367504,1407123765243381490,1910614896970734869,1561289877916211277
n10000-g3-t0.5-r5-h160042,4,347,1049,3.0230547550432276,173,0.5014409221902018,0.49855907780979825,0.16491897044804577,173,13,1910614896970734869,1561289877916211277,2204539173197591617,1943935669207858983
n10000-g3-t0.5-r5-h160042,5,1049,3163,3.015252621544328,524,0.5004766444232602,0.49952335557673977,0.16566550742965538,524,52,2204539173197591617,1943935669207858983,1523823901846226518,1023619030834206161
n10000-g3-t0.5-r5-h160042,6,3163,9491,3.0006323110970596,1581,0.5001580777742649,0.49984192222573504,0.16657886418712464,1581,136,1523823901846226518,1023619030834206161,728674461801851590,914323641897661220
n10000-g3-t0.5-r5-h160042,7,9491,28477,3.0004214519018015,4745,0.5000526814877252,0.4999473185122748,0.16662569793166415,4745,319,728674461801851590,914323641897661220,894173606836323480,1354168775011378655
n10000-g1.5-t0.8-r5-h160042,1,11,17,1.5454545454545454,8,0.8181818181818182,0.7272727272727273,0.47058823529411764,8,1,1530468187069800706,1400803185671258595,2061452452262547244,390878347336653215
n10000-g1.5-t0.8-r5-h160042,2,17,29,1.7058823529411764,13,0.8235294117647058,0.7647058823529411,0.4482758620689655,13,6,2061452452262547244,390878347336653215,2121019760987367504,1407123765243381490
n10000-g1.5-t0.8-r5-h160042,3,29,47,1.6206896551724137,23,0.8275862068965517,0.7931034482758621,0.48936170212765956,23,3,2121019760987367504,1407123765243381490,1910614896970734869,1561289877916211277
n10000-g1.5-t0.8-r5-h160042,4,47,71,1.5106382978723405,37,0.8085106382978723,0.7872340425531915,0.5211267605633803,37,13,1910614896970734869,1561289877916211277,2204539173197591617,1943935669207858983
n10000-g1.5-t0.8-r5-h160042,5,71,107,1.5070422535211268,56,0.8028169014084507,0.7887323943661971,0.5233644859813084,56,13,2204539173197591617,1943935669207858983,1523823901846226518,1023619030834206161
n10000-g1.5-t0.8-r5-h160042,6,107,163,1.5233644859813085,85,0.8037383177570093,0.794392523364486,0.5214723926380368,85,21,1523823901846226518,1023619030834206161,728674461801851590,914323641897661220
n10000-g1.5-t0.8-r5-h160042,7,163,251,1.539877300613497,130,0.803680981595092,0.7975460122699386,0.5179282868525896,130,33,728674461801851590,914323641897661220,894173606836323480,1354168775011378655
n10000-g1.5-t0.8-r5-h160042,8,251,379,1.5099601593625498,200,0.8007968127490039,0.796812749003984,0.5277044854881267,200,41,894173606836323480,1354168775011378655,151978017657146160,2084116236017272107
n10000-g1.5-t0.8-r5-h160042,9,379,569,1.5013192612137203,303,0.8021108179419525,0.7994722955145118,0.5325131810193322,303,88,151978017657146160,2084116236017272107,1503942475914619708,1023847897107854201
n10000-g1.5-t0.8-r5-h160042,10,569,857,1.5061511423550087,455,0.8014059753954306,0.7996485061511424,0.5309218203033839,455,129,1503942475914619708,1023847897107854201,1959121981469107010,1507887399001509498
n10000-g1.5-t0.8-r5-h160042,11,857,1289,1.5040840140023337,685,0.8004667444574096,0.7992998833138857,0.5314197051978278,685,188,1959121981469107010,1507887399001509498,144675229512126277,2217075565996547241
n10000-g1.5-t0.8-r5-h160042,12,1289,1949,1.5120248254460822,1031,0.8006206361520558,0.799844840961986,0.5289892252437147,1031,284,144675229512126277,2217075565996547241,1396233999587032140,1791812416562404526
n10000-g1.5-t0.8-r5-h160042,13,1949,2927,1.5017957927142125,1559,0.8004104669061057,0.7998973832734736,0.5326272634096344,1559,391,1396233999587032140,1791812416562404526,53491670836789563,31869423821951281
n10000-g1.5-t0.8-r5-h160042,14,2927,4391,1.5001708233686368,2341,0.8001366586949095,0.7997950119576358,0.5331359599180141,2341,589,53491670836789563,31869423821951281,1238016653881973143,1675051887242332895
n10000-g1.5-t0.8-r5-h160042,15,4391,6599,1.5028467319517194,3512,0.8000455477112275,0.7998178091550899,0.5322018487649643,3512,885,1238016653881973143,1675051887242332895,538776001749874185,2244355991891082304
n10000-g1.5-t0.8-r5-h160042,16,6599,9901,1.5003788452795879,5279,0.8001212304894681,0.7999696923776329,0.5331784668215331,5279,1398,538776001749874185,2244355991891082304,128273209590164785,169011262479126063
n10000-g1.5-t0.8-r5-h160042,17,9901,14867,1.5015654984345015,7920,0.8000201999798,0.7999192000807999,0.5327234815362885,7920,1948,128273209590164785,169011262479126063,1473503377183367983,709593445440876555
n10000-g4-t0.7-r5-h160042,1,11,47,4.2727272727272725,7,0.7272727272727273,0.6363636363636364,0.14893617021276595,7,0,1530468187069800706,1400803185671258595,2061452452262547244,390878347336653215
n10000-g4-t0.7-r5-h160042,2,47,191,4.0638297872340425,32,0.7021276595744681,0.6808510638297872,0.16753926701570682,32,0,2061452452262547244,390878347336653215,2121019760987367504,1407123765243381490
n10000-g4-t0.7-r5-h160042,3,191,769,4.026178010471204,133,0.7015706806282722,0.6963350785340314,0.1729518855656697,133,7,2121019760987367504,1407123765243381490,1910614896970734869,1561289877916211277
n10000-g4-t0.7-r5-h160042,4,769,3079,4.003901170351106,538,0.7009102730819246,0.6996098829648895,0.17473205586229296,538,49,1910614896970734869,1561289877916211277,2204539173197591617,1943935669207858983
n10000-g4-t0.7-r5-h160042,5,3079,12323,4.002273465410847,2155,0.7002273465410848,0.6999025657681065,0.17487624766696422,2155,148,2204539173197591617,1943935669207858983,1523823901846226518,1023619030834206161
n10000-g4-t0.7-r5-h160042,6,12323,49297,4.0004057453542154,8626,0.7000730341637589,0.6999918850929157,0.174980221920198,8626,606,1523823901846226518,1023619030834206161,728674461801851590,914323641897661220
n10000-g2-t0.5-r5-h160042,1,11,23,2.090909090909091,5,0.5454545454545454,0.45454545454545453,0.21739130434782608,5,0,1530468187069800706,1400803185671258595,2061452452262547244,390878347336653215
n10000-g2-t0.5-r5-h160042,2,23,47,2.0434782608695654,11,0.5217391304347826,0.4782608695652174,0.23404255319148937,11,3,2061452452262547244,390878347336653215,2121019760987367504,1407123765243381490
n10000-g2-t0.5-r5-h160042,3,47,97,2.0638297872340425,23,0.5106382978723404,0.48936170212765956,0.23711340206185566,23,1,2121019760987367504,1407123765243381490,1910614896970734869,1561289877916211277
n10000-g2-t0.5-r5-h160042,4,97,197,2.0309278350515463,48,0.5051546391752577,0.4948453608247423,0.2436548223350254,48,6,1910614896970734869,1561289877916211277,2204539173197591617,1943935669207858983
n10000-g2-t0.5-r5-h160042,5,197,397,2.015228426395939,98,0.5025380710659898,0.49746192893401014,0.24685138539042822,98,12,2204539173197591617,1943935669207858983,1523823901846226518,1023619030834206161
n10000-g2-t0.5-r5-h160042,6,397,797,2.0075566750629723,198,0.5012594458438288,0.4987405541561713,0.24843161856963614,198,17,1523823901846226518,1023619030834206161,728674461801851590,914323641897661220
n10000-g2-t0.5-r5-h160042,7,797,1597,2.0037641154328734,398,0.5006273525721455,0.4993726474278545,0.24921728240450847,398,44,728674461801851590,914323641897661220,894173606836323480,1354168775011378655
n10000-g2-t0.5-r5-h160042,8,1597,3203,2.005635566687539,798,0.5003130870381967,0.4996869129618034,0.2491414299094599,798,78,894173606836323480,1354168775011378655,151978017657146160,2084116236017272107
n10000-g2-t0.5-r5-h160042,9,3203,6421,2.0046831095847644,1601,0.5001561036528255,0.4998438963471745,0.249338109328765,1601,204,151978017657146160,2084116236017272107,1503942475914619708,1023847897107854201
n10000-g2-t0.5-r5-h160042,10,6421,12853,2.001713128796138,3210,0.5000778694907335,0.4999221305092665,0.2497471407453513,3210,375,1503942475914619708,1023847897107854201,1959121981469107010,1507887399001509498
n10000-g2-t0.5-r5-h160042,11,12853,25717,2.0008558313234266,6426,0.5000389014237921,0.4999610985762079,0.24987362445075242,6426,663,1959121981469107010,1507887399001509498,144675229512126277,2217075565996547241
n10000-g3-t0.8-r5-h160042,1,11,37,3.3636363636363638,8,0.8181818181818182,0.7272727272727273,0.21621621621621623,8,1,1530468187069800706,1400803185671258595,2061452452262547244,390878347336653215
n10000-g3-t0.8-r5-h160042,2,37,113,3.054054054054054,29,0.8108108108108109,0.7837837837837838,0.25663716814159293,29,5,2061452452262547244,390878347336653215,2121019760987367504,1407123765243381490
n10000-g3-t0.8-r5-h160042,3,113,347,3.0707964601769913,90,0.8053097345132744,0.7964601769911505,0.25936599423631124,90,13,2121019760987367504,1407123765243381490,1910614896970734869,1561289877916211277
n10000-g3-t0.8-r5-h160042,4,347,1049,3.0230547550432276,277,0.8011527377521613,0.7982708933717579,0.2640610104861773,277,33,1910614896970734869,1561289877916211277,2204539173197591617,1943935669207858983
n10000-g3-t0.8-r5-h160042,5,1049,3163,3.015252621544328,839,0.8007626310772163,0.7998093422306959,0.26525450521656657,839,113,2204539173197591617,1943935669207858983,1523823901846226518,1023619030834206161
n10000-g3-t0.8-r5-h160042,6,3163,9491,3.0006323110970596,2530,0.8001896933291179,0.799873537780588,0.2665683278895796,2530,349,1523823901846226518,1023619030834206161,728674461801851590,914323641897661220
n10000-g3-t0.8-r5-h160042,7,9491,28477,3.0004214519018015,7592,0.80002107259509,0.7999157096196396,0.26660111669066267,7592,857,728674461801851590,914323641897661220,894173606836323480,1354168775011378655
n10000-g3-t0.9-r5-h160042,1,11,37,3.3636363636363638,9,0.9090909090909091,0.8181818181818182,0.24324324324324326,9,1,1530468187069800706,1400803185671258595,2061452452262547244,390878347336653215
n10000-g3-t0.9-r5-h160042,2,37,113,3.054054054054054,33,0.918918918918919,0.8918918918918919,0.2920353982300885,33,6,2061452452262547244,390878347336653215,2121019760987367504,1407123765243381490
n10000-g3-t0.9-r5-h160042,3,113,347,3.0707964601769913,101,0.9026548672566371,0.8938053097345132,0.2910662824207493,101,15,2121019760987367504,1407123765243381490,1910614896970734869,1561289877916211277
n10000-g3-t0.9-r5-h160042,4,347,1049,3.0230547550432276,312,0.9020172910662824,0.899135446685879,0.2974261201143947,312,39,1910614896970734869,1561289877916211277,2204539173197591617,1943935669207858983
n10000-g3-t0.9-r5-h160042,5,1049,3163,3.015252621544328,944,0.9008579599618685,0.899904671115348,0.2984508378122036,944,138,2204539173197591617,1943935669207858983,1523823901846226518,1023619030834206161
n10000-g3-t0.9-r5-h160042,6,3163,9491,3.0006323110970596,2846,0.900094846664559,0.899778691116029,0.29986302813191446,2846,426,1523823901846226518,1023619030834206161,728674461801851590,914323641897661220
n10000-g3-t0.9-r5-h160042,7,9491,28477,3.0004214519018015,8541,0.900010536297545,0.8999051733220946,0.2999262562769955,8541,1064,728674461801851590,914323641897661220,894173606836323480,1354168775011378655
