run_id,git_commit,python_version,platform,cpu,n,gamma_nominal,gamma_effective_mean,tau,m0,final_capacity,final_size,final_load_factor,key_family,key_seed,order_seed,hash_seed,repetition,elapsed_ns,time_per_operation_ns,latency_p50_ns,latency_p95_ns,latency_p99_ns,latency_max_ns,resize_count,moved_entries,migrations_per_insertion,hash_evaluations,key_comparisons,insert_collision_events,pair_collisions,pair_collisions_per_key,universal_pair_bound,bound_ratio,max_chain_length,bucket_assignments,bucket_slots_peak,unused_capacity,structural_bytes_final,bytes_per_element,tracemalloc_peak_bytes,gc_enabled,hash_a,hash_b,hash_prime
n1000-g1.5-t0.8-r1-h31042,2efaf1348f57,3.14.3,Windows-11-10.0.26200-SP0,"Intel64 Family 6 Model 170 Stepping 4, GenuineIntel",1000,1.5,1.543133042590002,0.8,11,1289,1000,0.7757951900698216,random,11042,21042,31042,1,16707100,16707.1,4900.0,6304.999999999995,52511.99999999999,3150100,11,1995,1.995,2995,672,497,374,0.374,387.5096974398759,0.9651371371371371,5,2995,2146,289,133936,133.936,188528,True,530133399472470732,283097919641614406,2305843009213693951
n1000-g1.25-t0.7-r1-h31042,2efaf1348f57,3.14.3,Windows-11-10.0.26200-SP0,"Intel64 Family 6 Model 170 Stepping 4, GenuineIntel",1000,1.25,1.2884399490725909,0.7,11,1709,1000,0.5851375073142189,random,11042,21042,31042,1,33789100,33789.1,6500.0,11104.999999999996,323243.9999999985,5900000,20,4498,4.498,5498,789,476,284,0.284,292.2761849034523,0.9716836836836837,4,5498,3070,709,162288,162.288,271484,True,1281807480313938569,1286278291082997294,2305843009213693951
n1000-g3-t0.5-r1-h31042,2efaf1348f57,3.14.3,Windows-11-10.0.26200-SP0,"Intel64 Family 6 Model 170 Stepping 4, GenuineIntel",1000,3.0,3.105358850890993,0.5,11,3163,1000,0.3161555485298767,random,11042,21042,31042,1,12665900,12665.9,5200.0,7100.0,10007.999999999993,4446300,5,776,0.776,1776,264,232,143,0.143,157.9196964906734,0.9055235235235236,4,1776,4212,2163,259072,259.072,308492,True,1175790274723732104,1110046690991243311,2305843009213693951
n1000-g2-t0.7-r1-h31042,2efaf1348f57,3.14.3,Windows-11-10.0.26200-SP0,"Intel64 Family 6 Model 170 Stepping 4, GenuineIntel",1000,2.0,2.036527741565147,0.7,11,1597,1000,0.6261740763932373,random,11042,21042,31042,1,17228300,17228.3,6800.0,10104.999999999995,45273.99999999984,5279000,7,1093,1.093,2093,487,377,309,0.309,312.77395115842205,0.9879339339339339,5,2093,2394,597,155664,155.664,194932,True,216001057262141823,1258409179699703360,2305843009213693951
n1000-g2-t0.5-r1-h31042,2efaf1348f57,3.14.3,Windows-11-10.0.26200-SP0,"Intel64 Family 6 Model 170 Stepping 4, GenuineIntel",1000,2.0,2.032666219705446,0.5,11,3203,1000,0.3122073056509522,random,11042,21042,31042,1,20652600,20652.6,5600.0,9400.0,59005.0,7592100,8,1579,1.579,2579,343,287,145,0.145,155.94754917265064,0.9297997997997998,3,2579,4800,2203,261056,261.056,368548,True,1818499928968777257,1871060345558551550,2305843009213693951
n1000-g4-t0.9-r1-h31042,2efaf1348f57,3.14.3,Windows-11-10.0.26200-SP0,"Intel64 Family 6 Model 170 Stepping 4, GenuineIntel",1000,4.0,4.091659060195906,0.9,11,3079,1000,0.3247807729782397,random,11042,21042,31042,1,17142600,17142.6,5800.0,12200.0,44900.0,7046000,4,914,0.914,1914,456,356,147,0.147,162.22799610263073,0.9061321321321322,4,1914,3848,2079,254144,254.144,293048,True,289208513342756656,1737239256259392775,2305843009213693951
n1000-g4-t0.5-r1-h31042,2efaf1348f57,3.14.3,Windows-11-10.0.26200-SP0,"Intel64 Family 6 Model 170 Stepping 4, GenuineIntel",1000,4.0,4.091659060195906,0.5,11,3079,1000,0.3247807729782397,random,11042,21042,31042,1,13456600,13456.6,6000.0,9700.0,17325.999999999975,4209600,4,507,0.507,1507,246,219,147,0.147,162.22799610263073,0.9061321321321322,4,1507,3848,2079,254144,254.144,272288,True,289208513342756656,1737239256259392775,2305843009213693951
n1000-g3-t0.7-r1-h31042,2efaf1348f57,3.14.3,Windows-11-10.0.26200-SP0,"Intel64 Family 6 Model 170 Stepping 4, GenuineIntel",1000,3.0,3.105358850890993,0.7,11,3163,1000,0.3161555485298767,random,11042,21042,31042,1,15834500,15834.5,5800.0,8300.0,13411.999999999989,5770600,5,1087,1.087,2087,387,316,143,0.143,157.9196964906734,0.9055235235235236,4,2087,4212,2163,259072,259.072,321972,True,1175790274723732104,1110046690991243311,2305843009213693951
n1000-g1.25-t0.8-r1-h31042,2efaf1348f57,3.14.3,Windows-11-10.0.26200-SP0,"Intel64 Family 6 Model 170 Stepping 4, GenuineIntel",1000,1.25,1.2901634020556063,0.8,11,1361,1000,0.7347538574577517,random,11042,21042,31042,1,27975800,27975.8,5800.0,8100.0,335074.9999999983,4365500,19,4055,4.055,5055,937,532,330,0.33,367.00955180014694,0.8991591591591592,5,5055,2430,361,139184,139.184,221204,True,335617465972059138,581327705028044665,2305843009213693951
n1000-g1.5-t0.5-r1-h31042,2efaf1348f57,3.14.3,Windows-11-10.0.26200-SP0,"Intel64 Family 6 Model 170 Stepping 4, GenuineIntel",1000,1.5,1.5375603143577163,0.5,11,2927,1000,0.341646737273659,random,11042,21042,31042,1,27912900,27912.9,6000.0,8600.0,88685.99999999965,6840900,13,2863,2.863,3863,408,345,649,0.649,170.65254526819268,3.8030490490490494,6,3863,4876,1927,236352,236.352,391100,True,475811965840538922,361802660261835333,2305843009213693951
n1000-g3-t0.8-r1-h31042,2efaf1348f57,3.14.3,Windows-11-10.0.26200-SP0,"Intel64 Family 6 Model 170 Stepping 4, GenuineIntel",1000,3.0,3.105358850890993,0.8,11,3163,1000,0.3161555485298767,random,11042,21042,31042,1,24260700,24260.7,5500.0,7800.0,32504.999999999993,14600100,5,1243,1.243,2243,453,361,143,0.143,157.9196964906734,0.9055235235235236,4,2243,4212,2163,259072,259.072,324244,True,1175790274723732104,1110046690991243311,2305843009213693951
n1000-g1.5-t0.7-r1-h31042,2efaf1348f57,3.14.3,Windows-11-10.0.26200-SP0,"Intel64 Family 6 Model 170 Stepping 4, GenuineIntel",1000,1.5,1.5405406911613417,0.7,11,1949,1000,0.513083632632119,random,11042,21042,31042,1,21722900,21722.9,5500.0,9100.0,71039.99999999987,5273200,12,2646,2.646,3646,573,443,223,0.223,256.2852744997435,0.8701241241241241,3,3646,3238,949,178768,178.768,275936,True,1055129681217370319,1286563909733345339,2305843009213693951
n1000-g1.25-t0.5-r1-h31042,2efaf1348f57,3.14.3,Windows-11-10.0.26200-SP0,"Intel64 Family 6 Model 170 Stepping 4, GenuineIntel",1000,1.25,1.2866303730753477,0.5,11,2137,1000,0.4679457182966776,random,11042,21042,31042,1,29691600,29691.6,5300.0,6200.0,467545.9999999993,4907800,21,4065,4.065,5065,508,364,204,0.204,233.73888628919045,0.8727687687687687,4,5065,3846,1137,192112,192.112,315916,True,1878934463301839021,453752749110972768,2305843009213693951
n1000-g1.25-t0.9-r1-h31042,2efaf1348f57,3.14.3,Windows-11-10.0.26200-SP0,"Intel64 Family 6 Model 170 Stepping 4, GenuineIntel",1000,1.25,1.2901634020556063,0.9,11,1361,1000,0.7347538574577517,random,11042,21042,31042,1,27420600,27420.6,5400.0,7504.999999999995,367246.99999999924,4615100,19,4564,4.564,5564,1146,604,330,0.33,367.00955180014694,0.8991591591591592,5,5564,2430,361,139184,139.184,227764,True,335617465972059138,581327705028044665,2305843009213693951
n1000-g4-t0.7-r1-h31042,2efaf1348f57,3.14.3,Windows-11-10.0.26200-SP0,"Intel64 Family 6 Model 170 Stepping 4, GenuineIntel",1000,4.0,4.091659060195906,0.7,11,3079,1000,0.3247807729782397,random,11042,21042,31042,1,11658400,11658.4,5000.0,5600.0,11018.999999999982,4175100,4,710,0.71,1710,339,288,147,0.147,162.22799610263073,0.9061321321321322,4,1710,3848,2079,254144,254.144,283056,True,289208513342756656,1737239256259392775,2305843009213693951
n1000-g1.5-t0.9-r1-h31042,2efaf1348f57,3.14.3,Windows-11-10.0.26200-SP0,"Intel64 Family 6 Model 170 Stepping 4, GenuineIntel",1000,1.5,1.543133042590002,0.9,11,1289,1000,0.7757951900698216,random,11042,21042,31042,1,16376600,16376.6,5200.0,6000.0,67145.99999999996,3430900,11,2246,2.246,3246,742,521,374,0.374,387.5096974398759,0.9651371371371371,5,3246,2146,289,133936,133.936,194808,True,530133399472470732,283097919641614406,2305843009213693951
n1000-g3-t0.9-r1-h31042,2efaf1348f57,3.14.3,Windows-11-10.0.26200-SP0,"Intel64 Family 6 Model 170 Stepping 4, GenuineIntel",1000,3.0,3.105358850890993,0.9,11,3163,1000,0.3161555485298767,random,11042,21042,31042,1,14793100,14793.1,5100.0,6000.0,9603.999999999996,6155900,5,1399,1.399,2399,551,425,143,0.143,157.9196964906734,0.9055235235235236,4,2399,4212,2163,259072,259.072,335332,True,1175790274723732104,1110046690991243311,2305843009213693951
n1000-g2-t0.8-r1-h31042,2efaf1348f57,3.14.3,Windows-11-10.0.26200-SP0,"Intel64 Family 6 Model 170 Stepping 4, GenuineIntel",1000,2.0,2.036527741565147,0.8,11,1597,1000,0.6261740763932373,random,11042,21042,31042,1,12752700,12752.7,5000.0,6400.0,45917.99999999998,3195500,7,1251,1.251,2251,552,420,309,0.309,312.77395115842205,0.9879339339339339,5,2251,2394,597,155664,155.664,200156,True,216001057262141823,1258409179699703360,2305843009213693951
n1000-g2-t0.9-r1-h31042,2efaf1348f57,3.14.3,Windows-11-10.0.26200-SP0,"Intel64 Family 6 Model 170 Stepping 4, GenuineIntel",1000,2.0,2.036527741565147,0.9,11,1597,1000,0.6261740763932373,random,11042,21042,31042,1,13047800,13047.8,5000.0,5800.0,10220.999999999982,3754400,7,1409,1.409,2409,608,448,309,0.309,312.77395115842205,0.9879339339339339,5,2409,2394,597,155664,155.664,205600,True,216001057262141823,1258409179699703360,2305843009213693951
n1000-g4-t0.8-r1-h31042,2efaf1348f57,3.14.3,Windows-11-10.0.26200-SP0,"Intel64 Family 6 Model 170 Stepping 4, GenuineIntel",1000,4.0,4.091659060195906,0.8,11,3079,1000,0.3247807729782397,random,11042,21042,31042,1,11566500,11566.5,4900.0,5700.0,8403.999999999996,4415700,4,812,0.812,1812,389,313,147,0.147,162.22799610263073,0.9061321321321322,4,1812,3848,2079,254144,254.144,288132,True,289208513342756656,1737239256259392775,2305843009213693951
n1000-g3-t0.9-r2-h61042,2efaf1348f57,3.14.3,Windows-11-10.0.26200-SP0,"Intel64 Family 6 Model 170 Stepping 4, GenuineIntel",1000,3.0,3.105358850890993,0.9,11,3163,1000,0.3161555485298767,random,21042,41042,61042,2,16227300,16227.3,5200.0,9400.0,53604.0,6266400,5,1399,1.399,2399,585,442,133,0.133,157.9196964906734,0.8422002002002003,3,2399,4212,2163,259200,259.2,334972,True,1188444190361409708,1222792329126878359,2305843009213693951
n1000-g2-t0.7-r2-h61042,2efaf1348f57,3.14.3,Windows-11-10.0.26200-SP0,"Intel64 Family 6 Model 170 Stepping 4, GenuineIntel",1000,2.0,2.036527741565147,0.7,11,1597,1000,0.6261740763932373,random,21042,41042,61042,2,12974300,12974.3,5100.0,9200.0,42360.99999999994,3419300,7,1093,1.093,2093,522,408,322,0.322,312.77395115842205,1.0294974974974975,5,2093,2394,597,155472,155.472,194872,True,1852154909246091954,673350768184342330,2305843009213693951
n1000-g1.5-t0.8-r2-h61042,2efaf1348f57,3.14.3,Windows-11-10.0.26200-SP0,"Intel64 Family 6 Model 170 Stepping 4, GenuineIntel",1000,1.5,1.543133042590002,0.8,11,1289,1000,0.7757951900698216,random,21042,41042,61042,2,16409900,16409.9,5100.0,7704.999999999995,82359.99999999985,3553500,11,1995,1.995,2995,633,454,408,0.408,387.5096974398759,1.0528768768768768,5,2995,2146,289,133712,133.712,189368,True,679054236071952800,436588455935247705,2305843009213693951
n1000-g2-t0.8-r2-h61042,2efaf1348f57,3.14.3,Windows-11-10.0.26200-SP0,"Intel64 Family 6 Model 170 Stepping 4, GenuineIntel",1000,2.0,2.036527741565147,0.8,11,1597,1000,0.6261740763932373,random,21042,41042,61042,2,12142200,12142.2,4900.0,5704.999999999995,12016.999999999985,3423200,7,1251,1.251,2251,591,452,322,0.322,312.77395115842205,1.0294974974974975,5,2251,2394,597,155472,155.472,199936,True,1852154909246091954,673350768184342330,2305843009213693951
n1000-g1.5-t0.7-r2-h61042,2efaf1348f57,3.14.3,Windows-11-10.0.26200-SP0,"Intel64 Family 6 Model 170 Stepping 4, GenuineIntel",1000,1.5,1.5405406911613417,0.7,11,1949,1000,0.513083632632119,random,21042,41042,61042,2,21446000,21446.0,4800.0,6100.0,56831.99999999988,5947800,12,2646,2.646,3646,573,428,237,0.237,256.2852744997435,0.9247507507507506,4,3646,3238,949,178640,178.64,275616,True,2144814820892340122,1985316371921565939,2305843009213693951
n1000-g1.25-t0.5-r2-h61042,2efaf1348f57,3.14.3,Windows-11-10.0.26200-SP0,"Intel64 Family 6 Model 170 Stepping 4, GenuineIntel",1000,1.25,1.2866303730753477,0.5,11,2137,1000,0.4679457182966776,random,21042,41042,61042,2,39043900,39043.9,4900.0,5800.0,381797.9999999986,16037000,21,4065,4.065,5065,470,388,213,0.213,233.73888628919045,0.9112732732732733,4,5065,3846,1137,191792,191.792,316164,True,759429550513154110,974343402124578587,2305843009213693951
n1000-g1.5-t0.5-r2-h61042,2efaf1348f57,3.14.3,Windows-11-10.0.26200-SP0,"Intel64 Family 6 Model 170 Stepping 4, GenuineIntel",1000,1.5,1.5375603143577163,0.5,11,2927,1000,0.341646737273659,random,21042,41042,61042,2,23068000,23068.0,4900.0,5900.0,65934.99999999942,6341600,13,2863,2.863,3863,424,338,145,0.145,170.65254526819268,0.8496796796796797,4,3863,4876,1927,245792,245.792,391040,True,941783115665961295,246585915096447824,2305843009213693951
n1000-g4-t0.9-r2-h61042,2efaf1348f57,3.14.3,Windows-11-10.0.26200-SP0,"Intel64 Family 6 Model 170 Stepping 4, GenuineIntel",1000,4.0,4.091659060195906,0.9,11,3079,1000,0.3247807729782397,random,21042,41042,61042,2,12800400,12800.4,5100.0,6809.999999999991,13725.999999999975,4955800,4,914,0.914,1914,417,334,130,0.13,162.22799610263073,0.8013413413413414,4,1914,3848,2079,254592,254.592,293304,True,2011184558553096122,19687810642650080,2305843009213693951
n1000-g4-t0.5-r2-h61042,2efaf1348f57,3.14.3,Windows-11-10.0.26200-SP0,"Intel64 Family 6 Model 170 Stepping 4, GenuineIntel",1000,4.0,4.091659060195906,0.5,11,3079,1000,0.3247807729782397,random,21042,41042,61042,2,19129600,19129.6,9000.0,12500.0,34043.999999999956,5519800,4,507,0.507,1507,237,206,130,0.13,162.22799610263073,0.8013413413413414,4,1507,3848,2079,254592,254.592,272416,True,2011184558553096122,19687810642650080,2305843009213693951
n1000-g2-t0.5-r2-h61042,2efaf1348f57,3.14.3,Windows-11-10.0.26200-SP0,"Intel64 Family 6 Model 170 Stepping 4, GenuineIntel",1000,2.0,2.032666219705446,0.5,11,3203,1000,0.3122073056509522,random,21042,41042,61042,2,26165000,26165.0,7600.0,8604.999999999996,29855.999999999858,9632900,8,1579,1.579,2579,351,298,118,0.118,155.94754917265064,0.7566646646646646,3,2579,4800,2203,261760,261.76,368584,True,1847436833828249517,927182782352598258,2305843009213693951
n1000-g3-t0.5-r2-h61042,2efaf1348f57,3.14.3,Windows-11-10.0.26200-SP0,"Intel64 Family 6 Model 170 Stepping 4, GenuineIntel",1000,3.0,3.105358850890993,0.5,11,3163,1000,0.3161555485298767,random,21042,41042,61042,2,17864200,17864.2,7400.0,8400.0,15237.999999999965,6170200,5,776,0.776,1776,249,223,133,0.133,157.9196964906734,0.8422002002002003,3,1776,4212,2163,259200,259.2,308428,True,1188444190361409708,1222792329126878359,2305843009213693951
n1000-g1.25-t0.8-r2-h61042,2efaf1348f57,3.14.3,Windows-11-10.0.26200-SP0,"Intel64 Family 6 Model 170 Stepping 4, GenuineIntel",1000,1.25,1.2901634020556063,0.8,11,1361,1000,0.7347538574577517,random,21042,41042,61042,2,47048100,47048.1,8100.0,19100.0,623427.9999999986,7800700,19,4055,4.055,5055,735,510,357,0.357,367.00955180014694,0.9727267267267268,5,5055,2430,361,138352,138.352,220716,True,1075325229156238333,1144060348074079302,2305843009213693951
n1000-g4-t0.8-r2-h61042,2efaf1348f57,3.14.3,Windows-11-10.0.26200-SP0,"Intel64 Family 6 Model 170 Stepping 4, GenuineIntel",1000,4.0,4.091659060195906,0.8,11,3079,1000,0.3247807729782397,random,21042,41042,61042,2,22769600,22769.6,10500.0,13204.999999999996,18930.99999999997,6996600,4,812,0.812,1812,363,293,130,0.13,162.22799610263073,0.8013413413413414,4,1812,3848,2079,254592,254.592,288420,True,2011184558553096122,19687810642650080,2305843009213693951
n1000-g1.25-t0.9-r2-h61042,2efaf1348f57,3.14.3,Windows-11-10.0.26200-SP0,"Intel64 Family 6 Model 170 Stepping 4, GenuineIntel",1000,1.25,1.2901634020556063,0.9,11,1361,1000,0.7347538574577517,random,21042,41042,61042,2,37003900,37003.9,7400.0,9900.0,419088.99999999825,6660100,19,4564,4.564,5564,799,537,357,0.357,367.00955180014694,0.9727267267267268,5,5564,2430,361,138352,138.352,227692,True,1075325229156238333,1144060348074079302,2305843009213693951
n1000-g3-t0.7-r2-h61042,2efaf1348f57,3.14.3,Windows-11-10.0.26200-SP0,"Intel64 Family 6 Model 170 Stepping 4, GenuineIntel",1000,3.0,3.105358850890993,0.7,11,3163,1000,0.3161555485298767,random,21042,41042,61042,2,19995200,19995.2,7900.0,9300.0,27473.99999999993,7682300,5,1087,1.087,2087,400,324,133,0.133,157.9196964906734,0.8422002002002003,3,2087,4212,2163,259200,259.2,321684,True,1188444190361409708,1222792329126878359,2305843009213693951
n1000-g1.25-t0.7-r2-h61042,2efaf1348f57,3.14.3,Windows-11-10.0.26200-SP0,"Intel64 Family 6 Model 170 Stepping 4, GenuineIntel",1000,1.25,1.2884399490725909,0.7,11,1709,1000,0.5851375073142189,random,21042,41042,61042,2,57292500,57292.5,8000.0,18100.0,435919.9999999982,10706400,20,4498,4.498,5498,629,467,267,0.267,292.2761849034523,0.9135195195195196,4,5498,3070,709,162512,162.512,270676,True,1254001137605848056,1967034465992936071,2305843009213693951
n1000-g4-t0.7-r2-h61042,2efaf1348f57,3.14.3,Windows-11-10.0.26200-SP0,"Intel64 Family 6 Model 170 Stepping 4, GenuineIntel",1000,4.0,4.091659060195906,0.7,11,3079,1000,0.3247807729782397,random,21042,41042,61042,2,28344400,28344.4,11000.0,18600.0,33408.99999999999,9598700,4,710,0.71,1710,310,256,130,0.13,162.22799610263073,0.8013413413413414,4,1710,3848,2079,254592,254.592,283472,True,2011184558553096122,19687810642650080,2305843009213693951
n1000-g3-t0.8-r2-h61042,2efaf1348f57,3.14.3,Windows-11-10.0.26200-SP0,"Intel64 Family 6 Model 170 Stepping 4, GenuineIntel",1000,3.0,3.105358850890993,0.8,11,3163,1000,0.3161555485298767,random,21042,41042,61042,2,26467200,26467.2,7400.0,16100.0,28250.99999999986,12087500,5,1243,1.243,2243,492,382,133,0.133,157.9196964906734,0.8422002002002003,3,2243,4212,2163,259200,259.2,328308,True,1188444190361409708,1222792329126878359,2305843009213693951
n1000-g2-t0.9-r2-h61042,2efaf1348f57,3.14.3,Windows-11-10.0.26200-SP0,"Intel64 Family 6 Model 170 Stepping 4, GenuineIntel",1000,2.0,2.036527741565147,0.9,11,1597,1000,0.6261740763932373,random,21042,41042,61042,2,18279900,18279.9,6900.0,8800.0,19820.99999999998,5543200,7,1409,1.409,2409,644,471,322,0.322,312.77395115842205,1.0294974974974975,5,2409,2394,597,155472,155.472,205316,True,1852154909246091954,673350768184342330,2305843009213693951
n1000-g1.5-t0.9-r2-h61042,2efaf1348f57,3.14.3,Windows-11-10.0.26200-SP0,"Intel64 Family 6 Model 170 Stepping 4, GenuineIntel",1000,1.5,1.543133042590002,0.9,11,1289,1000,0.7757951900698216,random,21042,41042,61042,2,36716700,36716.7,8900.0,18200.0,92110.0,8281000,11,2246,2.246,3246,686,489,408,0.408,387.5096974398759,1.0528768768768768,5,3246,2146,289,133712,133.712,194968,True,679054236071952800,436588455935247705,2305843009213693951
n1000-g4-t0.5-r3-h91042,2efaf1348f57,3.14.3,Windows-11-10.0.26200-SP0,"Intel64 Family 6 Model 170 Stepping 4, GenuineIntel",1000,4.0,4.091659060195906,0.5,11,3079,1000,0.3247807729782397,random,31042,61042,91042,3,19877700,19877.7,7400.0,15600.0,40301.0,7355900,4,507,0.507,1507,232,211,146,0.146,162.22799610263073,0.899967967967968,3,1507,3848,2079,254112,254.112,272472,True,450687491159988125,478393709983906151,2305843009213693951
n1000-g1.5-t0.8-r3-h91042,2efaf1348f57,3.14.3,Windows-11-10.0.26200-SP0,"Intel64 Family 6 Model 170 Stepping 4, GenuineIntel",1000,1.5,1.543133042590002,0.8,11,1289,1000,0.7757951900698216,random,31042,61042,91042,3,21658200,21658.2,7000.0,9009.99999999999,73531.99999999997,4540700,11,1995,1.995,2995,643,466,365,0.365,387.5096974398759,0.9419119119119119,5,2995,2146,289,134320,134.32,189012,True,899562782064138328,574077191073454396,2305843009213693951
n1000-g2-t0.7-r3-h91042,2efaf1348f57,3.14.3,Windows-11-10.0.26200-SP0,"Intel64 Family 6 Model 170 Stepping 4, GenuineIntel",1000,2.0,2.036527741565147,0.7,11,1597,1000,0.6261740763932373,random,31042,61042,91042,3,22243600,22243.6,7500.0,14300.0,38803.999999999905,6810900,7,1093,1.093,2093,495,388,296,0.296,312.77395115842205,0.9463703703703703,4,2093,2394,597,155920,155.92,195088,True,1472131402324698637,1317599128310044882,2305843009213693951
n1000-g3-t0.5-r3-h91042,2efaf1348f57,3.14.3,Windows-11-10.0.26200-SP0,"Intel64 Family 6 Model 170 Stepping 4, GenuineIntel",1000,3.0,3.105358850890993,0.5,11,3163,1000,0.3161555485298767,random,31042,61042,91042,3,23398300,23398.3,11700.0,12900.0,20800.0,7600600,5,776,0.776,1776,284,250,153,0.153,157.9196964906734,0.9688468468468469,3,1776,4212,2163,258592,258.592,308136,True,1185922051791028958,1543093448577332183,2305843009213693951
n1000-g4-t0.9-r3-h91042,2efaf1348f57,3.14.3,Windows-11-10.0.26200-SP0,"Intel64 Family 6 Model 170 Stepping 4, GenuineIntel",1000,4.0,4.091659060195906,0.9,11,3079,1000,0.3247807729782397,random,31042,61042,91042,3,17649300,17649.3,6600.0,19900.0,23105.999999999996,5896800,4,914,0.914,1914,487,378,146,0.146,162.22799610263073,0.899967967967968,3,1914,3848,2079,254112,254.112,292664,True,450687491159988125,478393709983906151,2305843009213693951
n1000-g1.25-t0.5-r3-h91042,2efaf1348f57,3.14.3,Windows-11-10.0.26200-SP0,"Intel64 Family 6 Model 170 Stepping 4, GenuineIntel",1000,1.25,1.2866303730753477,0.5,11,2137,1000,0.4679457182966776,random,31042,61042,91042,3,47189700,47189.7,7500.0,11404.999999999996,806584.9999999967,8600400,21,4065,4.065,5065,401,336,217,0.217,233.73888628919045,0.9283863863863864,3,5065,3846,1137,191792,191.792,316136,True,436248592270819239,114384206460466260,2305843009213693951
n1000-g1.5-t0.5-r3-h91042,2efaf1348f57,3.14.3,Windows-11-10.0.26200-SP0,"Intel64 Family 6 Model 170 Stepping 4, GenuineIntel",1000,1.5,1.5375603143577163,0.5,11,2927,1000,0.341646737273659,random,31042,61042,91042,3,36252900,36252.9,7000.0,11400.0,137233.99999999997,9733500,13,2863,2.863,3863,408,333,163,0.163,170.65254526819268,0.9551571571571572,3,3863,4876,1927,245120,245.12,390968,True,26552125050180453,683421007242339203,2305843009213693951
n1000-g2-t0.5-r3-h91042,2efaf1348f57,3.14.3,Windows-11-10.0.26200-SP0,"Intel64 Family 6 Model 170 Stepping 4, GenuineIntel",1000,2.0,2.032666219705446,0.5,11,3203,1000,0.3122073056509522,random,31042,61042,91042,3,37835700,37835.7,7300.0,16509.99999999999,46510.999999999985,13012400,8,1579,1.579,2579,338,292,136,0.136,155.94754917265064,0.8720880880880881,4,2579,4800,2203,261408,261.408,368836,True,523428011606557431,2036629246836724819,2305843009213693951
n1000-g4-t0.8-r3-h91042,2efaf1348f57,3.14.3,Windows-11-10.0.26200-SP0,"Intel64 Family 6 Model 170 Stepping 4, GenuineIntel",1000,4.0,4.091659060195906,0.8,11,3079,1000,0.3247807729782397,random,31042,61042,91042,3,15731000,15731.0,6500.0,8504.999999999996,17419.999999999985,5570100,4,812,0.812,1812,407,328,146,0.146,162.22799610263073,0.899967967967968,3,1812,3848,2079,254112,254.112,287780,True,450687491159988125,478393709983906151,2305843009213693951
n1000-g2-t0.8-r3-h91042,2efaf1348f57,3.14.3,Windows-11-10.0.26200-SP0,"Intel64 Family 6 Model 170 Stepping 4, GenuineIntel",1000,2.0,2.036527741565147,0.8,11,1597,1000,0.6261740763932373,random,31042,61042,91042,3,16601800,16601.8,6700.0,7600.0,14105.999999999993,4242700,7,1251,1.251,2251,551,419,296,0.296,312.77395115842205,0.9463703703703703,4,2251,2394,597,155920,155.92,200376,True,1472131402324698637,1317599128310044882,2305843009213693951
n1000-g4-t0.7-r3-h91042,2efaf1348f57,3.14.3,Windows-11-10.0.26200-SP0,"Intel64 Family 6 Model 170 Stepping 4, GenuineIntel",1000,4.0,4.091659060195906,0.7,11,3079,1000,0.3247807729782397,random,31042,61042,91042,3,25395400,25395.4,13300.0,16100.0,23102.0,7966300,4,710,0.71,1710,348,293,146,0.146,162.22799610263073,0.899967967967968,3,1710,3848,2079,254112,254.112,282736,True,450687491159988125,478393709983906151,2305843009213693951
n1000-g2-t0.9-r3-h91042,2efaf1348f57,3.14.3,Windows-11-10.0.26200-SP0,"Intel64 Family 6 Model 170 Stepping 4, GenuineIntel",1000,2.0,2.036527741565147,0.9,11,1597,1000,0.6261740763932373,random,31042,61042,91042,3,28997500,28997.5,11400.0,17500.0,41718.9999999998,5308800,7,1409,1.409,2409,612,453,296,0.296,312.77395115842205,0.9463703703703703,4,2409,2394,597,155920,155.92,205596,True,1472131402324698637,1317599128310044882,2305843009213693951
n1000-g1.5-t0.7-r3-h91042,2efaf1348f57,3.14.3,Windows-11-10.0.26200-SP0,"Intel64 Family 6 Model 170 Stepping 4, GenuineIntel",1000,1.5,1.5405406911613417,0.7,11,1949,1000,0.513083632632119,random,31042,61042,91042,3,25024900,25024.9,6700.0,7700.0,80764.99999999967,6040800,12,2646,2.646,3646,565,436,245,0.245,256.2852744997435,0.9559659659659658,4,3646,3238,949,178640,178.64,276220,True,779916671900386506,1595845193837513214,2305843009213693951
n1000-g1.25-t0.8-r3-h91042,2efaf1348f57,3.14.3,Windows-11-10.0.26200-SP0,"Intel64 Family 6 Model 170 Stepping 4, GenuineIntel",1000,1.25,1.2901634020556063,0.8,11,1361,1000,0.7347538574577517,random,31042,61042,91042,3,42110900,42110.9,7800.0,15100.0,375520.99999999796,5606000,19,4055,4.055,5055,701,512,336,0.336,367.00955180014694,0.9155075075075075,6,5055,2430,361,139088,139.088,221196,True,1784500499880210354,481735091600411253,2305843009213693951
n1000-g1.5-t0.9-r3-h91042,2efaf1348f57,3.14.3,Windows-11-10.0.26200-SP0,"Intel64 Family 6 Model 170 Stepping 4, GenuineIntel",1000,1.5,1.543133042590002,0.9,11,1289,1000,0.7757951900698216,random,31042,61042,91042,3,39734200,39734.2,12600.0,14809.99999999999,175178.99999999985,8516100,11,2246,2.246,3246,696,489,365,0.365,387.5096974398759,0.9419119119119119,5,3246,2146,289,134320,134.32,194548,True,899562782064138328,574077191073454396,2305843009213693951
n1000-g1.25-t0.9-r3-h91042,2efaf1348f57,3.14.3,Windows-11-10.0.26200-SP0,"Intel64 Family 6 Model 170 Stepping 4, GenuineIntel",1000,1.25,1.2901634020556063,0.9,11,1361,1000,0.7347538574577517,random,31042,61042,91042,3,55339900,55339.9,9850.0,18204.999999999996,748476.9999999985,10405200,19,4564,4.564,5564,783,567,336,0.336,367.00955180014694,0.9155075075075075,6,5564,2430,361,139088,139.088,228140,True,1784500499880210354,481735091600411253,2305843009213693951
n1000-g3-t0.9-r3-h91042,2efaf1348f57,3.14.3,Windows-11-10.0.26200-SP0,"Intel64 Family 6 Model 170 Stepping 4, GenuineIntel",1000,3.0,3.105358850890993,0.9,11,3163,1000,0.3161555485298767,random,31042,61042,91042,3,30493700,30493.7,10100.0,17500.0,35869.99999999994,10809000,5,1399,1.399,2399,593,438,153,0.153,157.9196964906734,0.9688468468468469,3,2399,4212,2163,258592,258.592,335104,True,1185922051791028958,1543093448577332183,2305843009213693951
n1000-g3-t0.8-r3-h91042,2efaf1348f57,3.14.3,Windows-11-10.0.26200-SP0,"Intel64 Family 6 Model 170 Stepping 4, GenuineIntel",1000,3.0,3.105358850890993,0.8,11,3163,1000,0.3161555485298767,random,31042,61042,91042,3,18281400,18281.4,6700.0,7900.0,12710.99999999999,7379400,5,1243,1.243,2243,512,390,153,0.153,157.9196964906734,0.9688468468468469,3,2243,4212,2163,258592,258.592,328272,True,1185922051791028958,1543093448577332183,2305843009213693951
n1000-g3-t0.7-r3-h91042,2efaf1348f57,3.14.3,Windows-11-10.0.26200-SP0,"Intel64 Family 6 Model 170 Stepping 4, GenuineIntel",1000,3.0,3.105358850890993,0.7,11,3163,1000,0.3161555485298767,random,31042,61042,91042,3,21795400,21795.4,7400.0,10400.0,32948.999999999956,7624800,5,1087,1.087,2087,444,354,153,0.153,157.9196964906734,0.9688468468468469,3,2087,4212,2163,258592,258.592,321360,True,1185922051791028958,1543093448577332183,2305843009213693951
n1000-g1.25-t0.7-r3-h91042,2efaf1348f57,3.14.3,Windows-11-10.0.26200-SP0,"Intel64 Family 6 Model 170 Stepping 4, GenuineIntel",1000,1.25,1.2884399490725909,0.7,11,1709,1000,0.5851375073142189,random,31042,61042,91042,3,38078600,38078.6,7200.0,8600.0,414594.99999999825,6655200,20,4498,4.498,5498,649,485,270,0.27,292.2761849034523,0.9237837837837838,4,5498,3070,709,162480,162.48,271352,True,2204172323653952932,1462753198738308507,2305843009213693951
n1000-g1.5-t0.7-r4-h121042,2efaf1348f57,3.14.3,Windows-11-10.0.26200-SP0,"Intel64 Family 6 Model 170 Stepping 4, GenuineIntel",1000,1.5,1.5405406911613417,0.7,11,1949,1000,0.513083632632119,random,41042,81042,121042,4,32720700,32720.7,6800.0,15100.0,74117.9999999998,11750900,12,2646,2.646,3646,560,426,231,0.231,256.2852744997435,0.9013393393393393,4,3646,3238,949,178896,178.896,276324,True,2021371262390663885,201597899478943564,2305843009213693951
n1000-g4-t0.8-r4-h121042,2efaf1348f57,3.14.3,Windows-11-10.0.26200-SP0,"Intel64 Family 6 Model 170 Stepping 4, GenuineIntel",1000,4.0,4.091659060195906,0.8,11,3079,1000,0.3247807729782397,random,41042,81042,121042,4,32212100,32212.1,8500.0,16604.999999999996,116588.99999999983,12599000,4,812,0.812,1812,521,408,342,0.342,162.22799610263073,2.108144144144144,5,1812,3848,2079,249632,249.632,287848,True,85951505598602567,843583517749024958,2305843009213693951
n1000-g1.5-t0.9-r4-h121042,2efaf1348f57,3.14.3,Windows-11-10.0.26200-SP0,"Intel64 Family 6 Model 170 Stepping 4, GenuineIntel",1000,1.5,1.543133042590002,0.9,11,1289,1000,0.7757951900698216,random,41042,81042,121042,4,32517600,32517.6,11050.0,14200.0,135693.99999999983,6576400,11,2246,2.246,3246,680,488,348,0.348,387.5096974398759,0.8980420420420421,5,3246,2146,289,134448,134.448,194880,True,1337144844118304097,258353061423726478,2305843009213693951
n1000-g1.5-t0.8-r4-h121042,2efaf1348f57,3.14.3,Windows-11-10.0.26200-SP0,"Intel64 Family 6 Model 170 Stepping 4, GenuineIntel",1000,1.5,1.543133042590002,0.8,11,1289,1000,0.7757951900698216,random,41042,81042,121042,4,34820700,34820.7,12550.0,16600.0,82426.99999999999,6357200,11,1995,1.995,2995,630,465,348,0.348,387.5096974398759,0.8980420420420421,5,2995,2146,289,134448,134.448,189248,True,1337144844118304097,258353061423726478,2305843009213693951
n1000-g4-t0.9-r4-h121042,2efaf1348f57,3.14.3,Windows-11-10.0.26200-SP0,"Intel64 Family 6 Model 170 Stepping 4, GenuineIntel",1000,4.0,4.091659060195906,0.9,11,3079,1000,0.3247807729782397,random,41042,81042,121042,4,17486400,17486.4,6800.0,11900.0,27858.99999999995,6392700,4,914,0.914,1914,559,428,342,0.342,162.22799610263073,2.108144144144144,5,1914,3848,2079,249632,249.632,292796,True,85951505598602567,843583517749024958,2305843009213693951
n1000-g2-t0.5-r4-h121042,2efaf1348f57,3.14.3,Windows-11-10.0.26200-SP0,"Intel64 Family 6 Model 170 Stepping 4, GenuineIntel",1000,2.0,2.032666219705446,0.5,11,3203,1000,0.3122073056509522,random,41042,81042,121042,4,30777500,30777.5,8500.0,15200.0,74002.99999999936,8860600,8,1579,1.579,2579,382,312,181,0.181,155.94754917265064,1.1606466466466467,5,2579,4800,2203,260352,260.352,368620,True,1211990857949861304,73821920195878632,2305843009213693951
n1000-g2-t0.7-r4-h121042,2efaf1348f57,3.14.3,Windows-11-10.0.26200-SP0,"Intel64 Family 6 Model 170 Stepping 4, GenuineIntel",1000,2.0,2.036527741565147,0.7,11,1597,1000,0.6261740763932373,random,41042,81042,121042,4,16431600,16431.6,6900.0,9404.999999999996,31455.99999999995,4076600,7,1093,1.093,2093,487,379,297,0.297,312.77395115842205,0.9495675675675675,4,2093,2394,597,156112,156.112,195004,True,513137521787946597,1987867169544319590,2305843009213693951
n1000-g1.5-t0.5-r4-h121042,2efaf1348f57,3.14.3,Windows-11-10.0.26200-SP0,"Intel64 Family 6 Model 170 Stepping 4, GenuineIntel",1000,1.5,1.5375603143577163,0.5,11,2927,1000,0.341646737273659,random,41042,81042,121042,4,42533800,42533.8,6800.0,16800.0,91077.9999999992,14313200,13,2863,2.863,3863,373,304,123,0.123,170.65254526819268,0.7207627627627627,4,3863,4876,1927,246336,246.336,391368,True,996530739359610883,114239759752112216,2305843009213693951
n1000-g1.25-t0.7-r4-h121042,2efaf1348f57,3.14.3,Windows-11-10.0.26200-SP0,"Intel64 Family 6 Model 170 Stepping 4, GenuineIntel",1000,1.25,1.2884399490725909,0.7,11,1709,1000,0.5851375073142189,random,41042,81042,121042,4,55107000,55107.0,11800.0,15204.999999999996,570732.9999999948,8923100,20,4498,4.498,5498,686,510,254,0.254,292.2761849034523,0.8690410410410411,4,5498,3070,709,163120,163.12,270772,True,1701551454297844566,451357976039205281,2305843009213693951
n1000-g3-t0.5-r4-h121042,2efaf1348f57,3.14.3,Windows-11-10.0.26200-SP0,"Intel64 Family 6 Model 170 Stepping 4, GenuineIntel",1000,3.0,3.105358850890993,0.5,11,3163,1000,0.3161555485298767,random,41042,81042,121042,4,18417400,18417.4,6800.0,9300.0,15218.999999999982,5892500,5,776,0.776,1776,257,231,137,0.137,157.9196964906734,0.8675295295295296,3,1776,4212,2163,259136,259.136,308492,True,1488622475506903256,1353066490927861107,2305843009213693951
n1000-g2-t0.8-r4-h121042,2efaf1348f57,3.14.3,Windows-11-10.0.26200-SP0,"Intel64 Family 6 Model 170 Stepping 4, GenuineIntel",1000,2.0,2.036527741565147,0.8,11,1597,1000,0.6261740763932373,random,41042,81042,121042,4,17515200,17515.2,6900.0,11600.0,36476.999999999935,4520200,7,1251,1.251,2251,541,406,297,0.297,312.77395115842205,0.9495675675675675,4,2251,2394,597,156112,156.112,200388,True,513137521787946597,1987867169544319590,2305843009213693951
n1000-g1.25-t0.5-r4-h121042,2efaf1348f57,3.14.3,Windows-11-10.0.26200-SP0,"Intel64 Family 6 Model 170 Stepping 4, GenuineIntel",1000,1.25,1.2866303730753477,0.5,11,2137,1000,0.4679457182966776,random,41042,81042,121042,4,48968500,48968.5,7200.0,10904.999999999995,812517.9999999969,11153500,21,4065,4.065,5065,456,352,258,0.258,233.73888628919045,1.1037957957957958,4,5065,3846,1137,191184,191.184,316736,True,871273445919610667,402284626175372578,2305843009213693951
n1000-g4-t0.7-r4-h121042,2efaf1348f57,3.14.3,Windows-11-10.0.26200-SP0,"Intel64 Family 6 Model 170 Stepping 4, GenuineIntel",1000,4.0,4.091659060195906,0.7,11,3079,1000,0.3247807729782397,random,41042,81042,121042,4,22635200,22635.2,9400.0,12800.0,27731.99999999997,9170700,4,710,0.71,1710,479,379,342,0.342,162.22799610263073,2.108144144144144,5,1710,3848,2079,249632,249.632,283124,True,85951505598602567,843583517749024958,2305843009213693951
n1000-g1.25-t0.9-r4-h121042,2efaf1348f57,3.14.3,Windows-11-10.0.26200-SP0,"Intel64 Family 6 Model 170 Stepping 4, GenuineIntel",1000,1.25,1.2901634020556063,0.9,11,1361,1000,0.7347538574577517,random,41042,81042,121042,4,42800800,42800.8,8000.0,12500.0,425559.9999999941,8284700,19,4564,4.564,5564,948,587,336,0.336,367.00955180014694,0.9155075075075075,4,5564,2430,361,138384,138.384,227720,True,211294239832301350,1676316468595166039,2305843009213693951
n1000-g3-t0.7-r4-h121042,2efaf1348f57,3.14.3,Windows-11-10.0.26200-SP0,"Intel64 Family 6 Model 170 Stepping 4, GenuineIntel",1000,3.0,3.105358850890993,0.7,11,3163,1000,0.3161555485298767,random,41042,81042,121042,4,20761500,20761.5,7500.0,8700.0,14911.999999999989,8228300,5,1087,1.087,2087,357,302,137,0.137,157.9196964906734,0.8675295295295296,3,2087,4212,2163,259136,259.136,321844,True,1488622475506903256,1353066490927861107,2305843009213693951
n1000-g4-t0.5-r4-h121042,2efaf1348f57,3.14.3,Windows-11-10.0.26200-SP0,"Intel64 Family 6 Model 170 Stepping 4, GenuineIntel",1000,4.0,4.091659060195906,0.5,11,3079,1000,0.3247807729782397,random,41042,81042,121042,4,14388700,14388.7,7300.0,8500.0,35434.99999999996,4336300,4,507,0.507,1507,429,344,342,0.342,162.22799610263073,2.108144144144144,5,1507,3848,2079,249632,249.632,272228,True,85951505598602567,843583517749024958,2305843009213693951
n1000-g2-t0.9-r4-h121042,2efaf1348f57,3.14.3,Windows-11-10.0.26200-SP0,"Intel64 Family 6 Model 170 Stepping 4, GenuineIntel",1000,2.0,2.036527741565147,0.9,11,1597,1000,0.6261740763932373,random,41042,81042,121042,4,31465700,31465.7,12700.0,16000.0,32403.999999999996,8137400,7,1409,1.409,2409,615,440,297,0.297,312.77395115842205,0.9495675675675675,4,2409,2394,597,156112,156.112,205512,True,513137521787946597,1987867169544319590,2305843009213693951
n1000-g1.25-t0.8-r4-h121042,2efaf1348f57,3.14.3,Windows-11-10.0.26200-SP0,"Intel64 Family 6 Model 170 Stepping 4, GenuineIntel",1000,1.25,1.2901634020556063,0.8,11,1361,1000,0.7347538574577517,random,41042,81042,121042,4,32061300,32061.3,6900.0,11900.0,359714.99999999854,5562200,19,4055,4.055,5055,825,555,336,0.336,367.00955180014694,0.9155075075075075,4,5055,2430,361,138384,138.384,221064,True,211294239832301350,1676316468595166039,2305843009213693951
n1000-g3-t0.9-r4-h121042,2efaf1348f57,3.14.3,Windows-11-10.0.26200-SP0,"Intel64 Family 6 Model 170 Stepping 4, GenuineIntel",1000,3.0,3.105358850890993,0.9,11,3163,1000,0.3161555485298767,random,41042,81042,121042,4,24551400,24551.4,9600.0,11004.999999999996,17901.0,8620900,5,1399,1.399,2399,555,424,137,0.137,157.9196964906734,0.8675295295295296,3,2399,4212,2163,259136,259.136,335172,True,1488622475506903256,1353066490927861107,2305843009213693951
n1000-g3-t0.8-r4-h121042,2efaf1348f57,3.14.3,Windows-11-10.0.26200-SP0,"Intel64 Family 6 Model 170 Stepping 4, GenuineIntel",1000,3.0,3.105358850890993,0.8,11,3163,1000,0.3161555485298767,random,41042,81042,121042,4,23679000,23679.0,7500.0,13000.0,20476.99999999993,7789500,5,1243,1.243,2243,437,357,137,0.137,157.9196964906734,0.8675295295295296,3,2243,4212,2163,259136,259.136,328756,True,1488622475506903256,1353066490927861107,2305843009213693951
n1000-g2-t0.7-r5-h151042,2efaf1348f57,3.14.3,Windows-11-10.0.26200-SP0,"Intel64 Family 6 Model 170 Stepping 4, GenuineIntel",1000,2.0,2.036527741565147,0.7,11,1597,1000,0.6261740763932373,random,51042,101042,151042,5,21253800,21253.8,7600.0,12800.0,30039.999999999964,4683800,7,1093,1.093,2093,481,375,274,0.274,312.77395115842205,0.8760320320320321,4,2093,2394,597,156336,156.336,195020,True,1178615065598311799,1010242050449694446,2305843009213693951
n1000-g3-t0.7-r5-h151042,2efaf1348f57,3.14.3,Windows-11-10.0.26200-SP0,"Intel64 Family 6 Model 170 Stepping 4, GenuineIntel",1000,3.0,3.105358850890993,0.7,11,3163,1000,0.3161555485298767,random,51042,101042,151042,5,38192600,38192.6,6500.0,10000.0,12403.999999999996,27104100,5,1087,1.087,2087,392,324,150,0.15,157.9196964906734,0.9498498498498499,4,2087,4212,2163,258848,258.848,321812,True,603629941972558542,1062895242482436160,2305843009213693951
n1000-g2-t0.8-r5-h151042,2efaf1348f57,3.14.3,Windows-11-10.0.26200-SP0,"Intel64 Family 6 Model 170 Stepping 4, GenuineIntel",1000,2.0,2.036527741565147,0.8,11,1597,1000,0.6261740763932373,random,51042,101042,151042,5,16555400,16555.4,6700.0,8500.0,18518.99999999998,4338400,7,1251,1.251,2251,560,415,274,0.274,312.77395115842205,0.8760320320320321,4,2251,2394,597,156336,156.336,200220,True,1178615065598311799,1010242050449694446,2305843009213693951
n1000-g2-t0.9-r5-h151042,2efaf1348f57,3.14.3,Windows-11-10.0.26200-SP0,"Intel64 Family 6 Model 170 Stepping 4, GenuineIntel",1000,2.0,2.036527741565147,0.9,11,1597,1000,0.6261740763932373,random,51042,101042,151042,5,26879000,26879.0,7700.0,17104.999999999996,35350.999999999774,9198700,7,1409,1.409,2409,629,456,274,0.274,312.77395115842205,0.8760320320320321,4,2409,2394,597,156336,156.336,205216,True,1178615065598311799,1010242050449694446,2305843009213693951
n1000-g1.5-t0.5-r5-h151042,2efaf1348f57,3.14.3,Windows-11-10.0.26200-SP0,"Intel64 Family 6 Model 170 Stepping 4, GenuineIntel",1000,1.5,1.5375603143577163,0.5,11,2927,1000,0.341646737273659,random,51042,101042,151042,5,45439300,45439.3,7700.0,14000.0,98370.99999999967,10435100,13,2863,2.863,3863,409,341,146,0.146,170.65254526819268,0.8555395395395395,4,3863,4876,1927,245600,245.6,391012,True,364913120938090682,957046219749195322,2305843009213693951
n1000-g3-t0.9-r5-h151042,2efaf1348f57,3.14.3,Windows-11-10.0.26200-SP0,"Intel64 Family 6 Model 170 Stepping 4, GenuineIntel",1000,3.0,3.105358850890993,0.9,11,3163,1000,0.3161555485298767,random,51042,101042,151042,5,19429400,19429.4,6700.0,11500.0,15423.999999999978,7545600,5,1399,1.399,2399,587,433,150,0.15,157.9196964906734,0.9498498498498499,4,2399,4212,2163,258848,258.848,335076,True,603629941972558542,1062895242482436160,2305843009213693951
n1000-g1.25-t0.5-r5-h151042,2efaf1348f57,3.14.3,Windows-11-10.0.26200-SP0,"Intel64 Family 6 Model 170 Stepping 4, GenuineIntel",1000,1.25,1.2866303730753477,0.5,11,2137,1000,0.4679457182966776,random,51042,101042,151042,5,36375000,36375.0,6500.0,7400.0,442243.9999999983,6885600,21,4065,4.065,5065,414,332,239,0.239,233.73888628919045,1.0225085085085086,4,5065,3846,1137,191248,191.248,316216,True,232991783787746502,1662314588511349046,2305843009213693951
n1000-g1.25-t0.7-r5-h151042,2efaf1348f57,3.14.3,Windows-11-10.0.26200-SP0,"Intel64 Family 6 Model 170 Stepping 4, GenuineIntel",1000,1.25,1.2884399490725909,0.7,11,1709,1000,0.5851375073142189,random,51042,101042,151042,5,56568800,56568.8,11900.0,13600.0,1004440.999999996,6905500,20,4498,4.498,5498,571,438,263,0.263,292.2761849034523,0.8998338338338339,4,5498,3070,709,162832,162.832,270920,True,1944728149911895083,1682141416003417012,2305843009213693951
n1000-g4-t0.7-r5-h151042,2efaf1348f57,3.14.3,Windows-11-10.0.26200-SP0,"Intel64 Family 6 Model 170 Stepping 4, GenuineIntel",1000,4.0,4.091659060195906,0.7,11,3079,1000,0.3247807729782397,random,51042,101042,151042,5,20194200,20194.2,7600.0,12700.0,15301.999999999996,7020100,4,710,0.71,1710,321,261,138,0.138,162.22799610263073,0.8506546546546546,3,1710,3848,2079,254368,254.368,283248,True,1923952456219428232,230110045224524940,2305843009213693951
n1000-g1.25-t0.9-r5-h151042,2efaf1348f57,3.14.3,Windows-11-10.0.26200-SP0,"Intel64 Family 6 Model 170 Stepping 4, GenuineIntel",1000,1.25,1.2901634020556063,0.9,11,1361,1000,0.7347538574577517,random,51042,101042,151042,5,34848900,34848.9,7100.0,9200.0,466816.9999999989,5778900,19,4564,4.564,5564,820,560,366,0.366,367.00955180014694,0.9972492492492493,6,5564,2430,361,138512,138.512,227576,True,2010597415435103399,2234674465092269678,2305843009213693951
n1000-g4-t0.5-r5-h151042,2efaf1348f57,3.14.3,Windows-11-10.0.26200-SP0,"Intel64 Family 6 Model 170 Stepping 4, GenuineIntel",1000,4.0,4.091659060195906,0.5,11,3079,1000,0.3247807729782397,random,51042,101042,151042,5,18538700,18538.7,7500.0,12100.0,16501.999999999996,5853100,4,507,0.507,1507,236,208,138,0.138,162.22799610263073,0.8506546546546546,3,1507,3848,2079,254368,254.368,272256,True,1923952456219428232,230110045224524940,2305843009213693951
n1000-g1.5-t0.7-r5-h151042,2efaf1348f57,3.14.3,Windows-11-10.0.26200-SP0,"Intel64 Family 6 Model 170 Stepping 4, GenuineIntel",1000,1.5,1.5405406911613417,0.7,11,1949,1000,0.513083632632119,random,51042,101042,151042,5,34012700,34012.7,7700.0,13100.0,126023.99999999952,7389900,12,2646,2.646,3646,560,417,234,0.234,256.2852744997435,0.913045045045045,4,3646,3238,949,178800,178.8,276036,True,1543242592012573037,1898084234141453789,2305843009213693951
n1000-g4-t0.9-r5-h151042,2efaf1348f57,3.14.3,Windows-11-10.0.26200-SP0,"Intel64 Family 6 Model 170 Stepping 4, GenuineIntel",1000,4.0,4.091659060195906,0.9,11,3079,1000,0.3247807729782397,random,51042,101042,151042,5,22018600,22018.6,6900.0,16400.0,17503.999999999996,9744300,4,914,0.914,1914,433,341,138,0.138,162.22799610263073,0.8506546546546546,3,1914,3848,2079,254368,254.368,293112,True,1923952456219428232,230110045224524940,2305843009213693951
n1000-g1.5-t0.9-r5-h151042,2efaf1348f57,3.14.3,Windows-11-10.0.26200-SP0,"Intel64 Family 6 Model 170 Stepping 4, GenuineIntel",1000,1.5,1.543133042590002,0.9,11,1289,1000,0.7757951900698216,random,51042,101042,151042,5,25294900,25294.9,7000.0,12100.0,84192.99999999981,4431700,11,2246,2.246,3246,701,493,359,0.359,387.5096974398759,0.9264284284284284,4,3246,2146,289,134288,134.288,194488,True,110524606583232433,2046263702161556158,2305843009213693951
n1000-g1.5-t0.8-r5-h151042,2efaf1348f57,3.14.3,Windows-11-10.0.26200-SP0,"Intel64 Family 6 Model 170 Stepping 4, GenuineIntel",1000,1.5,1.543133042590002,0.8,11,1289,1000,0.7757951900698216,random,51042,101042,151042,5,24774400,24774.4,6800.0,17704.999999999993,103811.9999999999,4426500,11,1995,1.995,2995,647,468,359,0.359,387.5096974398759,0.9264284284284284,4,2995,2146,289,134288,134.288,188888,True,110524606583232433,2046263702161556158,2305843009213693951
n1000-g3-t0.8-r5-h151042,2efaf1348f57,3.14.3,Windows-11-10.0.26200-SP0,"Intel64 Family 6 Model 170 Stepping 4, GenuineIntel",1000,3.0,3.105358850890993,0.8,11,3163,1000,0.3161555485298767,random,51042,101042,151042,5,24192200,24192.2,8300.0,13700.0,54217.999999999985,7121500,5,1243,1.243,2243,482,374,150,0.15,157.9196964906734,0.9498498498498499,4,2243,4212,2163,258848,258.848,328468,True,603629941972558542,1062895242482436160,2305843009213693951
n1000-g4-t0.8-r5-h151042,2efaf1348f57,3.14.3,Windows-11-10.0.26200-SP0,"Intel64 Family 6 Model 170 Stepping 4, GenuineIntel",1000,4.0,4.091659060195906,0.8,11,3079,1000,0.3247807729782397,random,51042,101042,151042,5,20060400,20060.4,6800.0,12800.0,16001.999999999998,8383300,4,812,0.812,1812,378,305,138,0.138,162.22799610263073,0.8506546546546546,3,1812,3848,2079,254368,254.368,288132,True,1923952456219428232,230110045224524940,2305843009213693951
n1000-g3-t0.5-r5-h151042,2efaf1348f57,3.14.3,Windows-11-10.0.26200-SP0,"Intel64 Family 6 Model 170 Stepping 4, GenuineIntel",1000,3.0,3.105358850890993,0.5,11,3163,1000,0.3161555485298767,random,51042,101042,151042,5,27435900,27435.9,12000.0,14404.999999999996,24908.999999999993,9166000,5,776,0.776,1776,277,242,150,0.15,157.9196964906734,0.9498498498498499,4,1776,4212,2163,258848,258.848,308780,True,603629941972558542,1062895242482436160,2305843009213693951
n1000-g2-t0.5-r5-h151042,2efaf1348f57,3.14.3,Windows-11-10.0.26200-SP0,"Intel64 Family 6 Model 170 Stepping 4, GenuineIntel",1000,2.0,2.032666219705446,0.5,11,3203,1000,0.3122073056509522,random,51042,101042,151042,5,26322100,26322.1,7200.0,15900.0,50043.999999999774,8171100,8,1579,1.579,2579,344,290,192,0.192,155.94754917265064,1.2311831831831832,4,2579,4800,2203,260064,260.064,368964,True,572201159854970287,1503021899938717997,2305843009213693951
n1000-g1.25-t0.8-r5-h151042,2efaf1348f57,3.14.3,Windows-11-10.0.26200-SP0,"Intel64 Family 6 Model 170 Stepping 4, GenuineIntel",1000,1.25,1.2901634020556063,0.8,11,1361,1000,0.7347538574577517,random,51042,101042,151042,5,30571600,30571.6,6700.0,8600.0,348983.99999999854,4737300,19,4055,4.055,5055,688,499,366,0.366,367.00955180014694,0.9972492492492493,6,5055,2430,361,138512,138.512,221112,True,2010597415435103399,2234674465092269678,2305843009213693951
n1000-g1.25-t0.8-r6-h181042,2efaf1348f57,3.14.3,Windows-11-10.0.26200-SP0,"Intel64 Family 6 Model 170 Stepping 4, GenuineIntel",1000,1.25,1.2901634020556063,0.8,11,1361,1000,0.7347538574577517,random,61042,121042,181042,6,36318300,36318.3,7200.0,9804.999999999996,418469.99999999703,5356800,19,4055,4.055,5055,677,495,323,0.323,367.00955180014694,0.8800860860860861,4,5055,2430,361,138992,138.992,220760,True,1810188009268063705,1931819771911242289,2305843009213693951
n1000-g3-t0.5-r6-h181042,2efaf1348f57,3.14.3,Windows-11-10.0.26200-SP0,"Intel64 Family 6 Model 170 Stepping 4, GenuineIntel",1000,3.0,3.105358850890993,0.5,11,3163,1000,0.3161555485298767,random,61042,121042,181042,6,21841400,21841.4,6700.0,11100.0,38118.999999999796,8345100,5,776,0.776,1776,243,212,148,0.148,157.9196964906734,0.9371851851851852,4,1776,4212,2163,259008,259.008,308652,True,1906575230385103414,848118698495124781,2305843009213693951
n1000-g4-t0.8-r6-h181042,2efaf1348f57,3.14.3,Windows-11-10.0.26200-SP0,"Intel64 Family 6 Model 170 Stepping 4, GenuineIntel",1000,4.0,4.091659060195906,0.8,11,3079,1000,0.3247807729782397,random,61042,121042,181042,6,31913800,31913.8,7000.0,16804.999999999996,26132.99999999997,16561900,4,812,0.812,1812,404,310,143,0.143,162.22799610263073,0.8814754754754754,3,1812,3848,2079,254240,254.24,288228,True,796324856277842175,1495842004043674138,2305843009213693951
n1000-g4-t0.7-r6-h181042,2efaf1348f57,3.14.3,Windows-11-10.0.26200-SP0,"Intel64 Family 6 Model 170 Stepping 4, GenuineIntel",1000,4.0,4.091659060195906,0.7,11,3079,1000,0.3247807729782397,random,61042,121042,181042,6,25165800,25165.8,10400.0,12900.0,22202.0,9067900,4,710,0.71,1710,342,277,143,0.143,162.22799610263073,0.8814754754754754,3,1710,3848,2079,254240,254.24,283280,True,796324856277842175,1495842004043674138,2305843009213693951
n1000-g2-t0.9-r6-h181042,2efaf1348f57,3.14.3,Windows-11-10.0.26200-SP0,"Intel64 Family 6 Model 170 Stepping 4, GenuineIntel",1000,2.0,2.036527741565147,0.9,11,1597,1000,0.6261740763932373,random,61042,121042,181042,6,19690300,19690.3,6800.0,16900.0,30101.0,5124700,7,1409,1.409,2409,611,465,292,0.292,312.77395115842205,0.9335815815815816,4,2409,2394,597,155920,155.92,205572,True,2210551648686544928,722517617904824412,2305843009213693951
n1000-g1.25-t0.5-r6-h181042,2efaf1348f57,3.14.3,Windows-11-10.0.26200-SP0,"Intel64 Family 6 Model 170 Stepping 4, GenuineIntel",1000,1.25,1.2866303730753477,0.5,11,2137,1000,0.4679457182966776,random,61042,121042,181042,6,44692500,44692.5,6900.0,17619.99999999998,427031.9999999962,11732900,21,4065,4.065,5065,431,339,212,0.212,233.73888628919045,0.906994994994995,4,5065,3846,1137,191984,191.984,316604,True,1630134924076866103,317657501856453490,2305843009213693951
n1000-g2-t0.7-r6-h181042,2efaf1348f57,3.14.3,Windows-11-10.0.26200-SP0,"Intel64 Family 6 Model 170 Stepping 4, GenuineIntel",1000,2.0,2.036527741565147,0.7,11,1597,1000,0.6261740763932373,random,61042,121042,181042,6,15693000,15693.0,6700.0,8300.0,13839.999999999964,3961500,7,1093,1.093,2093,461,372,292,0.292,312.77395115842205,0.9335815815815816,4,2093,2394,597,155920,155.92,195480,True,2210551648686544928,722517617904824412,2305843009213693951
n1000-g3-t0.8-r6-h181042,2efaf1348f57,3.14.3,Windows-11-10.0.26200-SP0,"Intel64 Family 6 Model 170 Stepping 4, GenuineIntel",1000,3.0,3.105358850890993,0.8,11,3163,1000,0.3161555485298767,random,61042,121042,181042,6,26459900,26459.9,11600.0,14500.0,23706.999999999993,10484600,5,1243,1.243,2243,473,374,148,0.148,157.9196964906734,0.9371851851851852,4,2243,4212,2163,259008,259.008,328692,True,1906575230385103414,848118698495124781,2305843009213693951
n1000-g1.5-t0.9-r6-h181042,2efaf1348f57,3.14.3,Windows-11-10.0.26200-SP0,"Intel64 Family 6 Model 170 Stepping 4, GenuineIntel",1000,1.5,1.543133042590002,0.9,11,1289,1000,0.7757951900698216,random,61042,121042,181042,6,21214400,21214.4,6700.0,8400.0,80899.99999999972,4694400,11,2246,2.246,3246,699,503,403,0.403,387.5096974398759,1.039973973973974,6,3246,2146,289,133616,133.616,194876,True,1196087202126856818,923263875150074264,2305843009213693951
n1000-g3-t0.7-r6-h181042,2efaf1348f57,3.14.3,Windows-11-10.0.26200-SP0,"Intel64 Family 6 Model 170 Stepping 4, GenuineIntel",1000,3.0,3.105358850890993,0.7,11,3163,1000,0.3161555485298767,random,61042,121042,181042,6,21188800,21188.8,6600.0,17500.0,27303.999999999996,7841400,5,1087,1.087,2087,363,307,148,0.148,157.9196964906734,0.9371851851851852,4,2087,4212,2163,259008,259.008,322100,True,1906575230385103414,848118698495124781,2305843009213693951
n1000-g4-t0.5-r6-h181042,2efaf1348f57,3.14.3,Windows-11-10.0.26200-SP0,"Intel64 Family 6 Model 170 Stepping 4, GenuineIntel",1000,4.0,4.091659060195906,0.5,11,3079,1000,0.3247807729782397,random,61042,121042,181042,6,15021700,15021.7,6700.0,9004.999999999996,13201.999999999998,4569700,4,507,0.507,1507,248,210,143,0.143,162.22799610263073,0.8814754754754754,3,1507,3848,2079,254240,254.24,272640,True,796324856277842175,1495842004043674138,2305843009213693951
n1000-g1.25-t0.9-r6-h181042,2efaf1348f57,3.14.3,Windows-11-10.0.26200-SP0,"Intel64 Family 6 Model 170 Stepping 4, GenuineIntel",1000,1.25,1.2901634020556063,0.9,11,1361,1000,0.7347538574577517,random,61042,121042,181042,6,44946300,44946.3,7300.0,17100.0,434318.99999999837,7763900,19,4564,4.564,5564,781,538,323,0.323,367.00955180014694,0.8800860860860861,4,5564,2430,361,138992,138.992,227424,True,1810188009268063705,1931819771911242289,2305843009213693951
n1000-g1.5-t0.5-r6-h181042,2efaf1348f57,3.14.3,Windows-11-10.0.26200-SP0,"Intel64 Family 6 Model 170 Stepping 4, GenuineIntel",1000,1.5,1.5375603143577163,0.5,11,2927,1000,0.341646737273659,random,61042,121042,181042,6,44852600,44852.6,7600.0,20300.0,191525.99999999997,12459600,13,2863,2.863,3863,393,331,503,0.503,170.65254526819268,2.9475095095095094,6,3863,4876,1927,238624,238.624,391108,True,816336926866969559,1312655248191265569,2305843009213693951
n1000-g3-t0.9-r6-h181042,2efaf1348f57,3.14.3,Windows-11-10.0.26200-SP0,"Intel64 Family 6 Model 170 Stepping 4, GenuineIntel",1000,3.0,3.105358850890993,0.9,11,3163,1000,0.3161555485298767,random,61042,121042,181042,6,24096600,24096.6,7250.0,14400.0,23615.999999999985,9240600,5,1399,1.399,2399,545,418,148,0.148,157.9196964906734,0.9371851851851852,4,2399,4212,2163,259008,259.008,335332,True,1906575230385103414,848118698495124781,2305843009213693951
n1000-g2-t0.8-r6-h181042,2efaf1348f57,3.14.3,Windows-11-10.0.26200-SP0,"Intel64 Family 6 Model 170 Stepping 4, GenuineIntel",1000,2.0,2.036527741565147,0.8,11,1597,1000,0.6261740763932373,random,61042,121042,181042,6,20114700,20114.7,6600.0,14600.0,19106.999999999993,6556500,7,1251,1.251,2251,543,422,292,0.292,312.77395115842205,0.9335815815815816,4,2251,2394,597,155920,155.92,200416,True,2210551648686544928,722517617904824412,2305843009213693951
n1000-g1.25-t0.7-r6-h181042,2efaf1348f57,3.14.3,Windows-11-10.0.26200-SP0,"Intel64 Family 6 Model 170 Stepping 4, GenuineIntel",1000,1.25,1.2884399490725909,0.7,11,1709,1000,0.5851375073142189,random,61042,121042,181042,6,56375700,56375.7,8350.0,18704.999999999996,813865.9999999969,9278900,20,4498,4.498,5498,603,471,243,0.243,292.2761849034523,0.8314054054054054,4,5498,3070,709,163184,163.184,271408,True,460613708697162994,1755845539793825580,2305843009213693951
n1000-g1.5-t0.8-r6-h181042,2efaf1348f57,3.14.3,Windows-11-10.0.26200-SP0,"Intel64 Family 6 Model 170 Stepping 4, GenuineIntel",1000,1.5,1.543133042590002,0.8,11,1289,1000,0.7757951900698216,random,61042,121042,181042,6,32858100,32858.1,11500.0,21200.0,196317.99999999907,5369600,11,1995,1.995,2995,650,481,403,0.403,387.5096974398759,1.039973973973974,6,2995,2146,289,133616,133.616,189276,True,1196087202126856818,923263875150074264,2305843009213693951
n1000-g1.5-t0.7-r6-h181042,2efaf1348f57,3.14.3,Windows-11-10.0.26200-SP0,"Intel64 Family 6 Model 170 Stepping 4, GenuineIntel",1000,1.5,1.5405406911613417,0.7,11,1949,1000,0.513083632632119,random,61042,121042,181042,6,28290000,28290.0,6600.0,9100.0,152509.99999999974,7031300,12,2646,2.646,3646,538,419,239,0.239,256.2852744997435,0.9325545545545545,5,3646,3238,949,178672,178.672,275816,True,1717564854721291201,340185475558015871,2305843009213693951
n1000-g4-t0.9-r6-h181042,2efaf1348f57,3.14.3,Windows-11-10.0.26200-SP0,"Intel64 Family 6 Model 170 Stepping 4, GenuineIntel",1000,4.0,4.091659060195906,0.9,11,3079,1000,0.3247807729782397,random,61042,121042,181042,6,22628400,22628.4,9600.0,13600.0,17607.999999999993,7556800,4,914,0.914,1914,465,346,143,0.143,162.22799610263073,0.8814754754754754,3,1914,3848,2079,254240,254.24,293016,True,796324856277842175,1495842004043674138,2305843009213693951
n1000-g2-t0.5-r6-h181042,2efaf1348f57,3.14.3,Windows-11-10.0.26200-SP0,"Intel64 Family 6 Model 170 Stepping 4, GenuineIntel",1000,2.0,2.032666219705446,0.5,11,3203,1000,0.3122073056509522,random,61042,121042,181042,6,25198100,25198.1,6700.0,17304.999999999993,36004.0,7056100,8,1579,1.579,2579,320,276,140,0.14,155.94754917265064,0.8977377377377378,4,2579,4800,2203,261184,261.184,368808,True,32645457636846690,608351266812470983,2305843009213693951
n1000-g1.25-t0.9-r7-h211042,2efaf1348f57,3.14.3,Windows-11-10.0.26200-SP0,"Intel64 Family 6 Model 170 Stepping 4, GenuineIntel",1000,1.25,1.2901634020556063,0.9,11,1361,1000,0.7347538574577517,random,71042,141042,211042,7,35963500,35963.5,6900.0,9300.0,406490.9999999984,7142000,19,4564,4.564,5564,759,533,342,0.342,367.00955180014694,0.9318558558558558,5,5564,2430,361,138544,138.544,227632,True,1128002895143740587,1199310021324042252,2305843009213693951
n1000-g4-t0.9-r7-h211042,2efaf1348f57,3.14.3,Windows-11-10.0.26200-SP0,"Intel64 Family 6 Model 170 Stepping 4, GenuineIntel",1000,4.0,4.091659060195906,0.9,11,3079,1000,0.3247807729782397,random,71042,141042,211042,7,18582100,18582.1,6700.0,9200.0,14001.0,8179600,4,914,0.914,1914,456,361,152,0.152,162.22799610263073,0.9369529529529529,4,1914,3848,2079,254016,254.016,293400,True,2075061796444875669,2073781970555313292,2305843009213693951
n1000-g3-t0.5-r7-h211042,2efaf1348f57,3.14.3,Windows-11-10.0.26200-SP0,"Intel64 Family 6 Model 170 Stepping 4, GenuineIntel",1000,3.0,3.105358850890993,0.5,11,3163,1000,0.3161555485298767,random,71042,141042,211042,7,29017100,29017.1,13200.0,17600.0,29616.999999999985,10158100,5,776,0.776,1776,252,226,133,0.133,157.9196964906734,0.8422002002002003,3,1776,4212,2163,259040,259.04,308944,True,1969717058913081192,68075050239612430,2305843009213693951
n1000-g4-t0.5-r7-h211042,2efaf1348f57,3.14.3,Windows-11-10.0.26200-SP0,"Intel64 Family 6 Model 170 Stepping 4, GenuineIntel",1000,4.0,4.091659060195906,0.5,11,3079,1000,0.3247807729782397,random,71042,141042,211042,7,19005500,19005.5,9600.0,17300.0,23636.999999999967,4642100,4,507,0.507,1507,262,224,152,0.152,162.22799610263073,0.9369529529529529,4,1507,3848,2079,254016,254.016,272256,True,2075061796444875669,2073781970555313292,2305843009213693951
n1000-g1.5-t0.8-r7-h211042,2efaf1348f57,3.14.3,Windows-11-10.0.26200-SP0,"Intel64 Family 6 Model 170 Stepping 4, GenuineIntel",1000,1.5,1.543133042590002,0.8,11,1289,1000,0.7757951900698216,random,71042,141042,211042,7,21494100,21494.1,7200.0,8500.0,73908.99999999999,5945500,11,1995,1.995,2995,640,476,378,0.378,387.5096974398759,0.9754594594594594,4,2995,2146,289,133808,133.808,189180,True,2215489175151339482,2151652158003218100,2305843009213693951
n1000-g2-t0.8-r7-h211042,2efaf1348f57,3.14.3,Windows-11-10.0.26200-SP0,"Intel64 Family 6 Model 170 Stepping 4, GenuineIntel",1000,2.0,2.036527741565147,0.8,11,1597,1000,0.6261740763932373,random,71042,141042,211042,7,16475000,16475.0,6700.0,7400.0,13304.999999999995,4452500,7,1251,1.251,2251,500,403,260,0.26,312.77395115842205,0.8312712712712712,3,2251,2394,597,156560,156.56,200356,True,938610306922543195,429295532333255272,2305843009213693951
n1000-g3-t0.7-r7-h211042,2efaf1348f57,3.14.3,Windows-11-10.0.26200-SP0,"Intel64 Family 6 Model 170 Stepping 4, GenuineIntel",1000,3.0,3.105358850890993,0.7,11,3163,1000,0.3161555485298767,random,71042,141042,211042,7,30167300,30167.3,11600.0,19600.0,50322.99999999998,11395300,5,1087,1.087,2087,368,313,133,0.133,157.9196964906734,0.8422002002002003,3,2087,4212,2163,259040,259.04,322072,True,1969717058913081192,68075050239612430,2305843009213693951
n1000-g4-t0.7-r7-h211042,2efaf1348f57,3.14.3,Windows-11-10.0.26200-SP0,"Intel64 Family 6 Model 170 Stepping 4, GenuineIntel",1000,4.0,4.091659060195906,0.7,11,3079,1000,0.3247807729782397,random,71042,141042,211042,7,21289500,21289.5,6700.0,13100.0,32974.99999999993,9745100,4,710,0.71,1710,343,289,152,0.152,162.22799610263073,0.9369529529529529,4,1710,3848,2079,254016,254.016,283216,True,2075061796444875669,2073781970555313292,2305843009213693951
n1000-g2-t0.9-r7-h211042,2efaf1348f57,3.14.3,Windows-11-10.0.26200-SP0,"Intel64 Family 6 Model 170 Stepping 4, GenuineIntel",1000,2.0,2.036527741565147,0.9,11,1597,1000,0.6261740763932373,random,71042,141042,211042,7,18198500,18198.5,6300.0,15100.0,81477.99999999993,4312900,7,1409,1.409,2409,573,443,260,0.26,312.77395115842205,0.8312712712712712,3,2409,2394,597,156560,156.56,205640,True,938610306922543195,429295532333255272,2305843009213693951
n1000-g1.25-t0.5-r7-h211042,2efaf1348f57,3.14.3,Windows-11-10.0.26200-SP0,"Intel64 Family 6 Model 170 Stepping 4, GenuineIntel",1000,1.25,1.2866303730753477,0.5,11,2137,1000,0.4679457182966776,random,71042,141042,211042,7,41222600,41222.6,6400.0,18800.0,475365.9999999986,7448000,21,4065,4.065,5065,425,350,210,0.21,233.73888628919045,0.8984384384384385,4,5065,3846,1137,192144,192.144,315820,True,254146419431518674,1079367808162021725,2305843009213693951
n1000-g1.25-t0.8-r7-h211042,2efaf1348f57,3.14.3,Windows-11-10.0.26200-SP0,"Intel64 Family 6 Model 170 Stepping 4, GenuineIntel",1000,1.25,1.2901634020556063,0.8,11,1361,1000,0.7347538574577517,random,71042,141042,211042,7,44287300,44287.3,7000.0,18904.999999999993,417057.999999999,6953100,19,4055,4.055,5055,654,484,342,0.342,367.00955180014694,0.9318558558558558,5,5055,2430,361,138544,138.544,220984,True,1128002895143740587,1199310021324042252,2305843009213693951
n1000-g2-t0.7-r7-h211042,2efaf1348f57,3.14.3,Windows-11-10.0.26200-SP0,"Intel64 Family 6 Model 170 Stepping 4, GenuineIntel",1000,2.0,2.036527741565147,0.7,11,1597,1000,0.6261740763932373,random,71042,141042,211042,7,25164000,25164.0,6900.0,12100.0,33114.999999999985,10173800,7,1093,1.093,2093,466,383,260,0.26,312.77395115842205,0.8312712712712712,3,2093,2394,597,156560,156.56,194940,True,938610306922543195,429295532333255272,2305843009213693951
n1000-g1.5-t0.5-r7-h211042,2efaf1348f57,3.14.3,Windows-11-10.0.26200-SP0,"Intel64 Family 6 Model 170 Stepping 4, GenuineIntel",1000,1.5,1.5375603143577163,0.5,11,2927,1000,0.341646737273659,random,71042,141042,211042,7,40591400,40591.4,6400.0,18800.0,188548.99999999997,9158200,13,2863,2.863,3863,383,311,147,0.147,170.65254526819268,0.8613993993993995,4,3863,4876,1927,245696,245.696,391500,True,396477977907384348,66731550495911353,2305843009213693951
n1000-g2-t0.5-r7-h211042,2efaf1348f57,3.14.3,Windows-11-10.0.26200-SP0,"Intel64 Family 6 Model 170 Stepping 4, GenuineIntel",1000,2.0,2.032666219705446,0.5,11,3203,1000,0.3122073056509522,random,71042,141042,211042,7,41539600,41539.6,11600.0,18100.0,54494.999999999825,16097500,8,1579,1.579,2579,305,265,116,0.116,155.94754917265064,0.7438398398398398,3,2579,4800,2203,261888,261.888,369448,True,1880515153427622937,8118568761054890,2305843009213693951
n1000-g1.5-t0.7-r7-h211042,2efaf1348f57,3.14.3,Windows-11-10.0.26200-SP0,"Intel64 Family 6 Model 170 Stepping 4, GenuineIntel",1000,1.5,1.5405406911613417,0.7,11,1949,1000,0.513083632632119,random,71042,141042,211042,7,37795400,37795.4,6900.0,14000.0,140225.9999999997,11223100,12,2646,2.646,3646,536,429,225,0.225,256.2852744997435,0.8779279279279278,4,3646,3238,949,179152,179.152,275724,True,2251999963192863290,1542007454949224250,2305843009213693951
n1000-g3-t0.9-r7-h211042,2efaf1348f57,3.14.3,Windows-11-10.0.26200-SP0,"Intel64 Family 6 Model 170 Stepping 4, GenuineIntel",1000,3.0,3.105358850890993,0.9,11,3163,1000,0.3161555485298767,random,71042,141042,211042,7,25381900,25381.9,8000.0,12104.999999999995,35542.999999999956,10569600,5,1399,1.399,2399,546,424,133,0.133,157.9196964906734,0.8422002002002003,3,2399,4212,2163,259040,259.04,335528,True,1969717058913081192,68075050239612430,2305843009213693951
n1000-g1.5-t0.9-r7-h211042,2efaf1348f57,3.14.3,Windows-11-10.0.26200-SP0,"Intel64 Family 6 Model 170 Stepping 4, GenuineIntel",1000,1.5,1.543133042590002,0.9,11,1289,1000,0.7757951900698216,random,71042,141042,211042,7,20627300,20627.3,6600.0,7504.999999999995,81861.99999999985,4538500,11,2246,2.246,3246,696,507,378,0.378,387.5096974398759,0.9754594594594594,4,3246,2146,289,133808,133.808,194812,True,2215489175151339482,2151652158003218100,2305843009213693951
n1000-g1.25-t0.7-r7-h211042,2efaf1348f57,3.14.3,Windows-11-10.0.26200-SP0,"Intel64 Family 6 Model 170 Stepping 4, GenuineIntel",1000,1.25,1.2884399490725909,0.7,11,1709,1000,0.5851375073142189,random,71042,141042,211042,7,54875400,54875.4,9900.0,16300.0,973428.9999999962,6870400,20,4498,4.498,5498,561,445,292,0.292,292.2761849034523,0.9990550550550551,5,5498,3070,709,162160,162.16,270692,True,504010416134635133,56694104149614025,2305843009213693951
n1000-g3-t0.8-r7-h211042,2efaf1348f57,3.14.3,Windows-11-10.0.26200-SP0,"Intel64 Family 6 Model 170 Stepping 4, GenuineIntel",1000,3.0,3.105358850890993,0.8,11,3163,1000,0.3161555485298767,random,71042,141042,211042,7,27578300,27578.3,7400.0,13000.0,24415.999999999985,11241300,5,1243,1.243,2243,435,360,133,0.133,157.9196964906734,0.8422002002002003,3,2243,4212,2163,259040,259.04,328952,True,1969717058913081192,68075050239612430,2305843009213693951
n1000-g4-t0.8-r7-h211042,2efaf1348f57,3.14.3,Windows-11-10.0.26200-SP0,"Intel64 Family 6 Model 170 Stepping 4, GenuineIntel",1000,4.0,4.091659060195906,0.8,11,3079,1000,0.3247807729782397,random,71042,141042,211042,7,38833100,38833.1,9700.0,13500.0,18212.99999999999,24353500,4,812,0.812,1812,401,327,152,0.152,162.22799610263073,0.9369529529529529,4,1812,3848,2079,254016,254.016,288292,True,2075061796444875669,2073781970555313292,2305843009213693951
n1000-g1.5-t0.9-r8-h241042,2efaf1348f57,3.14.3,Windows-11-10.0.26200-SP0,"Intel64 Family 6 Model 170 Stepping 4, GenuineIntel",1000,1.5,1.543133042590002,0.9,11,1289,1000,0.7757951900698216,random,81042,161042,241042,8,36024700,36024.7,11000.0,21800.0,198035.99999999997,6920300,11,2246,2.246,3246,690,494,330,0.33,387.5096974398759,0.8515915915915916,4,3246,2146,289,134672,134.672,194312,True,1645136484927979808,1815955292366647177,2305843009213693951
n1000-g1.25-t0.7-r8-h241042,2efaf1348f57,3.14.3,Windows-11-10.0.26200-SP0,"Intel64 Family 6 Model 170 Stepping 4, GenuineIntel",1000,1.25,1.2884399490725909,0.7,11,1709,1000,0.5851375073142189,random,81042,161042,241042,8,43473400,43473.4,6500.0,14400.0,393510.99999999854,9191800,20,4498,4.498,5498,550,425,279,0.279,292.2761849034523,0.9545765765765766,4,5498,3070,709,162256,162.256,271364,True,2130315150300520000,610274542023057174,2305843009213693951
n1000-g3-t0.5-r8-h241042,2efaf1348f57,3.14.3,Windows-11-10.0.26200-SP0,"Intel64 Family 6 Model 170 Stepping 4, GenuineIntel",1000,3.0,3.105358850890993,0.5,11,3163,1000,0.3161555485298767,random,81042,161042,241042,8,19935600,19935.6,6800.0,10600.0,23103.999999999996,7034400,5,776,0.776,1776,275,244,168,0.168,157.9196964906734,1.0638318318318318,4,1776,4212,2163,258176,258.176,308648,True,21085442593416270,179545978591061337,2305843009213693951
n1000-g2-t0.5-r8-h241042,2efaf1348f57,3.14.3,Windows-11-10.0.26200-SP0,"Intel64 Family 6 Model 170 Stepping 4, GenuineIntel",1000,2.0,2.032666219705446,0.5,11,3203,1000,0.3122073056509522,random,81042,161042,241042,8,26015800,26015.8,8000.0,13700.0,40276.99999999993,8081900,8,1579,1.579,2579,349,299,141,0.141,155.94754917265064,0.9041501501501501,4,2579,4800,2203,261184,261.184,368508,True,1214886858694580944,1221950245214163365,2305843009213693951
n1000-g4-t0.9-r8-h241042,2efaf1348f57,3.14.3,Windows-11-10.0.26200-SP0,"Intel64 Family 6 Model 170 Stepping 4, GenuineIntel",1000,4.0,4.091659060195906,0.9,11,3079,1000,0.3247807729782397,random,81042,161042,241042,8,30362300,30362.3,7800.0,16600.0,29109.999999999993,13890900,4,914,0.914,1914,474,368,210,0.21,162.22799610263073,1.2944744744744745,4,1914,3848,2079,252480,252.48,293496,True,269844729981785637,1059232179639114954,2305843009213693951
n1000-g1.25-t0.9-r8-h241042,2efaf1348f57,3.14.3,Windows-11-10.0.26200-SP0,"Intel64 Family 6 Model 170 Stepping 4, GenuineIntel",1000,1.25,1.2901634020556063,0.9,11,1361,1000,0.7347538574577517,random,81042,161042,241042,8,41140900,41140.9,7000.0,17804.999999999993,548230.9999999994,5842300,19,4564,4.564,5564,792,560,328,0.328,367.00955180014694,0.8937097097097098,5,5564,2430,361,139024,139.024,227896,True,483356745782739596,1951446857797468325,2305843009213693951
n1000-g1.5-t0.5-r8-h241042,2efaf1348f57,3.14.3,Windows-11-10.0.26200-SP0,"Intel64 Family 6 Model 170 Stepping 4, GenuineIntel",1000,1.5,1.5375603143577163,0.5,11,2927,1000,0.341646737273659,random,81042,161042,241042,8,36946200,36946.2,6800.0,14800.0,79647.9999999994,7874500,13,2863,2.863,3863,414,330,143,0.143,170.65254526819268,0.83795995995996,3,3863,4876,1927,245760,245.76,391260,True,2098910827386791431,358950826398561937,2305843009213693951
n1000-g1.5-t0.7-r8-h241042,2efaf1348f57,3.14.3,Windows-11-10.0.26200-SP0,"Intel64 Family 6 Model 170 Stepping 4, GenuineIntel",1000,1.5,1.5405406911613417,0.7,11,1949,1000,0.513083632632119,random,81042,161042,241042,8,25151300,25151.3,6600.0,7600.0,92618.99999999953,6208900,12,2646,2.646,3646,510,399,238,0.238,256.2852744997435,0.9286526526526526,4,3646,3238,949,178768,178.768,276384,True,1650199673200280225,630594371040256007,2305843009213693951
n1000-g2-t0.7-r8-h241042,2efaf1348f57,3.14.3,Windows-11-10.0.26200-SP0,"Intel64 Family 6 Model 170 Stepping 4, GenuineIntel",1000,2.0,2.036527741565147,0.7,11,1597,1000,0.6261740763932373,random,81042,161042,241042,8,16155700,16155.7,6300.0,8364.999999999942,16907.999999999993,3751800,7,1093,1.093,2093,512,403,325,0.325,312.77395115842205,1.0390890890890891,4,2093,2394,597,155248,155.248,195212,True,316174119883362582,1891932690683242008,2305843009213693951
n1000-g4-t0.5-r8-h241042,2efaf1348f57,3.14.3,Windows-11-10.0.26200-SP0,"Intel64 Family 6 Model 170 Stepping 4, GenuineIntel",1000,4.0,4.091659060195906,0.5,11,3079,1000,0.3247807729782397,random,81042,161042,241042,8,21065200,21065.2,8000.0,15000.0,45830.99999999997,6966500,4,507,0.507,1507,277,244,210,0.21,162.22799610263073,1.2944744744744745,4,1507,3848,2079,252480,252.48,272800,True,269844729981785637,1059232179639114954,2305843009213693951
n1000-g4-t0.8-r8-h241042,2efaf1348f57,3.14.3,Windows-11-10.0.26200-SP0,"Intel64 Family 6 Model 170 Stepping 4, GenuineIntel",1000,4.0,4.091659060195906,0.8,11,3079,1000,0.3247807729782397,random,81042,161042,241042,8,26252100,26252.1,10200.0,16000.0,21027.99999999997,9363000,4,812,0.812,1812,415,335,210,0.21,162.22799610263073,1.2944744744744745,4,1812,3848,2079,252480,252.48,288516,True,269844729981785637,1059232179639114954,2305843009213693951
n1000-g1.5-t0.8-r8-h241042,2efaf1348f57,3.14.3,Windows-11-10.0.26200-SP0,"Intel64 Family 6 Model 170 Stepping 4, GenuineIntel",1000,1.5,1.543133042590002,0.8,11,1289,1000,0.7757951900698216,random,81042,161042,241042,8,26083600,26083.6,6800.0,15804.999999999996,106431.99999999997,4096400,11,1995,1.995,2995,594,442,330,0.33,387.5096974398759,0.8515915915915916,4,2995,2146,289,134672,134.672,188752,True,1645136484927979808,1815955292366647177,2305843009213693951
n1000-g3-t0.9-r8-h241042,2efaf1348f57,3.14.3,Windows-11-10.0.26200-SP0,"Intel64 Family 6 Model 170 Stepping 4, GenuineIntel",1000,3.0,3.105358850890993,0.9,11,3163,1000,0.3161555485298767,random,81042,161042,241042,8,19446400,19446.4,6500.0,8400.0,11401.999999999998,8582800,5,1399,1.399,2399,536,414,168,0.168,157.9196964906734,1.0638318318318318,4,2399,4212,2163,258176,258.176,335424,True,21085442593416270,179545978591061337,2305843009213693951
n1000-g1.25-t0.5-r8-h241042,2efaf1348f57,3.14.3,Windows-11-10.0.26200-SP0,"Intel64 Family 6 Model 170 Stepping 4, GenuineIntel",1000,1.25,1.2866303730753477,0.5,11,2137,1000,0.4679457182966776,random,81042,161042,241042,8,45611800,45611.8,6600.0,17000.0,1055443.999999999,6155000,21,4065,4.065,5065,446,361,191,0.191,233.73888628919045,0.8171511511511512,4,5065,3846,1137,192304,192.304,315664,True,1372039047563474284,143528164475614668,2305843009213693951
n1000-g4-t0.7-r8-h241042,2efaf1348f57,3.14.3,Windows-11-10.0.26200-SP0,"Intel64 Family 6 Model 170 Stepping 4, GenuineIntel",1000,4.0,4.091659060195906,0.7,11,3079,1000,0.3247807729782397,random,81042,161042,241042,8,17802900,17802.9,7100.0,9400.0,14010.999999999989,7273600,4,710,0.71,1710,364,306,210,0.21,162.22799610263073,1.2944744744744745,4,1710,3848,2079,252480,252.48,283344,True,269844729981785637,1059232179639114954,2305843009213693951
n1000-g1.25-t0.8-r8-h241042,2efaf1348f57,3.14.3,Windows-11-10.0.26200-SP0,"Intel64 Family 6 Model 170 Stepping 4, GenuineIntel",1000,1.25,1.2901634020556063,0.8,11,1361,1000,0.7347538574577517,random,81042,161042,241042,8,66015200,66015.2,12900.0,20304.999999999996,718541.9999999952,9768400,19,4055,4.055,5055,651,482,328,0.328,367.00955180014694,0.8937097097097098,5,5055,2430,361,139024,139.024,221112,True,483356745782739596,1951446857797468325,2305843009213693951
n1000-g2-t0.9-r8-h241042,2efaf1348f57,3.14.3,Windows-11-10.0.26200-SP0,"Intel64 Family 6 Model 170 Stepping 4, GenuineIntel",1000,2.0,2.036527741565147,0.9,11,1597,1000,0.6261740763932373,random,81042,161042,241042,8,31328000,31328.0,12100.0,15900.0,29456.99999999995,9046200,7,1409,1.409,2409,620,462,325,0.325,312.77395115842205,1.0390890890890891,4,2409,2394,597,155248,155.248,205592,True,316174119883362582,1891932690683242008,2305843009213693951
n1000-g3-t0.8-r8-h241042,2efaf1348f57,3.14.3,Windows-11-10.0.26200-SP0,"Intel64 Family 6 Model 170 Stepping 4, GenuineIntel",1000,3.0,3.105358850890993,0.8,11,3163,1000,0.3161555485298767,random,81042,161042,241042,8,35120400,35120.4,14000.0,17600.0,28711.99999999999,18006500,5,1243,1.243,2243,473,378,168,0.168,157.9196964906734,1.0638318318318318,4,2243,4212,2163,258176,258.176,328752,True,21085442593416270,179545978591061337,2305843009213693951
n1000-g3-t0.7-r8-h241042,2efaf1348f57,3.14.3,Windows-11-10.0.26200-SP0,"Intel64 Family 6 Model 170 Stepping 4, GenuineIntel",1000,3.0,3.105358850890993,0.7,11,3163,1000,0.3161555485298767,random,81042,161042,241042,8,16850700,16850.7,5800.0,6300.0,8624.999999999978,7727800,5,1087,1.087,2087,398,325,168,0.168,157.9196964906734,1.0638318318318318,4,2087,4212,2163,258176,258.176,322160,True,21085442593416270,179545978591061337,2305843009213693951
n1000-g2-t0.8-r8-h241042,2efaf1348f57,3.14.3,Windows-11-10.0.26200-SP0,"Intel64 Family 6 Model 170 Stepping 4, GenuineIntel",1000,2.0,2.036527741565147,0.8,11,1597,1000,0.6261740763932373,random,81042,161042,241042,8,32675300,32675.3,15600.0,18400.0,43223.99999999998,10980300,7,1251,1.251,2251,566,438,325,0.325,312.77395115842205,1.0390890890890891,4,2251,2394,597,155248,155.248,200212,True,316174119883362582,1891932690683242008,2305843009213693951
n1000-g2-t0.8-r9-h271042,2efaf1348f57,3.14.3,Windows-11-10.0.26200-SP0,"Intel64 Family 6 Model 170 Stepping 4, GenuineIntel",1000,2.0,2.036527741565147,0.8,11,1597,1000,0.6261740763932373,random,91042,181042,271042,9,29482200,29482.2,8700.0,17504.999999999996,55555.99999999977,9166900,7,1251,1.251,2251,606,444,284,0.284,312.77395115842205,0.9080040040040039,5,2251,2394,597,156016,156.016,198232,True,1339638779782226407,758396492219155257,2305843009213693951
n1000-g2-t0.9-r9-h271042,2efaf1348f57,3.14.3,Windows-11-10.0.26200-SP0,"Intel64 Family 6 Model 170 Stepping 4, GenuineIntel",1000,2.0,2.036527741565147,0.9,11,1597,1000,0.6261740763932373,random,91042,181042,271042,9,29812700,29812.7,12700.0,15000.0,23300.0,8141200,7,1409,1.409,2409,701,484,284,0.284,312.77395115842205,0.9080040040040039,5,2409,2394,597,156016,156.016,203268,True,1339638779782226407,758396492219155257,2305843009213693951
n1000-g2-t0.7-r9-h271042,2efaf1348f57,3.14.3,Windows-11-10.0.26200-SP0,"Intel64 Family 6 Model 170 Stepping 4, GenuineIntel",1000,2.0,2.036527741565147,0.7,11,1597,1000,0.6261740763932373,random,91042,181042,271042,9,26348100,26348.1,10750.0,18900.0,126440.9999999997,7971500,7,1093,1.093,2093,531,399,284,0.284,312.77395115842205,0.9080040040040039,5,2093,2394,597,156016,156.016,193528,True,1339638779782226407,758396492219155257,2305843009213693951
n1000-g3-t0.8-r9-h271042,2efaf1348f57,3.14.3,Windows-11-10.0.26200-SP0,"Intel64 Family 6 Model 170 Stepping 4, GenuineIntel",1000,3.0,3.105358850890993,0.8,11,3163,1000,0.3161555485298767,random,91042,181042,271042,9,23345100,23345.1,8500.0,11514.999999999987,17820.999999999978,8152000,5,1243,1.243,2243,456,362,177,0.177,157.9196964906734,1.120822822822823,4,2243,4212,2163,258112,258.112,329336,True,605378417175775424,2266275391763562019,2305843009213693951
n1000-g1.5-t0.7-r9-h271042,2efaf1348f57,3.14.3,Windows-11-10.0.26200-SP0,"Intel64 Family 6 Model 170 Stepping 4, GenuineIntel",1000,1.5,1.5405406911613417,0.7,11,1949,1000,0.513083632632119,random,91042,181042,271042,9,42768200,42768.2,11600.0,16900.0,230571.9999999994,15582900,12,2646,2.646,3646,571,433,241,0.241,256.2852744997435,0.9403583583583582,4,3646,3238,949,178736,178.736,275824,True,1831892748517888598,1770820194652406818,2305843009213693951
n1000-g4-t0.7-r9-h271042,2efaf1348f57,3.14.3,Windows-11-10.0.26200-SP0,"Intel64 Family 6 Model 170 Stepping 4, GenuineIntel",1000,4.0,4.091659060195906,0.7,11,3079,1000,0.3247807729782397,random,91042,181042,271042,9,27643600,27643.6,11700.0,18900.0,52186.99999999992,10005100,4,710,0.71,1710,310,261,129,0.129,162.22799610263073,0.7951771771771772,3,1710,3848,2079,254592,254.592,283480,True,972420488449463936,603752211379745180,2305843009213693951
n1000-g1.5-t0.8-r9-h271042,2efaf1348f57,3.14.3,Windows-11-10.0.26200-SP0,"Intel64 Family 6 Model 170 Stepping 4, GenuineIntel",1000,1.5,1.543133042590002,0.8,11,1289,1000,0.7757951900698216,random,91042,181042,271042,9,36448000,36448.0,13100.0,17600.0,148203.99999999953,7460600,11,1995,1.995,2995,637,466,376,0.376,387.5096974398759,0.9702982982982983,4,2995,2146,289,133936,133.936,189280,True,1512647671907229121,2053225700285946701,2305843009213693951
n1000-g1.25-t0.8-r9-h271042,2efaf1348f57,3.14.3,Windows-11-10.0.26200-SP0,"Intel64 Family 6 Model 170 Stepping 4, GenuineIntel",1000,1.25,1.2901634020556063,0.8,11,1361,1000,0.7347538574577517,random,91042,181042,271042,9,56453200,56453.2,11400.0,15804.999999999996,622382.9999999973,10359600,19,4055,4.055,5055,636,475,343,0.343,367.00955180014694,0.9345805805805806,4,5055,2430,361,138576,138.576,220940,True,1082911704200233143,1461687045221442489,2305843009213693951
n1000-g4-t0.8-r9-h271042,2efaf1348f57,3.14.3,Windows-11-10.0.26200-SP0,"Intel64 Family 6 Model 170 Stepping 4, GenuineIntel",1000,4.0,4.091659060195906,0.8,11,3079,1000,0.3247807729782397,random,91042,181042,271042,9,28424700,28424.7,12700.0,14104.999999999995,23200.0,11855500,4,812,0.812,1812,368,303,129,0.129,162.22799610263073,0.7951771771771772,3,1812,3848,2079,254592,254.592,288300,True,972420488449463936,603752211379745180,2305843009213693951
n1000-g3-t0.5-r9-h271042,2efaf1348f57,3.14.3,Windows-11-10.0.26200-SP0,"Intel64 Family 6 Model 170 Stepping 4, GenuineIntel",1000,3.0,3.105358850890993,0.5,11,3163,1000,0.3161555485298767,random,91042,181042,271042,9,30985400,30985.4,12300.0,16700.0,39515.999999999985,12037200,5,776,0.776,1776,307,260,177,0.177,157.9196964906734,1.120822822822823,4,1776,4212,2163,258112,258.112,308752,True,605378417175775424,2266275391763562019,2305843009213693951
n1000-g4-t0.9-r9-h271042,2efaf1348f57,3.14.3,Windows-11-10.0.26200-SP0,"Intel64 Family 6 Model 170 Stepping 4, GenuineIntel",1000,4.0,4.091659060195906,0.9,11,3079,1000,0.3247807729782397,random,91042,181042,271042,9,32033800,32033.8,13200.0,16400.0,24000.0,11135500,4,914,0.914,1914,426,339,129,0.129,162.22799610263073,0.7951771771771772,3,1914,3848,2079,254592,254.592,293376,True,972420488449463936,603752211379745180,2305843009213693951
n1000-g1.25-t0.5-r9-h271042,2efaf1348f57,3.14.3,Windows-11-10.0.26200-SP0,"Intel64 Family 6 Model 170 Stepping 4, GenuineIntel",1000,1.25,1.2866303730753477,0.5,11,2137,1000,0.4679457182966776,random,91042,181042,271042,9,66800400,66800.4,12400.0,19609.999999999993,840110.9999999983,11734500,21,4065,4.065,5065,456,378,286,0.286,233.73888628919045,1.2235875875875877,4,5065,3846,1137,190416,190.416,315716,True,464163637916263979,868093882111915704,2305843009213693951
n1000-g1.5-t0.9-r9-h271042,2efaf1348f57,3.14.3,Windows-11-10.0.26200-SP0,"Intel64 Family 6 Model 170 Stepping 4, GenuineIntel",1000,1.5,1.543133042590002,0.9,11,1289,1000,0.7757951900698216,random,91042,181042,271042,9,19751000,19751.0,6200.0,7900.0,74445.99999999977,3964800,11,2246,2.246,3246,700,510,376,0.376,387.5096974398759,0.9702982982982983,4,3246,2146,289,133936,133.936,194720,True,1512647671907229121,2053225700285946701,2305843009213693951
n1000-g3-t0.7-r9-h271042,2efaf1348f57,3.14.3,Windows-11-10.0.26200-SP0,"Intel64 Family 6 Model 170 Stepping 4, GenuineIntel",1000,3.0,3.105358850890993,0.7,11,3163,1000,0.3161555485298767,random,91042,181042,271042,9,26488400,26488.4,7600.0,14800.0,36019.999999999985,11231800,5,1087,1.087,2087,404,333,177,0.177,157.9196964906734,1.120822822822823,4,2087,4212,2163,258112,258.112,322456,True,605378417175775424,2266275391763562019,2305843009213693951
n1000-g4-t0.5-r9-h271042,2efaf1348f57,3.14.3,Windows-11-10.0.26200-SP0,"Intel64 Family 6 Model 170 Stepping 4, GenuineIntel",1000,4.0,4.091659060195906,0.5,11,3079,1000,0.3247807729782397,random,91042,181042,271042,9,14068000,14068.0,6100.0,8600.0,15612.999999999989,4009200,4,507,0.507,1507,229,206,129,0.129,162.22799610263073,0.7951771771771772,3,1507,3848,2079,254592,254.592,272488,True,972420488449463936,603752211379745180,2305843009213693951
n1000-g1.5-t0.5-r9-h271042,2efaf1348f57,3.14.3,Windows-11-10.0.26200-SP0,"Intel64 Family 6 Model 170 Stepping 4, GenuineIntel",1000,1.5,1.5375603143577163,0.5,11,2927,1000,0.341646737273659,random,91042,181042,271042,9,36266900,36266.9,6700.0,16100.0,132977.9999999985,7453700,13,2863,2.863,3863,393,324,155,0.155,170.65254526819268,0.9082782782782783,3,3863,4876,1927,245312,245.312,391216,True,2045343397396666212,112575347183213472,2305843009213693951
n1000-g3-t0.9-r9-h271042,2efaf1348f57,3.14.3,Windows-11-10.0.26200-SP0,"Intel64 Family 6 Model 170 Stepping 4, GenuineIntel",1000,3.0,3.105358850890993,0.9,11,3163,1000,0.3161555485298767,random,91042,181042,271042,9,20459600,20459.6,7100.0,8200.0,39630.99999999998,7668000,5,1399,1.399,2399,543,417,177,0.177,157.9196964906734,1.120822822822823,4,2399,4212,2163,258112,258.112,335944,True,605378417175775424,2266275391763562019,2305843009213693951
n1000-g2-t0.5-r9-h271042,2efaf1348f57,3.14.3,Windows-11-10.0.26200-SP0,"Intel64 Family 6 Model 170 Stepping 4, GenuineIntel",1000,2.0,2.032666219705446,0.5,11,3203,1000,0.3122073056509522,random,91042,181042,271042,9,27389700,27389.7,7000.0,15004.999999999996,60940.99999999987,7010800,8,1579,1.579,2579,335,283,123,0.123,155.94754917265064,0.7887267267267267,4,2579,4800,2203,261664,261.664,369064,True,907776385363167243,1923390637008633168,2305843009213693951
n1000-g1.25-t0.9-r9-h271042,2efaf1348f57,3.14.3,Windows-11-10.0.26200-SP0,"Intel64 Family 6 Model 170 Stepping 4, GenuineIntel",1000,1.25,1.2901634020556063,0.9,11,1361,1000,0.7347538574577517,random,91042,181042,271042,9,43157100,43157.1,7100.0,15000.0,910394.999999998,8457000,19,4564,4.564,5564,756,539,343,0.343,367.00955180014694,0.9345805805805806,4,5564,2430,361,138576,138.576,227660,True,1082911704200233143,1461687045221442489,2305843009213693951
n1000-g1.25-t0.7-r9-h271042,2efaf1348f57,3.14.3,Windows-11-10.0.26200-SP0,"Intel64 Family 6 Model 170 Stepping 4, GenuineIntel",1000,1.25,1.2884399490725909,0.7,11,1709,1000,0.5851375073142189,random,91042,181042,271042,9,37727700,37727.7,6500.0,7500.0,429615.99999999825,7939200,20,4498,4.498,5498,593,448,280,0.28,292.2761849034523,0.957997997997998,4,5498,3070,709,162448,162.448,270968,True,1731733386218431221,823569660671259739,2305843009213693951
n1000-g2-t0.9-r10-h301042,2efaf1348f57,3.14.3,Windows-11-10.0.26200-SP0,"Intel64 Family 6 Model 170 Stepping 4, GenuineIntel",1000,2.0,2.036527741565147,0.9,11,1597,1000,0.6261740763932373,random,101042,201042,301042,10,26073500,26073.5,9550.0,16109.999999999989,31324.999999999978,8098600,7,1409,1.409,2409,591,439,261,0.261,312.77395115842205,0.8344684684684684,5,2409,2394,597,156528,156.528,205752,True,1529674468871661784,1056172987602688685,2305843009213693951
n1000-g1.5-t0.7-r10-h301042,2efaf1348f57,3.14.3,Windows-11-10.0.26200-SP0,"Intel64 Family 6 Model 170 Stepping 4, GenuineIntel",1000,1.5,1.5405406911613417,0.7,11,1949,1000,0.513083632632119,random,101042,201042,301042,10,29365800,29365.8,6500.0,9200.0,130172.99999999956,10103000,12,2646,2.646,3646,560,419,252,0.252,256.2852744997435,0.9832792792792792,4,3646,3238,949,178512,178.512,276416,True,1498273342726568970,1579231768491256160,2305843009213693951
n1000-g1.25-t0.7-r10-h301042,2efaf1348f57,3.14.3,Windows-11-10.0.26200-SP0,"Intel64 Family 6 Model 170 Stepping 4, GenuineIntel",1000,1.25,1.2884399490725909,0.7,11,1709,1000,0.5851375073142189,random,101042,201042,301042,10,32770700,32770.7,6000.0,7904.999999999995,398463.9999999986,5666500,20,4498,4.498,5498,608,449,268,0.268,292.2761849034523,0.9169409409409409,5,5498,3070,709,162768,162.768,270976,True,1530950607180111096,2046885562879138502,2305843009213693951
n1000-g1.5-t0.8-r10-h301042,2efaf1348f57,3.14.3,Windows-11-10.0.26200-SP0,"Intel64 Family 6 Model 170 Stepping 4, GenuineIntel",1000,1.5,1.543133042590002,0.8,11,1289,1000,0.7757951900698216,random,101042,201042,301042,10,23333700,23333.7,7200.0,10400.0,127052.99999999985,4337700,11,1995,1.995,2995,608,450,349,0.349,387.5096974398759,0.9006226226226226,5,2995,2146,289,134640,134.64,188980,True,371144513658643780,2131456093380784688,2305843009213693951
n1000-g2-t0.7-r10-h301042,2efaf1348f57,3.14.3,Windows-11-10.0.26200-SP0,"Intel64 Family 6 Model 170 Stepping 4, GenuineIntel",1000,2.0,2.036527741565147,0.7,11,1597,1000,0.6261740763932373,random,101042,201042,301042,10,15472300,15472.3,5900.0,16100.0,21306.999999999993,3861000,7,1093,1.093,2093,416,339,261,0.261,312.77395115842205,0.8344684684684684,5,2093,2394,597,156528,156.528,195572,True,1529674468871661784,1056172987602688685,2305843009213693951
n1000-g3-t0.7-r10-h301042,2efaf1348f57,3.14.3,Windows-11-10.0.26200-SP0,"Intel64 Family 6 Model 170 Stepping 4, GenuineIntel",1000,3.0,3.105358850890993,0.7,11,3163,1000,0.3161555485298767,random,101042,201042,301042,10,22874800,22874.8,7300.0,12800.0,23619.99999999998,7763600,5,1087,1.087,2087,397,327,136,0.136,157.9196964906734,0.8611971971971972,3,2087,4212,2163,258912,258.912,321772,True,1388415509811505215,2139527335883817697,2305843009213693951
n1000-g2-t0.5-r10-h301042,2efaf1348f57,3.14.3,Windows-11-10.0.26200-SP0,"Intel64 Family 6 Model 170 Stepping 4, GenuineIntel",1000,2.0,2.032666219705446,0.5,11,3203,1000,0.3122073056509522,random,101042,201042,301042,10,21688500,21688.5,6500.0,9300.0,13321.999999999978,7475600,8,1579,1.579,2579,312,268,162,0.162,155.94754917265064,1.0388108108108107,4,2579,4800,2203,260608,260.608,369156,True,2068480242280455603,77722726202649673,2305843009213693951
n1000-g3-t0.5-r10-h301042,2efaf1348f57,3.14.3,Windows-11-10.0.26200-SP0,"Intel64 Family 6 Model 170 Stepping 4, GenuineIntel",1000,3.0,3.105358850890993,0.5,11,3163,1000,0.3161555485298767,random,101042,201042,301042,10,16745200,16745.2,6600.0,7200.0,12807.999999999993,5854500,5,776,0.776,1776,251,223,136,0.136,157.9196964906734,0.8611971971971972,3,1776,4212,2163,258912,258.912,308548,True,1388415509811505215,2139527335883817697,2305843009213693951
n1000-g4-t0.7-r10-h301042,2efaf1348f57,3.14.3,Windows-11-10.0.26200-SP0,"Intel64 Family 6 Model 170 Stepping 4, GenuineIntel",1000,4.0,4.091659060195906,0.7,11,3079,1000,0.3247807729782397,random,101042,201042,301042,10,13608400,13608.4,5800.0,7200.0,15337.999999999964,4922100,4,710,0.71,1710,447,353,267,0.267,162.22799610263073,1.645831831831832,4,1710,3848,2079,251200,251.2,282856,True,2235069317443111367,821632833208410063,2305843009213693951
n1000-g1.25-t0.8-r10-h301042,2efaf1348f57,3.14.3,Windows-11-10.0.26200-SP0,"Intel64 Family 6 Model 170 Stepping 4, GenuineIntel",1000,1.25,1.2901634020556063,0.8,11,1361,1000,0.7347538574577517,random,101042,201042,301042,10,58427500,58427.5,15500.0,18404.999999999996,404620.99999999674,9516400,19,4055,4.055,5055,688,502,352,0.352,367.00955180014694,0.9591031031031031,4,5055,2430,361,138544,138.544,221616,True,2265366746894787205,1816557399714657549,2305843009213693951
n1000-g3-t0.8-r10-h301042,2efaf1348f57,3.14.3,Windows-11-10.0.26200-SP0,"Intel64 Family 6 Model 170 Stepping 4, GenuineIntel",1000,3.0,3.105358850890993,0.8,11,3163,1000,0.3161555485298767,random,101042,201042,301042,10,26404700,26404.7,6550.0,17600.0,22809.999999999993,12981500,5,1243,1.243,2243,474,377,136,0.136,157.9196964906734,0.8611971971971972,3,2243,4212,2163,258912,258.912,328428,True,1388415509811505215,2139527335883817697,2305843009213693951
n1000-g1.25-t0.5-r10-h301042,2efaf1348f57,3.14.3,Windows-11-10.0.26200-SP0,"Intel64 Family 6 Model 170 Stepping 4, GenuineIntel",1000,1.25,1.2866303730753477,0.5,11,2137,1000,0.4679457182966776,random,101042,201042,301042,10,63620200,63620.2,15700.0,18800.0,638353.9999999993,12611100,21,4065,4.065,5065,396,335,205,0.205,233.73888628919045,0.8770470470470471,4,5065,3846,1137,192016,192.016,316016,True,1761862234638798022,931112351520392679,2305843009213693951
n1000-g4-t0.5-r10-h301042,2efaf1348f57,3.14.3,Windows-11-10.0.26200-SP0,"Intel64 Family 6 Model 170 Stepping 4, GenuineIntel",1000,4.0,4.091659060195906,0.5,11,3079,1000,0.3247807729782397,random,101042,201042,301042,10,22644800,22644.8,12400.0,13900.0,21701.999999999996,7050400,4,507,0.507,1507,354,288,267,0.267,162.22799610263073,1.645831831831832,4,1507,3848,2079,251200,251.2,272312,True,2235069317443111367,821632833208410063,2305843009213693951
n1000-g4-t0.8-r10-h301042,2efaf1348f57,3.14.3,Windows-11-10.0.26200-SP0,"Intel64 Family 6 Model 170 Stepping 4, GenuineIntel",1000,4.0,4.091659060195906,0.8,11,3079,1000,0.3247807729782397,random,101042,201042,301042,10,42355900,42355.9,15600.0,22200.0,58361.99999999994,19183100,4,812,0.812,1812,471,368,267,0.267,162.22799610263073,1.645831831831832,4,1812,3848,2079,251200,251.2,287772,True,2235069317443111367,821632833208410063,2305843009213693951
n1000-g1.5-t0.9-r10-h301042,2efaf1348f57,3.14.3,Windows-11-10.0.26200-SP0,"Intel64 Family 6 Model 170 Stepping 4, GenuineIntel",1000,1.5,1.543133042590002,0.9,11,1289,1000,0.7757951900698216,random,101042,201042,301042,10,19762300,19762.3,6200.0,7100.0,79120.99999999997,4348500,11,2246,2.246,3246,676,489,349,0.349,387.5096974398759,0.9006226226226226,5,3246,2146,289,134640,134.64,194420,True,371144513658643780,2131456093380784688,2305843009213693951
n1000-g3-t0.9-r10-h301042,2efaf1348f57,3.14.3,Windows-11-10.0.26200-SP0,"Intel64 Family 6 Model 170 Stepping 4, GenuineIntel",1000,3.0,3.105358850890993,0.9,11,3163,1000,0.3161555485298767,random,101042,201042,301042,10,35556900,35556.9,8300.0,13600.0,23202.0,18376300,5,1399,1.399,2399,549,421,136,0.136,157.9196964906734,0.8611971971971972,3,2399,4212,2163,258912,258.912,335388,True,1388415509811505215,2139527335883817697,2305843009213693951
n1000-g4-t0.9-r10-h301042,2efaf1348f57,3.14.3,Windows-11-10.0.26200-SP0,"Intel64 Family 6 Model 170 Stepping 4, GenuineIntel",1000,4.0,4.091659060195906,0.9,11,3079,1000,0.3247807729782397,random,101042,201042,301042,10,17850100,17850.1,6700.0,8000.0,13725.999999999975,8120200,4,914,0.914,1914,518,395,267,0.267,162.22799610263073,1.645831831831832,4,1914,3848,2079,251200,251.2,292656,True,2235069317443111367,821632833208410063,2305843009213693951
n1000-g2-t0.8-r10-h301042,2efaf1348f57,3.14.3,Windows-11-10.0.26200-SP0,"Intel64 Family 6 Model 170 Stepping 4, GenuineIntel",1000,2.0,2.036527741565147,0.8,11,1597,1000,0.6261740763932373,random,101042,201042,301042,10,40772500,40772.5,5900.0,14600.0,19641.999999999964,27313500,7,1251,1.251,2251,513,395,261,0.261,312.77395115842205,0.8344684684684684,5,2251,2394,597,156528,156.528,200668,True,1529674468871661784,1056172987602688685,2305843009213693951
n1000-g1.25-t0.9-r10-h301042,2efaf1348f57,3.14.3,Windows-11-10.0.26200-SP0,"Intel64 Family 6 Model 170 Stepping 4, GenuineIntel",1000,1.25,1.2901634020556063,0.9,11,1361,1000,0.7347538574577517,random,101042,201042,301042,10,34787800,34787.8,6900.0,8400.0,410242.99999999825,5749000,19,4564,4.564,5564,762,537,352,0.352,367.00955180014694,0.9591031031031031,4,5564,2430,361,138544,138.544,228304,True,2265366746894787205,1816557399714657549,2305843009213693951
n1000-g1.5-t0.5-r10-h301042,2efaf1348f57,3.14.3,Windows-11-10.0.26200-SP0,"Intel64 Family 6 Model 170 Stepping 4, GenuineIntel",1000,1.5,1.5375603143577163,0.5,11,2927,1000,0.341646737273659,random,101042,201042,301042,10,34782500,34782.5,6700.0,17600.0,79958.99999999949,8200900,13,2863,2.863,3863,376,315,143,0.143,170.65254526819268,0.83795995995996,4,3863,4876,1927,245728,245.728,390912,True,2266036341913026312,1304517386992060490,2305843009213693951
n1000-g3-t0.5-r11-h331042,2efaf1348f57,3.14.3,Windows-11-10.0.26200-SP0,"Intel64 Family 6 Model 170 Stepping 4, GenuineIntel",1000,3.0,3.105358850890993,0.5,11,3163,1000,0.3161555485298767,random,111042,221042,331042,11,17673800,17673.8,6600.0,12104.999999999995,37156.99999999994,5475600,5,776,0.776,1776,264,234,129,0.129,157.9196964906734,0.816870870870871,3,1776,4212,2163,259296,259.296,308100,True,1298604924819678963,1997795305281551738,2305843009213693951
n1000-g1.5-t0.5-r11-h331042,2efaf1348f57,3.14.3,Windows-11-10.0.26200-SP0,"Intel64 Family 6 Model 170 Stepping 4, GenuineIntel",1000,1.5,1.5375603143577163,0.5,11,2927,1000,0.341646737273659,random,111042,221042,331042,11,31335600,31335.6,6400.0,7300.0,76316.99999999943,7806300,13,2863,2.863,3863,393,326,146,0.146,170.65254526819268,0.8555395395395395,4,3863,4876,1927,245728,245.728,390896,True,1333068617713632674,1016124218597551751,2305843009213693951
n1000-g1.25-t0.9-r11-h331042,2efaf1348f57,3.14.3,Windows-11-10.0.26200-SP0,"Intel64 Family 6 Model 170 Stepping 4, GenuineIntel",1000,1.25,1.2901634020556063,0.9,11,1361,1000,0.7347538574577517,random,111042,221042,331042,11,52139100,52139.1,7400.0,20104.999999999993,688000.9999999969,6850400,19,4564,4.564,5564,792,539,359,0.359,367.00955180014694,0.9781761761761762,5,5564,2430,361,138064,138.064,227396,True,2174314590760747077,673298066973716994,2305843009213693951
n1000-g3-t0.8-r11-h331042,2efaf1348f57,3.14.3,Windows-11-10.0.26200-SP0,"Intel64 Family 6 Model 170 Stepping 4, GenuineIntel",1000,3.0,3.105358850890993,0.8,11,3163,1000,0.3161555485298767,random,111042,221042,331042,11,34636700,34636.7,15100.0,18200.0,32718.999999999985,13284100,5,1243,1.243,2243,464,361,129,0.129,157.9196964906734,0.816870870870871,3,2243,4212,2163,259296,259.296,328436,True,1298604924819678963,1997795305281551738,2305843009213693951
n1000-g3-t0.9-r11-h331042,2efaf1348f57,3.14.3,Windows-11-10.0.26200-SP0,"Intel64 Family 6 Model 170 Stepping 4, GenuineIntel",1000,3.0,3.105358850890993,0.9,11,3163,1000,0.3161555485298767,random,111042,221042,331042,11,26984900,26984.9,7100.0,17404.999999999996,67016.99999999999,10976000,5,1399,1.399,2399,546,409,129,0.129,157.9196964906734,0.816870870870871,3,2399,4212,2163,259296,259.296,335396,True,1298604924819678963,1997795305281551738,2305843009213693951
n1000-g2-t0.8-r11-h331042,2efaf1348f57,3.14.3,Windows-11-10.0.26200-SP0,"Intel64 Family 6 Model 170 Stepping 4, GenuineIntel",1000,2.0,2.036527741565147,0.8,11,1597,1000,0.6261740763932373,random,111042,221042,331042,11,31540200,31540.2,15800.0,18704.999999999996,55205.99999999999,8329000,7,1251,1.251,2251,549,413,308,0.308,312.77395115842205,0.9847367367367367,4,2251,2394,597,155696,155.696,200352,True,637667081284156511,31153261877102973,2305843009213693951
n1000-g1.25-t0.5-r11-h331042,2efaf1348f57,3.14.3,Windows-11-10.0.26200-SP0,"Intel64 Family 6 Model 170 Stepping 4, GenuineIntel",1000,1.25,1.2866303730753477,0.5,11,2137,1000,0.4679457182966776,random,111042,221042,331042,11,37027400,37027.4,6500.0,20200.0,387419.9999999985,7762300,21,4065,4.065,5065,444,366,206,0.206,233.73888628919045,0.8813253253253254,5,5065,3846,1137,192048,192.048,316220,True,49955213392551983,1591045812901193915,2305843009213693951
n1000-g4-t0.5-r11-h331042,2efaf1348f57,3.14.3,Windows-11-10.0.26200-SP0,"Intel64 Family 6 Model 170 Stepping 4, GenuineIntel",1000,4.0,4.091659060195906,0.5,11,3079,1000,0.3247807729782397,random,111042,221042,331042,11,13782000,13782.0,6400.0,9500.0,16414.999999999985,4277700,4,507,0.507,1507,234,209,153,0.153,162.22799610263073,0.9431171171171171,4,1507,3848,2079,254080,254.08,272412,True,1231132813350461544,2021135371864652046,2305843009213693951
n1000-g1.25-t0.8-r11-h331042,2efaf1348f57,3.14.3,Windows-11-10.0.26200-SP0,"Intel64 Family 6 Model 170 Stepping 4, GenuineIntel",1000,1.25,1.2901634020556063,0.8,11,1361,1000,0.7347538574577517,random,111042,221042,331042,11,46138700,46138.7,6800.0,16304.999999999996,451374.9999999995,9198000,19,4055,4.055,5055,682,504,359,0.359,367.00955180014694,0.9781761761761762,5,5055,2430,361,138064,138.064,220676,True,2174314590760747077,673298066973716994,2305843009213693951
n1000-g2-t0.5-r11-h331042,2efaf1348f57,3.14.3,Windows-11-10.0.26200-SP0,"Intel64 Family 6 Model 170 Stepping 4, GenuineIntel",1000,2.0,2.032666219705446,0.5,11,3203,1000,0.3122073056509522,random,111042,221042,331042,11,31504000,31504.0,7500.0,17600.0,133241.99999999988,10906600,8,1579,1.579,2579,324,273,128,0.128,155.94754917265064,0.8207887887887888,4,2579,4800,2203,261696,261.696,368836,True,1547694512978825780,1680993431796962469,2305843009213693951
n1000-g1.25-t0.7-r11-h331042,2efaf1348f57,3.14.3,Windows-11-10.0.26200-SP0,"Intel64 Family 6 Model 170 Stepping 4, GenuineIntel",1000,1.25,1.2884399490725909,0.7,11,1709,1000,0.5851375073142189,random,111042,221042,331042,11,41490700,41490.7,6800.0,13400.0,764017.9999999966,5728500,20,4498,4.498,5498,590,460,260,0.26,292.2761849034523,0.8895695695695696,4,5498,3070,709,162768,162.768,270512,True,678591073878608538,1274286910827616051,2305843009213693951
n1000-g1.5-t0.7-r11-h331042,2efaf1348f57,3.14.3,Windows-11-10.0.26200-SP0,"Intel64 Family 6 Model 170 Stepping 4, GenuineIntel",1000,1.5,1.5405406911613417,0.7,11,1949,1000,0.513083632632119,random,111042,221042,331042,11,39836600,39836.6,7400.0,16900.0,99800.9999999999,13511300,12,2646,2.646,3646,552,426,247,0.247,256.2852744997435,0.9637697697697697,4,3646,3238,949,178544,178.544,276180,True,701260473259613143,1417036599065707801,2305843009213693951
n1000-g2-t0.7-r11-h331042,2efaf1348f57,3.14.3,Windows-11-10.0.26200-SP0,"Intel64 Family 6 Model 170 Stepping 4, GenuineIntel",1000,2.0,2.036527741565147,0.7,11,1597,1000,0.6261740763932373,random,111042,221042,331042,11,22962500,22962.5,9400.0,13000.0,18614.999999999985,6752700,7,1093,1.093,2093,482,376,308,0.308,312.77395115842205,0.9847367367367367,4,2093,2394,597,155696,155.696,195096,True,637667081284156511,31153261877102973,2305843009213693951
n1000-g1.5-t0.8-r11-h331042,2efaf1348f57,3.14.3,Windows-11-10.0.26200-SP0,"Intel64 Family 6 Model 170 Stepping 4, GenuineIntel",1000,1.5,1.543133042590002,0.8,11,1289,1000,0.7757951900698216,random,111042,221042,331042,11,22887300,22887.3,6600.0,15200.0,90031.99999999978,5444100,11,1995,1.995,2995,633,474,370,0.37,387.5096974398759,0.9548148148148148,6,2995,2146,289,134288,134.288,188964,True,1376362445027042440,2226888464908912594,2305843009213693951
n1000-g3-t0.7-r11-h331042,2efaf1348f57,3.14.3,Windows-11-10.0.26200-SP0,"Intel64 Family 6 Model 170 Stepping 4, GenuineIntel",1000,3.0,3.105358850890993,0.7,11,3163,1000,0.3161555485298767,random,111042,221042,331042,11,28892800,28892.8,12500.0,16900.0,23335.999999999967,9717000,5,1087,1.087,2087,370,303,129,0.129,157.9196964906734,0.816870870870871,3,2087,4212,2163,259296,259.296,321812,True,1298604924819678963,1997795305281551738,2305843009213693951
n1000-g4-t0.7-r11-h331042,2efaf1348f57,3.14.3,Windows-11-10.0.26200-SP0,"Intel64 Family 6 Model 170 Stepping 4, GenuineIntel",1000,4.0,4.091659060195906,0.7,11,3079,1000,0.3247807729782397,random,111042,221042,331042,11,14641100,14641.1,6500.0,7400.0,8105.9999999999945,5390400,4,710,0.71,1710,317,273,153,0.153,162.22799610263073,0.9431171171171171,4,1710,3848,2079,254080,254.08,283308,True,1231132813350461544,2021135371864652046,2305843009213693951
n1000-g1.5-t0.9-r11-h331042,2efaf1348f57,3.14.3,Windows-11-10.0.26200-SP0,"Intel64 Family 6 Model 170 Stepping 4, GenuineIntel",1000,1.5,1.543133042590002,0.9,11,1289,1000,0.7757951900698216,random,111042,221042,331042,11,21824500,21824.5,6800.0,7900.0,81900.0,4424700,11,2246,2.246,3246,678,494,370,0.37,387.5096974398759,0.9548148148148148,6,3246,2146,289,134288,134.288,194660,True,1376362445027042440,2226888464908912594,2305843009213693951
n1000-g4-t0.8-r11-h331042,2efaf1348f57,3.14.3,Windows-11-10.0.26200-SP0,"Intel64 Family 6 Model 170 Stepping 4, GenuineIntel",1000,4.0,4.091659060195906,0.8,11,3079,1000,0.3247807729782397,random,111042,221042,331042,11,18738500,18738.5,6600.0,18100.0,22301.0,5913700,4,812,0.812,1812,384,316,153,0.153,162.22799610263073,0.9431171171171171,4,1812,3848,2079,254080,254.08,288032,True,1231132813350461544,2021135371864652046,2305843009213693951
n1000-g4-t0.9-r11-h331042,2efaf1348f57,3.14.3,Windows-11-10.0.26200-SP0,"Intel64 Family 6 Model 170 Stepping 4, GenuineIntel",1000,4.0,4.091659060195906,0.9,11,3079,1000,0.3247807729782397,random,111042,221042,331042,11,26839300,26839.3,7800.0,17704.999999999993,41207.9999999999,11590500,4,914,0.914,1914,452,358,153,0.153,162.22799610263073,0.9431171171171171,4,1914,3848,2079,254080,254.08,293012,True,1231132813350461544,2021135371864652046,2305843009213693951
n1000-g2-t0.9-r11-h331042,2efaf1348f57,3.14.3,Windows-11-10.0.26200-SP0,"Intel64 Family 6 Model 170 Stepping 4, GenuineIntel",1000,2.0,2.036527741565147,0.9,11,1597,1000,0.6261740763932373,random,111042,221042,331042,11,26399200,26399.2,7900.0,23309.99999999999,125351.99999999985,7769400,7,1409,1.409,2409,611,439,308,0.308,312.77395115842205,0.9847367367367367,4,2409,2394,597,155696,155.696,205540,True,637667081284156511,31153261877102973,2305843009213693951
n1000-g2-t0.5-r12-h361042,2efaf1348f57,3.14.3,Windows-11-10.0.26200-SP0,"Intel64 Family 6 Model 170 Stepping 4, GenuineIntel",1000,2.0,2.032666219705446,0.5,11,3203,1000,0.3122073056509522,random,121042,241042,361042,12,27065200,27065.2,7100.0,22509.99999999999,99968.99999999975,7835100,8,1579,1.579,2579,381,298,132,0.132,155.94754917265064,0.8464384384384385,3,2579,4800,2203,261536,261.536,369052,True,836781828471687751,1260697042883061999,2305843009213693951
n1000-g3-t0.5-r12-h361042,2efaf1348f57,3.14.3,Windows-11-10.0.26200-SP0,"Intel64 Family 6 Model 170 Stepping 4, GenuineIntel",1000,3.0,3.105358850890993,0.5,11,3163,1000,0.3161555485298767,random,121042,241042,361042,12,16371100,16371.1,6700.0,7600.0,14401.0,5940500,5,776,0.776,1776,262,229,131,0.131,157.9196964906734,0.8295355355355356,3,1776,4212,2163,259296,259.296,308528,True,1648672521469443205,684215858064093678,2305843009213693951
n1000-g2-t0.8-r12-h361042,2efaf1348f57,3.14.3,Windows-11-10.0.26200-SP0,"Intel64 Family 6 Model 170 Stepping 4, GenuineIntel",1000,2.0,2.036527741565147,0.8,11,1597,1000,0.6261740763932373,random,121042,241042,361042,12,17937300,17937.3,7100.0,8000.0,15813.999999999987,5476500,7,1251,1.251,2251,689,459,295,0.295,312.77395115842205,0.9431731731731732,5,2251,2394,597,156080,156.08,200220,True,949936355234843586,1264359574096628088,2305843009213693951
n1000-g1.25-t0.8-r12-h361042,2efaf1348f57,3.14.3,Windows-11-10.0.26200-SP0,"Intel64 Family 6 Model 170 Stepping 4, GenuineIntel",1000,1.25,1.2901634020556063,0.8,11,1361,1000,0.7347538574577517,random,121042,241042,361042,12,39144800,39144.8,7800.0,11200.0,654370.9999999971,6142600,19,4055,4.055,5055,691,503,315,0.315,367.00955180014694,0.8582882882882883,4,5055,2430,361,139088,139.088,221432,True,111326262940167260,1933003882890683366,2305843009213693951
n1000-g3-t0.8-r12-h361042,2efaf1348f57,3.14.3,Windows-11-10.0.26200-SP0,"Intel64 Family 6 Model 170 Stepping 4, GenuineIntel",1000,3.0,3.105358850890993,0.8,11,3163,1000,0.3161555485298767,random,121042,241042,361042,12,20197000,20197.0,7100.0,13004.999999999996,22778.999999999927,7157100,5,1243,1.243,2243,452,364,131,0.131,157.9196964906734,0.8295355355355356,3,2243,4212,2163,259296,259.296,328696,True,1648672521469443205,684215858064093678,2305843009213693951
n1000-g1.5-t0.8-r12-h361042,2efaf1348f57,3.14.3,Windows-11-10.0.26200-SP0,"Intel64 Family 6 Model 170 Stepping 4, GenuineIntel",1000,1.5,1.543133042590002,0.8,11,1289,1000,0.7757951900698216,random,121042,241042,361042,12,23297600,23297.6,7200.0,8700.0,75828.99999999997,6109900,11,1995,1.995,2995,649,464,361,0.361,387.5096974398759,0.9315895895895896,5,2995,2146,289,134320,134.32,189080,True,596118837826549918,1606769232019930931,2305843009213693951
n1000-g1.25-t0.7-r12-h361042,2efaf1348f57,3.14.3,Windows-11-10.0.26200-SP0,"Intel64 Family 6 Model 170 Stepping 4, GenuineIntel",1000,1.25,1.2884399490725909,0.7,11,1709,1000,0.5851375073142189,random,121042,241042,361042,12,43578200,43578.2,7400.0,12400.0,480477.9999999973,6612700,20,4498,4.498,5498,576,438,277,0.277,292.2761849034523,0.9477337337337337,5,5498,3070,709,162736,162.736,271396,True,857804415994963201,180024530791052149,2305843009213693951
n1000-g4-t0.9-r12-h361042,2efaf1348f57,3.14.3,Windows-11-10.0.26200-SP0,"Intel64 Family 6 Model 170 Stepping 4, GenuineIntel",1000,4.0,4.091659060195906,0.9,11,3079,1000,0.3247807729782397,random,121042,241042,361042,12,24728900,24728.9,11100.0,14604.999999999996,19406.999999999993,8146500,4,914,0.914,1914,582,410,137,0.137,162.22799610263073,0.8444904904904905,4,1914,3848,2079,254528,254.528,291068,True,112426252233092939,1560716918882471734,2305843009213693951
n1000-g4-t0.7-r12-h361042,2efaf1348f57,3.14.3,Windows-11-10.0.26200-SP0,"Intel64 Family 6 Model 170 Stepping 4, GenuineIntel",1000,4.0,4.091659060195906,0.7,11,3079,1000,0.3247807729782397,random,121042,241042,361042,12,29045000,29045.0,12000.0,16404.999999999996,26303.999999999996,10971100,4,710,0.71,1710,402,314,137,0.137,162.22799610263073,0.8444904904904905,4,1710,3848,2079,254528,254.528,281972,True,112426252233092939,1560716918882471734,2305843009213693951
n1000-g2-t0.9-r12-h361042,2efaf1348f57,3.14.3,Windows-11-10.0.26200-SP0,"Intel64 Family 6 Model 170 Stepping 4, GenuineIntel",1000,2.0,2.036527741565147,0.9,11,1597,1000,0.6261740763932373,random,121042,241042,361042,12,19053200,19053.2,7200.0,8804.999999999996,33901.99999999999,5404800,7,1409,1.409,2409,785,490,295,0.295,312.77395115842205,0.9431731731731732,5,2409,2394,597,156080,156.08,205408,True,949936355234843586,1264359574096628088,2305843009213693951
n1000-g1.5-t0.5-r12-h361042,2efaf1348f57,3.14.3,Windows-11-10.0.26200-SP0,"Intel64 Family 6 Model 170 Stepping 4, GenuineIntel",1000,1.5,1.5375603143577163,0.5,11,2927,1000,0.341646737273659,random,121042,241042,361042,12,39619000,39619.0,7400.0,13200.0,240323.99999999988,8900800,13,2863,2.863,3863,367,311,140,0.14,170.65254526819268,0.8203803803803804,3,3863,4876,1927,245696,245.696,391488,True,241252491450800132,1081966916455575763,2305843009213693951
n1000-g2-t0.7-r12-h361042,2efaf1348f57,3.14.3,Windows-11-10.0.26200-SP0,"Intel64 Family 6 Model 170 Stepping 4, GenuineIntel",1000,2.0,2.036527741565147,0.7,11,1597,1000,0.6261740763932373,random,121042,241042,361042,12,16994200,16994.2,7100.0,8700.0,21040.99999999996,4195800,7,1093,1.093,2093,597,411,295,0.295,312.77395115842205,0.9431731731731732,5,2093,2394,597,156080,156.08,195060,True,949936355234843586,1264359574096628088,2305843009213693951
n1000-g4-t0.8-r12-h361042,2efaf1348f57,3.14.3,Windows-11-10.0.26200-SP0,"Intel64 Family 6 Model 170 Stepping 4, GenuineIntel",1000,4.0,4.091659060195906,0.8,11,3079,1000,0.3247807729782397,random,121042,241042,361042,12,17237700,17237.7,6900.0,7700.0,12002.999999999996,7508200,4,812,0.812,1812,485,367,137,0.137,162.22799610263073,0.8444904904904905,4,1812,3848,2079,254528,254.528,286312,True,112426252233092939,1560716918882471734,2305843009213693951
n1000-g3-t0.7-r12-h361042,2efaf1348f57,3.14.3,Windows-11-10.0.26200-SP0,"Intel64 Family 6 Model 170 Stepping 4, GenuineIntel",1000,3.0,3.105358850890993,0.7,11,3163,1000,0.3161555485298767,random,121042,241042,361042,12,23030600,23030.6,7300.0,16700.0,17939.999999999964,9092200,5,1087,1.087,2087,371,307,131,0.131,157.9196964906734,0.8295355355355356,3,2087,4212,2163,259296,259.296,322008,True,1648672521469443205,684215858064093678,2305843009213693951
n1000-g3-t0.9-r12-h361042,2efaf1348f57,3.14.3,Windows-11-10.0.26200-SP0,"Intel64 Family 6 Model 170 Stepping 4, GenuineIntel",1000,3.0,3.105358850890993,0.9,11,3163,1000,0.3161555485298767,random,121042,241042,361042,12,36075300,36075.3,15800.0,19000.0,71801.0,13603600,5,1399,1.399,2399,538,411,131,0.131,157.9196964906734,0.8295355355355356,3,2399,4212,2163,259296,259.296,335528,True,1648672521469443205,684215858064093678,2305843009213693951
n1000-g1.5-t0.7-r12-h361042,2efaf1348f57,3.14.3,Windows-11-10.0.26200-SP0,"Intel64 Family 6 Model 170 Stepping 4, GenuineIntel",1000,1.5,1.5405406911613417,0.7,11,1949,1000,0.513083632632119,random,121042,241042,361042,12,44619900,44619.9,12200.0,16600.0,182682.99999999956,9325900,12,2646,2.646,3646,544,413,204,0.204,256.2852744997435,0.7959879879879879,4,3646,3238,949,179312,179.312,276292,True,1879848894939923365,978909725168467695,2305843009213693951
n1000-g1.5-t0.9-r12-h361042,2efaf1348f57,3.14.3,Windows-11-10.0.26200-SP0,"Intel64 Family 6 Model 170 Stepping 4, GenuineIntel",1000,1.5,1.543133042590002,0.9,11,1289,1000,0.7757951900698216,random,121042,241042,361042,12,37202800,37202.8,13000.0,17000.0,76870.99999999994,9209200,11,2246,2.246,3246,711,495,361,0.361,387.5096974398759,0.9315895895895896,5,3246,2146,289,134320,134.32,194680,True,596118837826549918,1606769232019930931,2305843009213693951
n1000-g1.25-t0.5-r12-h361042,2efaf1348f57,3.14.3,Windows-11-10.0.26200-SP0,"Intel64 Family 6 Model 170 Stepping 4, GenuineIntel",1000,1.25,1.2866303730753477,0.5,11,2137,1000,0.4679457182966776,random,121042,241042,361042,12,47306900,47306.9,6600.0,14400.0,432350.9999999983,10539900,21,4065,4.065,5065,408,333,195,0.195,233.73888628919045,0.8342642642642643,4,5065,3846,1137,192368,192.368,316204,True,991590059511581143,1452314097876601654,2305843009213693951
n1000-g4-t0.5-r12-h361042,2efaf1348f57,3.14.3,Windows-11-10.0.26200-SP0,"Intel64 Family 6 Model 170 Stepping 4, GenuineIntel",1000,4.0,4.091659060195906,0.5,11,3079,1000,0.3247807729782397,random,121042,241042,361042,12,17606700,17606.7,7300.0,16500.0,21000.0,4476800,4,507,0.507,1507,273,234,137,0.137,162.22799610263073,0.8444904904904905,4,1507,3848,2079,254528,254.528,271492,True,112426252233092939,1560716918882471734,2305843009213693951
n1000-g1.25-t0.9-r12-h361042,2efaf1348f57,3.14.3,Windows-11-10.0.26200-SP0,"Intel64 Family 6 Model 170 Stepping 4, GenuineIntel",1000,1.25,1.2901634020556063,0.9,11,1361,1000,0.7347538574577517,random,121042,241042,361042,12,41522000,41522.0,7500.0,13504.999999999996,370764.9999999985,6705600,19,4564,4.564,5564,812,559,315,0.315,367.00955180014694,0.8582882882882883,4,5564,2430,361,139088,139.088,227928,True,111326262940167260,1933003882890683366,2305843009213693951
n1000-g4-t0.8-r13-h391042,2efaf1348f57,3.14.3,Windows-11-10.0.26200-SP0,"Intel64 Family 6 Model 170 Stepping 4, GenuineIntel",1000,4.0,4.091659060195906,0.8,11,3079,1000,0.3247807729782397,random,131042,261042,391042,13,25599900,25599.9,7200.0,18300.0,31906.999999999993,11814400,4,812,0.812,1812,401,327,146,0.146,162.22799610263073,0.899967967967968,3,1812,3848,2079,254272,254.272,287588,True,297948734014424874,1522115684305158396,2305843009213693951
n1000-g1.25-t0.5-r13-h391042,2efaf1348f57,3.14.3,Windows-11-10.0.26200-SP0,"Intel64 Family 6 Model 170 Stepping 4, GenuineIntel",1000,1.25,1.2866303730753477,0.5,11,2137,1000,0.4679457182966776,random,131042,261042,391042,13,52312800,52312.8,7150.0,14400.0,1085430.9999999958,11245500,21,4065,4.065,5065,439,359,230,0.23,233.73888628919045,0.984004004004004,3,5065,3846,1137,191216,191.216,316260,True,1106756205573395522,336329817564408621,2305843009213693951
n1000-g2-t0.7-r13-h391042,2efaf1348f57,3.14.3,Windows-11-10.0.26200-SP0,"Intel64 Family 6 Model 170 Stepping 4, GenuineIntel",1000,2.0,2.036527741565147,0.7,11,1597,1000,0.6261740763932373,random,131042,261042,391042,13,29455600,29455.6,11100.0,18900.0,33149.99999999995,8071100,7,1093,1.093,2093,537,413,325,0.325,312.77395115842205,1.0390890890890891,5,2093,2394,597,155664,155.664,194784,True,1949099309345754987,391311573886069111,2305843009213693951
n1000-g2-t0.5-r13-h391042,2efaf1348f57,3.14.3,Windows-11-10.0.26200-SP0,"Intel64 Family 6 Model 170 Stepping 4, GenuineIntel",1000,2.0,2.032666219705446,0.5,11,3203,1000,0.3122073056509522,random,131042,261042,391042,13,36499600,36499.6,8400.0,16800.0,74739.99999999888,12216200,8,1579,1.579,2579,377,315,178,0.178,155.94754917265064,1.1414094094094094,5,2579,4800,2203,260320,260.32,368560,True,578324488519252162,1468720992519900230,2305843009213693951
n1000-g3-t0.8-r13-h391042,2efaf1348f57,3.14.3,Windows-11-10.0.26200-SP0,"Intel64 Family 6 Model 170 Stepping 4, GenuineIntel",1000,3.0,3.105358850890993,0.8,11,3163,1000,0.3161555485298767,random,131042,261042,391042,13,17662100,17662.1,6200.0,7400.0,25584.999999999924,6656300,5,1243,1.243,2243,484,387,154,0.154,157.9196964906734,0.9751791791791793,4,2243,4212,2163,258784,258.784,328316,True,2196517263857870007,851780109268933442,2305843009213693951
n1000-g4-t0.9-r13-h391042,2efaf1348f57,3.14.3,Windows-11-10.0.26200-SP0,"Intel64 Family 6 Model 170 Stepping 4, GenuineIntel",1000,4.0,4.091659060195906,0.9,11,3079,1000,0.3247807729782397,random,131042,261042,391042,13,18626800,18626.8,7100.0,9900.0,22819.99999999998,6061400,4,914,0.914,1914,450,356,146,0.146,162.22799610263073,0.899967967967968,3,1914,3848,2079,254272,254.272,292864,True,297948734014424874,1522115684305158396,2305843009213693951
n1000-g1.5-t0.7-r13-h391042,2efaf1348f57,3.14.3,Windows-11-10.0.26200-SP0,"Intel64 Family 6 Model 170 Stepping 4, GenuineIntel",1000,1.5,1.5405406911613417,0.7,11,1949,1000,0.513083632632119,random,131042,261042,391042,13,26675000,26675.0,6600.0,10000.0,70367.99999999985,6773600,12,2646,2.646,3646,560,436,237,0.237,256.2852744997435,0.9247507507507506,5,3646,3238,949,178576,178.576,276136,True,918351214255106416,55693473231463009,2305843009213693951
n1000-g1.5-t0.5-r13-h391042,2efaf1348f57,3.14.3,Windows-11-10.0.26200-SP0,"Intel64 Family 6 Model 170 Stepping 4, GenuineIntel",1000,1.5,1.5375603143577163,0.5,11,2927,1000,0.341646737273659,random,131042,261042,391042,13,32214000,32214.0,6100.0,7400.0,71491.99999999946,8352800,13,2863,2.863,3863,399,329,144,0.144,170.65254526819268,0.8438198198198199,3,3863,4876,1927,245568,245.568,390944,True,1580650508825835166,1438223536119251220,2305843009213693951
n1000-g1.25-t0.7-r13-h391042,2efaf1348f57,3.14.3,Windows-11-10.0.26200-SP0,"Intel64 Family 6 Model 170 Stepping 4, GenuineIntel",1000,1.25,1.2884399490725909,0.7,11,1709,1000,0.5851375073142189,random,131042,261042,391042,13,59295400,59295.4,7000.0,22014.999999999985,383691.9999999977,11748800,20,4498,4.498,5498,591,475,277,0.277,292.2761849034523,0.9477337337337337,5,5498,3070,709,162640,162.64,271068,True,957143632731805213,790186050252541646,2305843009213693951
n1000-g2-t0.8-r13-h391042,2efaf1348f57,3.14.3,Windows-11-10.0.26200-SP0,"Intel64 Family 6 Model 170 Stepping 4, GenuineIntel",1000,2.0,2.036527741565147,0.8,11,1597,1000,0.6261740763932373,random,131042,261042,391042,13,29376400,29376.4,10700.0,19300.0,46350.999999999956,7537800,7,1251,1.251,2251,599,446,325,0.325,312.77395115842205,1.0390890890890891,5,2251,2394,597,155664,155.664,199912,True,1949099309345754987,391311573886069111,2305843009213693951
n1000-g4-t0.5-r13-h391042,2efaf1348f57,3.14.3,Windows-11-10.0.26200-SP0,"Intel64 Family 6 Model 170 Stepping 4, GenuineIntel",1000,4.0,4.091659060195906,0.5,11,3079,1000,0.3247807729782397,random,131042,261042,391042,13,25092200,25092.2,13500.0,18104.999999999993,30214.99999999999,5730300,4,507,0.507,1507,246,216,146,0.146,162.22799610263073,0.899967967967968,3,1507,3848,2079,254272,254.272,272264,True,297948734014424874,1522115684305158396,2305843009213693951
n1000-g3-t0.9-r13-h391042,2efaf1348f57,3.14.3,Windows-11-10.0.26200-SP0,"Intel64 Family 6 Model 170 Stepping 4, GenuineIntel",1000,3.0,3.105358850890993,0.9,11,3163,1000,0.3161555485298767,random,131042,261042,391042,13,19311200,19311.2,6000.0,16104.999999999995,17701.0,8336300,5,1399,1.399,2399,555,425,154,0.154,157.9196964906734,0.9751791791791793,4,2399,4212,2163,258784,258.784,334988,True,2196517263857870007,851780109268933442,2305843009213693951
n1000-g3-t0.5-r13-h391042,2efaf1348f57,3.14.3,Windows-11-10.0.26200-SP0,"Intel64 Family 6 Model 170 Stepping 4, GenuineIntel",1000,3.0,3.105358850890993,0.5,11,3163,1000,0.3161555485298767,random,131042,261042,391042,13,24260100,24260.1,6400.0,13104.999999999996,24026.999999999975,8947900,5,776,0.776,1776,283,250,154,0.154,157.9196964906734,0.9751791791791793,4,1776,4212,2163,258784,258.784,308468,True,2196517263857870007,851780109268933442,2305843009213693951
n1000-g4-t0.7-r13-h391042,2efaf1348f57,3.14.3,Windows-11-10.0.26200-SP0,"Intel64 Family 6 Model 170 Stepping 4, GenuineIntel",1000,4.0,4.091659060195906,0.7,11,3079,1000,0.3247807729782397,random,131042,261042,391042,13,37109700,37109.7,6000.0,7900.0,14100.0,28148000,4,710,0.71,1710,342,287,146,0.146,162.22799610263073,0.899967967967968,3,1710,3848,2079,254272,254.272,282904,True,297948734014424874,1522115684305158396,2305843009213693951
n1000-g1.5-t0.9-r13-h391042,2efaf1348f57,3.14.3,Windows-11-10.0.26200-SP0,"Intel64 Family 6 Model 170 Stepping 4, GenuineIntel",1000,1.5,1.543133042590002,0.9,11,1289,1000,0.7757951900698216,random,131042,261042,391042,13,23027700,23027.7,6800.0,13004.999999999996,79302.99999999981,5464500,11,2246,2.246,3246,651,491,338,0.338,387.5096974398759,0.8722362362362363,4,3246,2146,289,134544,134.544,194620,True,1969292388868721956,242303497917880071,2305843009213693951
n1000-g3-t0.7-r13-h391042,2efaf1348f57,3.14.3,Windows-11-10.0.26200-SP0,"Intel64 Family 6 Model 170 Stepping 4, GenuineIntel",1000,3.0,3.105358850890993,0.7,11,3163,1000,0.3161555485298767,random,131042,261042,391042,13,16575000,16575.0,6400.0,7100.0,16791.999999999916,6038600,5,1087,1.087,2087,401,331,154,0.154,157.9196964906734,0.9751791791791793,4,2087,4212,2163,258784,258.784,321788,True,2196517263857870007,851780109268933442,2305843009213693951
n1000-g1.5-t0.8-r13-h391042,2efaf1348f57,3.14.3,Windows-11-10.0.26200-SP0,"Intel64 Family 6 Model 170 Stepping 4, GenuineIntel",1000,1.5,1.543133042590002,0.8,11,1289,1000,0.7757951900698216,random,131042,261042,391042,13,19489600,19489.6,6300.0,9100.0,79443.99999999978,4127700,11,1995,1.995,2995,584,449,338,0.338,387.5096974398759,0.8722362362362363,4,2995,2146,289,134544,134.544,188956,True,1969292388868721956,242303497917880071,2305843009213693951
n1000-g2-t0.9-r13-h391042,2efaf1348f57,3.14.3,Windows-11-10.0.26200-SP0,"Intel64 Family 6 Model 170 Stepping 4, GenuineIntel",1000,2.0,2.036527741565147,0.9,11,1597,1000,0.6261740763932373,random,131042,261042,391042,13,17359300,17359.3,6500.0,7500.0,50335.99999999979,4598000,7,1409,1.409,2409,654,476,325,0.325,312.77395115842205,1.0390890890890891,5,2409,2394,597,155664,155.664,204972,True,1949099309345754987,391311573886069111,2305843009213693951
n1000-g1.25-t0.9-r13-h391042,2efaf1348f57,3.14.3,Windows-11-10.0.26200-SP0,"Intel64 Family 6 Model 170 Stepping 4, GenuineIntel",1000,1.25,1.2901634020556063,0.9,11,1361,1000,0.7347538574577517,random,131042,261042,391042,13,57451100,57451.1,10100.0,18100.0,497978.99999999994,11250500,19,4564,4.564,5564,771,539,325,0.325,367.00955180014694,0.8855355355355355,5,5564,2430,361,138768,138.768,227700,True,100779676701767979,1111854787351058046,2305843009213693951
n1000-g1.25-t0.8-r13-h391042,2efaf1348f57,3.14.3,Windows-11-10.0.26200-SP0,"Intel64 Family 6 Model 170 Stepping 4, GenuineIntel",1000,1.25,1.2901634020556063,0.8,11,1361,1000,0.7347538574577517,random,131042,261042,391042,13,58437300,58437.3,12500.0,20004.999999999996,374866.99999999575,12173500,19,4055,4.055,5055,701,515,325,0.325,367.00955180014694,0.8855355355355355,5,5055,2430,361,138768,138.768,220980,True,100779676701767979,1111854787351058046,2305843009213693951
n1000-g3-t0.9-r14-h421042,2efaf1348f57,3.14.3,Windows-11-10.0.26200-SP0,"Intel64 Family 6 Model 170 Stepping 4, GenuineIntel",1000,3.0,3.105358850890993,0.9,11,3163,1000,0.3161555485298767,random,141042,281042,421042,14,23203000,23203.0,7300.0,15704.999999999995,19914.999999999985,7346500,5,1399,1.399,2399,575,427,261,0.261,157.9196964906734,1.6527387387387389,4,2399,4212,2163,256128,256.128,335432,True,913591584478913311,421808668316223547,2305843009213693951
n1000-g4-t0.8-r14-h421042,2efaf1348f57,3.14.3,Windows-11-10.0.26200-SP0,"Intel64 Family 6 Model 170 Stepping 4, GenuineIntel",1000,4.0,4.091659060195906,0.8,11,3079,1000,0.3247807729782397,random,141042,281042,421042,14,28781400,28781.4,12200.0,13500.0,25603.999999999996,10460800,4,812,0.812,1812,395,322,142,0.142,162.22799610263073,0.8753113113113113,3,1812,3848,2079,254176,254.176,287788,True,1641517363676814452,1760114126435668785,2305843009213693951
n1000-g1.25-t0.8-r14-h421042,2efaf1348f57,3.14.3,Windows-11-10.0.26200-SP0,"Intel64 Family 6 Model 170 Stepping 4, GenuineIntel",1000,1.25,1.2901634020556063,0.8,11,1361,1000,0.7347538574577517,random,141042,281042,421042,14,27323200,27323.2,5900.0,7000.0,313843.9999999987,4422100,19,4055,4.055,5055,701,515,350,0.35,367.00955180014694,0.9536536536536537,4,5055,2430,361,138448,138.448,220972,True,1693320691868167027,1162627734945129626,2305843009213693951
n1000-g3-t0.5-r14-h421042,2efaf1348f57,3.14.3,Windows-11-10.0.26200-SP0,"Intel64 Family 6 Model 170 Stepping 4, GenuineIntel",1000,3.0,3.105358850890993,0.5,11,3163,1000,0.3161555485298767,random,141042,281042,421042,14,19832700,19832.7,7550.0,10900.0,16304.999999999996,7674100,5,776,0.776,1776,361,304,261,0.261,157.9196964906734,1.6527387387387389,4,1776,4212,2163,256128,256.128,308344,True,913591584478913311,421808668316223547,2305843009213693951
n1000-g2-t0.8-r14-h421042,2efaf1348f57,3.14.3,Windows-11-10.0.26200-SP0,"Intel64 Family 6 Model 170 Stepping 4, GenuineIntel",1000,2.0,2.036527741565147,0.8,11,1597,1000,0.6261740763932373,random,141042,281042,421042,14,20451400,20451.4,6400.0,12200.0,37256.99999999994,3768500,7,1251,1.251,2251,538,411,302,0.302,312.77395115842205,0.9655535535535535,4,2251,2394,597,155856,155.856,200676,True,602033288382669649,2037782076260033665,2305843009213693951
n1000-g1.5-t0.5-r14-h421042,2efaf1348f57,3.14.3,Windows-11-10.0.26200-SP0,"Intel64 Family 6 Model 170 Stepping 4, GenuineIntel",1000,1.5,1.5375603143577163,0.5,11,2927,1000,0.341646737273659,random,141042,281042,421042,14,35577800,35577.8,6100.0,8704.999999999996,152420.99999999983,11489700,13,2863,2.863,3863,386,315,157,0.157,170.65254526819268,0.9199979979979981,3,3863,4876,1927,245312,245.312,390860,True,3640054947229651,1811704076151170618,2305843009213693951
n1000-g1.25-t0.5-r14-h421042,2efaf1348f57,3.14.3,Windows-11-10.0.26200-SP0,"Intel64 Family 6 Model 170 Stepping 4, GenuineIntel",1000,1.25,1.2866303730753477,0.5,11,2137,1000,0.4679457182966776,random,141042,281042,421042,14,50159100,50159.1,7000.0,16700.0,891566.9999999985,7204700,21,4065,4.065,5065,386,319,206,0.206,233.73888628919045,0.8813253253253254,4,5065,3846,1137,191952,191.952,316264,True,408949639786353606,947785747063307136,2305843009213693951
n1000-g3-t0.8-r14-h421042,2efaf1348f57,3.14.3,Windows-11-10.0.26200-SP0,"Intel64 Family 6 Model 170 Stepping 4, GenuineIntel",1000,3.0,3.105358850890993,0.8,11,3163,1000,0.3161555485298767,random,141042,281042,421042,14,20141600,20141.6,7000.0,17400.0,37790.99999999991,6959400,5,1243,1.243,2243,510,391,261,0.261,157.9196964906734,1.6527387387387389,4,2243,4212,2163,256128,256.128,328672,True,913591584478913311,421808668316223547,2305843009213693951
n1000-g1.25-t0.7-r14-h421042,2efaf1348f57,3.14.3,Windows-11-10.0.26200-SP0,"Intel64 Family 6 Model 170 Stepping 4, GenuineIntel",1000,1.25,1.2884399490725909,0.7,11,1709,1000,0.5851375073142189,random,141042,281042,421042,14,34641200,34641.2,6400.0,7504.999999999995,447252.9999999983,5631300,20,4498,4.498,5498,631,473,267,0.267,292.2761849034523,0.9135195195195196,4,5498,3070,709,162896,162.896,270844,True,859311252780571306,1477197999991778225,2305843009213693951
n1000-g4-t0.5-r14-h421042,2efaf1348f57,3.14.3,Windows-11-10.0.26200-SP0,"Intel64 Family 6 Model 170 Stepping 4, GenuineIntel",1000,4.0,4.091659060195906,0.5,11,3079,1000,0.3247807729782397,random,141042,281042,421042,14,17187300,17187.3,6700.0,16700.0,17411.999999999993,5226900,4,507,0.507,1507,240,216,142,0.142,162.22799610263073,0.8753113113113113,3,1507,3848,2079,254176,254.176,272456,True,1641517363676814452,1760114126435668785,2305843009213693951
n1000-g2-t0.5-r14-h421042,2efaf1348f57,3.14.3,Windows-11-10.0.26200-SP0,"Intel64 Family 6 Model 170 Stepping 4, GenuineIntel",1000,2.0,2.032666219705446,0.5,11,3203,1000,0.3122073056509522,random,141042,281042,421042,14,22184100,22184.1,6500.0,6800.0,11807.999999999993,8735800,8,1579,1.579,2579,330,279,135,0.135,155.94754917265064,0.8656756756756757,4,2579,4800,2203,261408,261.408,368940,True,899534000507418652,1329206035041366167,2305843009213693951
n1000-g3-t0.7-r14-h421042,2efaf1348f57,3.14.3,Windows-11-10.0.26200-SP0,"Intel64 Family 6 Model 170 Stepping 4, GenuineIntel",1000,3.0,3.105358850890993,0.7,11,3163,1000,0.3161555485298767,random,141042,281042,421042,14,21601400,21601.4,6800.0,18100.0,20000.0,7982600,5,1087,1.087,2087,459,358,261,0.261,157.9196964906734,1.6527387387387389,4,2087,4212,2163,256128,256.128,321952,True,913591584478913311,421808668316223547,2305843009213693951
n1000-g4-t0.9-r14-h421042,2efaf1348f57,3.14.3,Windows-11-10.0.26200-SP0,"Intel64 Family 6 Model 170 Stepping 4, GenuineIntel",1000,4.0,4.091659060195906,0.9,11,3079,1000,0.3247807729782397,random,141042,281042,421042,14,24431800,24431.8,9600.0,17500.0,24638.999999999967,10142000,4,914,0.914,1914,469,360,142,0.142,162.22799610263073,0.8753113113113113,3,1914,3848,2079,254176,254.176,292704,True,1641517363676814452,1760114126435668785,2305843009213693951
n1000-g2-t0.7-r14-h421042,2efaf1348f57,3.14.3,Windows-11-10.0.26200-SP0,"Intel64 Family 6 Model 170 Stepping 4, GenuineIntel",1000,2.0,2.036527741565147,0.7,11,1597,1000,0.6261740763932373,random,141042,281042,421042,14,16386400,16386.4,6600.0,12909.999999999989,52022.99999999998,3860700,7,1093,1.093,2093,476,372,302,0.302,312.77395115842205,0.9655535535535535,4,2093,2394,597,155856,155.856,195356,True,602033288382669649,2037782076260033665,2305843009213693951
n1000-g1.5-t0.9-r14-h421042,2efaf1348f57,3.14.3,Windows-11-10.0.26200-SP0,"Intel64 Family 6 Model 170 Stepping 4, GenuineIntel",1000,1.5,1.543133042590002,0.9,11,1289,1000,0.7757951900698216,random,141042,281042,421042,14,24467800,24467.8,7500.0,15904.999999999996,77437.99999999996,5187200,11,2246,2.246,3246,732,504,374,0.374,387.5096974398759,0.9651371371371371,5,3246,2146,289,134160,134.16,194496,True,1554178346814100697,874369539675004469,2305843009213693951
n1000-g4-t0.7-r14-h421042,2efaf1348f57,3.14.3,Windows-11-10.0.26200-SP0,"Intel64 Family 6 Model 170 Stepping 4, GenuineIntel",1000,4.0,4.091659060195906,0.7,11,3079,1000,0.3247807729782397,random,141042,281042,421042,14,26009900,26009.9,7700.0,16900.0,33322.999999999985,9321000,4,710,0.71,1710,327,279,142,0.142,162.22799610263073,0.8753113113113113,3,1710,3848,2079,254176,254.176,283064,True,1641517363676814452,1760114126435668785,2305843009213693951
n1000-g1.5-t0.8-r14-h421042,2efaf1348f57,3.14.3,Windows-11-10.0.26200-SP0,"Intel64 Family 6 Model 170 Stepping 4, GenuineIntel",1000,1.5,1.543133042590002,0.8,11,1289,1000,0.7757951900698216,random,141042,281042,421042,14,22381100,22381.1,7000.0,9604.999999999996,136559.99999999985,4721300,11,1995,1.995,2995,648,463,374,0.374,387.5096974398759,0.9651371371371371,5,2995,2146,289,134160,134.16,189024,True,1554178346814100697,874369539675004469,2305843009213693951
n1000-g2-t0.9-r14-h421042,2efaf1348f57,3.14.3,Windows-11-10.0.26200-SP0,"Intel64 Family 6 Model 170 Stepping 4, GenuineIntel",1000,2.0,2.036527741565147,0.9,11,1597,1000,0.6261740763932373,random,141042,281042,421042,14,20377000,20377.0,7500.0,11609.99999999999,55478.99999999984,5511200,7,1409,1.409,2409,613,458,302,0.302,312.77395115842205,0.9655535535535535,4,2409,2394,597,155856,155.856,205640,True,602033288382669649,2037782076260033665,2305843009213693951
n1000-g1.5-t0.7-r14-h421042,2efaf1348f57,3.14.3,Windows-11-10.0.26200-SP0,"Intel64 Family 6 Model 170 Stepping 4, GenuineIntel",1000,1.5,1.5405406911613417,0.7,11,1949,1000,0.513083632632119,random,141042,281042,421042,14,35073900,35073.9,7200.0,16804.999999999996,175527.99999999953,8275900,12,2646,2.646,3646,564,422,250,0.25,256.2852744997435,0.9754754754754754,4,3646,3238,949,178416,178.416,276076,True,1923960497535263201,1539150138685957872,2305843009213693951
n1000-g1.25-t0.9-r14-h421042,2efaf1348f57,3.14.3,Windows-11-10.0.26200-SP0,"Intel64 Family 6 Model 170 Stepping 4, GenuineIntel",1000,1.25,1.2901634020556063,0.9,11,1361,1000,0.7347538574577517,random,141042,281042,421042,14,40566500,40566.5,7200.0,17800.0,415441.9999999984,8254700,19,4564,4.564,5564,713,513,350,0.35,367.00955180014694,0.9536536536536537,4,5564,2430,361,138448,138.448,228044,True,1693320691868167027,1162627734945129626,2305843009213693951
n1000-g1.5-t0.9-r15-h451042,2efaf1348f57,3.14.3,Windows-11-10.0.26200-SP0,"Intel64 Family 6 Model 170 Stepping 4, GenuineIntel",1000,1.5,1.543133042590002,0.9,11,1289,1000,0.7757951900698216,random,151042,301042,451042,15,26538100,26538.1,6900.0,17300.0,131026.99999999988,5890200,11,2246,2.246,3246,676,515,357,0.357,387.5096974398759,0.9212672672672673,4,3246,2146,289,134064,134.064,194808,True,1254822356987175776,2248504180402893994,2305843009213693951
n1000-g1.25-t0.7-r15-h451042,2efaf1348f57,3.14.3,Windows-11-10.0.26200-SP0,"Intel64 Family 6 Model 170 Stepping 4, GenuineIntel",1000,1.25,1.2884399490725909,0.7,11,1709,1000,0.5851375073142189,random,151042,301042,451042,15,40036100,40036.1,7100.0,13800.0,418300.9999999982,8626700,20,4498,4.498,5498,617,447,488,0.488,292.2761849034523,1.6696536536536537,5,5498,3070,709,158832,158.832,270344,True,491192793206871901,202829757458596991,2305843009213693951
n1000-g1.25-t0.8-r15-h451042,2efaf1348f57,3.14.3,Windows-11-10.0.26200-SP0,"Intel64 Family 6 Model 170 Stepping 4, GenuineIntel",1000,1.25,1.2901634020556063,0.8,11,1361,1000,0.7347538574577517,random,151042,301042,451042,15,41258900,41258.9,7100.0,17700.0,368719.9999999984,12807600,19,4055,4.055,5055,674,492,383,0.383,367.00955180014694,1.0435695695695697,5,5055,2430,361,137808,137.808,221180,True,438239256242599870,2277960150268371062,2305843009213693951
n1000-g3-t0.9-r15-h451042,2efaf1348f57,3.14.3,Windows-11-10.0.26200-SP0,"Intel64 Family 6 Model 170 Stepping 4, GenuineIntel",1000,3.0,3.105358850890993,0.9,11,3163,1000,0.3161555485298767,random,151042,301042,451042,15,37006400,37006.4,17100.0,20000.0,53515.9999999999,14490000,5,1399,1.399,2399,565,429,143,0.143,157.9196964906734,0.9055235235235236,4,2399,4212,2163,258880,258.88,335244,True,708991995022582956,24003293315345671,2305843009213693951
n1000-g2-t0.8-r15-h451042,2efaf1348f57,3.14.3,Windows-11-10.0.26200-SP0,"Intel64 Family 6 Model 170 Stepping 4, GenuineIntel",1000,2.0,2.036527741565147,0.8,11,1597,1000,0.6261740763932373,random,151042,301042,451042,15,35467100,35467.1,14400.0,17904.999999999996,74857.99999999996,10528500,7,1251,1.251,2251,557,429,257,0.257,312.77395115842205,0.8216796796796797,4,2251,2394,597,156368,156.368,200288,True,751626663914189074,2119737037600796214,2305843009213693951
n1000-g2-t0.5-r15-h451042,2efaf1348f57,3.14.3,Windows-11-10.0.26200-SP0,"Intel64 Family 6 Model 170 Stepping 4, GenuineIntel",1000,2.0,2.032666219705446,0.5,11,3203,1000,0.3122073056509522,random,151042,301042,451042,15,24100900,24100.9,6900.0,9500.0,17916.999999999985,6981600,8,1579,1.579,2579,318,270,125,0.125,155.94754917265064,0.8015515515515516,4,2579,4800,2203,261728,261.728,369224,True,2158065941799281041,2132118592292127393,2305843009213693951
n1000-g3-t0.8-r15-h451042,2efaf1348f57,3.14.3,Windows-11-10.0.26200-SP0,"Intel64 Family 6 Model 170 Stepping 4, GenuineIntel",1000,3.0,3.105358850890993,0.8,11,3163,1000,0.3161555485298767,random,151042,301042,451042,15,28474600,28474.6,7800.0,18900.0,73276.99999999993,11562200,5,1243,1.243,2243,476,371,143,0.143,157.9196964906734,0.9055235235235236,4,2243,4212,2163,258880,258.88,328700,True,708991995022582956,24003293315345671,2305843009213693951
n1000-g4-t0.8-r15-h451042,2efaf1348f57,3.14.3,Windows-11-10.0.26200-SP0,"Intel64 Family 6 Model 170 Stepping 4, GenuineIntel",1000,4.0,4.091659060195906,0.8,11,3079,1000,0.3247807729782397,random,151042,301042,451042,15,38613400,38613.4,15900.0,23924.999999999978,73362.99999999994,14362200,4,812,0.812,1812,392,311,151,0.151,162.22799610263073,0.9307887887887888,4,1812,3848,2079,254016,254.016,288300,True,1259188194957560175,53137966226999203,2305843009213693951
n1000-g1.25-t0.5-r15-h451042,2efaf1348f57,3.14.3,Windows-11-10.0.26200-SP0,"Intel64 Family 6 Model 170 Stepping 4, GenuineIntel",1000,1.25,1.2866303730753477,0.5,11,2137,1000,0.4679457182966776,random,151042,301042,451042,15,59302400,59302.4,6600.0,18304.999999999996,451066.9999999985,12890300,21,4065,4.065,5065,491,388,207,0.207,233.73888628919045,0.8856036036036037,4,5065,3846,1137,191824,191.824,313200,True,533890470542188175,2208034421348898646,2305843009213693951
n1000-g1.5-t0.5-r15-h451042,2efaf1348f57,3.14.3,Windows-11-10.0.26200-SP0,"Intel64 Family 6 Model 170 Stepping 4, GenuineIntel",1000,1.5,1.5375603143577163,0.5,11,2927,1000,0.341646737273659,random,151042,301042,451042,15,49859100,49859.1,10650.0,16900.0,151192.99999999927,12864400,13,2863,2.863,3863,374,319,161,0.161,170.65254526819268,0.9434374374374375,3,3863,4876,1927,245056,245.056,391116,True,276623623316139656,518731239792807553,2305843009213693951
n1000-g1.5-t0.8-r15-h451042,2efaf1348f57,3.14.3,Windows-11-10.0.26200-SP0,"Intel64 Family 6 Model 170 Stepping 4, GenuineIntel",1000,1.5,1.543133042590002,0.8,11,1289,1000,0.7757951900698216,random,151042,301042,451042,15,25572700,25572.7,6900.0,14604.999999999996,78544.99999999987,4590000,11,1995,1.995,2995,602,465,357,0.357,387.5096974398759,0.9212672672672673,4,2995,2146,289,134064,134.064,189184,True,1254822356987175776,2248504180402893994,2305843009213693951
n1000-g2-t0.7-r15-h451042,2efaf1348f57,3.14.3,Windows-11-10.0.26200-SP0,"Intel64 Family 6 Model 170 Stepping 4, GenuineIntel",1000,2.0,2.036527741565147,0.7,11,1597,1000,0.6261740763932373,random,151042,301042,451042,15,15233800,15233.8,6400.0,10404.999999999996,17124.999999999978,3846200,7,1093,1.093,2093,481,395,257,0.257,312.77395115842205,0.8216796796796797,4,2093,2394,597,156368,156.368,194936,True,751626663914189074,2119737037600796214,2305843009213693951
n1000-g4-t0.5-r15-h451042,2efaf1348f57,3.14.3,Windows-11-10.0.26200-SP0,"Intel64 Family 6 Model 170 Stepping 4, GenuineIntel",1000,4.0,4.091659060195906,0.5,11,3079,1000,0.3247807729782397,random,151042,301042,451042,15,15392100,15392.1,7100.0,9200.0,26088.99999999983,5002700,4,507,0.507,1507,261,221,151,0.151,162.22799610263073,0.9307887887887888,4,1507,3848,2079,254016,254.016,272264,True,1259188194957560175,53137966226999203,2305843009213693951
n1000-g1.25-t0.9-r15-h451042,2efaf1348f57,3.14.3,Windows-11-10.0.26200-SP0,"Intel64 Family 6 Model 170 Stepping 4, GenuineIntel",1000,1.25,1.2901634020556063,0.9,11,1361,1000,0.7347538574577517,random,151042,301042,451042,15,47182400,47182.4,7500.0,16000.0,495097.9999999992,6306100,19,4564,4.564,5564,768,537,383,0.383,367.00955180014694,1.0435695695695697,5,5564,2430,361,137808,137.808,227804,True,438239256242599870,2277960150268371062,2305843009213693951
n1000-g3-t0.5-r15-h451042,2efaf1348f57,3.14.3,Windows-11-10.0.26200-SP0,"Intel64 Family 6 Model 170 Stepping 4, GenuineIntel",1000,3.0,3.105358850890993,0.5,11,3163,1000,0.3161555485298767,random,151042,301042,451042,15,22295000,22295.0,7700.0,12700.0,33002.99999999999,6770600,5,776,0.776,1776,290,251,143,0.143,157.9196964906734,0.9055235235235236,4,1776,4212,2163,258880,258.88,308340,True,708991995022582956,24003293315345671,2305843009213693951
n1000-g2-t0.9-r15-h451042,2efaf1348f57,3.14.3,Windows-11-10.0.26200-SP0,"Intel64 Family 6 Model 170 Stepping 4, GenuineIntel",1000,2.0,2.036527741565147,0.9,11,1597,1000,0.6261740763932373,random,151042,301042,451042,15,16672200,16672.2,6700.0,7600.0,12910.999999999989,4679400,7,1409,1.409,2409,621,462,257,0.257,312.77395115842205,0.8216796796796797,4,2409,2394,597,156368,156.368,205540,True,751626663914189074,2119737037600796214,2305843009213693951
n1000-g3-t0.7-r15-h451042,2efaf1348f57,3.14.3,Windows-11-10.0.26200-SP0,"Intel64 Family 6 Model 170 Stepping 4, GenuineIntel",1000,3.0,3.105358850890993,0.7,11,3163,1000,0.3161555485298767,random,151042,301042,451042,15,25066900,25066.9,6800.0,17809.99999999999,28164.99999999985,12600200,5,1087,1.087,2087,413,334,143,0.143,157.9196964906734,0.9055235235235236,4,2087,4212,2163,258880,258.88,321756,True,708991995022582956,24003293315345671,2305843009213693951
n1000-g1.5-t0.7-r15-h451042,2efaf1348f57,3.14.3,Windows-11-10.0.26200-SP0,"Intel64 Family 6 Model 170 Stepping 4, GenuineIntel",1000,1.5,1.5405406911613417,0.7,11,1949,1000,0.513083632632119,random,151042,301042,451042,15,26454200,26454.2,6700.0,7700.0,72864.99999999984,7246500,12,2646,2.646,3646,514,417,226,0.226,256.2852744997435,0.8818298298298297,3,3646,3238,949,178768,178.768,276048,True,411642787863763413,2229156696880074722,2305843009213693951
n1000-g4-t0.9-r15-h451042,2efaf1348f57,3.14.3,Windows-11-10.0.26200-SP0,"Intel64 Family 6 Model 170 Stepping 4, GenuineIntel",1000,4.0,4.091659060195906,0.9,11,3079,1000,0.3247807729782397,random,151042,301042,451042,15,18170200,18170.2,6800.0,8804.999999999996,28725.999999999793,6002500,4,914,0.914,1914,444,349,151,0.151,162.22799610263073,0.9307887887887888,4,1914,3848,2079,254016,254.016,293376,True,1259188194957560175,53137966226999203,2305843009213693951
n1000-g4-t0.7-r15-h451042,2efaf1348f57,3.14.3,Windows-11-10.0.26200-SP0,"Intel64 Family 6 Model 170 Stepping 4, GenuineIntel",1000,4.0,4.091659060195906,0.7,11,3079,1000,0.3247807729782397,random,151042,301042,451042,15,39703700,39703.7,7800.0,19904.999999999996,399392.999999999,13072100,4,710,0.71,1710,349,286,151,0.151,162.22799610263073,0.9307887887887888,4,1710,3848,2079,254016,254.016,283160,True,1259188194957560175,53137966226999203,2305843009213693951
n1000-g3-t0.5-r16-h481042,2efaf1348f57,3.14.3,Windows-11-10.0.26200-SP0,"Intel64 Family 6 Model 170 Stepping 4, GenuineIntel",1000,3.0,3.105358850890993,0.5,11,3163,1000,0.3161555485298767,random,161042,321042,481042,16,18551900,18551.9,7100.0,9500.0,14907.999999999993,6209200,5,776,0.776,1776,264,226,132,0.132,157.9196964906734,0.8358678678678679,4,1776,4212,2163,259232,259.232,308368,True,1005194393290479724,1581013199206094622,2305843009213693951
n1000-g1.5-t0.7-r16-h481042,2efaf1348f57,3.14.3,Windows-11-10.0.26200-SP0,"Intel64 Family 6 Model 170 Stepping 4, GenuineIntel",1000,1.5,1.5405406911613417,0.7,11,1949,1000,0.513083632632119,random,161042,321042,481042,16,30500100,30500.1,6700.0,9004.999999999996,146307.99999999974,9959100,12,2646,2.646,3646,602,450,229,0.229,256.2852744997435,0.8935355355355354,5,3646,3238,949,179024,179.024,275528,True,27956999970857816,1560535262162988573,2305843009213693951
n1000-g3-t0.7-r16-h481042,2efaf1348f57,3.14.3,Windows-11-10.0.26200-SP0,"Intel64 Family 6 Model 170 Stepping 4, GenuineIntel",1000,3.0,3.105358850890993,0.7,11,3163,1000,0.3161555485298767,random,161042,321042,481042,16,22702000,22702.0,7600.0,10604.999999999996,58051.99999999995,7018600,5,1087,1.087,2087,390,319,132,0.132,157.9196964906734,0.8358678678678679,4,2087,4212,2163,259232,259.232,321856,True,1005194393290479724,1581013199206094622,2305843009213693951
n1000-g4-t0.7-r16-h481042,2efaf1348f57,3.14.3,Windows-11-10.0.26200-SP0,"Intel64 Family 6 Model 170 Stepping 4, GenuineIntel",1000,4.0,4.091659060195906,0.7,11,3079,1000,0.3247807729782397,random,161042,321042,481042,16,27188300,27188.3,7900.0,12104.999999999995,90619.99999999999,8057400,4,710,0.71,1710,322,278,146,0.146,162.22799610263073,0.899967967967968,3,1710,3848,2079,254240,254.24,283128,True,1985980370848502935,1652399424663230063,2305843009213693951
n1000-g4-t0.5-r16-h481042,2efaf1348f57,3.14.3,Windows-11-10.0.26200-SP0,"Intel64 Family 6 Model 170 Stepping 4, GenuineIntel",1000,4.0,4.091659060195906,0.5,11,3079,1000,0.3247807729782397,random,161042,321042,481042,16,15290800,15290.8,7200.0,8204.999999999996,18514.999999999985,4961400,4,507,0.507,1507,237,211,146,0.146,162.22799610263073,0.899967967967968,3,1507,3848,2079,254240,254.24,272424,True,1985980370848502935,1652399424663230063,2305843009213693951
n1000-g2-t0.8-r16-h481042,2efaf1348f57,3.14.3,Windows-11-10.0.26200-SP0,"Intel64 Family 6 Model 170 Stepping 4, GenuineIntel",1000,2.0,2.036527741565147,0.8,11,1597,1000,0.6261740763932373,random,161042,321042,481042,16,18140000,18140.0,7200.0,8704.999999999996,34137.99999999997,4926300,7,1251,1.251,2251,525,411,294,0.294,312.77395115842205,0.9399759759759759,5,2251,2394,597,155920,155.92,200492,True,906647606299076212,90186996141290548,2305843009213693951
n1000-g4-t0.9-r16-h481042,2efaf1348f57,3.14.3,Windows-11-10.0.26200-SP0,"Intel64 Family 6 Model 170 Stepping 4, GenuineIntel",1000,4.0,4.091659060195906,0.9,11,3079,1000,0.3247807729782397,random,161042,321042,481042,16,29558900,29558.9,13700.0,17604.999999999996,26217.999999999985,12837500,4,914,0.914,1914,425,353,146,0.146,162.22799610263073,0.899967967967968,3,1914,3848,2079,254240,254.24,292992,True,1985980370848502935,1652399424663230063,2305843009213693951
n1000-g3-t0.8-r16-h481042,2efaf1348f57,3.14.3,Windows-11-10.0.26200-SP0,"Intel64 Family 6 Model 170 Stepping 4, GenuineIntel",1000,3.0,3.105358850890993,0.8,11,3163,1000,0.3161555485298767,random,161042,321042,481042,16,21838800,21838.8,7100.0,19300.0,32455.99999999995,9352600,5,1243,1.243,2243,477,372,132,0.132,157.9196964906734,0.8358678678678679,4,2243,4212,2163,259232,259.232,328704,True,1005194393290479724,1581013199206094622,2305843009213693951
n1000-g1.25-t0.7-r16-h481042,2efaf1348f57,3.14.3,Windows-11-10.0.26200-SP0,"Intel64 Family 6 Model 170 Stepping 4, GenuineIntel",1000,1.25,1.2884399490725909,0.7,11,1709,1000,0.5851375073142189,random,161042,321042,481042,16,85757400,85757.4,15900.0,24524.999999999978,949519.9999999971,15014100,20,4498,4.498,5498,522,414,250,0.25,292.2761849034523,0.8553553553553553,4,5498,3070,709,162928,162.928,271048,True,92798418302310969,1670266597326289485,2305843009213693951
n1000-g1.25-t0.5-r16-h481042,2efaf1348f57,3.14.3,Windows-11-10.0.26200-SP0,"Intel64 Family 6 Model 170 Stepping 4, GenuineIntel",1000,1.25,1.2866303730753477,0.5,11,2137,1000,0.4679457182966776,random,161042,321042,481042,16,79537700,79537.7,11900.0,20404.999999999996,428282.9999999956,16873800,21,4065,4.065,5065,409,338,208,0.208,233.73888628919045,0.8898818818818819,4,5065,3846,1137,191984,191.984,316308,True,1670866568976281971,452439706336868476,2305843009213693951
n1000-g3-t0.9-r16-h481042,2efaf1348f57,3.14.3,Windows-11-10.0.26200-SP0,"Intel64 Family 6 Model 170 Stepping 4, GenuineIntel",1000,3.0,3.105358850890993,0.9,11,3163,1000,0.3161555485298767,random,161042,321042,481042,16,30570000,30570.0,7700.0,15100.0,89522.99999999988,15392400,5,1399,1.399,2399,556,423,132,0.132,157.9196964906734,0.8358678678678679,4,2399,4212,2163,259232,259.232,335440,True,1005194393290479724,1581013199206094622,2305843009213693951
n1000-g1.25-t0.8-r16-h481042,2efaf1348f57,3.14.3,Windows-11-10.0.26200-SP0,"Intel64 Family 6 Model 170 Stepping 4, GenuineIntel",1000,1.25,1.2901634020556063,0.8,11,1361,1000,0.7347538574577517,random,161042,321042,481042,16,62373300,62373.3,6850.0,10600.0,469729.9999999989,24766600,19,4055,4.055,5055,630,474,318,0.318,367.00955180014694,0.8664624624624625,4,5055,2430,361,138832,138.832,221532,True,1756309427298012151,22667595626800406,2305843009213693951
n1000-g1.5-t0.9-r16-h481042,2efaf1348f57,3.14.3,Windows-11-10.0.26200-SP0,"Intel64 Family 6 Model 170 Stepping 4, GenuineIntel",1000,1.5,1.543133042590002,0.9,11,1289,1000,0.7757951900698216,random,161042,321042,481042,16,34719000,34719.0,9700.0,16800.0,84023.99999999997,5998500,11,2246,2.246,3246,706,507,392,0.392,387.5096974398759,1.0115875875875875,5,3246,2146,289,133488,133.488,194176,True,395832522345009333,77049600063569043,2305843009213693951
n1000-g2-t0.9-r16-h481042,2efaf1348f57,3.14.3,Windows-11-10.0.26200-SP0,"Intel64 Family 6 Model 170 Stepping 4, GenuineIntel",1000,2.0,2.036527741565147,0.9,11,1597,1000,0.6261740763932373,random,161042,321042,481042,16,17459400,17459.4,6500.0,8200.0,63008.999999999905,4928800,7,1409,1.409,2409,597,452,294,0.294,312.77395115842205,0.9399759759759759,5,2409,2394,597,155920,155.92,205424,True,906647606299076212,90186996141290548,2305843009213693951
n1000-g2-t0.5-r16-h481042,2efaf1348f57,3.14.3,Windows-11-10.0.26200-SP0,"Intel64 Family 6 Model 170 Stepping 4, GenuineIntel",1000,2.0,2.032666219705446,0.5,11,3203,1000,0.3122073056509522,random,161042,321042,481042,16,36435000,36435.0,13300.0,16400.0,68014.9999999998,10251400,8,1579,1.579,2579,341,302,123,0.123,155.94754917265064,0.7887267267267267,4,2579,4800,2203,261728,261.728,368592,True,2255376647635134384,59542906301294653,2305843009213693951
n1000-g1.25-t0.9-r16-h481042,2efaf1348f57,3.14.3,Windows-11-10.0.26200-SP0,"Intel64 Family 6 Model 170 Stepping 4, GenuineIntel",1000,1.25,1.2901634020556063,0.9,11,1361,1000,0.7347538574577517,random,161042,321042,481042,16,38795300,38795.3,6900.0,9700.0,547464.9999999999,7915500,19,4564,4.564,5564,762,542,318,0.318,367.00955180014694,0.8664624624624625,4,5564,2430,361,138832,138.832,228316,True,1756309427298012151,22667595626800406,2305843009213693951
n1000-g1.5-t0.8-r16-h481042,2efaf1348f57,3.14.3,Windows-11-10.0.26200-SP0,"Intel64 Family 6 Model 170 Stepping 4, GenuineIntel",1000,1.5,1.543133042590002,0.8,11,1289,1000,0.7757951900698216,random,161042,321042,481042,16,25755800,25755.8,7200.0,12400.0,81820.99999999999,4277900,11,1995,1.995,2995,635,475,392,0.392,387.5096974398759,1.0115875875875875,5,2995,2146,289,133488,133.488,188608,True,395832522345009333,77049600063569043,2305843009213693951
n1000-g1.5-t0.5-r16-h481042,2efaf1348f57,3.14.3,Windows-11-10.0.26200-SP0,"Intel64 Family 6 Model 170 Stepping 4, GenuineIntel",1000,1.5,1.5375603143577163,0.5,11,2927,1000,0.341646737273659,random,161042,321042,481042,16,36192100,36192.1,7100.0,16500.0,115414.99999999971,8542700,13,2863,2.863,3863,397,327,139,0.139,170.65254526819268,0.8145205205205206,4,3863,4876,1927,245952,245.952,391588,True,1156713292258473193,189723608432831120,2305843009213693951
n1000-g4-t0.8-r16-h481042,2efaf1348f57,3.14.3,Windows-11-10.0.26200-SP0,"Intel64 Family 6 Model 170 Stepping 4, GenuineIntel",1000,4.0,4.091659060195906,0.8,11,3079,1000,0.3247807729782397,random,161042,321042,481042,16,30095500,30095.5,7400.0,21100.0,47731.99999999997,13825000,4,812,0.812,1812,381,324,146,0.146,162.22799610263073,0.899967967967968,3,1812,3848,2079,254240,254.24,287916,True,1985980370848502935,1652399424663230063,2305843009213693951
n1000-g2-t0.7-r16-h481042,2efaf1348f57,3.14.3,Windows-11-10.0.26200-SP0,"Intel64 Family 6 Model 170 Stepping 4, GenuineIntel",1000,2.0,2.036527741565147,0.7,11,1597,1000,0.6261740763932373,random,161042,321042,481042,16,29897500,29897.5,12500.0,15600.0,25302.999999999996,8070200,7,1093,1.093,2093,460,377,294,0.294,312.77395115842205,0.9399759759759759,5,2093,2394,597,155920,155.92,195332,True,906647606299076212,90186996141290548,2305843009213693951
n1000-g4-t0.5-r17-h511042,2efaf1348f57,3.14.3,Windows-11-10.0.26200-SP0,"Intel64 Family 6 Model 170 Stepping 4, GenuineIntel",1000,4.0,4.091659060195906,0.5,11,3079,1000,0.3247807729782397,random,171042,341042,511042,17,27937200,27937.2,16700.0,22300.0,47390.999999999825,7428700,4,507,0.507,1507,248,212,143,0.143,162.22799610263073,0.8814754754754754,4,1507,3848,2079,254432,254.432,272412,True,1915474706068079526,358107072521559081,2305843009213693951
n1000-g1.25-t0.8-r17-h511042,2efaf1348f57,3.14.3,Windows-11-10.0.26200-SP0,"Intel64 Family 6 Model 170 Stepping 4, GenuineIntel",1000,1.25,1.2901634020556063,0.8,11,1361,1000,0.7347538574577517,random,171042,341042,511042,17,58924900,58924.9,12800.0,21809.99999999999,372061.9999999985,15007600,19,4055,4.055,5055,733,511,356,0.356,367.00955180014694,0.970002002002002,6,5055,2430,361,138640,138.64,221828,True,1901153992617631227,180404326047862359,2305843009213693951
n1000-g4-t0.7-r17-h511042,2efaf1348f57,3.14.3,Windows-11-10.0.26200-SP0,"Intel64 Family 6 Model 170 Stepping 4, GenuineIntel",1000,4.0,4.091659060195906,0.7,11,3079,1000,0.3247807729782397,random,171042,341042,511042,17,20519000,20519.0,7300.0,15804.999999999996,21301.999999999996,9143100,4,710,0.71,1710,340,276,143,0.143,162.22799610263073,0.8814754754754754,4,1710,3848,2079,254432,254.432,283188,True,1915474706068079526,358107072521559081,2305843009213693951
n1000-g1.5-t0.7-r17-h511042,2efaf1348f57,3.14.3,Windows-11-10.0.26200-SP0,"Intel64 Family 6 Model 170 Stepping 4, GenuineIntel",1000,1.5,1.5405406911613417,0.7,11,1949,1000,0.513083632632119,random,171042,341042,511042,17,41265300,41265.3,13100.0,21519.99999999998,95727.99999999962,10968000,12,2646,2.646,3646,539,421,233,0.233,256.2852744997435,0.909143143143143,4,3646,3238,949,178736,178.736,276376,True,1906047752132813578,411997634592344399,2305843009213693951
n1000-g2-t0.7-r17-h511042,2efaf1348f57,3.14.3,Windows-11-10.0.26200-SP0,"Intel64 Family 6 Model 170 Stepping 4, GenuineIntel",1000,2.0,2.036527741565147,0.7,11,1597,1000,0.6261740763932373,random,171042,341042,511042,17,24240000,24240.0,9300.0,17404.999999999996,35703.0,5271300,7,1093,1.093,2093,473,380,309,0.309,312.77395115842205,0.9879339339339339,5,2093,2394,597,155504,155.504,195092,True,1242836851554652875,1729867030301533881,2305843009213693951
n1000-g3-t0.8-r17-h511042,2efaf1348f57,3.14.3,Windows-11-10.0.26200-SP0,"Intel64 Family 6 Model 170 Stepping 4, GenuineIntel",1000,3.0,3.105358850890993,0.8,11,3163,1000,0.3161555485298767,random,171042,341042,511042,17,34758500,34758.5,12600.0,15904.999999999996,23008.999999999993,14222700,5,1243,1.243,2243,444,354,127,0.127,157.9196964906734,0.8042062062062062,3,2243,4212,2163,259392,259.392,328888,True,266707078238673749,1766658895492101995,2305843009213693951
n1000-g3-t0.5-r17-h511042,2efaf1348f57,3.14.3,Windows-11-10.0.26200-SP0,"Intel64 Family 6 Model 170 Stepping 4, GenuineIntel",1000,3.0,3.105358850890993,0.5,11,3163,1000,0.3161555485298767,random,171042,341042,511042,17,29805000,29805.0,12100.0,15100.0,26418.99999999998,10752000,5,776,0.776,1776,250,220,127,0.127,157.9196964906734,0.8042062062062062,3,1776,4212,2163,259392,259.392,308624,True,266707078238673749,1766658895492101995,2305843009213693951
n1000-g2-t0.5-r17-h511042,2efaf1348f57,3.14.3,Windows-11-10.0.26200-SP0,"Intel64 Family 6 Model 170 Stepping 4, GenuineIntel",1000,2.0,2.032666219705446,0.5,11,3203,1000,0.3122073056509522,random,171042,341042,511042,17,26337700,26337.7,7000.0,15000.0,26369.999999999938,7129200,8,1579,1.579,2579,343,287,163,0.163,155.94754917265064,1.0452232232232233,3,2579,4800,2203,260608,260.608,368520,True,449792045263425276,953181081684465308,2305843009213693951
n1000-g3-t0.9-r17-h511042,2efaf1348f57,3.14.3,Windows-11-10.0.26200-SP0,"Intel64 Family 6 Model 170 Stepping 4, GenuineIntel",1000,3.0,3.105358850890993,0.9,11,3163,1000,0.3161555485298767,random,171042,341042,511042,17,29237900,29237.9,7200.0,12000.0,18019.99999999998,14315000,5,1399,1.399,2399,544,409,127,0.127,157.9196964906734,0.8042062062062062,3,2399,4212,2163,259392,259.392,335528,True,266707078238673749,1766658895492101995,2305843009213693951
n1000-g4-t0.9-r17-h511042,2efaf1348f57,3.14.3,Windows-11-10.0.26200-SP0,"Intel64 Family 6 Model 170 Stepping 4, GenuineIntel",1000,4.0,4.091659060195906,0.9,11,3079,1000,0.3247807729782397,random,171042,341042,511042,17,16295500,16295.5,6600.0,7600.0,13409.99999999999,6687700,4,914,0.914,1914,452,351,143,0.143,162.22799610263073,0.8814754754754754,4,1914,3848,2079,254432,254.432,292988,True,1915474706068079526,358107072521559081,2305843009213693951
n1000-g1.5-t0.5-r17-h511042,2efaf1348f57,3.14.3,Windows-11-10.0.26200-SP0,"Intel64 Family 6 Model 170 Stepping 4, GenuineIntel",1000,1.5,1.5375603143577163,0.5,11,2927,1000,0.341646737273659,random,171042,341042,511042,17,39973700,39973.7,7400.0,10909.999999999989,160066.9999999994,9265800,13,2863,2.863,3863,379,325,158,0.158,170.65254526819268,0.9258578578578579,3,3863,4876,1927,245216,245.216,391124,True,939235957548418521,398475572871469759,2305843009213693951
n1000-g3-t0.7-r17-h511042,2efaf1348f57,3.14.3,Windows-11-10.0.26200-SP0,"Intel64 Family 6 Model 170 Stepping 4, GenuineIntel",1000,3.0,3.105358850890993,0.7,11,3163,1000,0.3161555485298767,random,171042,341042,511042,17,34379200,34379.2,10250.0,16904.999999999993,30508.999999999993,14734100,5,1087,1.087,2087,364,300,127,0.127,157.9196964906734,0.8042062062062062,3,2087,4212,2163,259392,259.392,322168,True,266707078238673749,1766658895492101995,2305843009213693951
n1000-g2-t0.9-r17-h511042,2efaf1348f57,3.14.3,Windows-11-10.0.26200-SP0,"Intel64 Family 6 Model 170 Stepping 4, GenuineIntel",1000,2.0,2.036527741565147,0.9,11,1597,1000,0.6261740763932373,random,171042,341042,511042,17,22186500,22186.5,7300.0,14100.0,15620.999999999982,7241700,7,1409,1.409,2409,596,449,309,0.309,312.77395115842205,0.9879339339339339,5,2409,2394,597,155504,155.504,205376,True,1242836851554652875,1729867030301533881,2305843009213693951
n1000-g2-t0.8-r17-h511042,2efaf1348f57,3.14.3,Windows-11-10.0.26200-SP0,"Intel64 Family 6 Model 170 Stepping 4, GenuineIntel",1000,2.0,2.036527741565147,0.8,11,1597,1000,0.6261740763932373,random,171042,341042,511042,17,30197300,30197.3,13000.0,15400.0,28404.999999999996,8323300,7,1251,1.251,2251,512,407,309,0.309,312.77395115842205,0.9879339339339339,5,2251,2394,597,155504,155.504,200252,True,1242836851554652875,1729867030301533881,2305843009213693951
n1000-g1.5-t0.8-r17-h511042,2efaf1348f57,3.14.3,Windows-11-10.0.26200-SP0,"Intel64 Family 6 Model 170 Stepping 4, GenuineIntel",1000,1.5,1.543133042590002,0.8,11,1289,1000,0.7757951900698216,random,171042,341042,511042,17,22514700,22514.7,7200.0,9800.0,85556.99999999994,4627700,11,1995,1.995,2995,598,447,343,0.343,387.5096974398759,0.8851391391391391,5,2995,2146,289,134480,134.48,189328,True,1086803918333622917,461978984009936149,2305843009213693951
n1000-g1.25-t0.5-r17-h511042,2efaf1348f57,3.14.3,Windows-11-10.0.26200-SP0,"Intel64 Family 6 Model 170 Stepping 4, GenuineIntel",1000,1.25,1.2866303730753477,0.5,11,2137,1000,0.4679457182966776,random,171042,341042,511042,17,46913900,46913.9,7700.0,16604.999999999996,604612.9999999985,7592900,21,4065,4.065,5065,421,343,210,0.21,233.73888628919045,0.8984384384384385,4,5065,3846,1137,191792,191.792,316384,True,2089839859900314908,162537201302326897,2305843009213693951
n1000-g1.5-t0.9-r17-h511042,2efaf1348f57,3.14.3,Windows-11-10.0.26200-SP0,"Intel64 Family 6 Model 170 Stepping 4, GenuineIntel",1000,1.5,1.543133042590002,0.9,11,1289,1000,0.7757951900698216,random,171042,341042,511042,17,42824900,42824.9,15850.0,20004.999999999996,87948.99999999968,9410400,11,2246,2.246,3246,698,500,343,0.343,387.5096974398759,0.8851391391391391,5,3246,2146,289,134480,134.48,195120,True,1086803918333622917,461978984009936149,2305843009213693951
n1000-g4-t0.8-r17-h511042,2efaf1348f57,3.14.3,Windows-11-10.0.26200-SP0,"Intel64 Family 6 Model 170 Stepping 4, GenuineIntel",1000,4.0,4.091659060195906,0.8,11,3079,1000,0.3247807729782397,random,171042,341042,511042,17,18096000,18096.0,6600.0,12800.0,19103.0,7965800,4,812,0.812,1812,399,316,143,0.143,162.22799610263073,0.8814754754754754,4,1812,3848,2079,254432,254.432,288008,True,1915474706068079526,358107072521559081,2305843009213693951
n1000-g1.25-t0.9-r17-h511042,2efaf1348f57,3.14.3,Windows-11-10.0.26200-SP0,"Intel64 Family 6 Model 170 Stepping 4, GenuineIntel",1000,1.25,1.2901634020556063,0.9,11,1361,1000,0.7347538574577517,random,171042,341042,511042,17,32729300,32729.3,6700.0,7900.0,386448.9999999985,5921000,19,4564,4.564,5564,788,547,356,0.356,367.00955180014694,0.970002002002002,6,5564,2430,361,138640,138.64,228484,True,1901153992617631227,180404326047862359,2305843009213693951
n1000-g1.25-t0.7-r17-h511042,2efaf1348f57,3.14.3,Windows-11-10.0.26200-SP0,"Intel64 Family 6 Model 170 Stepping 4, GenuineIntel",1000,1.25,1.2884399490725909,0.7,11,1709,1000,0.5851375073142189,random,171042,341042,511042,17,57698900,57698.9,9000.0,17304.999999999993,751550.9999999964,8335400,20,4498,4.498,5498,606,451,258,0.258,292.2761849034523,0.8827267267267267,5,5498,3070,709,162992,162.992,271152,True,2226305795867416337,1499791895038204763,2305843009213693951
n1000-g2-t0.5-r18-h541042,2efaf1348f57,3.14.3,Windows-11-10.0.26200-SP0,"Intel64 Family 6 Model 170 Stepping 4, GenuineIntel",1000,2.0,2.032666219705446,0.5,11,3203,1000,0.3122073056509522,random,181042,361042,541042,18,29546400,29546.4,7600.0,17100.0,33744.999999999956,10137800,8,1579,1.579,2579,322,271,138,0.138,155.94754917265064,0.884912912912913,4,2579,4800,2203,261408,261.408,369372,True,2207453948477580613,49941926299079983,2305843009213693951
n1000-g4-t0.8-r18-h541042,2efaf1348f57,3.14.3,Windows-11-10.0.26200-SP0,"Intel64 Family 6 Model 170 Stepping 4, GenuineIntel",1000,4.0,4.091659060195906,0.8,11,3079,1000,0.3247807729782397,random,181042,361042,541042,18,16117800,16117.8,6500.0,7100.0,11007.999999999993,6438900,4,812,0.812,1812,349,286,132,0.132,162.22799610263073,0.8136696696696697,4,1812,3848,2079,254624,254.624,288224,True,1377877986721267296,1691680573947896368,2305843009213693951
n1000-g1.25-t0.9-r18-h541042,2efaf1348f57,3.14.3,Windows-11-10.0.26200-SP0,"Intel64 Family 6 Model 170 Stepping 4, GenuineIntel",1000,1.25,1.2901634020556063,0.9,11,1361,1000,0.7347538574577517,random,181042,361042,541042,18,53946400,53946.4,7650.0,18600.0,391987.99999999854,12380900,19,4564,4.564,5564,764,556,363,0.363,367.00955180014694,0.9890750750750751,6,5564,2430,361,138480,138.48,227928,True,416738966084364378,920989545341254024,2305843009213693951
n1000-g2-t0.8-r18-h541042,2efaf1348f57,3.14.3,Windows-11-10.0.26200-SP0,"Intel64 Family 6 Model 170 Stepping 4, GenuineIntel",1000,2.0,2.036527741565147,0.8,11,1597,1000,0.6261740763932373,random,181042,361042,541042,18,29820400,29820.4,10000.0,17804.999999999993,45329.99999999998,8883800,7,1251,1.251,2251,522,403,264,0.264,312.77395115842205,0.8440600600600601,4,2251,2394,597,156400,156.4,200632,True,2304352336545433321,2291925191948008524,2305843009213693951
n1000-g4-t0.7-r18-h541042,2efaf1348f57,3.14.3,Windows-11-10.0.26200-SP0,"Intel64 Family 6 Model 170 Stepping 4, GenuineIntel",1000,4.0,4.091659060195906,0.7,11,3079,1000,0.3247807729782397,random,181042,361042,541042,18,16527600,16527.6,7100.0,7904.999999999995,13901.0,6210700,4,710,0.71,1710,291,247,132,0.132,162.22799610263073,0.8136696696696697,4,1710,3848,2079,254624,254.624,283180,True,1377877986721267296,1691680573947896368,2305843009213693951
n1000-g2-t0.9-r18-h541042,2efaf1348f57,3.14.3,Windows-11-10.0.26200-SP0,"Intel64 Family 6 Model 170 Stepping 4, GenuineIntel",1000,2.0,2.036527741565147,0.9,11,1597,1000,0.6261740763932373,random,181042,361042,541042,18,17260400,17260.4,6700.0,7700.0,12219.999999999982,5380900,7,1409,1.409,2409,578,440,264,0.264,312.77395115842205,0.8440600600600601,4,2409,2394,597,156400,156.4,205820,True,2304352336545433321,2291925191948008524,2305843009213693951
n1000-g4-t0.9-r18-h541042,2efaf1348f57,3.14.3,Windows-11-10.0.26200-SP0,"Intel64 Family 6 Model 170 Stepping 4, GenuineIntel",1000,4.0,4.091659060195906,0.9,11,3079,1000,0.3247807729782397,random,181042,361042,541042,18,16869300,16869.3,6500.0,9604.999999999996,35400.0,6090900,4,914,0.914,1914,431,337,132,0.132,162.22799610263073,0.8136696696696697,4,1914,3848,2079,254624,254.624,292884,True,1377877986721267296,1691680573947896368,2305843009213693951
n1000-g1.5-t0.7-r18-h541042,2efaf1348f57,3.14.3,Windows-11-10.0.26200-SP0,"Intel64 Family 6 Model 170 Stepping 4, GenuineIntel",1000,1.5,1.5405406911613417,0.7,11,1949,1000,0.513083632632119,random,181042,361042,541042,18,25369900,25369.9,6500.0,8404.999999999996,76446.9999999997,6301500,12,2646,2.646,3646,547,428,258,0.258,256.2852744997435,1.0066906906906905,4,3646,3238,949,178192,178.192,275748,True,319784642384755121,1684192665448815256,2305843009213693951
n1000-g3-t0.5-r18-h541042,2efaf1348f57,3.14.3,Windows-11-10.0.26200-SP0,"Intel64 Family 6 Model 170 Stepping 4, GenuineIntel",1000,3.0,3.105358850890993,0.5,11,3163,1000,0.3161555485298767,random,181042,361042,541042,18,26409500,26409.5,12350.0,15300.0,36814.999999999985,10380900,5,776,0.776,1776,278,252,175,0.175,157.9196964906734,1.1081581581581583,4,1776,4212,2163,258112,258.112,308620,True,1983208158529964866,350887561931108894,2305843009213693951
n1000-g3-t0.9-r18-h541042,2efaf1348f57,3.14.3,Windows-11-10.0.26200-SP0,"Intel64 Family 6 Model 170 Stepping 4, GenuineIntel",1000,3.0,3.105358850890993,0.9,11,3163,1000,0.3161555485298767,random,181042,361042,541042,18,27330400,27330.4,12500.0,16624.999999999978,49993.99999999991,7978800,5,1399,1.399,2399,530,419,175,0.175,157.9196964906734,1.1081581581581583,4,2399,4212,2163,258112,258.112,335812,True,1983208158529964866,350887561931108894,2305843009213693951
n1000-g3-t0.8-r18-h541042,2efaf1348f57,3.14.3,Windows-11-10.0.26200-SP0,"Intel64 Family 6 Model 170 Stepping 4, GenuineIntel",1000,3.0,3.105358850890993,0.8,11,3163,1000,0.3161555485298767,random,181042,361042,541042,18,20110000,20110.0,6600.0,16400.0,17607.999999999993,7808200,5,1243,1.243,2243,461,376,175,0.175,157.9196964906734,1.1081581581581583,4,2243,4212,2163,258112,258.112,328980,True,1983208158529964866,350887561931108894,2305843009213693951
n1000-g2-t0.7-r18-h541042,2efaf1348f57,3.14.3,Windows-11-10.0.26200-SP0,"Intel64 Family 6 Model 170 Stepping 4, GenuineIntel",1000,2.0,2.036527741565147,0.7,11,1597,1000,0.6261740763932373,random,181042,361042,541042,18,23910700,23910.7,9200.0,14904.999999999995,64654.99999999995,6767900,7,1093,1.093,2093,468,373,264,0.264,312.77395115842205,0.8440600600600601,4,2093,2394,597,156400,156.4,195312,True,2304352336545433321,2291925191948008524,2305843009213693951
n1000-g4-t0.5-r18-h541042,2efaf1348f57,3.14.3,Windows-11-10.0.26200-SP0,"Intel64 Family 6 Model 170 Stepping 4, GenuineIntel",1000,4.0,4.091659060195906,0.5,11,3079,1000,0.3247807729782397,random,181042,361042,541042,18,13879300,13879.3,6800.0,8000.0,19909.999999999993,4322300,4,507,0.507,1507,222,199,132,0.132,162.22799610263073,0.8136696696696697,4,1507,3848,2079,254624,254.624,272220,True,1377877986721267296,1691680573947896368,2305843009213693951
n1000-g3-t0.7-r18-h541042,2efaf1348f57,3.14.3,Windows-11-10.0.26200-SP0,"Intel64 Family 6 Model 170 Stepping 4, GenuineIntel",1000,3.0,3.105358850890993,0.7,11,3163,1000,0.3161555485298767,random,181042,361042,541042,18,21658000,21658.0,7000.0,19004.999999999996,47369.99999999975,7879500,5,1087,1.087,2087,408,345,175,0.175,157.9196964906734,1.1081581581581583,4,2087,4212,2163,258112,258.112,322036,True,1983208158529964866,350887561931108894,2305843009213693951
n1000-g1.25-t0.8-r18-h541042,2efaf1348f57,3.14.3,Windows-11-10.0.26200-SP0,"Intel64 Family 6 Model 170 Stepping 4, GenuineIntel",1000,1.25,1.2901634020556063,0.8,11,1361,1000,0.7347538574577517,random,181042,361042,541042,18,37281400,37281.4,7200.0,16209.99999999999,339201.99999999866,5460500,19,4055,4.055,5055,679,501,363,0.363,367.00955180014694,0.9890750750750751,6,5055,2430,361,138480,138.48,220888,True,416738966084364378,920989545341254024,2305843009213693951
n1000-g1.5-t0.5-r18-h541042,2efaf1348f57,3.14.3,Windows-11-10.0.26200-SP0,"Intel64 Family 6 Model 170 Stepping 4, GenuineIntel",1000,1.5,1.5375603143577163,0.5,11,2927,1000,0.341646737273659,random,181042,361042,541042,18,44145300,44145.3,7700.0,19100.0,143882.99999999875,15874700,13,2863,2.863,3863,428,355,135,0.135,170.65254526819268,0.7910810810810811,3,3863,4876,1927,245824,245.824,390624,True,1804245985918476236,1338226028231277198,2305843009213693951
n1000-g1.25-t0.7-r18-h541042,2efaf1348f57,3.14.3,Windows-11-10.0.26200-SP0,"Intel64 Family 6 Model 170 Stepping 4, GenuineIntel",1000,1.25,1.2884399490725909,0.7,11,1709,1000,0.5851375073142189,random,181042,361042,541042,18,55486500,55486.5,10200.0,17100.0,607984.9999999944,9308800,20,4498,4.498,5498,596,436,268,0.268,292.2761849034523,0.9169409409409409,4,5498,3070,709,162768,162.768,270912,True,2206154855904566304,188145905262057416,2305843009213693951
n1000-g1.25-t0.5-r18-h541042,2efaf1348f57,3.14.3,Windows-11-10.0.26200-SP0,"Intel64 Family 6 Model 170 Stepping 4, GenuineIntel",1000,1.25,1.2866303730753477,0.5,11,2137,1000,0.4679457182966776,random,181042,361042,541042,18,46185200,46185.2,6800.0,17800.0,519525.9999999988,8134000,21,4065,4.065,5065,424,336,207,0.207,233.73888628919045,0.8856036036036037,3,5065,3846,1137,192048,192.048,316268,True,215176999712461048,429481451098193748,2305843009213693951
n1000-g1.5-t0.8-r18-h541042,2efaf1348f57,3.14.3,Windows-11-10.0.26200-SP0,"Intel64 Family 6 Model 170 Stepping 4, GenuineIntel",1000,1.5,1.543133042590002,0.8,11,1289,1000,0.7757951900698216,random,181042,361042,541042,18,26938800,26938.8,7300.0,10504.999999999995,77640.99999999996,6727800,11,1995,1.995,2995,634,471,393,0.393,387.5096974398759,1.0141681681681682,4,2995,2146,289,133424,133.424,189240,True,1225491646347717725,459344278218154819,2305843009213693951
n1000-g1.5-t0.9-r18-h541042,2efaf1348f57,3.14.3,Windows-11-10.0.26200-SP0,"Intel64 Family 6 Model 170 Stepping 4, GenuineIntel",1000,1.5,1.543133042590002,0.9,11,1289,1000,0.7757951900698216,random,181042,361042,541042,18,31339300,31339.3,8700.0,19100.0,78843.99999999996,5794300,11,2246,2.246,3246,698,508,393,0.393,387.5096974398759,1.0141681681681682,4,3246,2146,289,133424,133.424,194680,True,1225491646347717725,459344278218154819,2305843009213693951
n1000-g2-t0.9-r19-h571042,2efaf1348f57,3.14.3,Windows-11-10.0.26200-SP0,"Intel64 Family 6 Model 170 Stepping 4, GenuineIntel",1000,2.0,2.036527741565147,0.9,11,1597,1000,0.6261740763932373,random,191042,381042,571042,19,32349400,32349.4,10800.0,18500.0,43008.99999999999,10573700,7,1409,1.409,2409,607,454,309,0.309,312.77395115842205,0.9879339339339339,4,2409,2394,597,155536,155.536,204860,True,757137160265295998,1173576881253577447,2305843009213693951
n1000-g1.5-t0.9-r19-h571042,2efaf1348f57,3.14.3,Windows-11-10.0.26200-SP0,"Intel64 Family 6 Model 170 Stepping 4, GenuineIntel",1000,1.5,1.543133042590002,0.9,11,1289,1000,0.7757951900698216,random,191042,381042,571042,19,24705400,24705.4,6400.0,19109.999999999993,85295.99999999983,5590800,11,2246,2.246,3246,723,526,352,0.352,387.5096974398759,0.9083643643643643,5,3246,2146,289,134480,134.48,194684,True,1283888023573858615,1255567849213443158,2305843009213693951
n1000-g3-t0.9-r19-h571042,2efaf1348f57,3.14.3,Windows-11-10.0.26200-SP0,"Intel64 Family 6 Model 170 Stepping 4, GenuineIntel",1000,3.0,3.105358850890993,0.9,11,3163,1000,0.3161555485298767,random,191042,381042,571042,19,42063400,42063.4,9900.0,18000.0,31315.999999999894,20403700,5,1399,1.399,2399,543,415,125,0.125,157.9196964906734,0.7915415415415415,3,2399,4212,2163,259328,259.328,335240,True,582162407070582778,2304885801003428659,2305843009213693951
n1000-g4-t0.5-r19-h571042,2efaf1348f57,3.14.3,Windows-11-10.0.26200-SP0,"Intel64 Family 6 Model 170 Stepping 4, GenuineIntel",1000,4.0,4.091659060195906,0.5,11,3079,1000,0.3247807729782397,random,191042,381042,571042,19,26733300,26733.3,9200.0,17100.0,60574.999999999935,9166700,4,507,0.507,1507,225,202,132,0.132,162.22799610263073,0.8136696696696697,3,1507,3848,2079,254496,254.496,272388,True,510219262575811491,1433639373159532192,2305843009213693951
n1000-g2-t0.7-r19-h571042,2efaf1348f57,3.14.3,Windows-11-10.0.26200-SP0,"Intel64 Family 6 Model 170 Stepping 4, GenuineIntel",1000,2.0,2.036527741565147,0.7,11,1597,1000,0.6261740763932373,random,191042,381042,571042,19,28602100,28602.1,9000.0,16024.999999999978,43261.99999999994,9435300,7,1093,1.093,2093,509,394,309,0.309,312.77395115842205,0.9879339339339339,4,2093,2394,597,155536,155.536,194392,True,757137160265295998,1173576881253577447,2305843009213693951
n1000-g4-t0.9-r19-h571042,2efaf1348f57,3.14.3,Windows-11-10.0.26200-SP0,"Intel64 Family 6 Model 170 Stepping 4, GenuineIntel",1000,4.0,4.091659060195906,0.9,11,3079,1000,0.3247807729782397,random,191042,381042,571042,19,25270100,25270.1,11200.0,16800.0,33549.999999999956,6782900,4,914,0.914,1914,453,355,132,0.132,162.22799610263073,0.8136696696696697,3,1914,3848,2079,254496,254.496,292860,True,510219262575811491,1433639373159532192,2305843009213693951
n1000-g1.25-t0.9-r19-h571042,2efaf1348f57,3.14.3,Windows-11-10.0.26200-SP0,"Intel64 Family 6 Model 170 Stepping 4, GenuineIntel",1000,1.25,1.2901634020556063,0.9,11,1361,1000,0.7347538574577517,random,191042,381042,571042,19,41372800,41372.8,6400.0,19409.99999999999,346253.9999999986,8718400,19,4564,4.564,5564,730,519,374,0.374,367.00955180014694,1.0190470470470472,4,5564,2430,361,138000,138.0,227936,True,1559322432225200841,342440141341493101,2305843009213693951
n1000-g3-t0.7-r19-h571042,2efaf1348f57,3.14.3,Windows-11-10.0.26200-SP0,"Intel64 Family 6 Model 170 Stepping 4, GenuineIntel",1000,3.0,3.105358850890993,0.7,11,3163,1000,0.3161555485298767,random,191042,381042,571042,19,29284100,29284.1,7500.0,15404.999999999996,38826.99999999979,12742700,5,1087,1.087,2087,396,328,125,0.125,157.9196964906734,0.7915415415415415,3,2087,4212,2163,259328,259.328,321944,True,582162407070582778,2304885801003428659,2305843009213693951
n1000-g3-t0.8-r19-h571042,2efaf1348f57,3.14.3,Windows-11-10.0.26200-SP0,"Intel64 Family 6 Model 170 Stepping 4, GenuineIntel",1000,3.0,3.105358850890993,0.8,11,3163,1000,0.3161555485298767,random,191042,381042,571042,19,44691500,44691.5,7800.0,14704.999999999996,42615.99999999989,29319200,5,1243,1.243,2243,471,373,125,0.125,157.9196964906734,0.7915415415415415,3,2243,4212,2163,259328,259.328,328664,True,582162407070582778,2304885801003428659,2305843009213693951
n1000-g1.25-t0.8-r19-h571042,2efaf1348f57,3.14.3,Windows-11-10.0.26200-SP0,"Intel64 Family 6 Model 170 Stepping 4, GenuineIntel",1000,1.25,1.2901634020556063,0.8,11,1361,1000,0.7347538574577517,random,191042,381042,571042,19,54095300,54095.3,9950.0,19200.0,660984.9999999972,10275200,19,4055,4.055,5055,645,476,374,0.374,367.00955180014694,1.0190470470470472,4,5055,2430,361,138000,138.0,220992,True,1559322432225200841,342440141341493101,2305843009213693951
n1000-g1.5-t0.8-r19-h571042,2efaf1348f57,3.14.3,Windows-11-10.0.26200-SP0,"Intel64 Family 6 Model 170 Stepping 4, GenuineIntel",1000,1.5,1.543133042590002,0.8,11,1289,1000,0.7757951900698216,random,191042,381042,571042,19,22306600,22306.6,6100.0,9300.0,80776.99999999993,5248200,11,1995,1.995,2995,625,473,352,0.352,387.5096974398759,0.9083643643643643,5,2995,2146,289,134480,134.48,189372,True,1283888023573858615,1255567849213443158,2305843009213693951
n1000-g1.25-t0.5-r19-h571042,2efaf1348f57,3.14.3,Windows-11-10.0.26200-SP0,"Intel64 Family 6 Model 170 Stepping 4, GenuineIntel",1000,1.25,1.2866303730753477,0.5,11,2137,1000,0.4679457182966776,random,191042,381042,571042,19,34599500,34599.5,6400.0,12109.999999999989,401438.9999999982,5483700,21,4065,4.065,5065,464,357,197,0.197,233.73888628919045,0.8428208208208209,4,5065,3846,1137,192240,192.24,314040,True,2292396057017003643,99735075711470912,2305843009213693951
n1000-g1.25-t0.7-r19-h571042,2efaf1348f57,3.14.3,Windows-11-10.0.26200-SP0,"Intel64 Family 6 Model 170 Stepping 4, GenuineIntel",1000,1.25,1.2884399490725909,0.7,11,1709,1000,0.5851375073142189,random,191042,381042,571042,19,53462300,53462.3,7400.0,16600.0,765454.9999999969,13950100,20,4498,4.498,5498,607,455,453,0.453,292.2761849034523,1.549903903903904,5,5498,3070,709,159440,159.44,270540,True,966142421477329491,2111865289141099869,2305843009213693951
n1000-g2-t0.5-r19-h571042,2efaf1348f57,3.14.3,Windows-11-10.0.26200-SP0,"Intel64 Family 6 Model 170 Stepping 4, GenuineIntel",1000,2.0,2.032666219705446,0.5,11,3203,1000,0.3122073056509522,random,191042,381042,571042,19,48922700,48922.7,15700.0,16800.0,33205.0,15966400,8,1579,1.579,2579,353,291,133,0.133,155.94754917265064,0.8528508508508509,3,2579,4800,2203,261408,261.408,368296,True,712351597383605334,1676229065466728464,2305843009213693951
n1000-g1.5-t0.7-r19-h571042,2efaf1348f57,3.14.3,Windows-11-10.0.26200-SP0,"Intel64 Family 6 Model 170 Stepping 4, GenuineIntel",1000,1.5,1.5405406911613417,0.7,11,1949,1000,0.513083632632119,random,191042,381042,571042,19,48579100,48579.1,11500.0,16800.0,138876.99999999965,9409200,12,2646,2.646,3646,511,394,254,0.254,256.2852744997435,0.991083083083083,4,3646,3238,949,178320,178.32,276620,True,963862225160817023,1244949387740195869,2305843009213693951
n1000-g3-t0.5-r19-h571042,2efaf1348f57,3.14.3,Windows-11-10.0.26200-SP0,"Intel64 Family 6 Model 170 Stepping 4, GenuineIntel",1000,3.0,3.105358850890993,0.5,11,3163,1000,0.3161555485298767,random,191042,381042,571042,19,25071000,25071.0,8450.0,18404.999999999996,50118.999999999985,8822000,5,776,0.776,1776,276,244,125,0.125,157.9196964906734,0.7915415415415415,3,1776,4212,2163,259328,259.328,308400,True,582162407070582778,2304885801003428659,2305843009213693951
n1000-g1.5-t0.5-r19-h571042,2efaf1348f57,3.14.3,Windows-11-10.0.26200-SP0,"Intel64 Family 6 Model 170 Stepping 4, GenuineIntel",1000,1.5,1.5375603143577163,0.5,11,2927,1000,0.341646737273659,random,191042,381042,571042,19,67443700,67443.7,14600.0,25314.999999999985,278375.9999999997,18056400,13,2863,2.863,3863,378,322,160,0.16,170.65254526819268,0.9375775775775776,4,3863,4876,1927,245344,245.344,390696,True,1607798077802002800,563683202375497399,2305843009213693951
n1000-g4-t0.8-r19-h571042,2efaf1348f57,3.14.3,Windows-11-10.0.26200-SP0,"Intel64 Family 6 Model 170 Stepping 4, GenuineIntel",1000,4.0,4.091659060195906,0.8,11,3079,1000,0.3247807729782397,random,191042,381042,571042,19,16442900,16442.9,6700.0,8400.0,15601.0,5847600,4,812,0.812,1812,371,301,132,0.132,162.22799610263073,0.8136696696696697,3,1812,3848,2079,254496,254.496,288136,True,510219262575811491,1433639373159532192,2305843009213693951
n1000-g2-t0.8-r19-h571042,2efaf1348f57,3.14.3,Windows-11-10.0.26200-SP0,"Intel64 Family 6 Model 170 Stepping 4, GenuineIntel",1000,2.0,2.036527741565147,0.8,11,1597,1000,0.6261740763932373,random,191042,381042,571042,19,15940500,15940.5,6200.0,7500.0,29114.999999999985,3943300,7,1251,1.251,2251,572,429,309,0.309,312.77395115842205,0.9879339339339339,4,2251,2394,597,155536,155.536,199648,True,757137160265295998,1173576881253577447,2305843009213693951
n1000-g4-t0.7-r19-h571042,2efaf1348f57,3.14.3,Windows-11-10.0.26200-SP0,"Intel64 Family 6 Model 170 Stepping 4, GenuineIntel",1000,4.0,4.091659060195906,0.7,11,3079,1000,0.3247807729782397,random,191042,381042,571042,19,13993900,13993.9,5800.0,6300.0,7701.999999999998,5752300,4,710,0.71,1710,307,256,132,0.132,162.22799610263073,0.8136696696696697,3,1710,3848,2079,254496,254.496,283444,True,510219262575811491,1433639373159532192,2305843009213693951
n1000-g1.5-t0.7-r20-h601042,2efaf1348f57,3.14.3,Windows-11-10.0.26200-SP0,"Intel64 Family 6 Model 170 Stepping 4, GenuineIntel",1000,1.5,1.5405406911613417,0.7,11,1949,1000,0.513083632632119,random,201042,401042,601042,20,40139500,40139.5,10600.0,17200.0,151785.9999999999,7047400,12,2646,2.646,3646,574,437,204,0.204,256.2852744997435,0.7959879879879879,4,3646,3238,949,179472,179.472,276072,True,689410768674314526,1518234970629880218,2305843009213693951
n1000-g3-t0.8-r20-h601042,2efaf1348f57,3.14.3,Windows-11-10.0.26200-SP0,"Intel64 Family 6 Model 170 Stepping 4, GenuineIntel",1000,3.0,3.105358850890993,0.8,11,3163,1000,0.3161555485298767,random,201042,401042,601042,20,34152300,34152.3,12900.0,17100.0,27748.999999999956,14298100,5,1243,1.243,2243,458,371,129,0.129,157.9196964906734,0.816870870870871,3,2243,4212,2163,259232,259.232,328764,True,1368942680859070180,7142004481557876,2305843009213693951
n1000-g1.5-t0.5-r20-h601042,2efaf1348f57,3.14.3,Windows-11-10.0.26200-SP0,"Intel64 Family 6 Model 170 Stepping 4, GenuineIntel",1000,1.5,1.5375603143577163,0.5,11,2927,1000,0.341646737273659,random,201042,401042,601042,20,60097800,60097.8,10200.0,18100.0,182231.9999999987,15431400,13,2863,2.863,3863,367,309,171,0.171,170.65254526819268,1.002036036036036,4,3863,4876,1927,245216,245.216,391948,True,1780634413811041489,106253201611390342,2305843009213693951
n1000-g3-t0.9-r20-h601042,2efaf1348f57,3.14.3,Windows-11-10.0.26200-SP0,"Intel64 Family 6 Model 170 Stepping 4, GenuineIntel",1000,3.0,3.105358850890993,0.9,11,3163,1000,0.3161555485298767,random,201042,401042,601042,20,21557900,21557.9,7000.0,11800.0,14104.999999999995,7026200,5,1399,1.399,2399,545,425,129,0.129,157.9196964906734,0.816870870870871,3,2399,4212,2163,259232,259.232,335532,True,1368942680859070180,7142004481557876,2305843009213693951
n1000-g4-t0.9-r20-h601042,2efaf1348f57,3.14.3,Windows-11-10.0.26200-SP0,"Intel64 Family 6 Model 170 Stepping 4, GenuineIntel",1000,4.0,4.091659060195906,0.9,11,3079,1000,0.3247807729782397,random,201042,401042,601042,20,30369900,30369.9,11300.0,18600.0,73346.99999999996,11162400,4,914,0.914,1914,425,339,173,0.173,162.22799610263073,1.0664004004004004,4,1914,3848,2079,253696,253.696,293660,True,1701769433413467974,2039974877743072837,2305843009213693951
n1000-g4-t0.7-r20-h601042,2efaf1348f57,3.14.3,Windows-11-10.0.26200-SP0,"Intel64 Family 6 Model 170 Stepping 4, GenuineIntel",1000,4.0,4.091659060195906,0.7,11,3079,1000,0.3247807729782397,random,201042,401042,601042,20,24053200,24053.2,9000.0,14400.0,26501.0,9799800,4,710,0.71,1710,332,273,173,0.173,162.22799610263073,1.0664004004004004,4,1710,3848,2079,253696,253.696,283668,True,1701769433413467974,2039974877743072837,2305843009213693951
n1000-g1.5-t0.8-r20-h601042,2efaf1348f57,3.14.3,Windows-11-10.0.26200-SP0,"Intel64 Family 6 Model 170 Stepping 4, GenuineIntel",1000,1.5,1.543133042590002,0.8,11,1289,1000,0.7757951900698216,random,201042,401042,601042,20,38124000,38124.0,12200.0,18200.0,197860.99999999985,8152000,11,1995,1.995,2995,678,492,364,0.364,387.5096974398759,0.9393313313313313,4,2995,2146,289,134128,134.128,187008,True,1186512954815568532,1644101169223636882,2305843009213693951
n1000-g2-t0.7-r20-h601042,2efaf1348f57,3.14.3,Windows-11-10.0.26200-SP0,"Intel64 Family 6 Model 170 Stepping 4, GenuineIntel",1000,2.0,2.036527741565147,0.7,11,1597,1000,0.6261740763932373,random,201042,401042,601042,20,26637000,26637.0,11100.0,17400.0,65937.9999999997,7651000,7,1093,1.093,2093,476,376,300,0.3,312.77395115842205,0.9591591591591592,4,2093,2394,597,155792,155.792,195000,True,83687014864849439,1424589034322136938,2305843009213693951
n1000-g3-t0.5-r20-h601042,2efaf1348f57,3.14.3,Windows-11-10.0.26200-SP0,"Intel64 Family 6 Model 170 Stepping 4, GenuineIntel",1000,3.0,3.105358850890993,0.5,11,3163,1000,0.3161555485298767,random,201042,401042,601042,20,24775900,24775.9,10200.0,16800.0,46008.0,6505000,5,776,0.776,1776,262,238,129,0.129,157.9196964906734,0.816870870870871,3,1776,4212,2163,259232,259.232,308692,True,1368942680859070180,7142004481557876,2305843009213693951
n1000-g1.25-t0.7-r20-h601042,2efaf1348f57,3.14.3,Windows-11-10.0.26200-SP0,"Intel64 Family 6 Model 170 Stepping 4, GenuineIntel",1000,1.25,1.2884399490725909,0.7,11,1709,1000,0.5851375073142189,random,201042,401042,601042,20,59090900,59090.9,12200.0,18404.999999999996,598621.9999999974,9952300,20,4498,4.498,5498,626,461,258,0.258,292.2761849034523,0.8827267267267267,4,5498,3070,709,163088,163.088,270708,True,1153271174166792914,986184327243571920,2305843009213693951
n1000-g4-t0.8-r20-h601042,2efaf1348f57,3.14.3,Windows-11-10.0.26200-SP0,"Intel64 Family 6 Model 170 Stepping 4, GenuineIntel",1000,4.0,4.091659060195906,0.8,11,3079,1000,0.3247807729782397,random,201042,401042,601042,20,27830700,27830.7,12500.0,14900.0,28001.0,8976900,4,812,0.812,1812,376,301,173,0.173,162.22799610263073,1.0664004004004004,4,1812,3848,2079,253696,253.696,288712,True,1701769433413467974,2039974877743072837,2305843009213693951
n1000-g2-t0.5-r20-h601042,2efaf1348f57,3.14.3,Windows-11-10.0.26200-SP0,"Intel64 Family 6 Model 170 Stepping 4, GenuineIntel",1000,2.0,2.032666219705446,0.5,11,3203,1000,0.3122073056509522,random,201042,401042,601042,20,31736000,31736.0,6600.0,17500.0,34306.99999999999,8860200,8,1579,1.579,2579,457,362,453,0.453,155.94754917265064,2.904822822822823,6,2579,4800,2203,254720,254.72,368744,True,720670403925143420,1361971368239148434,2305843009213693951
n1000-g1.25-t0.5-r20-h601042,2efaf1348f57,3.14.3,Windows-11-10.0.26200-SP0,"Intel64 Family 6 Model 170 Stepping 4, GenuineIntel",1000,1.25,1.2866303730753477,0.5,11,2137,1000,0.4679457182966776,random,201042,401042,601042,20,89105500,89105.5,11950.0,20009.999999999993,1083172.9999999958,13197500,21,4065,4.065,5065,421,338,225,0.225,233.73888628919045,0.9626126126126127,4,5065,3846,1137,191792,191.792,316736,True,394892457090412625,610445954156901288,2305843009213693951
n1000-g2-t0.8-r20-h601042,2efaf1348f57,3.14.3,Windows-11-10.0.26200-SP0,"Intel64 Family 6 Model 170 Stepping 4, GenuineIntel",1000,2.0,2.036527741565147,0.8,11,1597,1000,0.6261740763932373,random,201042,401042,601042,20,29189200,29189.2,12600.0,14800.0,35014.999999999985,8047900,7,1251,1.251,2251,549,414,300,0.3,312.77395115842205,0.9591591591591592,4,2251,2394,597,155792,155.792,200256,True,83687014864849439,1424589034322136938,2305843009213693951
n1000-g3-t0.7-r20-h601042,2efaf1348f57,3.14.3,Windows-11-10.0.26200-SP0,"Intel64 Family 6 Model 170 Stepping 4, GenuineIntel",1000,3.0,3.105358850890993,0.7,11,3163,1000,0.3161555485298767,random,201042,401042,601042,20,30587900,30587.9,12850.0,16400.0,29545.99999999996,12597900,5,1087,1.087,2087,373,317,129,0.129,157.9196964906734,0.816870870870871,3,2087,4212,2163,259232,259.232,322076,True,1368942680859070180,7142004481557876,2305843009213693951
n1000-g1.25-t0.8-r20-h601042,2efaf1348f57,3.14.3,Windows-11-10.0.26200-SP0,"Intel64 Family 6 Model 170 Stepping 4, GenuineIntel",1000,1.25,1.2901634020556063,0.8,11,1361,1000,0.7347538574577517,random,201042,401042,601042,20,47580400,47580.4,9400.0,13200.0,662934.9999999972,6441400,19,4055,4.055,5055,691,488,357,0.357,367.00955180014694,0.9727267267267268,5,5055,2430,361,138544,138.544,221320,True,81434028682721589,1246443514055714998,2305843009213693951
n1000-g4-t0.5-r20-h601042,2efaf1348f57,3.14.3,Windows-11-10.0.26200-SP0,"Intel64 Family 6 Model 170 Stepping 4, GenuineIntel",1000,4.0,4.091659060195906,0.5,11,3079,1000,0.3247807729782397,random,201042,401042,601042,20,14825100,14825.1,6300.0,8734.999999999969,14512.999999999987,4537200,4,507,0.507,1507,257,219,173,0.173,162.22799610263073,1.0664004004004004,4,1507,3848,2079,253696,253.696,272740,True,1701769433413467974,2039974877743072837,2305843009213693951
n1000-g2-t0.9-r20-h601042,2efaf1348f57,3.14.3,Windows-11-10.0.26200-SP0,"Intel64 Family 6 Model 170 Stepping 4, GenuineIntel",1000,2.0,2.036527741565147,0.9,11,1597,1000,0.6261740763932373,random,201042,401042,601042,20,20240700,20240.7,7900.0,11100.0,71827.99999999988,5791100,7,1409,1.409,2409,594,449,300,0.3,312.77395115842205,0.9591591591591592,4,2409,2394,597,155792,155.792,205540,True,83687014864849439,1424589034322136938,2305843009213693951
n1000-g1.5-t0.9-r20-h601042,2efaf1348f57,3.14.3,Windows-11-10.0.26200-SP0,"Intel64 Family 6 Model 170 Stepping 4, GenuineIntel",1000,1.5,1.543133042590002,0.9,11,1289,1000,0.7757951900698216,random,201042,401042,601042,20,25343400,25343.4,6900.0,9500.0,89431.99999999988,4883700,11,2246,2.246,3246,778,537,364,0.364,387.5096974398759,0.9393313313313313,4,3246,2146,289,134128,134.128,192160,True,1186512954815568532,1644101169223636882,2305843009213693951
n1000-g1.25-t0.9-r20-h601042,2efaf1348f57,3.14.3,Windows-11-10.0.26200-SP0,"Intel64 Family 6 Model 170 Stepping 4, GenuineIntel",1000,1.25,1.2901634020556063,0.9,11,1361,1000,0.7347538574577517,random,201042,401042,601042,20,64632600,64632.6,12900.0,16709.999999999993,942420.9999999963,10030100,19,4564,4.564,5564,809,551,357,0.357,367.00955180014694,0.9727267267267268,5,5564,2430,361,138544,138.544,227816,True,81434028682721589,1246443514055714998,2305843009213693951
n1000-g1.25-t0.8-r21-h631042,2efaf1348f57,3.14.3,Windows-11-10.0.26200-SP0,"Intel64 Family 6 Model 170 Stepping 4, GenuineIntel",1000,1.25,1.2901634020556063,0.8,11,1361,1000,0.7347538574577517,random,211042,421042,631042,21,57753100,57753.1,10900.0,20304.999999999996,654275.9999999972,10366000,19,4055,4.055,5055,688,490,324,0.324,367.00955180014694,0.8828108108108108,4,5055,2430,361,138736,138.736,221812,True,167935507831148784,239658530971589150,2305843009213693951
n1000-g1.25-t0.7-r21-h631042,2efaf1348f57,3.14.3,Windows-11-10.0.26200-SP0,"Intel64 Family 6 Model 170 Stepping 4, GenuineIntel",1000,1.25,1.2884399490725909,0.7,11,1709,1000,0.5851375073142189,random,211042,421042,631042,21,62075700,62075.7,10200.0,17304.999999999993,944337.9999999992,12752900,20,4498,4.498,5498,609,453,260,0.26,292.2761849034523,0.8895695695695696,4,5498,3070,709,162832,162.832,270980,True,11367619942833111,709057053381483708,2305843009213693951
n1000-g1.25-t0.9-r21-h631042,2efaf1348f57,3.14.3,Windows-11-10.0.26200-SP0,"Intel64 Family 6 Model 170 Stepping 4, GenuineIntel",1000,1.25,1.2901634020556063,0.9,11,1361,1000,0.7347538574577517,random,211042,421042,631042,21,61038800,61038.8,12500.0,18809.999999999993,862675.9999999983,10060100,19,4564,4.564,5564,741,517,324,0.324,367.00955180014694,0.8828108108108108,4,5564,2430,361,138736,138.736,228700,True,167935507831148784,239658530971589150,2305843009213693951
n1000-g3-t0.9-r21-h631042,2efaf1348f57,3.14.3,Windows-11-10.0.26200-SP0,"Intel64 Family 6 Model 170 Stepping 4, GenuineIntel",1000,3.0,3.105358850890993,0.9,11,3163,1000,0.3161555485298767,random,211042,421042,631042,21,30768300,30768.3,11400.0,16104.999999999995,20713.99999999999,13968900,5,1399,1.399,2399,536,405,128,0.128,157.9196964906734,0.8105385385385386,4,2399,4212,2163,259360,259.36,335724,True,1528654612966395508,1518647863742489955,2305843009213693951
n1000-g2-t0.5-r21-h631042,2efaf1348f57,3.14.3,Windows-11-10.0.26200-SP0,"Intel64 Family 6 Model 170 Stepping 4, GenuineIntel",1000,2.0,2.032666219705446,0.5,11,3203,1000,0.3122073056509522,random,211042,421042,631042,21,36420200,36420.2,7200.0,18500.0,73383.99999999993,12964900,8,1579,1.579,2579,609,439,427,0.427,155.94754917265064,2.7381001001001,5,2579,4800,2203,255072,255.072,367152,True,823416942911327889,911674217627243708,2305843009213693951
n1000-g4-t0.8-r21-h631042,2efaf1348f57,3.14.3,Windows-11-10.0.26200-SP0,"Intel64 Family 6 Model 170 Stepping 4, GenuineIntel",1000,4.0,4.091659060195906,0.8,11,3079,1000,0.3247807729782397,random,211042,421042,631042,21,25184600,25184.6,10900.0,12700.0,20601.0,10045100,4,812,0.812,1812,367,298,147,0.147,162.22799610263073,0.9061321321321322,3,1812,3848,2079,254080,254.08,288300,True,20288348649943975,1550756252739162318,2305843009213693951
n1000-g1.25-t0.5-r21-h631042,2efaf1348f57,3.14.3,Windows-11-10.0.26200-SP0,"Intel64 Family 6 Model 170 Stepping 4, GenuineIntel",1000,1.25,1.2866303730753477,0.5,11,2137,1000,0.4679457182966776,random,211042,421042,631042,21,41626000,41626.0,6650.0,12600.0,381530.9999999983,7262100,21,4065,4.065,5065,437,360,229,0.229,233.73888628919045,0.9797257257257258,4,5065,3846,1137,191440,191.44,316300,True,507591649587086363,1729242551018379328,2305843009213693951
n1000-g2-t0.9-r21-h631042,2efaf1348f57,3.14.3,Windows-11-10.0.26200-SP0,"Intel64 Family 6 Model 170 Stepping 4, GenuineIntel",1000,2.0,2.036527741565147,0.9,11,1597,1000,0.6261740763932373,random,211042,421042,631042,21,16285700,16285.7,6500.0,8200.0,10908.99999999999,4511100,7,1409,1.409,2409,1003,589,427,0.427,312.77395115842205,1.365203203203203,5,2409,2394,597,153200,153.2,201132,True,1246695561049926112,705810262898329,2305843009213693951
n1000-g4-t0.5-r21-h631042,2efaf1348f57,3.14.3,Windows-11-10.0.26200-SP0,"Intel64 Family 6 Model 170 Stepping 4, GenuineIntel",1000,4.0,4.091659060195906,0.5,11,3079,1000,0.3247807729782397,random,211042,421042,631042,21,14557600,14557.6,6500.0,9900.0,14507.999999999993,4442800,4,507,0.507,1507,233,210,147,0.147,162.22799610263073,0.9061321321321322,3,1507,3848,2079,254080,254.08,272680,True,20288348649943975,1550756252739162318,2305843009213693951
n1000-g3-t0.8-r21-h631042,2efaf1348f57,3.14.3,Windows-11-10.0.26200-SP0,"Intel64 Family 6 Model 170 Stepping 4, GenuineIntel",1000,3.0,3.105358850890993,0.8,11,3163,1000,0.3161555485298767,random,211042,421042,631042,21,17556200,17556.2,5900.0,8400.0,16514.999999999985,5965700,5,1243,1.243,2243,462,359,128,0.128,157.9196964906734,0.8105385385385386,4,2243,4212,2163,259360,259.36,328828,True,1528654612966395508,1518647863742489955,2305843009213693951
n1000-g2-t0.8-r21-h631042,2efaf1348f57,3.14.3,Windows-11-10.0.26200-SP0,"Intel64 Family 6 Model 170 Stepping 4, GenuineIntel",1000,2.0,2.036527741565147,0.8,11,1597,1000,0.6261740763932373,random,211042,421042,631042,21,21289200,21289.2,8700.0,10900.0,22622.999999999978,5371600,7,1251,1.251,2251,893,553,427,0.427,312.77395115842205,1.365203203203203,5,2251,2394,597,153200,153.2,196552,True,1246695561049926112,705810262898329,2305843009213693951
n1000-g3-t0.7-r21-h631042,2efaf1348f57,3.14.3,Windows-11-10.0.26200-SP0,"Intel64 Family 6 Model 170 Stepping 4, GenuineIntel",1000,3.0,3.105358850890993,0.7,11,3163,1000,0.3161555485298767,random,211042,421042,631042,21,18021700,18021.7,6000.0,8100.0,45289.99999999991,7357700,5,1087,1.087,2087,386,313,128,0.128,157.9196964906734,0.8105385385385386,4,2087,4212,2163,259360,259.36,322012,True,1528654612966395508,1518647863742489955,2305843009213693951
n1000-g4-t0.9-r21-h631042,2efaf1348f57,3.14.3,Windows-11-10.0.26200-SP0,"Intel64 Family 6 Model 170 Stepping 4, GenuineIntel",1000,4.0,4.091659060195906,0.9,11,3079,1000,0.3247807729782397,random,211042,421042,631042,21,19032000,19032.0,6100.0,12904.999999999995,18446.999999999956,5354300,4,914,0.914,1914,422,324,147,0.147,162.22799610263073,0.9061321321321322,3,1914,3848,2079,254080,254.08,293536,True,20288348649943975,1550756252739162318,2305843009213693951
n1000-g1.5-t0.7-r21-h631042,2efaf1348f57,3.14.3,Windows-11-10.0.26200-SP0,"Intel64 Family 6 Model 170 Stepping 4, GenuineIntel",1000,1.5,1.5405406911613417,0.7,11,1949,1000,0.513083632632119,random,211042,421042,631042,21,54667000,54667.0,11900.0,19124.999999999978,307127.999999999,10519200,12,2646,2.646,3646,546,427,240,0.24,256.2852744997435,0.9364564564564564,4,3646,3238,949,178576,178.576,275788,True,1584728671224485207,260297706918882960,2305843009213693951
n1000-g2-t0.7-r21-h631042,2efaf1348f57,3.14.3,Windows-11-10.0.26200-SP0,"Intel64 Family 6 Model 170 Stepping 4, GenuineIntel",1000,2.0,2.036527741565147,0.7,11,1597,1000,0.6261740763932373,random,211042,421042,631042,21,13980200,13980.2,6100.0,7404.999999999995,12904.999999999995,3633300,7,1093,1.093,2093,792,519,427,0.427,312.77395115842205,1.365203203203203,5,2093,2394,597,153200,153.2,191776,True,1246695561049926112,705810262898329,2305843009213693951
n1000-g1.5-t0.9-r21-h631042,2efaf1348f57,3.14.3,Windows-11-10.0.26200-SP0,"Intel64 Family 6 Model 170 Stepping 4, GenuineIntel",1000,1.5,1.543133042590002,0.9,11,1289,1000,0.7757951900698216,random,211042,421042,631042,21,34497800,34497.8,10350.0,14404.999999999996,138134.9999999996,7890800,11,2246,2.246,3246,708,517,379,0.379,387.5096974398759,0.97804004004004,5,3246,2146,289,133872,133.872,194532,True,304536827708829599,623992660900431456,2305843009213693951
n1000-g3-t0.5-r21-h631042,2efaf1348f57,3.14.3,Windows-11-10.0.26200-SP0,"Intel64 Family 6 Model 170 Stepping 4, GenuineIntel",1000,3.0,3.105358850890993,0.5,11,3163,1000,0.3161555485298767,random,211042,421042,631042,21,18969000,18969.0,6800.0,9400.0,15068.999999999938,5836400,5,776,0.776,1776,248,219,128,0.128,157.9196964906734,0.8105385385385386,4,1776,4212,2163,259360,259.36,308724,True,1528654612966395508,1518647863742489955,2305843009213693951
n1000-g4-t0.7-r21-h631042,2efaf1348f57,3.14.3,Windows-11-10.0.26200-SP0,"Intel64 Family 6 Model 170 Stepping 4, GenuineIntel",1000,4.0,4.091659060195906,0.7,11,3079,1000,0.3247807729782397,random,211042,421042,631042,21,14910400,14910.4,5900.0,16200.0,33668.999999999935,4901000,4,710,0.71,1710,316,269,147,0.147,162.22799610263073,0.9061321321321322,3,1710,3848,2079,254080,254.08,283448,True,20288348649943975,1550756252739162318,2305843009213693951
n1000-g1.5-t0.5-r21-h631042,2efaf1348f57,3.14.3,Windows-11-10.0.26200-SP0,"Intel64 Family 6 Model 170 Stepping 4, GenuineIntel",1000,1.5,1.5375603143577163,0.5,11,2927,1000,0.341646737273659,random,211042,421042,631042,21,43288500,43288.5,7800.0,16000.0,156499.9999999991,12744400,13,2863,2.863,3863,378,312,155,0.155,170.65254526819268,0.9082782782782783,4,3863,4876,1927,245376,245.376,390888,True,88791155380006575,689388941495645535,2305843009213693951
n1000-g1.5-t0.8-r21-h631042,2efaf1348f57,3.14.3,Windows-11-10.0.26200-SP0,"Intel64 Family 6 Model 170 Stepping 4, GenuineIntel",1000,1.5,1.543133042590002,0.8,11,1289,1000,0.7757951900698216,random,211042,421042,631042,21,26899100,26899.1,6500.0,14500.0,77124.99999999997,3992200,11,1995,1.995,2995,644,483,379,0.379,387.5096974398759,0.97804004004004,5,2995,2146,289,133872,133.872,189092,True,304536827708829599,623992660900431456,2305843009213693951
n1000-g2-t0.5-r22-h661042,2efaf1348f57,3.14.3,Windows-11-10.0.26200-SP0,"Intel64 Family 6 Model 170 Stepping 4, GenuineIntel",1000,2.0,2.032666219705446,0.5,11,3203,1000,0.3122073056509522,random,221042,441042,661042,22,32915100,32915.1,11700.0,16200.0,27417.999999999804,8689200,8,1579,1.579,2579,767,455,146,0.146,155.94754917265064,0.9362122122122122,3,2579,4800,2203,261152,261.152,360432,True,1771034935013305758,1279597919293065625,2305843009213693951
n1000-g2-t0.8-r22-h661042,2efaf1348f57,3.14.3,Windows-11-10.0.26200-SP0,"Intel64 Family 6 Model 170 Stepping 4, GenuineIntel",1000,2.0,2.036527741565147,0.8,11,1597,1000,0.6261740763932373,random,221042,441042,661042,22,27982800,27982.8,9900.0,16309.999999999993,37945.999999999956,8145300,7,1251,1.251,2251,1117,610,1230,1.23,312.77395115842205,3.9325525525525524,8,2251,2394,597,145232,145.232,200208,True,1160578520109098721,1134612231405287279,2305843009213693951
n1000-g3-t0.5-r22-h661042,2efaf1348f57,3.14.3,Windows-11-10.0.26200-SP0,"Intel64 Family 6 Model 170 Stepping 4, GenuineIntel",1000,3.0,3.105358850890993,0.5,11,3163,1000,0.3161555485298767,random,221042,441042,661042,22,20719200,20719.2,8650.0,13600.0,21910.999999999993,7495300,5,776,0.776,1776,276,236,150,0.15,157.9196964906734,0.9498498498498499,4,1776,4212,2163,258752,258.752,308356,True,406588279785801897,448068631815491660,2305843009213693951
n1000-g4-t0.5-r22-h661042,2efaf1348f57,3.14.3,Windows-11-10.0.26200-SP0,"Intel64 Family 6 Model 170 Stepping 4, GenuineIntel",1000,4.0,4.091659060195906,0.5,11,3079,1000,0.3247807729782397,random,221042,441042,661042,22,18152000,18152.0,6200.0,12000.0,17002.999999999996,6507100,4,507,0.507,1507,254,229,158,0.158,162.22799610263073,0.9739379379379379,3,1507,3848,2079,253760,253.76,272412,True,1067444595742129864,3020937200412010,2305843009213693951
n1000-g1.25-t0.5-r22-h661042,2efaf1348f57,3.14.3,Windows-11-10.0.26200-SP0,"Intel64 Family 6 Model 170 Stepping 4, GenuineIntel",1000,1.25,1.2866303730753477,0.5,11,2137,1000,0.4679457182966776,random,221042,441042,661042,22,98148500,98148.5,12700.0,19404.999999999993,835795.9999999941,38533300,21,4065,4.065,5065,434,358,191,0.191,233.73888628919045,0.8171511511511512,3,5065,3846,1137,192272,192.272,316204,True,1425310616299284558,1322116608612890601,2305843009213693951
n1000-g1.25-t0.9-r22-h661042,2efaf1348f57,3.14.3,Windows-11-10.0.26200-SP0,"Intel64 Family 6 Model 170 Stepping 4, GenuineIntel",1000,1.25,1.2901634020556063,0.9,11,1361,1000,0.7347538574577517,random,221042,441042,661042,22,60274900,60274.9,11550.0,20704.999999999996,720020.9999999964,7455700,19,4564,4.564,5564,760,536,332,0.332,367.00955180014694,0.9046086086086086,5,5564,2430,361,138736,138.736,227828,True,2039750190539430104,833997504915898780,2305843009213693951
n1000-g4-t0.7-r22-h661042,2efaf1348f57,3.14.3,Windows-11-10.0.26200-SP0,"Intel64 Family 6 Model 170 Stepping 4, GenuineIntel",1000,4.0,4.091659060195906,0.7,11,3079,1000,0.3247807729782397,random,221042,441042,661042,22,26370100,26370.1,10300.0,14800.0,23003.0,11115200,4,710,0.71,1710,334,292,158,0.158,162.22799610263073,0.9739379379379379,3,1710,3848,2079,253760,253.76,283212,True,1067444595742129864,3020937200412010,2305843009213693951
n1000-g2-t0.7-r22-h661042,2efaf1348f57,3.14.3,Windows-11-10.0.26200-SP0,"Intel64 Family 6 Model 170 Stepping 4, GenuineIntel",1000,2.0,2.036527741565147,0.7,11,1597,1000,0.6261740763932373,random,221042,441042,661042,22,14841400,14841.4,6300.0,8300.0,12909.999999999989,3844000,7,1093,1.093,2093,1133,597,1230,1.23,312.77395115842205,3.9325525525525524,8,2093,2394,597,145232,145.232,195080,True,1160578520109098721,1134612231405287279,2305843009213693951
n1000-g4-t0.9-r22-h661042,2efaf1348f57,3.14.3,Windows-11-10.0.26200-SP0,"Intel64 Family 6 Model 170 Stepping 4, GenuineIntel",1000,4.0,4.091659060195906,0.9,11,3079,1000,0.3247807729782397,random,221042,441042,661042,22,15970600,15970.6,6200.0,8200.0,14100.999999999998,5874500,4,914,0.914,1914,472,373,158,0.158,162.22799610263073,0.9739379379379379,3,1914,3848,2079,253760,253.76,293044,True,1067444595742129864,3020937200412010,2305843009213693951
n1000-g1.5-t0.7-r22-h661042,2efaf1348f57,3.14.3,Windows-11-10.0.26200-SP0,"Intel64 Family 6 Model 170 Stepping 4, GenuineIntel",1000,1.5,1.5405406911613417,0.7,11,1949,1000,0.513083632632119,random,221042,441042,661042,22,29642500,29642.5,7100.0,17504.999999999996,103168.99999999967,5902100,12,2646,2.646,3646,555,415,222,0.222,256.2852744997435,0.8662222222222221,3,3646,3238,949,179120,179.12,275608,True,237944402451675609,1909122273048847040,2305843009213693951
n1000-g1.5-t0.5-r22-h661042,2efaf1348f57,3.14.3,Windows-11-10.0.26200-SP0,"Intel64 Family 6 Model 170 Stepping 4, GenuineIntel",1000,1.5,1.5375603143577163,0.5,11,2927,1000,0.341646737273659,random,221042,441042,661042,22,37230400,37230.4,6200.0,10204.999999999996,148484.99999999974,11774300,13,2863,2.863,3863,397,333,154,0.154,170.65254526819268,0.9024184184184184,4,3863,4876,1927,245600,245.6,391316,True,899703082709664731,1420455038473441905,2305843009213693951
n1000-g3-t0.8-r22-h661042,2efaf1348f57,3.14.3,Windows-11-10.0.26200-SP0,"Intel64 Family 6 Model 170 Stepping 4, GenuineIntel",1000,3.0,3.105358850890993,0.8,11,3163,1000,0.3161555485298767,random,221042,441042,661042,22,19550200,19550.2,6500.0,12600.0,22718.999999999985,6618600,5,1243,1.243,2243,473,369,150,0.15,157.9196964906734,0.9498498498498499,4,2243,4212,2163,258752,258.752,328332,True,406588279785801897,448068631815491660,2305843009213693951
n1000-g3-t0.7-r22-h661042,2efaf1348f57,3.14.3,Windows-11-10.0.26200-SP0,"Intel64 Family 6 Model 170 Stepping 4, GenuineIntel",1000,3.0,3.105358850890993,0.7,11,3163,1000,0.3161555485298767,random,221042,441042,661042,22,33588500,33588.5,13900.0,19400.0,31628.999999999975,12558800,5,1087,1.087,2087,414,331,150,0.15,157.9196964906734,0.9498498498498499,4,2087,4212,2163,258752,258.752,321516,True,406588279785801897,448068631815491660,2305843009213693951
n1000-g1.25-t0.8-r22-h661042,2efaf1348f57,3.14.3,Windows-11-10.0.26200-SP0,"Intel64 Family 6 Model 170 Stepping 4, GenuineIntel",1000,1.25,1.2901634020556063,0.8,11,1361,1000,0.7347538574577517,random,221042,441042,661042,22,48605000,48605.0,9150.0,17800.0,659845.9999999969,10427600,19,4055,4.055,5055,689,511,332,0.332,367.00955180014694,0.9046086086086086,5,5055,2430,361,138736,138.736,221044,True,2039750190539430104,833997504915898780,2305843009213693951
n1000-g4-t0.8-r22-h661042,2efaf1348f57,3.14.3,Windows-11-10.0.26200-SP0,"Intel64 Family 6 Model 170 Stepping 4, GenuineIntel",1000,4.0,4.091659060195906,0.8,11,3079,1000,0.3247807729782397,random,221042,441042,661042,22,29988400,29988.4,11100.0,17704.999999999993,55625.99999999988,11931700,4,812,0.812,1812,413,342,158,0.158,162.22799610263073,0.9739379379379379,3,1812,3848,2079,253760,253.76,287936,True,1067444595742129864,3020937200412010,2305843009213693951
n1000-g3-t0.9-r22-h661042,2efaf1348f57,3.14.3,Windows-11-10.0.26200-SP0,"Intel64 Family 6 Model 170 Stepping 4, GenuineIntel",1000,3.0,3.105358850890993,0.9,11,3163,1000,0.3161555485298767,random,221042,441042,661042,22,25821400,25821.4,7100.0,10300.0,35804.0,12593200,5,1399,1.399,2399,572,429,150,0.15,157.9196964906734,0.9498498498498499,4,2399,4212,2163,258752,258.752,334940,True,406588279785801897,448068631815491660,2305843009213693951
n1000-g1.5-t0.8-r22-h661042,2efaf1348f57,3.14.3,Windows-11-10.0.26200-SP0,"Intel64 Family 6 Model 170 Stepping 4, GenuineIntel",1000,1.5,1.543133042590002,0.8,11,1289,1000,0.7757951900698216,random,221042,441042,661042,22,31549900,31549.9,12200.0,14604.999999999996,75103.0,7985300,11,1995,1.995,2995,659,468,389,0.389,387.5096974398759,1.003845845845846,4,2995,2146,289,133616,133.616,189068,True,1038546789110652177,1289732355805484386,2305843009213693951
n1000-g2-t0.9-r22-h661042,2efaf1348f57,3.14.3,Windows-11-10.0.26200-SP0,"Intel64 Family 6 Model 170 Stepping 4, GenuineIntel",1000,2.0,2.036527741565147,0.9,11,1597,1000,0.6261740763932373,random,221042,441042,661042,22,32492800,32492.8,12600.0,16500.0,23105.999999999996,9824400,7,1409,1.409,2409,1069,600,1230,1.23,312.77395115842205,3.9325525525525524,8,2409,2394,597,145232,145.232,205620,True,1160578520109098721,1134612231405287279,2305843009213693951
n1000-g1.25-t0.7-r22-h661042,2efaf1348f57,3.14.3,Windows-11-10.0.26200-SP0,"Intel64 Family 6 Model 170 Stepping 4, GenuineIntel",1000,1.25,1.2884399490725909,0.7,11,1709,1000,0.5851375073142189,random,221042,441042,661042,22,43598500,43598.5,7100.0,12900.0,763601.9999999967,5305200,20,4498,4.498,5498,625,461,273,0.273,292.2761849034523,0.9340480480480481,5,5498,3070,709,162800,162.8,270976,True,1261001990481435520,339373065147656952,2305843009213693951
n1000-g1.5-t0.9-r22-h661042,2efaf1348f57,3.14.3,Windows-11-10.0.26200-SP0,"Intel64 Family 6 Model 170 Stepping 4, GenuineIntel",1000,1.5,1.543133042590002,0.9,11,1289,1000,0.7757951900698216,random,221042,441042,661042,22,37154800,37154.8,13000.0,17700.0,84766.9999999994,7777600,11,2246,2.246,3246,716,512,389,0.389,387.5096974398759,1.003845845845846,4,3246,2146,289,133616,133.616,194604,True,1038546789110652177,1289732355805484386,2305843009213693951
n1000-g3-t0.7-r23-h691042,2efaf1348f57,3.14.3,Windows-11-10.0.26200-SP0,"Intel64 Family 6 Model 170 Stepping 4, GenuineIntel",1000,3.0,3.105358850890993,0.7,11,3163,1000,0.3161555485298767,random,231042,461042,691042,23,26703400,26703.4,11700.0,15804.999999999996,39821.999999999985,7660200,5,1087,1.087,2087,385,319,140,0.14,157.9196964906734,0.8865265265265265,3,2087,4212,2163,258944,258.944,321464,True,23456604556542327,888181195431738332,2305843009213693951
n1000-g1.25-t0.5-r23-h691042,2efaf1348f57,3.14.3,Windows-11-10.0.26200-SP0,"Intel64 Family 6 Model 170 Stepping 4, GenuineIntel",1000,1.25,1.2866303730753477,0.5,11,2137,1000,0.4679457182966776,random,231042,461042,691042,23,43791300,43791.3,6400.0,12500.0,497318.9999999937,7261800,21,4065,4.065,5065,448,359,213,0.213,233.73888628919045,0.9112732732732733,4,5065,3846,1137,191952,191.952,316180,True,196110425876174017,2239395741327267387,2305843009213693951
n1000-g2-t0.5-r23-h691042,2efaf1348f57,3.14.3,Windows-11-10.0.26200-SP0,"Intel64 Family 6 Model 170 Stepping 4, GenuineIntel",1000,2.0,2.032666219705446,0.5,11,3203,1000,0.3122073056509522,random,231042,461042,691042,23,18978900,18978.9,5900.0,6600.0,12407.999999999993,6609900,8,1579,1.579,2579,329,268,136,0.136,155.94754917265064,0.8720880880880881,3,2579,4800,2203,261312,261.312,369004,True,997462202181641816,1880366682520638095,2305843009213693951
n1000-g4-t0.8-r23-h691042,2efaf1348f57,3.14.3,Windows-11-10.0.26200-SP0,"Intel64 Family 6 Model 170 Stepping 4, GenuineIntel",1000,4.0,4.091659060195906,0.8,11,3079,1000,0.3247807729782397,random,231042,461042,691042,23,31845800,31845.8,7900.0,17100.0,28908.999999999993,16304400,4,812,0.812,1812,429,332,155,0.155,162.22799610263073,0.9554454454454454,3,1812,3848,2079,253984,253.984,287308,True,1884284117107662540,2136396249661041608,2305843009213693951
n1000-g4-t0.7-r23-h691042,2efaf1348f57,3.14.3,Windows-11-10.0.26200-SP0,"Intel64 Family 6 Model 170 Stepping 4, GenuineIntel",1000,4.0,4.091659060195906,0.7,11,3079,1000,0.3247807729782397,random,231042,461042,691042,23,17813800,17813.8,6500.0,10204.999999999996,20122.999999999978,5291100,4,710,0.71,1710,369,296,155,0.155,162.22799610263073,0.9554454454454454,3,1710,3848,2079,253984,253.984,282392,True,1884284117107662540,2136396249661041608,2305843009213693951
n1000-g4-t0.9-r23-h691042,2efaf1348f57,3.14.3,Windows-11-10.0.26200-SP0,"Intel64 Family 6 Model 170 Stepping 4, GenuineIntel",1000,4.0,4.091659060195906,0.9,11,3079,1000,0.3247807729782397,random,231042,461042,691042,23,29001500,29001.5,10500.0,19404.999999999993,29429.999999999975,11342100,4,914,0.914,1914,501,373,155,0.155,162.22799610263073,0.9554454454454454,3,1914,3848,2079,253984,253.984,292224,True,1884284117107662540,2136396249661041608,2305843009213693951
n1000-g1.25-t0.7-r23-h691042,2efaf1348f57,3.14.3,Windows-11-10.0.26200-SP0,"Intel64 Family 6 Model 170 Stepping 4, GenuineIntel",1000,1.25,1.2884399490725909,0.7,11,1709,1000,0.5851375073142189,random,231042,461042,691042,23,46400300,46400.3,7600.0,15804.999999999996,895381.9999999971,8274100,20,4498,4.498,5498,619,459,271,0.271,292.2761849034523,0.9272052052052052,4,5498,3070,709,162384,162.384,270764,True,487486542075081910,734790550086420272,2305843009213693951
n1000-g1.5-t0.5-r23-h691042,2efaf1348f57,3.14.3,Windows-11-10.0.26200-SP0,"Intel64 Family 6 Model 170 Stepping 4, GenuineIntel",1000,1.5,1.5375603143577163,0.5,11,2927,1000,0.341646737273659,random,231042,461042,691042,23,53520100,53520.1,10500.0,16904.999999999993,252025.9999999998,12144400,13,2863,2.863,3863,387,329,161,0.161,170.65254526819268,0.9434374374374375,3,3863,4876,1927,245280,245.28,391040,True,251667786613894731,2182866896729217926,2305843009213693951
n1000-g3-t0.9-r23-h691042,2efaf1348f57,3.14.3,Windows-11-10.0.26200-SP0,"Intel64 Family 6 Model 170 Stepping 4, GenuineIntel",1000,3.0,3.105358850890993,0.9,11,3163,1000,0.3161555485298767,random,231042,461042,691042,23,43396300,43396.3,14700.0,18204.999999999996,84922.99999999988,16852700,5,1399,1.399,2399,551,431,140,0.14,157.9196964906734,0.8865265265265265,3,2399,4212,2163,258944,258.944,334960,True,23456604556542327,888181195431738332,2305843009213693951
n1000-g2-t0.8-r23-h691042,2efaf1348f57,3.14.3,Windows-11-10.0.26200-SP0,"Intel64 Family 6 Model 170 Stepping 4, GenuineIntel",1000,2.0,2.036527741565147,0.8,11,1597,1000,0.6261740763932373,random,231042,461042,691042,23,33201800,33201.8,12800.0,19209.999999999993,97351.99999999987,8179400,7,1251,1.251,2251,576,439,308,0.308,312.77395115842205,0.9847367367367367,5,2251,2394,597,155920,155.92,200256,True,2269553261318861971,1457181578363943232,2305843009213693951
n1000-g3-t0.5-r23-h691042,2efaf1348f57,3.14.3,Windows-11-10.0.26200-SP0,"Intel64 Family 6 Model 170 Stepping 4, GenuineIntel",1000,3.0,3.105358850890993,0.5,11,3163,1000,0.3161555485298767,random,231042,461042,691042,23,25722900,25722.9,6400.0,18104.999999999993,60223.99999999998,10066900,5,776,0.776,1776,269,234,140,0.14,157.9196964906734,0.8865265265265265,3,1776,4212,2163,258944,258.944,308376,True,23456604556542327,888181195431738332,2305843009213693951
n1000-g3-t0.8-r23-h691042,2efaf1348f57,3.14.3,Windows-11-10.0.26200-SP0,"Intel64 Family 6 Model 170 Stepping 4, GenuineIntel",1000,3.0,3.105358850890993,0.8,11,3163,1000,0.3161555485298767,random,231042,461042,691042,23,34665000,34665.0,13000.0,15304.999999999995,24305.999999999996,13656600,5,1243,1.243,2243,464,374,140,0.14,157.9196964906734,0.8865265265265265,3,2243,4212,2163,258944,258.944,328352,True,23456604556542327,888181195431738332,2305843009213693951
n1000-g4-t0.5-r23-h691042,2efaf1348f57,3.14.3,Windows-11-10.0.26200-SP0,"Intel64 Family 6 Model 170 Stepping 4, GenuineIntel",1000,4.0,4.091659060195906,0.5,11,3079,1000,0.3247807729782397,random,231042,461042,691042,23,12739200,12739.2,5900.0,7100.0,9300.999999999998,4220900,4,507,0.507,1507,274,232,155,0.155,162.22799610263073,0.9554454454454454,3,1507,3848,2079,253984,253.984,271912,True,1884284117107662540,2136396249661041608,2305843009213693951
n1000-g2-t0.7-r23-h691042,2efaf1348f57,3.14.3,Windows-11-10.0.26200-SP0,"Intel64 Family 6 Model 170 Stepping 4, GenuineIntel",1000,2.0,2.036527741565147,0.7,11,1597,1000,0.6261740763932373,random,231042,461042,691042,23,21525900,21525.9,9700.0,12700.0,23314.999999999985,4831000,7,1093,1.093,2093,504,387,308,0.308,312.77395115842205,0.9847367367367367,5,2093,2394,597,155920,155.92,195064,True,2269553261318861971,1457181578363943232,2305843009213693951
n1000-g1.5-t0.9-r23-h691042,2efaf1348f57,3.14.3,Windows-11-10.0.26200-SP0,"Intel64 Family 6 Model 170 Stepping 4, GenuineIntel",1000,1.5,1.543133042590002,0.9,11,1289,1000,0.7757951900698216,random,231042,461042,691042,23,24188500,24188.5,6800.0,11900.0,72628.99999999997,6958000,11,2246,2.246,3246,674,490,343,0.343,387.5096974398759,0.8851391391391391,5,3246,2146,289,134736,134.736,194652,True,111695358031051819,489757313800569124,2305843009213693951
n1000-g1.5-t0.7-r23-h691042,2efaf1348f57,3.14.3,Windows-11-10.0.26200-SP0,"Intel64 Family 6 Model 170 Stepping 4, GenuineIntel",1000,1.5,1.5405406911613417,0.7,11,1949,1000,0.513083632632119,random,231042,461042,691042,23,29249500,29249.5,5900.0,13300.0,67773.99999999984,10712300,12,2646,2.646,3646,514,412,237,0.237,256.2852744997435,0.9247507507507506,4,3646,3238,949,178672,178.672,276548,True,1081864560284892725,1554231749840529139,2305843009213693951
n1000-g1.25-t0.8-r23-h691042,2efaf1348f57,3.14.3,Windows-11-10.0.26200-SP0,"Intel64 Family 6 Model 170 Stepping 4, GenuineIntel",1000,1.25,1.2901634020556063,0.8,11,1361,1000,0.7347538574577517,random,231042,461042,691042,23,51347500,51347.5,12400.0,16800.0,668179.9999999974,10553900,19,4055,4.055,5055,704,507,356,0.356,367.00955180014694,0.970002002002002,5,5055,2430,361,138512,138.512,220320,True,2010732253268677162,103548799461106148,2305843009213693951
n1000-g1.5-t0.8-r23-h691042,2efaf1348f57,3.14.3,Windows-11-10.0.26200-SP0,"Intel64 Family 6 Model 170 Stepping 4, GenuineIntel",1000,1.5,1.543133042590002,0.8,11,1289,1000,0.7757951900698216,random,231042,461042,691042,23,32772400,32772.4,7300.0,15704.999999999995,98760.99999999994,7778800,11,1995,1.995,2995,588,450,343,0.343,387.5096974398759,0.8851391391391391,5,2995,2146,289,134736,134.736,189052,True,111695358031051819,489757313800569124,2305843009213693951
n1000-g2-t0.9-r23-h691042,2efaf1348f57,3.14.3,Windows-11-10.0.26200-SP0,"Intel64 Family 6 Model 170 Stepping 4, GenuineIntel",1000,2.0,2.036527741565147,0.9,11,1597,1000,0.6261740763932373,random,231042,461042,691042,23,24576000,24576.0,6800.0,16300.0,32534.999999999967,5176200,7,1409,1.409,2409,626,477,308,0.308,312.77395115842205,0.9847367367367367,5,2409,2394,597,155920,155.92,205444,True,2269553261318861971,1457181578363943232,2305843009213693951
n1000-g1.25-t0.9-r23-h691042,2efaf1348f57,3.14.3,Windows-11-10.0.26200-SP0,"Intel64 Family 6 Model 170 Stepping 4, GenuineIntel",1000,1.25,1.2901634020556063,0.9,11,1361,1000,0.7347538574577517,random,231042,461042,691042,23,31768100,31768.1,6200.0,7600.0,340423.99999999854,5431000,19,4564,4.564,5564,786,540,356,0.356,367.00955180014694,0.970002002002002,5,5564,2430,361,138512,138.512,227040,True,2010732253268677162,103548799461106148,2305843009213693951
n1000-g1.25-t0.7-r24-h721042,2efaf1348f57,3.14.3,Windows-11-10.0.26200-SP0,"Intel64 Family 6 Model 170 Stepping 4, GenuineIntel",1000,1.25,1.2884399490725909,0.7,11,1709,1000,0.5851375073142189,random,241042,481042,721042,24,38448500,38448.5,6000.0,13000.0,380324.9999999957,5271700,20,4498,4.498,5498,596,449,284,0.284,292.2761849034523,0.9716836836836837,5,5498,3070,709,162416,162.416,271188,True,649914856599711813,108517973636045633,2305843009213693951
n1000-g2-t0.9-r24-h721042,2efaf1348f57,3.14.3,Windows-11-10.0.26200-SP0,"Intel64 Family 6 Model 170 Stepping 4, GenuineIntel",1000,2.0,2.036527741565147,0.9,11,1597,1000,0.6261740763932373,random,241042,481042,721042,24,23634300,23634.3,7100.0,13504.999999999996,36319.99999999953,5478300,7,1409,1.409,2409,619,448,296,0.296,312.77395115842205,0.9463703703703703,4,2409,2394,597,155888,155.888,205544,True,2161742703761228154,1712971506519708606,2305843009213693951
n1000-g1.5-t0.7-r24-h721042,2efaf1348f57,3.14.3,Windows-11-10.0.26200-SP0,"Intel64 Family 6 Model 170 Stepping 4, GenuineIntel",1000,1.5,1.5405406911613417,0.7,11,1949,1000,0.513083632632119,random,241042,481042,721042,24,36671500,36671.5,9400.0,13400.0,74793.99999999991,10497900,12,2646,2.646,3646,515,406,233,0.233,256.2852744997435,0.909143143143143,4,3646,3238,949,178928,178.928,276516,True,2218780578563543601,1013190715690482723,2305843009213693951
n1000-g1.25-t0.9-r24-h721042,2efaf1348f57,3.14.3,Windows-11-10.0.26200-SP0,"Intel64 Family 6 Model 170 Stepping 4, GenuineIntel",1000,1.25,1.2901634020556063,0.9,11,1361,1000,0.7347538574577517,random,241042,481042,721042,24,39631300,39631.3,6600.0,16300.0,349144.99999999866,7248500,19,4564,4.564,5564,757,547,325,0.325,367.00955180014694,0.8855355355355355,5,5564,2430,361,138960,138.96,227248,True,2057919900547204531,366534301782006057,2305843009213693951
n1000-g3-t0.7-r24-h721042,2efaf1348f57,3.14.3,Windows-11-10.0.26200-SP0,"Intel64 Family 6 Model 170 Stepping 4, GenuineIntel",1000,3.0,3.105358850890993,0.7,11,3163,1000,0.3161555485298767,random,241042,481042,721042,24,22104300,22104.3,6100.0,8800.0,17610.99999999999,10826900,5,1087,1.087,2087,375,314,130,0.13,157.9196964906734,0.8232032032032033,3,2087,4212,2163,259328,259.328,321624,True,1208851993908692198,1883281263864707881,2305843009213693951
n1000-g1.5-t0.5-r24-h721042,2efaf1348f57,3.14.3,Windows-11-10.0.26200-SP0,"Intel64 Family 6 Model 170 Stepping 4, GenuineIntel",1000,1.5,1.5375603143577163,0.5,11,2927,1000,0.341646737273659,random,241042,481042,721042,24,34518300,34518.3,6000.0,12504.999999999995,68265.99999999948,13528600,13,2863,2.863,3863,367,308,158,0.158,170.65254526819268,0.9258578578578579,4,3863,4876,1927,245408,245.408,391232,True,967048815866591112,782231337417081575,2305843009213693951
n1000-g4-t0.7-r24-h721042,2efaf1348f57,3.14.3,Windows-11-10.0.26200-SP0,"Intel64 Family 6 Model 170 Stepping 4, GenuineIntel",1000,4.0,4.091659060195906,0.7,11,3079,1000,0.3247807729782397,random,241042,481042,721042,24,14827300,14827.3,6250.0,6900.0,11202.999999999996,5256200,4,710,0.71,1710,344,295,160,0.16,162.22799610263073,0.9862662662662662,4,1710,3848,2079,253728,253.728,283028,True,1485406150906146590,442574636821894844,2305843009213693951
n1000-g1.5-t0.9-r24-h721042,2efaf1348f57,3.14.3,Windows-11-10.0.26200-SP0,"Intel64 Family 6 Model 170 Stepping 4, GenuineIntel",1000,1.5,1.543133042590002,0.9,11,1289,1000,0.7757951900698216,random,241042,481042,721042,24,24687000,24687.0,7700.0,9100.0,149203.0,4905100,11,2246,2.246,3246,688,518,341,0.341,387.5096974398759,0.8799779779779779,4,3246,2146,289,134416,134.416,194456,True,265273340979822184,1916656630543402741,2305843009213693951
n1000-g1.5-t0.8-r24-h721042,2efaf1348f57,3.14.3,Windows-11-10.0.26200-SP0,"Intel64 Family 6 Model 170 Stepping 4, GenuineIntel",1000,1.5,1.543133042590002,0.8,11,1289,1000,0.7757951900698216,random,241042,481042,721042,24,34435200,34435.2,10400.0,13700.0,139277.99999999956,7369400,11,1995,1.995,2995,628,480,341,0.341,387.5096974398759,0.8799779779779779,4,2995,2146,289,134416,134.416,188856,True,265273340979822184,1916656630543402741,2305843009213693951
n1000-g1.25-t0.5-r24-h721042,2efaf1348f57,3.14.3,Windows-11-10.0.26200-SP0,"Intel64 Family 6 Model 170 Stepping 4, GenuineIntel",1000,1.25,1.2866303730753477,0.5,11,2137,1000,0.4679457182966776,random,241042,481042,721042,24,32217600,32217.6,5800.0,6500.0,454535.9999999989,5048000,21,4065,4.065,5065,450,348,250,0.25,233.73888628919045,1.0695695695695695,5,5065,3846,1137,191120,191.12,316004,True,1718931761869462181,1806344929438504239,2305843009213693951
n1000-g1.25-t0.8-r24-h721042,2efaf1348f57,3.14.3,Windows-11-10.0.26200-SP0,"Intel64 Family 6 Model 170 Stepping 4, GenuineIntel",1000,1.25,1.2901634020556063,0.8,11,1361,1000,0.7347538574577517,random,241042,481042,721042,24,31111800,31111.8,6700.0,7800.0,354931.9999999986,5238400,19,4055,4.055,5055,698,508,325,0.325,367.00955180014694,0.8855355355355355,5,5055,2430,361,138960,138.96,220432,True,2057919900547204531,366534301782006057,2305843009213693951
n1000-g3-t0.9-r24-h721042,2efaf1348f57,3.14.3,Windows-11-10.0.26200-SP0,"Intel64 Family 6 Model 170 Stepping 4, GenuineIntel",1000,3.0,3.105358850890993,0.9,11,3163,1000,0.3161555485298767,random,241042,481042,721042,24,19849000,19849.0,6700.0,7700.0,16208.999999999993,8187400,5,1399,1.399,2399,532,417,130,0.13,157.9196964906734,0.8232032032032033,3,2399,4212,2163,259328,259.328,335336,True,1208851993908692198,1883281263864707881,2305843009213693951
n1000-g4-t0.8-r24-h721042,2efaf1348f57,3.14.3,Windows-11-10.0.26200-SP0,"Intel64 Family 6 Model 170 Stepping 4, GenuineIntel",1000,4.0,4.091659060195906,0.8,11,3079,1000,0.3247807729782397,random,241042,481042,721042,24,23470100,23470.1,7100.0,8700.0,35717.999999999985,9399300,4,812,0.812,1812,399,327,160,0.16,162.22799610263073,0.9862662662662662,4,1812,3848,2079,253728,253.728,288008,True,1485406150906146590,442574636821894844,2305843009213693951
n1000-g2-t0.5-r24-h721042,2efaf1348f57,3.14.3,Windows-11-10.0.26200-SP0,"Intel64 Family 6 Model 170 Stepping 4, GenuineIntel",1000,2.0,2.032666219705446,0.5,11,3203,1000,0.3122073056509522,random,241042,481042,721042,24,23382100,23382.1,6700.0,8600.0,50250.999999999956,7934100,8,1579,1.579,2579,350,290,174,0.174,155.94754917265064,1.1157597597597597,4,2579,4800,2203,260512,260.512,368752,True,349117700517091769,361347640982102887,2305843009213693951
n1000-g2-t0.8-r24-h721042,2efaf1348f57,3.14.3,Windows-11-10.0.26200-SP0,"Intel64 Family 6 Model 170 Stepping 4, GenuineIntel",1000,2.0,2.036527741565147,0.8,11,1597,1000,0.6261740763932373,random,241042,481042,721042,24,19941400,19941.4,7400.0,9300.0,55911.99999999999,5367000,7,1251,1.251,2251,573,431,296,0.296,312.77395115842205,0.9463703703703703,4,2251,2394,597,155888,155.888,200036,True,2161742703761228154,1712971506519708606,2305843009213693951
n1000-g2-t0.7-r24-h721042,2efaf1348f57,3.14.3,Windows-11-10.0.26200-SP0,"Intel64 Family 6 Model 170 Stepping 4, GenuineIntel",1000,2.0,2.036527741565147,0.7,11,1597,1000,0.6261740763932373,random,241042,481042,721042,24,27230100,27230.1,7900.0,25504.999999999996,124225.99999999952,7748300,7,1093,1.093,2093,494,384,296,0.296,312.77395115842205,0.9463703703703703,4,2093,2394,597,155888,155.888,195004,True,2161742703761228154,1712971506519708606,2305843009213693951
n1000-g3-t0.5-r24-h721042,2efaf1348f57,3.14.3,Windows-11-10.0.26200-SP0,"Intel64 Family 6 Model 170 Stepping 4, GenuineIntel",1000,3.0,3.105358850890993,0.5,11,3163,1000,0.3161555485298767,random,241042,481042,721042,24,18608700,18608.7,7000.0,8404.999999999996,17761.99999999994,7439100,5,776,0.776,1776,273,238,130,0.13,157.9196964906734,0.8232032032032033,3,1776,4212,2163,259328,259.328,308112,True,1208851993908692198,1883281263864707881,2305843009213693951
n1000-g4-t0.9-r24-h721042,2efaf1348f57,3.14.3,Windows-11-10.0.26200-SP0,"Intel64 Family 6 Model 170 Stepping 4, GenuineIntel",1000,4.0,4.091659060195906,0.9,11,3079,1000,0.3247807729782397,random,241042,481042,721042,24,20340700,20340.7,7000.0,8804.999999999996,31220.99999999998,8339600,4,914,0.914,1914,471,368,160,0.16,162.22799610263073,0.9862662662662662,4,1914,3848,2079,253728,253.728,292700,True,1485406150906146590,442574636821894844,2305843009213693951
n1000-g4-t0.5-r24-h721042,2efaf1348f57,3.14.3,Windows-11-10.0.26200-SP0,"Intel64 Family 6 Model 170 Stepping 4, GenuineIntel",1000,4.0,4.091659060195906,0.5,11,3079,1000,0.3247807729782397,random,241042,481042,721042,24,16750800,16750.8,8300.0,10000.0,19032.99999999997,5674200,4,507,0.507,1507,242,219,160,0.16,162.22799610263073,0.9862662662662662,4,1507,3848,2079,253728,253.728,272388,True,1485406150906146590,442574636821894844,2305843009213693951
n1000-g3-t0.8-r24-h721042,2efaf1348f57,3.14.3,Windows-11-10.0.26200-SP0,"Intel64 Family 6 Model 170 Stepping 4, GenuineIntel",1000,3.0,3.105358850890993,0.8,11,3163,1000,0.3161555485298767,random,241042,481042,721042,24,34680700,34680.7,13900.0,18900.0,31706.999999999993,17332000,5,1243,1.243,2243,441,357,130,0.13,157.9196964906734,0.8232032032032033,3,2243,4212,2163,259328,259.328,328624,True,1208851993908692198,1883281263864707881,2305843009213693951
n1000-g4-t0.9-r25-h751042,2efaf1348f57,3.14.3,Windows-11-10.0.26200-SP0,"Intel64 Family 6 Model 170 Stepping 4, GenuineIntel",1000,4.0,4.091659060195906,0.9,11,3079,1000,0.3247807729782397,random,251042,501042,751042,25,39351500,39351.5,15000.0,18500.0,97694.99999999991,15502000,4,914,0.914,1914,459,367,140,0.14,162.22799610263073,0.8629829829829829,3,1914,3848,2079,254304,254.304,292952,True,1901142351883230823,639009926291938145,2305843009213693951
n1000-g1.5-t0.8-r25-h751042,2efaf1348f57,3.14.3,Windows-11-10.0.26200-SP0,"Intel64 Family 6 Model 170 Stepping 4, GenuineIntel",1000,1.5,1.543133042590002,0.8,11,1289,1000,0.7757951900698216,random,251042,501042,751042,25,41908900,41908.9,13600.0,18700.0,142549.99999999997,8844000,11,1995,1.995,2995,641,481,381,0.381,387.5096974398759,0.9832012012012011,5,2995,2146,289,133936,133.936,189248,True,2076378689323568763,2128662407746163828,2305843009213693951
n1000-g1.5-t0.5-r25-h751042,2efaf1348f57,3.14.3,Windows-11-10.0.26200-SP0,"Intel64 Family 6 Model 170 Stepping 4, GenuineIntel",1000,1.5,1.5375603143577163,0.5,11,2927,1000,0.341646737273659,random,251042,501042,751042,25,63638400,63638.4,13300.0,15304.999999999995,162957.99999999886,15522500,13,2863,2.863,3863,389,317,153,0.153,170.65254526819268,0.8965585585585586,3,3863,4876,1927,245408,245.408,391404,True,2038361535753418488,2284651259587043658,2305843009213693951
n1000-g3-t0.8-r25-h751042,2efaf1348f57,3.14.3,Windows-11-10.0.26200-SP0,"Intel64 Family 6 Model 170 Stepping 4, GenuineIntel",1000,3.0,3.105358850890993,0.8,11,3163,1000,0.3161555485298767,random,251042,501042,751042,25,60368400,60368.4,13900.0,16600.0,37301.0,37646500,5,1243,1.243,2243,481,367,169,0.169,157.9196964906734,1.0701641641641642,5,2243,4212,2163,258336,258.336,328540,True,157436020174485296,1082836233362669456,2305843009213693951
n1000-g3-t0.9-r25-h751042,2efaf1348f57,3.14.3,Windows-11-10.0.26200-SP0,"Intel64 Family 6 Model 170 Stepping 4, GenuineIntel",1000,3.0,3.105358850890993,0.9,11,3163,1000,0.3161555485298767,random,251042,501042,751042,25,42184700,42184.7,12500.0,14900.0,32917.999999999985,16479600,5,1399,1.399,2399,557,409,169,0.169,157.9196964906734,1.0701641641641642,5,2399,4212,2163,258336,258.336,335116,True,157436020174485296,1082836233362669456,2305843009213693951
n1000-g1.25-t0.9-r25-h751042,2efaf1348f57,3.14.3,Windows-11-10.0.26200-SP0,"Intel64 Family 6 Model 170 Stepping 4, GenuineIntel",1000,1.25,1.2901634020556063,0.9,11,1361,1000,0.7347538574577517,random,251042,501042,751042,25,60009300,60009.3,12200.0,14604.999999999996,760561.999999997,10098800,19,4564,4.564,5564,808,559,336,0.336,367.00955180014694,0.9155075075075075,5,5564,2430,361,138864,138.864,227632,True,1037724678448073760,1786405826404528371,2305843009213693951
n1000-g1.25-t0.7-r25-h751042,2efaf1348f57,3.14.3,Windows-11-10.0.26200-SP0,"Intel64 Family 6 Model 170 Stepping 4, GenuineIntel",1000,1.25,1.2884399490725909,0.7,11,1709,1000,0.5851375073142189,random,251042,501042,751042,25,62286900,62286.9,11800.0,13800.0,697477.9999999972,11078000,20,4498,4.498,5498,563,423,271,0.271,292.2761849034523,0.9272052052052052,5,5498,3070,709,162768,162.768,271356,True,461900133494962620,2276477399273972521,2305843009213693951
n1000-g4-t0.7-r25-h751042,2efaf1348f57,3.14.3,Windows-11-10.0.26200-SP0,"Intel64 Family 6 Model 170 Stepping 4, GenuineIntel",1000,4.0,4.091659060195906,0.7,11,3079,1000,0.3247807729782397,random,251042,501042,751042,25,25152700,25152.7,10900.0,12000.0,20802.0,9601700,4,710,0.71,1710,343,285,140,0.14,162.22799610263073,0.8629829829829829,3,1710,3848,2079,254304,254.304,283192,True,1901142351883230823,639009926291938145,2305843009213693951
n1000-g1.25-t0.8-r25-h751042,2efaf1348f57,3.14.3,Windows-11-10.0.26200-SP0,"Intel64 Family 6 Model 170 Stepping 4, GenuineIntel",1000,1.25,1.2901634020556063,0.8,11,1361,1000,0.7347538574577517,random,251042,501042,751042,25,50327600,50327.6,10900.0,12500.0,581098.9999999977,8476200,19,4055,4.055,5055,692,500,336,0.336,367.00955180014694,0.9155075075075075,5,5055,2430,361,138864,138.864,220848,True,1037724678448073760,1786405826404528371,2305843009213693951
n1000-g3-t0.7-r25-h751042,2efaf1348f57,3.14.3,Windows-11-10.0.26200-SP0,"Intel64 Family 6 Model 170 Stepping 4, GenuineIntel",1000,3.0,3.105358850890993,0.7,11,3163,1000,0.3161555485298767,random,251042,501042,751042,25,34535400,34535.4,11500.0,19504.999999999996,103513.9999999999,12428900,5,1087,1.087,2087,413,324,169,0.169,157.9196964906734,1.0701641641641642,5,2087,4212,2163,258336,258.336,321788,True,157436020174485296,1082836233362669456,2305843009213693951
n1000-g2-t0.9-r25-h751042,2efaf1348f57,3.14.3,Windows-11-10.0.26200-SP0,"Intel64 Family 6 Model 170 Stepping 4, GenuineIntel",1000,2.0,2.036527741565147,0.9,11,1597,1000,0.6261740763932373,random,251042,501042,751042,25,31430800,31430.8,10300.0,17600.0,32920.99999999998,10704800,7,1409,1.409,2409,602,463,281,0.281,312.77395115842205,0.8984124124124124,4,2409,2394,597,156080,156.08,205896,True,81697862472531143,28027919341886916,2305843009213693951
n1000-g1.5-t0.9-r25-h751042,2efaf1348f57,3.14.3,Windows-11-10.0.26200-SP0,"Intel64 Family 6 Model 170 Stepping 4, GenuineIntel",1000,1.5,1.543133042590002,0.9,11,1289,1000,0.7757951900698216,random,251042,501042,751042,25,54557500,54557.5,17400.0,21000.0,182522.99999999988,12538500,11,2246,2.246,3246,741,532,381,0.381,387.5096974398759,0.9832012012012011,5,3246,2146,289,133936,133.936,194752,True,2076378689323568763,2128662407746163828,2305843009213693951
n1000-g4-t0.5-r25-h751042,2efaf1348f57,3.14.3,Windows-11-10.0.26200-SP0,"Intel64 Family 6 Model 170 Stepping 4, GenuineIntel",1000,4.0,4.091659060195906,0.5,11,3079,1000,0.3247807729782397,random,251042,501042,751042,25,24403900,24403.9,10000.0,16400.0,30508.999999999993,8076300,4,507,0.507,1507,230,206,140,0.14,162.22799610263073,0.8629829829829829,3,1507,3848,2079,254304,254.304,272648,True,1901142351883230823,639009926291938145,2305843009213693951
n1000-g2-t0.5-r25-h751042,2efaf1348f57,3.14.3,Windows-11-10.0.26200-SP0,"Intel64 Family 6 Model 170 Stepping 4, GenuineIntel",1000,2.0,2.032666219705446,0.5,11,3203,1000,0.3122073056509522,random,251042,501042,751042,25,32487300,32487.3,9700.0,11500.0,20408.999999999993,11683300,8,1579,1.579,2579,314,277,135,0.135,155.94754917265064,0.8656756756756757,3,2579,4800,2203,261280,261.28,368840,True,1891280306723149684,1675531755210940143,2305843009213693951
n1000-g2-t0.8-r25-h751042,2efaf1348f57,3.14.3,Windows-11-10.0.26200-SP0,"Intel64 Family 6 Model 170 Stepping 4, GenuineIntel",1000,2.0,2.036527741565147,0.8,11,1597,1000,0.6261740763932373,random,251042,501042,751042,25,30276500,30276.5,11400.0,17100.0,36868.999999999935,9287600,7,1251,1.251,2251,529,417,281,0.281,312.77395115842205,0.8984124124124124,4,2251,2394,597,156080,156.08,200964,True,81697862472531143,28027919341886916,2305843009213693951
n1000-g4-t0.8-r25-h751042,2efaf1348f57,3.14.3,Windows-11-10.0.26200-SP0,"Intel64 Family 6 Model 170 Stepping 4, GenuineIntel",1000,4.0,4.091659060195906,0.8,11,3079,1000,0.3247807729782397,random,251042,501042,751042,25,26890400,26890.4,9800.0,21200.0,40761.99999999994,8193000,4,812,0.812,1812,398,322,140,0.14,162.22799610263073,0.8629829829829829,3,1812,3848,2079,254304,254.304,288172,True,1901142351883230823,639009926291938145,2305843009213693951
n1000-g1.5-t0.7-r25-h751042,2efaf1348f57,3.14.3,Windows-11-10.0.26200-SP0,"Intel64 Family 6 Model 170 Stepping 4, GenuineIntel",1000,1.5,1.5405406911613417,0.7,11,1949,1000,0.513083632632119,random,251042,501042,751042,25,36046500,36046.5,7200.0,13900.0,98673.99999999994,7555300,12,2646,2.646,3646,584,450,219,0.219,256.2852744997435,0.8545165165165165,4,3646,3238,949,179056,179.056,275984,True,323540992735414546,1864961233744587552,2305843009213693951
n1000-g3-t0.5-r25-h751042,2efaf1348f57,3.14.3,Windows-11-10.0.26200-SP0,"Intel64 Family 6 Model 170 Stepping 4, GenuineIntel",1000,3.0,3.105358850890993,0.5,11,3163,1000,0.3161555485298767,random,251042,501042,751042,25,15884200,15884.2,6000.0,6700.0,11207.999999999993,6758800,5,776,0.776,1776,301,251,169,0.169,157.9196964906734,1.0701641641641642,5,1776,4212,2163,258336,258.336,308500,True,157436020174485296,1082836233362669456,2305843009213693951
n1000-g2-t0.7-r25-h751042,2efaf1348f57,3.14.3,Windows-11-10.0.26200-SP0,"Intel64 Family 6 Model 170 Stepping 4, GenuineIntel",1000,2.0,2.036527741565147,0.7,11,1597,1000,0.6261740763932373,random,251042,501042,751042,25,14726800,14726.8,5800.0,6700.0,11708.99999999999,4738600,7,1093,1.093,2093,469,384,281,0.281,312.77395115842205,0.8984124124124124,4,2093,2394,597,156080,156.08,195580,True,81697862472531143,28027919341886916,2305843009213693951
n1000-g1.25-t0.5-r25-h751042,2efaf1348f57,3.14.3,Windows-11-10.0.26200-SP0,"Intel64 Family 6 Model 170 Stepping 4, GenuineIntel",1000,1.25,1.2866303730753477,0.5,11,2137,1000,0.4679457182966776,random,251042,501042,751042,25,52252300,52252.3,6900.0,14579.999999999927,907664.9999999997,12020000,21,4065,4.065,5065,386,325,213,0.213,233.73888628919045,0.9112732732732733,4,5065,3846,1137,191888,191.888,316424,True,645834556553848987,1777763795380845571,2305843009213693951
n1000-g1.5-t0.7-r26-h781042,2efaf1348f57,3.14.3,Windows-11-10.0.26200-SP0,"Intel64 Family 6 Model 170 Stepping 4, GenuineIntel",1000,1.5,1.5405406911613417,0.7,11,1949,1000,0.513083632632119,random,261042,521042,781042,26,46016800,46016.8,12200.0,17300.0,126793.99999999955,11935500,12,2646,2.646,3646,525,414,241,0.241,256.2852744997435,0.9403583583583582,4,3646,3238,949,178512,178.512,276676,True,909508039908648163,347192140739419617,2305843009213693951
n1000-g3-t0.8-r26-h781042,2efaf1348f57,3.14.3,Windows-11-10.0.26200-SP0,"Intel64 Family 6 Model 170 Stepping 4, GenuineIntel",1000,3.0,3.105358850890993,0.8,11,3163,1000,0.3161555485298767,random,261042,521042,781042,26,33993200,33993.2,15200.0,17200.0,28421.999999999978,11334800,5,1243,1.243,2243,453,361,119,0.119,157.9196964906734,0.7535475475475476,3,2243,4212,2163,259584,259.584,328416,True,1251498556497259083,1250883394972813716,2305843009213693951
n1000-g2-t0.8-r26-h781042,2efaf1348f57,3.14.3,Windows-11-10.0.26200-SP0,"Intel64 Family 6 Model 170 Stepping 4, GenuineIntel",1000,2.0,2.036527741565147,0.8,11,1597,1000,0.6261740763932373,random,261042,521042,781042,26,23048200,23048.2,9800.0,11904.999999999996,20318.999999999985,6582100,7,1251,1.251,2251,585,437,309,0.309,312.77395115842205,0.9879339339339339,5,2251,2394,597,155888,155.888,199848,True,1378466708346679352,1783449844015898581,2305843009213693951
n1000-g1.25-t0.7-r26-h781042,2efaf1348f57,3.14.3,Windows-11-10.0.26200-SP0,"Intel64 Family 6 Model 170 Stepping 4, GenuineIntel",1000,1.25,1.2884399490725909,0.7,11,1709,1000,0.5851375073142189,random,261042,521042,781042,26,50156200,50156.2,7700.0,13604.999999999996,766679.9999999967,6475800,20,4498,4.498,5498,645,469,294,0.294,292.2761849034523,1.0058978978978979,4,5498,3070,709,162128,162.128,271076,True,276219844509643714,693069015946305164,2305843009213693951
n1000-g3-t0.5-r26-h781042,2efaf1348f57,3.14.3,Windows-11-10.0.26200-SP0,"Intel64 Family 6 Model 170 Stepping 4, GenuineIntel",1000,3.0,3.105358850890993,0.5,11,3163,1000,0.3161555485298767,random,261042,521042,781042,26,22338700,22338.7,7000.0,11900.0,41648.999999999956,7848100,5,776,0.776,1776,224,202,119,0.119,157.9196964906734,0.7535475475475476,3,1776,4212,2163,259584,259.584,308792,True,1251498556497259083,1250883394972813716,2305843009213693951
n1000-g1.25-t0.8-r26-h781042,2efaf1348f57,3.14.3,Windows-11-10.0.26200-SP0,"Intel64 Family 6 Model 170 Stepping 4, GenuineIntel",1000,1.25,1.2901634020556063,0.8,11,1361,1000,0.7347538574577517,random,261042,521042,781042,26,38821400,38821.4,6500.0,18700.0,363156.9999999987,7005300,19,4055,4.055,5055,712,511,341,0.341,367.00955180014694,0.9291311311311312,4,5055,2430,361,138832,138.832,221116,True,385508651094833850,328436681777170224,2305843009213693951
n1000-g4-t0.5-r26-h781042,2efaf1348f57,3.14.3,Windows-11-10.0.26200-SP0,"Intel64 Family 6 Model 170 Stepping 4, GenuineIntel",1000,4.0,4.091659060195906,0.5,11,3079,1000,0.3247807729782397,random,261042,521042,781042,26,13854600,13854.6,6500.0,7104.999999999995,13404.999999999996,4280300,4,507,0.507,1507,229,203,142,0.142,162.22799610263073,0.8753113113113113,3,1507,3848,2079,254272,254.272,272524,True,2103133709096051894,799656096436113905,2305843009213693951
n1000-g2-t0.7-r26-h781042,2efaf1348f57,3.14.3,Windows-11-10.0.26200-SP0,"Intel64 Family 6 Model 170 Stepping 4, GenuineIntel",1000,2.0,2.036527741565147,0.7,11,1597,1000,0.6261740763932373,random,261042,521042,781042,26,27737500,27737.5,12000.0,17704.999999999993,42813.99999999962,7010100,7,1093,1.093,2093,523,407,309,0.309,312.77395115842205,0.9879339339339339,5,2093,2394,597,155888,155.888,194656,True,1378466708346679352,1783449844015898581,2305843009213693951
n1000-g4-t0.7-r26-h781042,2efaf1348f57,3.14.3,Windows-11-10.0.26200-SP0,"Intel64 Family 6 Model 170 Stepping 4, GenuineIntel",1000,4.0,4.091659060195906,0.7,11,3079,1000,0.3247807729782397,random,261042,521042,781042,26,15848400,15848.4,5900.0,13904.999999999996,19172.999999999935,6145300,4,710,0.71,1710,314,267,142,0.142,162.22799610263073,0.8753113113113113,3,1710,3848,2079,254272,254.272,283356,True,2103133709096051894,799656096436113905,2305843009213693951
n1000-g1.5-t0.5-r26-h781042,2efaf1348f57,3.14.3,Windows-11-10.0.26200-SP0,"Intel64 Family 6 Model 170 Stepping 4, GenuineIntel",1000,1.5,1.5375603143577163,0.5,11,2927,1000,0.341646737273659,random,261042,521042,781042,26,27850300,27850.3,6000.0,7009.999999999991,69973.99999999939,6484900,13,2863,2.863,3863,395,343,148,0.148,170.65254526819268,0.8672592592592593,3,3863,4876,1927,245408,245.408,390916,True,647710212975911787,163543901346738213,2305843009213693951
n1000-g1.25-t0.9-r26-h781042,2efaf1348f57,3.14.3,Windows-11-10.0.26200-SP0,"Intel64 Family 6 Model 170 Stepping 4, GenuineIntel",1000,1.25,1.2901634020556063,0.9,11,1361,1000,0.7347538574577517,random,261042,521042,781042,26,47493000,47493.0,7000.0,19700.0,551898.9999999981,13566900,19,4564,4.564,5564,768,537,341,0.341,367.00955180014694,0.9291311311311312,4,5564,2430,361,138832,138.832,228092,True,385508651094833850,328436681777170224,2305843009213693951
n1000-g1.25-t0.5-r26-h781042,2efaf1348f57,3.14.3,Windows-11-10.0.26200-SP0,"Intel64 Family 6 Model 170 Stepping 4, GenuineIntel",1000,1.25,1.2866303730753477,0.5,11,2137,1000,0.4679457182966776,random,261042,521042,781042,26,37552900,37552.9,6200.0,10204.999999999996,807153.9999999978,6232600,21,4065,4.065,5065,436,358,195,0.195,233.73888628919045,0.8342642642642643,4,5065,3846,1137,192336,192.336,315564,True,1674023305212349611,789112445429112577,2305843009213693951
n1000-g2-t0.5-r26-h781042,2efaf1348f57,3.14.3,Windows-11-10.0.26200-SP0,"Intel64 Family 6 Model 170 Stepping 4, GenuineIntel",1000,2.0,2.032666219705446,0.5,11,3203,1000,0.3122073056509522,random,261042,521042,781042,26,27309500,27309.5,6400.0,13000.0,32813.999999999985,11121500,8,1579,1.579,2579,344,295,117,0.117,155.94754917265064,0.7502522522522522,3,2579,4800,2203,261824,261.824,368788,True,488721447234605018,13351451963862886,2305843009213693951
n1000-g4-t0.8-r26-h781042,2efaf1348f57,3.14.3,Windows-11-10.0.26200-SP0,"Intel64 Family 6 Model 170 Stepping 4, GenuineIntel",1000,4.0,4.091659060195906,0.8,11,3079,1000,0.3247807729782397,random,261042,521042,781042,26,16034100,16034.1,6600.0,8204.999999999996,30259.99999999995,5671700,4,812,0.812,1812,381,308,142,0.142,162.22799610263073,0.8753113113113113,3,1812,3848,2079,254272,254.272,288144,True,2103133709096051894,799656096436113905,2305843009213693951
n1000-g1.5-t0.9-r26-h781042,2efaf1348f57,3.14.3,Windows-11-10.0.26200-SP0,"Intel64 Family 6 Model 170 Stepping 4, GenuineIntel",1000,1.5,1.543133042590002,0.9,11,1289,1000,0.7757951900698216,random,261042,521042,781042,26,20744800,20744.8,6300.0,8900.0,133278.99999999985,4567300,11,2246,2.246,3246,702,510,334,0.334,387.5096974398759,0.8619139139139139,5,3246,2146,289,134864,134.864,194080,True,2117056334761483372,154153016982349500,2305843009213693951
n1000-g2-t0.9-r26-h781042,2efaf1348f57,3.14.3,Windows-11-10.0.26200-SP0,"Intel64 Family 6 Model 170 Stepping 4, GenuineIntel",1000,2.0,2.036527741565147,0.9,11,1597,1000,0.6261740763932373,random,261042,521042,781042,26,19289700,19289.7,7000.0,9500.0,48491.99999999964,4937200,7,1409,1.409,2409,637,462,309,0.309,312.77395115842205,0.9879339339339339,5,2409,2394,597,155888,155.888,205196,True,1378466708346679352,1783449844015898581,2305843009213693951
n1000-g4-t0.9-r26-h781042,2efaf1348f57,3.14.3,Windows-11-10.0.26200-SP0,"Intel64 Family 6 Model 170 Stepping 4, GenuineIntel",1000,4.0,4.091659060195906,0.9,11,3079,1000,0.3247807729782397,random,261042,521042,781042,26,20049000,20049.0,7700.0,17900.0,52108.99999999999,6051000,4,914,0.914,1914,433,339,142,0.142,162.22799610263073,0.8753113113113113,3,1914,3848,2079,254272,254.272,293284,True,2103133709096051894,799656096436113905,2305843009213693951
n1000-g1.5-t0.8-r26-h781042,2efaf1348f57,3.14.3,Windows-11-10.0.26200-SP0,"Intel64 Family 6 Model 170 Stepping 4, GenuineIntel",1000,1.5,1.543133042590002,0.8,11,1289,1000,0.7757951900698216,random,261042,521042,781042,26,18186000,18186.0,6000.0,7300.0,66802.0,4535600,11,1995,1.995,2995,603,446,334,0.334,387.5096974398759,0.8619139139139139,5,2995,2146,289,134864,134.864,188608,True,2117056334761483372,154153016982349500,2305843009213693951
n1000-g3-t0.9-r26-h781042,2efaf1348f57,3.14.3,Windows-11-10.0.26200-SP0,"Intel64 Family 6 Model 170 Stepping 4, GenuineIntel",1000,3.0,3.105358850890993,0.9,11,3163,1000,0.3161555485298767,random,261042,521042,781042,26,24204000,24204.0,6000.0,13504.999999999996,18303.0,13121500,5,1399,1.399,2399,542,413,119,0.119,157.9196964906734,0.7535475475475476,3,2399,4212,2163,259584,259.584,335120,True,1251498556497259083,1250883394972813716,2305843009213693951
n1000-g3-t0.7-r26-h781042,2efaf1348f57,3.14.3,Windows-11-10.0.26200-SP0,"Intel64 Family 6 Model 170 Stepping 4, GenuineIntel",1000,3.0,3.105358850890993,0.7,11,3163,1000,0.3161555485298767,random,261042,521042,781042,26,17832000,17832.0,6300.0,9709.999999999989,39162.99999999994,6934300,5,1087,1.087,2087,372,306,119,0.119,157.9196964906734,0.7535475475475476,3,2087,4212,2163,259584,259.584,321696,True,1251498556497259083,1250883394972813716,2305843009213693951
n1000-g2-t0.8-r27-h811042,2efaf1348f57,3.14.3,Windows-11-10.0.26200-SP0,"Intel64 Family 6 Model 170 Stepping 4, GenuineIntel",1000,2.0,2.036527741565147,0.8,11,1597,1000,0.6261740763932373,random,271042,541042,811042,27,29886700,29886.7,12300.0,14300.0,34737.99999999951,8019800,7,1251,1.251,2251,562,433,264,0.264,312.77395115842205,0.8440600600600601,4,2251,2394,597,156304,156.304,200152,True,1746349749656053049,64147597222801238,2305843009213693951
n1000-g3-t0.7-r27-h811042,2efaf1348f57,3.14.3,Windows-11-10.0.26200-SP0,"Intel64 Family 6 Model 170 Stepping 4, GenuineIntel",1000,3.0,3.105358850890993,0.7,11,3163,1000,0.3161555485298767,random,271042,541042,811042,27,26067500,26067.5,11800.0,16200.0,28314.999999999985,6928200,5,1087,1.087,2087,353,296,143,0.143,157.9196964906734,0.9055235235235236,4,2087,4212,2163,259008,259.008,321976,True,1204532511791106703,93988032467075955,2305843009213693951
n1000-g1.5-t0.7-r27-h811042,2efaf1348f57,3.14.3,Windows-11-10.0.26200-SP0,"Intel64 Family 6 Model 170 Stepping 4, GenuineIntel",1000,1.5,1.5405406911613417,0.7,11,1949,1000,0.513083632632119,random,271042,541042,811042,27,29777400,29777.4,6400.0,14500.0,92813.99999999962,8559300,12,2646,2.646,3646,564,433,253,0.253,256.2852744997435,0.9871811811811811,5,3646,3238,949,178256,178.256,275628,True,3170247816235244,929636911261717118,2305843009213693951
n1000-g3-t0.8-r27-h811042,2efaf1348f57,3.14.3,Windows-11-10.0.26200-SP0,"Intel64 Family 6 Model 170 Stepping 4, GenuineIntel",1000,3.0,3.105358850890993,0.8,11,3163,1000,0.3161555485298767,random,271042,541042,811042,27,22592600,22592.6,7500.0,11200.0,21811.999999999985,7812100,5,1243,1.243,2243,431,353,143,0.143,157.9196964906734,0.9055235235235236,4,2243,4212,2163,259008,259.008,328632,True,1204532511791106703,93988032467075955,2305843009213693951
n1000-g1.25-t0.5-r27-h811042,2efaf1348f57,3.14.3,Windows-11-10.0.26200-SP0,"Intel64 Family 6 Model 170 Stepping 4, GenuineIntel",1000,1.25,1.2866303730753477,0.5,11,2137,1000,0.4679457182966776,random,271042,541042,811042,27,39912500,39912.5,6000.0,13000.0,448128.9999999984,9922600,21,4065,4.065,5065,411,343,191,0.191,233.73888628919045,0.8171511511511512,3,5065,3846,1137,192240,192.24,316668,True,2301167706988058900,989327062947707069,2305843009213693951
n1000-g2-t0.7-r27-h811042,2efaf1348f57,3.14.3,Windows-11-10.0.26200-SP0,"Intel64 Family 6 Model 170 Stepping 4, GenuineIntel",1000,2.0,2.036527741565147,0.7,11,1597,1000,0.6261740763932373,random,271042,541042,811042,27,20976900,20976.9,7200.0,10119.999999999982,88372.99999999993,4506700,7,1093,1.093,2093,491,398,264,0.264,312.77395115842205,0.8440600600600601,4,2093,2394,597,156304,156.304,194968,True,1746349749656053049,64147597222801238,2305843009213693951
n1000-g4-t0.8-r27-h811042,2efaf1348f57,3.14.3,Windows-11-10.0.26200-SP0,"Intel64 Family 6 Model 170 Stepping 4, GenuineIntel",1000,4.0,4.091659060195906,0.8,11,3079,1000,0.3247807729782397,random,271042,541042,811042,27,15389400,15389.4,6700.0,7604.999999999995,10226.999999999975,5791900,4,812,0.812,1812,535,372,146,0.146,162.22799610263073,0.899967967967968,4,1812,3848,2079,254304,254.304,285508,True,2055149582222286114,1491269217739762345,2305843009213693951
n1000-g3-t0.5-r27-h811042,2efaf1348f57,3.14.3,Windows-11-10.0.26200-SP0,"Intel64 Family 6 Model 170 Stepping 4, GenuineIntel",1000,3.0,3.105358850890993,0.5,11,3163,1000,0.3161555485298767,random,271042,541042,811042,27,21973900,21973.9,8900.0,10900.0,17306.999999999993,7559400,5,776,0.776,1776,275,235,143,0.143,157.9196964906734,0.9055235235235236,4,1776,4212,2163,259008,259.008,308464,True,1204532511791106703,93988032467075955,2305843009213693951
n1000-g1.5-t0.8-r27-h811042,2efaf1348f57,3.14.3,Windows-11-10.0.26200-SP0,"Intel64 Family 6 Model 170 Stepping 4, GenuineIntel",1000,1.5,1.543133042590002,0.8,11,1289,1000,0.7757951900698216,random,271042,541042,811042,27,19268000,19268.0,6300.0,7600.0,74270.99999999984,4477300,11,1995,1.995,2995,637,462,385,0.385,387.5096974398759,0.9935235235235235,4,2995,2146,289,133520,133.52,189380,True,195062457368620297,565485137987158007,2305843009213693951
n1000-g1.25-t0.9-r27-h811042,2efaf1348f57,3.14.3,Windows-11-10.0.26200-SP0,"Intel64 Family 6 Model 170 Stepping 4, GenuineIntel",1000,1.25,1.2901634020556063,0.9,11,1361,1000,0.7347538574577517,random,271042,541042,811042,27,45934100,45934.1,8100.0,13500.0,629141.9999999949,5916400,19,4564,4.564,5564,732,529,331,0.331,367.00955180014694,0.901883883883884,4,5564,2430,361,138640,138.64,228296,True,360713380203059296,2078251642137558847,2305843009213693951
n1000-g4-t0.9-r27-h811042,2efaf1348f57,3.14.3,Windows-11-10.0.26200-SP0,"Intel64 Family 6 Model 170 Stepping 4, GenuineIntel",1000,4.0,4.091659060195906,0.9,11,3079,1000,0.3247807729782397,random,271042,541042,811042,27,26831300,26831.3,11700.0,17600.0,22711.99999999999,10060000,4,914,0.914,1914,643,426,146,0.146,162.22799610263073,0.899967967967968,4,1914,3848,2079,254304,254.304,289944,True,2055149582222286114,1491269217739762345,2305843009213693951
n1000-g1.5-t0.9-r27-h811042,2efaf1348f57,3.14.3,Windows-11-10.0.26200-SP0,"Intel64 Family 6 Model 170 Stepping 4, GenuineIntel",1000,1.5,1.543133042590002,0.9,11,1289,1000,0.7757951900698216,random,271042,541042,811042,27,30097400,30097.4,7200.0,12500.0,150998.99999999945,7481000,11,2246,2.246,3246,698,496,385,0.385,387.5096974398759,0.9935235235235235,4,3246,2146,289,133520,133.52,194852,True,195062457368620297,565485137987158007,2305843009213693951
n1000-g4-t0.7-r27-h811042,2efaf1348f57,3.14.3,Windows-11-10.0.26200-SP0,"Intel64 Family 6 Model 170 Stepping 4, GenuineIntel",1000,4.0,4.091659060195906,0.7,11,3079,1000,0.3247807729782397,random,271042,541042,811042,27,20588400,20588.4,6300.0,12900.0,19534.999999999876,10107100,4,710,0.71,1710,441,321,146,0.146,162.22799610263073,0.899967967967968,4,1710,3848,2079,254304,254.304,281008,True,2055149582222286114,1491269217739762345,2305843009213693951
n1000-g2-t0.5-r27-h811042,2efaf1348f57,3.14.3,Windows-11-10.0.26200-SP0,"Intel64 Family 6 Model 170 Stepping 4, GenuineIntel",1000,2.0,2.032666219705446,0.5,11,3203,1000,0.3122073056509522,random,271042,541042,811042,27,21639600,21639.6,5800.0,13200.0,28311.99999999999,7689100,8,1579,1.579,2579,336,302,127,0.127,155.94754917265064,0.8143763763763764,3,2579,4800,2203,261632,261.632,369032,True,1541154193865983772,2296088077196229767,2305843009213693951
n1000-g1.25-t0.7-r27-h811042,2efaf1348f57,3.14.3,Windows-11-10.0.26200-SP0,"Intel64 Family 6 Model 170 Stepping 4, GenuineIntel",1000,1.25,1.2884399490725909,0.7,11,1709,1000,0.5851375073142189,random,271042,541042,811042,27,43252300,43252.3,8300.0,9600.0,638615.9999999998,6183400,20,4498,4.498,5498,553,424,267,0.267,292.2761849034523,0.9135195195195196,4,5498,3070,709,163056,163.056,271060,True,576203879695896946,1087285301264679954,2305843009213693951
n1000-g1.25-t0.8-r27-h811042,2efaf1348f57,3.14.3,Windows-11-10.0.26200-SP0,"Intel64 Family 6 Model 170 Stepping 4, GenuineIntel",1000,1.25,1.2901634020556063,0.8,11,1361,1000,0.7347538574577517,random,271042,541042,811042,27,38099100,38099.1,7100.0,10100.0,657102.9999999971,5945800,19,4055,4.055,5055,641,486,331,0.331,367.00955180014694,0.901883883883884,4,5055,2430,361,138640,138.64,221640,True,360713380203059296,2078251642137558847,2305843009213693951
n1000-g3-t0.9-r27-h811042,2efaf1348f57,3.14.3,Windows-11-10.0.26200-SP0,"Intel64 Family 6 Model 170 Stepping 4, GenuineIntel",1000,3.0,3.105358850890993,0.9,11,3163,1000,0.3161555485298767,random,271042,541042,811042,27,19015200,19015.2,6600.0,7500.0,10213.999999999987,7752600,5,1399,1.399,2399,517,406,143,0.143,157.9196964906734,0.9055235235235236,4,2399,4212,2163,259008,259.008,335272,True,1204532511791106703,93988032467075955,2305843009213693951
n1000-g4-t0.5-r27-h811042,2efaf1348f57,3.14.3,Windows-11-10.0.26200-SP0,"Intel64 Family 6 Model 170 Stepping 4, GenuineIntel",1000,4.0,4.091659060195906,0.5,11,3079,1000,0.3247807729782397,random,271042,541042,811042,27,14754700,14754.7,6300.0,7200.0,14302.0,6046800,4,507,0.507,1507,335,260,146,0.146,162.22799610263073,0.899967967967968,4,1507,3848,2079,254304,254.304,270528,True,2055149582222286114,1491269217739762345,2305843009213693951
n1000-g1.5-t0.5-r27-h811042,2efaf1348f57,3.14.3,Windows-11-10.0.26200-SP0,"Intel64 Family 6 Model 170 Stepping 4, GenuineIntel",1000,1.5,1.5375603143577163,0.5,11,2927,1000,0.341646737273659,random,271042,541042,811042,27,47011000,47011.0,9100.0,16100.0,184837.99999999852,9036100,13,2863,2.863,3863,406,346,146,0.146,170.65254526819268,0.8555395395395395,3,3863,4876,1927,245504,245.504,390660,True,1508065988196687258,1667251172646773378,2305843009213693951
n1000-g2-t0.9-r27-h811042,2efaf1348f57,3.14.3,Windows-11-10.0.26200-SP0,"Intel64 Family 6 Model 170 Stepping 4, GenuineIntel",1000,2.0,2.036527741565147,0.9,11,1597,1000,0.6261740763932373,random,271042,541042,811042,27,25319700,25319.7,8800.0,13000.0,46727.99999999988,5556700,7,1409,1.409,2409,615,446,264,0.264,312.77395115842205,0.8440600600600601,4,2409,2394,597,156304,156.304,205700,True,1746349749656053049,64147597222801238,2305843009213693951
n1000-g1.5-t0.9-r28-h841042,2efaf1348f57,3.14.3,Windows-11-10.0.26200-SP0,"Intel64 Family 6 Model 170 Stepping 4, GenuineIntel",1000,1.5,1.543133042590002,0.9,11,1289,1000,0.7757951900698216,random,281042,561042,841042,28,24213700,24213.7,6650.0,16404.999999999996,77631.99999999978,5934900,11,2246,2.246,3246,726,518,378,0.378,387.5096974398759,0.9754594594594594,5,3246,2146,289,134128,134.128,194768,True,896750539370563842,1452006525376287917,2305843009213693951
n1000-g1.5-t0.7-r28-h841042,2efaf1348f57,3.14.3,Windows-11-10.0.26200-SP0,"Intel64 Family 6 Model 170 Stepping 4, GenuineIntel",1000,1.5,1.5405406911613417,0.7,11,1949,1000,0.513083632632119,random,281042,561042,841042,28,44014900,44014.9,12300.0,15800.0,139382.99999999945,9770200,12,2646,2.646,3646,526,409,233,0.233,256.2852744997435,0.909143143143143,4,3646,3238,949,178832,178.832,276196,True,507575624398085655,192784751828899305,2305843009213693951
n1000-g4-t0.5-r28-h841042,2efaf1348f57,3.14.3,Windows-11-10.0.26200-SP0,"Intel64 Family 6 Model 170 Stepping 4, GenuineIntel",1000,4.0,4.091659060195906,0.5,11,3079,1000,0.3247807729782397,random,281042,561042,841042,28,25770900,25770.9,12600.0,16800.0,22811.99999999999,8358300,4,507,0.507,1507,244,219,158,0.158,162.22799610263073,0.9739379379379379,3,1507,3848,2079,253792,253.792,272704,True,2078402393474359020,1590070413644862884,2305843009213693951
n1000-g4-t0.7-r28-h841042,2efaf1348f57,3.14.3,Windows-11-10.0.26200-SP0,"Intel64 Family 6 Model 170 Stepping 4, GenuineIntel",1000,4.0,4.091659060195906,0.7,11,3079,1000,0.3247807729782397,random,281042,561042,841042,28,55392900,55392.9,15300.0,18100.0,31002.0,35154800,4,710,0.71,1710,320,279,158,0.158,162.22799610263073,0.9739379379379379,3,1710,3848,2079,253792,253.792,283376,True,2078402393474359020,1590070413644862884,2305843009213693951
n1000-g2-t0.7-r28-h841042,2efaf1348f57,3.14.3,Windows-11-10.0.26200-SP0,"Intel64 Family 6 Model 170 Stepping 4, GenuineIntel",1000,2.0,2.036527741565147,0.7,11,1597,1000,0.6261740763932373,random,281042,561042,841042,28,35275200,35275.2,13300.0,19500.0,68776.99999999993,10378100,7,1093,1.093,2093,527,415,349,0.349,312.77395115842205,1.1158218218218219,5,2093,2394,597,154608,154.608,194804,True,483351442014452876,1608753324089257108,2305843009213693951
n1000-g1.5-t0.5-r28-h841042,2efaf1348f57,3.14.3,Windows-11-10.0.26200-SP0,"Intel64 Family 6 Model 170 Stepping 4, GenuineIntel",1000,1.5,1.5375603143577163,0.5,11,2927,1000,0.341646737273659,random,281042,561042,841042,28,57267400,57267.4,12200.0,13900.0,160802.9999999988,17039700,13,2863,2.863,3863,398,329,169,0.169,170.65254526819268,0.9903163163163163,3,3863,4876,1927,245152,245.152,391164,True,1124706915741910152,609466984358017704,2305843009213693951
n1000-g3-t0.8-r28-h841042,2efaf1348f57,3.14.3,Windows-11-10.0.26200-SP0,"Intel64 Family 6 Model 170 Stepping 4, GenuineIntel",1000,3.0,3.105358850890993,0.8,11,3163,1000,0.3161555485298767,random,281042,561042,841042,28,20026300,20026.3,6900.0,11200.0,18244.99999999996,6253000,5,1243,1.243,2243,478,382,127,0.127,157.9196964906734,0.8042062062062062,3,2243,4212,2163,259296,259.296,328312,True,778478845593240918,847642792095768380,2305843009213693951
n1000-g4-t0.9-r28-h841042,2efaf1348f57,3.14.3,Windows-11-10.0.26200-SP0,"Intel64 Family 6 Model 170 Stepping 4, GenuineIntel",1000,4.0,4.091659060195906,0.9,11,3079,1000,0.3247807729782397,random,281042,561042,841042,28,20115800,20115.8,7700.0,9504.999999999996,14911.999999999989,7316400,4,914,0.914,1914,424,339,158,0.158,162.22799610263073,0.9739379379379379,3,1914,3848,2079,253792,253.792,293464,True,2078402393474359020,1590070413644862884,2305843009213693951
n1000-g2-t0.5-r28-h841042,2efaf1348f57,3.14.3,Windows-11-10.0.26200-SP0,"Intel64 Family 6 Model 170 Stepping 4, GenuineIntel",1000,2.0,2.032666219705446,0.5,11,3203,1000,0.3122073056509522,random,281042,561042,841042,28,30358700,30358.7,8800.0,19409.99999999999,78957.99999999985,6518700,8,1579,1.579,2579,374,303,140,0.14,155.94754917265064,0.8977377377377378,3,2579,4800,2203,261440,261.44,368068,True,23701531820037918,1191314919875758195,2305843009213693951
n1000-g3-t0.5-r28-h841042,2efaf1348f57,3.14.3,Windows-11-10.0.26200-SP0,"Intel64 Family 6 Model 170 Stepping 4, GenuineIntel",1000,3.0,3.105358850890993,0.5,11,3163,1000,0.3161555485298767,random,281042,561042,841042,28,26805400,26805.4,12300.0,13400.0,22501.0,8986000,5,776,0.776,1776,261,230,127,0.127,157.9196964906734,0.8042062062062062,3,1776,4212,2163,259296,259.296,308432,True,778478845593240918,847642792095768380,2305843009213693951
n1000-g1.25-t0.7-r28-h841042,2efaf1348f57,3.14.3,Windows-11-10.0.26200-SP0,"Intel64 Family 6 Model 170 Stepping 4, GenuineIntel",1000,1.25,1.2884399490725909,0.7,11,1709,1000,0.5851375073142189,random,281042,561042,841042,28,33903100,33903.1,5900.0,10600.0,369851.9999999986,6100900,20,4498,4.498,5498,754,505,278,0.278,292.2761849034523,0.9511551551551551,4,5498,3070,709,162608,162.608,264356,True,137665469682363373,1760042041745369068,2305843009213693951
n1000-g1.5-t0.8-r28-h841042,2efaf1348f57,3.14.3,Windows-11-10.0.26200-SP0,"Intel64 Family 6 Model 170 Stepping 4, GenuineIntel",1000,1.5,1.543133042590002,0.8,11,1289,1000,0.7757951900698216,random,281042,561042,841042,28,37055500,37055.5,14400.0,16900.0,133784.99999999994,7345200,11,1995,1.995,2995,644,479,378,0.378,387.5096974398759,0.9754594594594594,5,2995,2146,289,134128,134.128,189176,True,896750539370563842,1452006525376287917,2305843009213693951
n1000-g1.25-t0.9-r28-h841042,2efaf1348f57,3.14.3,Windows-11-10.0.26200-SP0,"Intel64 Family 6 Model 170 Stepping 4, GenuineIntel",1000,1.25,1.2901634020556063,0.9,11,1361,1000,0.7347538574577517,random,281042,561042,841042,28,65146100,65146.1,14100.0,23300.0,730426.9999999973,12065500,19,4564,4.564,5564,837,563,805,0.805,367.00955180014694,2.1934034034034036,7,5564,2430,361,131632,131.632,227540,True,1764642766606938275,2089588266495966497,2305843009213693951
n1000-g4-t0.8-r28-h841042,2efaf1348f57,3.14.3,Windows-11-10.0.26200-SP0,"Intel64 Family 6 Model 170 Stepping 4, GenuineIntel",1000,4.0,4.091659060195906,0.8,11,3079,1000,0.3247807729782397,random,281042,561042,841042,28,29895800,29895.8,12500.0,13900.0,21617.999999999985,12212600,4,812,0.812,1812,371,309,158,0.158,162.22799610263073,0.9739379379379379,3,1812,3848,2079,253792,253.792,288292,True,2078402393474359020,1590070413644862884,2305843009213693951
n1000-g3-t0.7-r28-h841042,2efaf1348f57,3.14.3,Windows-11-10.0.26200-SP0,"Intel64 Family 6 Model 170 Stepping 4, GenuineIntel",1000,3.0,3.105358850890993,0.7,11,3163,1000,0.3161555485298767,random,281042,561042,841042,28,35159300,35159.3,12500.0,17200.0,29321.999999999978,15331900,5,1087,1.087,2087,400,329,127,0.127,157.9196964906734,0.8042062062062062,3,2087,4212,2163,259296,259.296,321720,True,778478845593240918,847642792095768380,2305843009213693951
n1000-g2-t0.8-r28-h841042,2efaf1348f57,3.14.3,Windows-11-10.0.26200-SP0,"Intel64 Family 6 Model 170 Stepping 4, GenuineIntel",1000,2.0,2.036527741565147,0.8,11,1597,1000,0.6261740763932373,random,281042,561042,841042,28,32643600,32643.6,12700.0,18304.999999999996,27726.999999999975,9241300,7,1251,1.251,2251,571,439,349,0.349,312.77395115842205,1.1158218218218219,5,2251,2394,597,154608,154.608,200188,True,483351442014452876,1608753324089257108,2305843009213693951
n1000-g1.25-t0.5-r28-h841042,2efaf1348f57,3.14.3,Windows-11-10.0.26200-SP0,"Intel64 Family 6 Model 170 Stepping 4, GenuineIntel",1000,1.25,1.2866303730753477,0.5,11,2137,1000,0.4679457182966776,random,281042,561042,841042,28,55440800,55440.8,7400.0,16709.999999999993,585008.9999999984,9233300,21,4065,4.065,5065,502,381,207,0.207,233.73888628919045,0.8856036036036037,4,5065,3846,1137,191952,191.952,316272,True,241304792612059088,1202942858453423741,2305843009213693951
n1000-g3-t0.9-r28-h841042,2efaf1348f57,3.14.3,Windows-11-10.0.26200-SP0,"Intel64 Family 6 Model 170 Stepping 4, GenuineIntel",1000,3.0,3.105358850890993,0.9,11,3163,1000,0.3161555485298767,random,281042,561042,841042,28,23334800,23334.8,7300.0,17000.0,36609.99999999999,9164300,5,1399,1.399,2399,556,422,127,0.127,157.9196964906734,0.8042062062062062,3,2399,4212,2163,259296,259.296,335272,True,778478845593240918,847642792095768380,2305843009213693951
n1000-g1.25-t0.8-r28-h841042,2efaf1348f57,3.14.3,Windows-11-10.0.26200-SP0,"Intel64 Family 6 Model 170 Stepping 4, GenuineIntel",1000,1.25,1.2901634020556063,0.8,11,1361,1000,0.7347538574577517,random,281042,561042,841042,28,54952700,54952.7,11900.0,14309.999999999993,657046.9999999972,8861400,19,4055,4.055,5055,832,544,805,0.805,367.00955180014694,2.1934034034034036,7,5055,2430,361,131632,131.632,220724,True,1764642766606938275,2089588266495966497,2305843009213693951
n1000-g2-t0.9-r28-h841042,2efaf1348f57,3.14.3,Windows-11-10.0.26200-SP0,"Intel64 Family 6 Model 170 Stepping 4, GenuineIntel",1000,2.0,2.036527741565147,0.9,11,1597,1000,0.6261740763932373,random,281042,561042,841042,28,23466700,23466.7,8200.0,12300.0,16624.999999999978,5604200,7,1409,1.409,2409,641,476,349,0.349,312.77395115842205,1.1158218218218219,5,2409,2394,597,154608,154.608,205376,True,483351442014452876,1608753324089257108,2305843009213693951
n1000-g2-t0.5-r29-h871042,2efaf1348f57,3.14.3,Windows-11-10.0.26200-SP0,"Intel64 Family 6 Model 170 Stepping 4, GenuineIntel",1000,2.0,2.032666219705446,0.5,11,3203,1000,0.3122073056509522,random,291042,581042,871042,29,25246600,25246.6,6800.0,12300.0,22053.99999999995,6600700,8,1579,1.579,2579,351,299,138,0.138,155.94754917265064,0.884912912912913,3,2579,4800,2203,261248,261.248,368812,True,2230732420284207483,666333537933442651,2305843009213693951
n1000-g2-t0.9-r29-h871042,2efaf1348f57,3.14.3,Windows-11-10.0.26200-SP0,"Intel64 Family 6 Model 170 Stepping 4, GenuineIntel",1000,2.0,2.036527741565147,0.9,11,1597,1000,0.6261740763932373,random,291042,581042,871042,29,19367500,19367.5,6600.0,8204.999999999996,17712.999999999985,6062500,7,1409,1.409,2409,633,464,280,0.28,312.77395115842205,0.8952152152152152,4,2409,2394,597,156080,156.08,205232,True,73585707441375664,2211520656869300753,2305843009213693951
n1000-g4-t0.7-r29-h871042,2efaf1348f57,3.14.3,Windows-11-10.0.26200-SP0,"Intel64 Family 6 Model 170 Stepping 4, GenuineIntel",1000,4.0,4.091659060195906,0.7,11,3079,1000,0.3247807729782397,random,291042,581042,871042,29,16379800,16379.8,6700.0,7504.999999999995,14408.999999999993,6411200,4,710,0.71,1710,318,262,126,0.126,162.22799610263073,0.7766846846846847,3,1710,3848,2079,254560,254.56,283328,True,2114232114125308825,623928975544509347,2305843009213693951
n1000-g1.25-t0.8-r29-h871042,2efaf1348f57,3.14.3,Windows-11-10.0.26200-SP0,"Intel64 Family 6 Model 170 Stepping 4, GenuineIntel",1000,1.25,1.2901634020556063,0.8,11,1361,1000,0.7347538574577517,random,291042,581042,871042,29,28500900,28500.9,6100.0,7704.999999999995,354830.9999999984,4397700,19,4055,4.055,5055,699,506,352,0.352,367.00955180014694,0.9591031031031031,5,5055,2430,361,138608,138.608,221080,True,863677298441592062,1885445763560653668,2305843009213693951
n1000-g3-t0.7-r29-h871042,2efaf1348f57,3.14.3,Windows-11-10.0.26200-SP0,"Intel64 Family 6 Model 170 Stepping 4, GenuineIntel",1000,3.0,3.105358850890993,0.7,11,3163,1000,0.3161555485298767,random,291042,581042,871042,29,33286200,33286.2,12500.0,17304.999999999993,31139.999999999964,12349900,5,1087,1.087,2087,365,310,154,0.154,157.9196964906734,0.9751791791791793,3,2087,4212,2163,258624,258.624,322148,True,481731228322333964,1668408874246383885,2305843009213693951
n1000-g1.5-t0.5-r29-h871042,2efaf1348f57,3.14.3,Windows-11-10.0.26200-SP0,"Intel64 Family 6 Model 170 Stepping 4, GenuineIntel",1000,1.5,1.5375603143577163,0.5,11,2927,1000,0.341646737273659,random,291042,581042,871042,29,56588300,56588.3,9750.0,16500.0,318627.99999999965,14767400,13,2863,2.863,3863,383,321,140,0.14,170.65254526819268,0.8203803803803804,3,3863,4876,1927,245984,245.984,391276,True,1300134692062791891,1821099873029664107,2305843009213693951
n1000-g1.5-t0.8-r29-h871042,2efaf1348f57,3.14.3,Windows-11-10.0.26200-SP0,"Intel64 Family 6 Model 170 Stepping 4, GenuineIntel",1000,1.5,1.543133042590002,0.8,11,1289,1000,0.7757951900698216,random,291042,581042,871042,29,42491500,42491.5,15700.0,18000.0,76350.99999999978,10200000,11,1995,1.995,2995,587,451,355,0.355,387.5096974398759,0.9161061061061061,5,2995,2146,289,134160,134.16,189216,True,596745997745650949,1949941817855725698,2305843009213693951
n1000-g1.5-t0.7-r29-h871042,2efaf1348f57,3.14.3,Windows-11-10.0.26200-SP0,"Intel64 Family 6 Model 170 Stepping 4, GenuineIntel",1000,1.5,1.5405406911613417,0.7,11,1949,1000,0.513083632632119,random,291042,581042,871042,29,50276300,50276.3,12800.0,14900.0,146595.99999999974,12415800,12,2646,2.646,3646,540,427,221,0.221,256.2852744997435,0.8623203203203202,3,3646,3238,949,178928,178.928,276012,True,1204065889280675819,1691645746207989868,2305843009213693951
n1000-g4-t0.9-r29-h871042,2efaf1348f57,3.14.3,Windows-11-10.0.26200-SP0,"Intel64 Family 6 Model 170 Stepping 4, GenuineIntel",1000,4.0,4.091659060195906,0.9,11,3079,1000,0.3247807729782397,random,291042,581042,871042,29,33032400,33032.4,11750.0,17800.0,56338.99999999996,14988900,4,914,0.914,1914,428,340,126,0.126,162.22799610263073,0.7766846846846847,3,1914,3848,2079,254560,254.56,293160,True,2114232114125308825,623928975544509347,2305843009213693951
n1000-g4-t0.8-r29-h871042,2efaf1348f57,3.14.3,Windows-11-10.0.26200-SP0,"Intel64 Family 6 Model 170 Stepping 4, GenuineIntel",1000,4.0,4.091659060195906,0.8,11,3079,1000,0.3247807729782397,random,291042,581042,871042,29,29201200,29201.2,10900.0,17200.0,100027.9999999997,10660700,4,812,0.812,1812,365,299,126,0.126,162.22799610263073,0.7766846846846847,3,1812,3848,2079,254560,254.56,288244,True,2114232114125308825,623928975544509347,2305843009213693951
n1000-g1.5-t0.9-r29-h871042,2efaf1348f57,3.14.3,Windows-11-10.0.26200-SP0,"Intel64 Family 6 Model 170 Stepping 4, GenuineIntel",1000,1.5,1.543133042590002,0.9,11,1289,1000,0.7757951900698216,random,291042,581042,871042,29,39941200,39941.2,10600.0,14900.0,159894.99999999948,9212400,11,2246,2.246,3246,678,488,355,0.355,387.5096974398759,0.9161061061061061,5,3246,2146,289,134160,134.16,194880,True,596745997745650949,1949941817855725698,2305843009213693951
n1000-g1.25-t0.5-r29-h871042,2efaf1348f57,3.14.3,Windows-11-10.0.26200-SP0,"Intel64 Family 6 Model 170 Stepping 4, GenuineIntel",1000,1.25,1.2866303730753477,0.5,11,2137,1000,0.4679457182966776,random,291042,581042,871042,29,33714600,33714.6,6100.0,8300.0,443202.99999999773,5007200,21,4065,4.065,5065,532,387,691,0.691,233.73888628919045,2.9562902902902906,5,5065,3846,1137,183504,183.504,315760,True,1392042955234805618,1513862674948881984,2305843009213693951
n1000-g3-t0.5-r29-h871042,2efaf1348f57,3.14.3,Windows-11-10.0.26200-SP0,"Intel64 Family 6 Model 170 Stepping 4, GenuineIntel",1000,3.0,3.105358850890993,0.5,11,3163,1000,0.3161555485298767,random,291042,581042,871042,29,32428000,32428.0,13500.0,19409.99999999999,65894.99999999991,10641000,5,776,0.776,1776,259,230,154,0.154,157.9196964906734,0.9751791791791793,3,1776,4212,2163,258624,258.624,308668,True,481731228322333964,1668408874246383885,2305843009213693951
n1000-g2-t0.8-r29-h871042,2efaf1348f57,3.14.3,Windows-11-10.0.26200-SP0,"Intel64 Family 6 Model 170 Stepping 4, GenuineIntel",1000,2.0,2.036527741565147,0.8,11,1597,1000,0.6261740763932373,random,291042,581042,871042,29,25073100,25073.1,9900.0,12209.99999999999,39225.99999999998,6475800,7,1251,1.251,2251,543,420,280,0.28,312.77395115842205,0.8952152152152152,4,2251,2394,597,156080,156.08,200108,True,73585707441375664,2211520656869300753,2305843009213693951
n1000-g2-t0.7-r29-h871042,2efaf1348f57,3.14.3,Windows-11-10.0.26200-SP0,"Intel64 Family 6 Model 170 Stepping 4, GenuineIntel",1000,2.0,2.036527741565147,0.7,11,1597,1000,0.6261740763932373,random,291042,581042,871042,29,18804000,18804.0,6700.0,12100.0,37325.99999999998,3911000,7,1093,1.093,2093,490,393,280,0.28,312.77395115842205,0.8952152152152152,4,2093,2394,597,156080,156.08,194884,True,73585707441375664,2211520656869300753,2305843009213693951
n1000-g1.25-t0.7-r29-h871042,2efaf1348f57,3.14.3,Windows-11-10.0.26200-SP0,"Intel64 Family 6 Model 170 Stepping 4, GenuineIntel",1000,1.25,1.2884399490725909,0.7,11,1709,1000,0.5851375073142189,random,291042,581042,871042,29,60332700,60332.7,10000.0,19904.999999999996,777622.9999999969,11854300,20,4498,4.498,5498,609,457,281,0.281,292.2761849034523,0.9614194194194194,5,5498,3070,709,162704,162.704,270884,True,238683772528305202,1825244327070138616,2305843009213693951
n1000-g4-t0.5-r29-h871042,2efaf1348f57,3.14.3,Windows-11-10.0.26200-SP0,"Intel64 Family 6 Model 170 Stepping 4, GenuineIntel",1000,4.0,4.091659060195906,0.5,11,3079,1000,0.3247807729782397,random,291042,581042,871042,29,25238100,25238.1,13350.0,16400.0,28115.999999999985,9413500,4,507,0.507,1507,235,207,126,0.126,162.22799610263073,0.7766846846846847,3,1507,3848,2079,254560,254.56,272336,True,2114232114125308825,623928975544509347,2305843009213693951
n1000-g3-t0.8-r29-h871042,2efaf1348f57,3.14.3,Windows-11-10.0.26200-SP0,"Intel64 Family 6 Model 170 Stepping 4, GenuineIntel",1000,3.0,3.105358850890993,0.8,11,3163,1000,0.3161555485298767,random,291042,581042,871042,29,29507800,29507.8,9400.0,16300.0,27903.0,11357600,5,1243,1.243,2243,456,367,154,0.154,157.9196964906734,0.9751791791791793,3,2243,4212,2163,258624,258.624,328836,True,481731228322333964,1668408874246383885,2305843009213693951
n1000-g3-t0.9-r29-h871042,2efaf1348f57,3.14.3,Windows-11-10.0.26200-SP0,"Intel64 Family 6 Model 170 Stepping 4, GenuineIntel",1000,3.0,3.105358850890993,0.9,11,3163,1000,0.3161555485298767,random,291042,581042,871042,29,35570200,35570.2,13200.0,17000.0,57546.999999999956,13511100,5,1399,1.399,2399,564,428,154,0.154,157.9196964906734,0.9751791791791793,3,2399,4212,2163,258624,258.624,335252,True,481731228322333964,1668408874246383885,2305843009213693951
n1000-g1.25-t0.9-r29-h871042,2efaf1348f57,3.14.3,Windows-11-10.0.26200-SP0,"Intel64 Family 6 Model 170 Stepping 4, GenuineIntel",1000,1.25,1.2901634020556063,0.9,11,1361,1000,0.7347538574577517,random,291042,581042,871042,29,75686600,75686.6,14700.0,21804.999999999993,917164.9999999964,11743900,19,4564,4.564,5564,784,539,352,0.352,367.00955180014694,0.9591031031031031,5,5564,2430,361,138608,138.608,227896,True,863677298441592062,1885445763560653668,2305843009213693951
n1000-g4-t0.7-r30-h901042,2efaf1348f57,3.14.3,Windows-11-10.0.26200-SP0,"Intel64 Family 6 Model 170 Stepping 4, GenuineIntel",1000,4.0,4.091659060195906,0.7,11,3079,1000,0.3247807729782397,random,301042,601042,901042,30,27720600,27720.6,13700.0,16500.0,28159.999999999945,8420100,4,710,0.71,1710,336,282,147,0.147,162.22799610263073,0.9061321321321322,3,1710,3848,2079,254176,254.176,283076,True,269656337520630786,1673763559585928516,2305843009213693951
n1000-g1.5-t0.7-r30-h901042,2efaf1348f57,3.14.3,Windows-11-10.0.26200-SP0,"Intel64 Family 6 Model 170 Stepping 4, GenuineIntel",1000,1.5,1.5405406911613417,0.7,11,1949,1000,0.513083632632119,random,301042,601042,901042,30,47899800,47899.8,12300.0,14000.0,175958.99999999968,10815200,12,2646,2.646,3646,535,409,214,0.214,256.2852744997435,0.8350070070070069,4,3646,3238,949,179280,179.28,275872,True,1084675344390535828,647151846628857331,2305843009213693951
n1000-g4-t0.9-r30-h901042,2efaf1348f57,3.14.3,Windows-11-10.0.26200-SP0,"Intel64 Family 6 Model 170 Stepping 4, GenuineIntel",1000,4.0,4.091659060195906,0.9,11,3079,1000,0.3247807729782397,random,301042,601042,901042,30,23821900,23821.9,8400.0,13800.0,24609.999999999993,8721000,4,914,0.914,1914,430,346,147,0.147,162.22799610263073,0.9061321321321322,3,1914,3848,2079,254176,254.176,293172,True,269656337520630786,1673763559585928516,2305843009213693951
n1000-g2-t0.8-r30-h901042,2efaf1348f57,3.14.3,Windows-11-10.0.26200-SP0,"Intel64 Family 6 Model 170 Stepping 4, GenuineIntel",1000,2.0,2.036527741565147,0.8,11,1597,1000,0.6261740763932373,random,301042,601042,901042,30,32307300,32307.3,12500.0,15200.0,26810.99999999999,8202800,7,1251,1.251,2251,558,407,328,0.328,312.77395115842205,1.0486806806806805,4,2251,2394,597,155216,155.216,200568,True,1159426964556911497,2282792039039387772,2305843009213693951
n1000-g2-t0.7-r30-h901042,2efaf1348f57,3.14.3,Windows-11-10.0.26200-SP0,"Intel64 Family 6 Model 170 Stepping 4, GenuineIntel",1000,2.0,2.036527741565147,0.7,11,1597,1000,0.6261740763932373,random,301042,601042,901042,30,27317000,27317.0,9400.0,15000.0,101341.99999999996,7261900,7,1093,1.093,2093,496,381,328,0.328,312.77395115842205,1.0486806806806805,4,2093,2394,597,155216,155.216,195344,True,1159426964556911497,2282792039039387772,2305843009213693951
n1000-g3-t0.8-r30-h901042,2efaf1348f57,3.14.3,Windows-11-10.0.26200-SP0,"Intel64 Family 6 Model 170 Stepping 4, GenuineIntel",1000,3.0,3.105358850890993,0.8,11,3163,1000,0.3161555485298767,random,301042,601042,901042,30,38503600,38503.6,15300.0,18200.0,29010.99999999999,13676100,5,1243,1.243,2243,463,370,136,0.136,157.9196964906734,0.8611971971971972,3,2243,4212,2163,259104,259.104,328720,True,1111014275943187912,1909245687488247522,2305843009213693951
n1000-g1.5-t0.5-r30-h901042,2efaf1348f57,3.14.3,Windows-11-10.0.26200-SP0,"Intel64 Family 6 Model 170 Stepping 4, GenuineIntel",1000,1.5,1.5375603143577163,0.5,11,2927,1000,0.341646737273659,random,301042,601042,901042,30,65752000,65752.0,13600.0,17200.0,143326.99999999895,18721000,13,2863,2.863,3863,373,313,166,0.166,170.65254526819268,0.9727367367367368,3,3863,4876,1927,245152,245.152,391544,True,1487209933394193205,616030593164267869,2305843009213693951
n1000-g2-t0.9-r30-h901042,2efaf1348f57,3.14.3,Windows-11-10.0.26200-SP0,"Intel64 Family 6 Model 170 Stepping 4, GenuineIntel",1000,2.0,2.036527741565147,0.9,11,1597,1000,0.6261740763932373,random,301042,601042,901042,30,28419900,28419.9,11100.0,16200.0,39307.99999999999,6591600,7,1409,1.409,2409,634,455,328,0.328,312.77395115842205,1.0486806806806805,4,2409,2394,597,155216,155.216,205628,True,1159426964556911497,2282792039039387772,2305843009213693951
n1000-g1.5-t0.8-r30-h901042,2efaf1348f57,3.14.3,Windows-11-10.0.26200-SP0,"Intel64 Family 6 Model 170 Stepping 4, GenuineIntel",1000,1.5,1.543133042590002,0.8,11,1289,1000,0.7757951900698216,random,301042,601042,901042,30,44166400,44166.4,14400.0,18200.0,164855.99999999985,10314300,11,1995,1.995,2995,648,487,395,0.395,387.5096974398759,1.0193293293293293,6,2995,2146,289,133744,133.744,188916,True,1902369289422786757,133204800802860651,2305843009213693951
n1000-g3-t0.7-r30-h901042,2efaf1348f57,3.14.3,Windows-11-10.0.26200-SP0,"Intel64 Family 6 Model 170 Stepping 4, GenuineIntel",1000,3.0,3.105358850890993,0.7,11,3163,1000,0.3161555485298767,random,301042,601042,901042,30,18350900,18350.9,6500.0,9200.0,37309.99999999999,6089500,5,1087,1.087,2087,389,319,136,0.136,157.9196964906734,0.8611971971971972,3,2087,4212,2163,259104,259.104,322032,True,1111014275943187912,1909245687488247522,2305843009213693951
n1000-g1.25-t0.8-r30-h901042,2efaf1348f57,3.14.3,Windows-11-10.0.26200-SP0,"Intel64 Family 6 Model 170 Stepping 4, GenuineIntel",1000,1.25,1.2901634020556063,0.8,11,1361,1000,0.7347538574577517,random,301042,601042,901042,30,66155900,66155.9,13800.0,20704.999999999996,659274.9999999973,12611600,19,4055,4.055,5055,675,481,359,0.359,367.00955180014694,0.9781761761761762,5,5055,2430,361,138320,138.32,221228,True,291972153258215892,51921755263016041,2305843009213693951
n1000-g1.5-t0.9-r30-h901042,2efaf1348f57,3.14.3,Windows-11-10.0.26200-SP0,"Intel64 Family 6 Model 170 Stepping 4, GenuineIntel",1000,1.5,1.543133042590002,0.9,11,1289,1000,0.7757951900698216,random,301042,601042,901042,30,42285300,42285.3,13000.0,21404.999999999996,182822.9999999997,8475200,11,2246,2.246,3246,724,526,395,0.395,387.5096974398759,1.0193293293293293,6,3246,2146,289,133744,133.744,194452,True,1902369289422786757,133204800802860651,2305843009213693951
n1000-g1.25-t0.7-r30-h901042,2efaf1348f57,3.14.3,Windows-11-10.0.26200-SP0,"Intel64 Family 6 Model 170 Stepping 4, GenuineIntel",1000,1.25,1.2884399490725909,0.7,11,1709,1000,0.5851375073142189,random,301042,601042,901042,30,71961000,71961.0,12550.0,16300.0,746802.9999999972,11492900,20,4498,4.498,5498,613,462,275,0.275,292.2761849034523,0.940890890890891,4,5498,3070,709,162384,162.384,270548,True,838422083307060370,723463503951270435,2305843009213693951
n1000-g4-t0.5-r30-h901042,2efaf1348f57,3.14.3,Windows-11-10.0.26200-SP0,"Intel64 Family 6 Model 170 Stepping 4, GenuineIntel",1000,4.0,4.091659060195906,0.5,11,3079,1000,0.3247807729782397,random,301042,601042,901042,30,23440200,23440.2,12200.0,14704.999999999996,34424.99999999998,8301500,4,507,0.507,1507,237,210,147,0.147,162.22799610263073,0.9061321321321322,3,1507,3848,2079,254176,254.176,272316,True,269656337520630786,1673763559585928516,2305843009213693951
n1000-g1.25-t0.9-r30-h901042,2efaf1348f57,3.14.3,Windows-11-10.0.26200-SP0,"Intel64 Family 6 Model 170 Stepping 4, GenuineIntel",1000,1.25,1.2901634020556063,0.9,11,1361,1000,0.7347538574577517,random,301042,601042,901042,30,70774700,70774.7,14700.0,17200.0,874964.9999999972,10422600,19,4564,4.564,5564,816,565,359,0.359,367.00955180014694,0.9781761761761762,5,5564,2430,361,138320,138.32,227500,True,291972153258215892,51921755263016041,2305843009213693951
n1000-g2-t0.5-r30-h901042,2efaf1348f57,3.14.3,Windows-11-10.0.26200-SP0,"Intel64 Family 6 Model 170 Stepping 4, GenuineIntel",1000,2.0,2.032666219705446,0.5,11,3203,1000,0.3122073056509522,random,301042,601042,901042,30,41272700,41272.7,12400.0,13400.0,22111.99999999999,14007000,8,1579,1.579,2579,328,284,138,0.138,155.94754917265064,0.884912912912913,3,2579,4800,2203,261344,261.344,367972,True,786364784113939521,1456272340383700656,2305843009213693951
n1000-g4-t0.8-r30-h901042,2efaf1348f57,3.14.3,Windows-11-10.0.26200-SP0,"Intel64 Family 6 Model 170 Stepping 4, GenuineIntel",1000,4.0,4.091659060195906,0.8,11,3079,1000,0.3247807729782397,random,301042,601042,901042,30,26749800,26749.8,8600.0,13000.0,19704.999999999993,11486300,4,812,0.812,1812,380,309,147,0.147,162.22799610263073,0.9061321321321322,3,1812,3848,2079,254176,254.176,288192,True,269656337520630786,1673763559585928516,2305843009213693951
n1000-g1.25-t0.5-r30-h901042,2efaf1348f57,3.14.3,Windows-11-10.0.26200-SP0,"Intel64 Family 6 Model 170 Stepping 4, GenuineIntel",1000,1.25,1.2866303730753477,0.5,11,2137,1000,0.4679457182966776,random,301042,601042,901042,30,32985500,32985.5,5800.0,7404.999999999995,395727.99999999796,6045500,21,4065,4.065,5065,453,373,231,0.231,233.73888628919045,0.9882822822822823,4,5065,3846,1137,191536,191.536,315708,True,560055717509318320,577171685577973278,2305843009213693951
n1000-g3-t0.5-r30-h901042,2efaf1348f57,3.14.3,Windows-11-10.0.26200-SP0,"Intel64 Family 6 Model 170 Stepping 4, GenuineIntel",1000,3.0,3.105358850890993,0.5,11,3163,1000,0.3161555485298767,random,301042,601042,901042,30,20620000,20620.0,8200.0,11524.999999999978,19202.999999999996,7229500,5,776,0.776,1776,274,238,136,0.136,157.9196964906734,0.8611971971971972,3,1776,4212,2163,259104,259.104,308488,True,1111014275943187912,1909245687488247522,2305843009213693951
n1000-g3-t0.9-r30-h901042,2efaf1348f57,3.14.3,Windows-11-10.0.26200-SP0,"Intel64 Family 6 Model 170 Stepping 4, GenuineIntel",1000,3.0,3.105358850890993,0.9,11,3163,1000,0.3161555485298767,random,301042,601042,901042,30,26933500,26933.5,5800.0,12500.0,17401.0,16632600,5,1399,1.399,2399,555,423,136,0.136,157.9196964906734,0.8611971971971972,3,2399,4212,2163,259104,259.104,335392,True,1111014275943187912,1909245687488247522,2305843009213693951
n10000-g4-t0.5-r1-h40042,2efaf1348f57,3.14.3,Windows-11-10.0.26200-SP0,"Intel64 Family 6 Model 170 Stepping 4, GenuineIntel",10000,4.0,4.061552575258115,0.5,11,49297,10000,0.20285210053350103,random,20042,30042,40042,1,437904900,43790.49,15000.0,18700.0,29500.0,177050800,6,8207,0.8207,18207,2364,2070,816,0.0816,1014.1590766172384,0.804607500750075,4,18207,61620,39297,3730512,373.0512,4412688,True,41357831174653572,611083725876286844,2305843009213693951
n10000-g1.5-t0.7-r1-h40042,2efaf1348f57,3.14.3,Windows-11-10.0.26200-SP0,"Intel64 Family 6 Model 170 Stepping 4, GenuineIntel",10000,1.5,1.5290144697461625,0.7,11,14867,10000,0.6726306585054147,random,20042,30042,40042,1,551106600,55110.66,16200.0,20900.0,34205.00000000011,122318800,17,20680,2.068,30680,6976,4775,3346,0.3346,3362.8169771978205,0.9949991399139915,5,30680,24768,4867,1467392,146.7392,2101284,True,558605632167038481,30480210764277290,2305843009213693951
n10000-g3-t0.8-r1-h40042,2efaf1348f57,3.14.3,Windows-11-10.0.26200-SP0,"Intel64 Family 6 Model 170 Stepping 4, GenuineIntel",10000,3.0,3.075406859636261,0.8,11,28477,10000,0.351160585735857,random,20042,30042,40042,1,434980400,43498.04,16600.0,21700.0,42702.000000000044,164878200,7,11365,1.1365,21365,4567,3604,1568,0.1568,1755.627348386417,0.8931280328032803,5,21365,37968,18477,2395344,239.5344,3003952,True,1156714603238940003,980056401587828401,2305843009213693951
n10000-g4-t0.8-r1-h40042,2efaf1348f57,3.14.3,Windows-11-10.0.26200-SP0,"Intel64 Family 6 Model 170 Stepping 4, GenuineIntel",10000,4.0,4.061552575258115,0.8,11,49297,10000,0.20285210053350103,random,20042,30042,40042,1,549380500,54938.05,16200.0,21000.0,43103.000000000065,277322900,6,13133,1.3133,23133,4813,3732,816,0.0816,1014.1590766172384,0.804607500750075,4,23133,61620,39297,3730512,373.0512,4659228,True,41357831174653572,611083725876286844,2305843009213693951
n10000-g1.25-t0.5-r1-h40042,2efaf1348f57,3.14.3,Windows-11-10.0.26200-SP0,"Intel64 Family 6 Model 170 Stepping 4, GenuineIntel",10000,1.25,1.2753353982930995,0.5,11,20161,10000,0.49600714250285205,random,20042,30042,40042,1,901011500,90101.15,15800.0,21404.999999999927,60701.00000000002,143352300,31,39928,3.9928,49928,4236,3496,2267,0.2267,2479.787708943009,0.9141911591159115,5,49928,36288,10161,1838896,183.8896,2950384,True,2721672115931058,774125376119131057,2305843009213693951
n10000-g4-t0.9-r1-h40042,2efaf1348f57,3.14.3,Windows-11-10.0.26200-SP0,"Intel64 Family 6 Model 170 Stepping 4, GenuineIntel",10000,4.0,4.073781941238894,0.9,11,12323,10000,0.8114907084313885,random,20042,30042,40042,1,280411300,28041.13,14500.0,19700.0,49205.00000000011,63444800,5,3685,0.3685,13685,5132,3922,3874,0.3874,4057.0477968027267,0.9548815281528152,6,13685,15402,2323,1300704,130.0704,1429444,True,1700549996247259158,639579457161945450,2305843009213693951
n10000-g2-t0.9-r1-h40042,2efaf1348f57,3.14.3,Windows-11-10.0.26200-SP0,"Intel64 Family 6 Model 170 Stepping 4, GenuineIntel",10000,2.0,2.026772599602447,0.9,11,12853,10000,0.7780284758422158,random,20042,30042,40042,1,391992500,39199.25,15300.0,21200.0,51703.000000000065,99687000,10,11506,1.1506,21506,6584,4808,4008,0.4008,3889.753364973158,1.030399519951995,7,21506,19274,2853,1328336,132.8336,1642748,True,1892975896214795007,618666313452616974,2305843009213693951
n10000-g3-t0.5-r1-h40042,2efaf1348f57,3.14.3,Windows-11-10.0.26200-SP0,"Intel64 Family 6 Model 170 Stepping 4, GenuineIntel",10000,3.0,3.075406859636261,0.5,11,28477,10000,0.351160585735857,random,20042,30042,40042,1,370838100,37083.81,16000.0,19904.999999999927,48502.000000000044,127733400,7,7102,0.7102,17102,2726,2375,1568,0.1568,1755.627348386417,0.8931280328032803,5,17102,37968,18477,2395344,239.5344,2813192,True,1156714603238940003,980056401587828401,2305843009213693951
n10000-g1.25-t0.7-r1-h40042,2efaf1348f57,3.14.3,Windows-11-10.0.26200-SP0,"Intel64 Family 6 Model 170 Stepping 4, GenuineIntel",10000,1.25,1.2761752609835624,0.7,11,16127,10000,0.6200781298443604,random,20042,30042,40042,1,861774800,86177.48,15000.0,20300.0,47007.00000000015,130804600,30,44614,4.4614,54614,6014,4539,2904,0.2904,3100.0806101568796,0.9367498349834984,6,54614,29016,6127,1562144,156.2144,2530820,True,1126921893122025355,1974639411274068637,2305843009213693951
n10000-g1.25-t0.9-r1-h40042,2efaf1348f57,3.14.3,Windows-11-10.0.26200-SP0,"Intel64 Family 6 Model 170 Stepping 4, GenuineIntel",10000,1.25,1.2770357192166375,0.9,11,12889,10000,0.7758553805570642,random,20042,30042,40042,1,841903200,84190.32,16100.0,20900.0,68706.00000000015,131529800,29,45770,4.577,55770,7798,5410,3594,0.3594,3878.8889750950425,0.9265539753975397,5,55770,23178,2889,1337392,133.7392,2146500,True,2235106282651899697,1999362790972784239,2305843009213693951
n10000-g4-t0.7-r1-h40042,2efaf1348f57,3.14.3,Windows-11-10.0.26200-SP0,"Intel64 Family 6 Model 170 Stepping 4, GenuineIntel",10000,4.0,4.061552575258115,0.7,11,49297,10000,0.20285210053350103,random,20042,30042,40042,1,528053700,52805.37,16000.0,20200.0,34801.00000000002,251414300,6,11491,1.1491,21491,3894,3154,816,0.0816,1014.1590766172384,0.804607500750075,4,21491,61620,39297,3730512,373.0512,4580616,True,41357831174653572,611083725876286844,2305843009213693951
n10000-g1.5-t0.9-r1-h40042,2efaf1348f57,3.14.3,Windows-11-10.0.26200-SP0,"Intel64 Family 6 Model 170 Stepping 4, GenuineIntel",10000,1.5,1.5290144697461625,0.9,11,14867,10000,0.6726306585054147,random,20042,30042,40042,1,597285900,59728.59,17800.0,22000.0,51601.00000000002,128733600,17,26594,2.6594,36594,9537,5765,3346,0.3346,3362.8169771978205,0.9949991399139915,5,36594,24768,4867,1467392,146.7392,2225572,True,558605632167038481,30480210764277290,2305843009213693951
n10000-g3-t0.9-r1-h40042,2efaf1348f57,3.14.3,Windows-11-10.0.26200-SP0,"Intel64 Family 6 Model 170 Stepping 4, GenuineIntel",10000,3.0,3.075406859636261,0.9,11,28477,10000,0.351160585735857,random,20042,30042,40042,1,436087100,43608.71,15400.0,22600.0,50912.00000000026,156150100,7,12786,1.2786,22786,5357,4088,1568,0.1568,1755.627348386417,0.8931280328032803,5,22786,37968,18477,2395344,239.5344,3065440,True,1156714603238940003,980056401587828401,2305843009213693951
n10000-g2-t0.7-r1-h40042,2efaf1348f57,3.14.3,Windows-11-10.0.26200-SP0,"Intel64 Family 6 Model 170 Stepping 4, GenuineIntel",10000,2.0,2.0244165297589,0.7,11,25717,10000,0.3888478438387059,random,20042,30042,40042,1,556711000,55671.1,17600.0,21800.0,57102.000000000044,158518600,11,17943,1.7943,27943,5141,3994,1714,0.1714,1944.0447952716102,0.8816669266926693,4,27943,38570,15717,2209008,220.9008,3132668,True,421485944533384389,770239280012066878,2305843009213693951
n10000-g1.5-t0.5-r1-h40042,2efaf1348f57,3.14.3,Windows-11-10.0.26200-SP0,"Intel64 Family 6 Model 170 Stepping 4, GenuineIntel",10000,1.5,1.5274118968527437,0.5,11,22303,10000,0.44837017441599786,random,20042,30042,40042,1,605893400,60589.34,16300.0,20100.0,42505.00000000011,149138400,18,22203,2.2203,32203,4685,3624,2031,0.2031,2241.6266869927813,0.9060384638463846,5,32203,37170,12303,1985920,198.592,2946620,True,633806681871448463,541620220906949150,2305843009213693951
n10000-g2-t0.5-r1-h40042,2efaf1348f57,3.14.3,Windows-11-10.0.26200-SP0,"Intel64 Family 6 Model 170 Stepping 4, GenuineIntel",10000,2.0,2.0244165297589,0.5,11,25717,10000,0.3888478438387059,random,20042,30042,40042,1,486300100,48630.01,15700.0,19700.0,34504.00000000009,171407800,11,12816,1.2816,22816,3458,2896,1714,0.1714,1944.0447952716102,0.8816669266926693,4,22816,38570,15717,2209008,220.9008,2961008,True,421485944533384389,770239280012066878,2305843009213693951
n10000-g3-t0.7-r1-h40042,2efaf1348f57,3.14.3,Windows-11-10.0.26200-SP0,"Intel64 Family 6 Model 170 Stepping 4, GenuineIntel",10000,3.0,3.075406859636261,0.7,11,28477,10000,0.351160585735857,random,20042,30042,40042,1,354963600,35496.36,13900.0,21800.0,35002.000000000044,121684800,7,9944,0.9944,19944,3830,3142,1568,0.1568,1755.627348386417,0.8931280328032803,5,19944,37968,18477,2395344,239.5344,2944176,True,1156714603238940003,980056401587828401,2305843009213693951
n10000-g1.5-t0.8-r1-h40042,2efaf1348f57,3.14.3,Windows-11-10.0.26200-SP0,"Intel64 Family 6 Model 170 Stepping 4, GenuineIntel",10000,1.5,1.5290144697461625,0.8,11,14867,10000,0.6726306585054147,random,20042,30042,40042,1,563968600,56396.86,17300.0,21800.0,45504.00000000009,116552400,17,23637,2.3637,33637,8198,5249,3346,0.3346,3362.8169771978205,0.9949991399139915,5,33637,24768,4867,1467392,146.7392,2162980,True,558605632167038481,30480210764277290,2305843009213693951
n10000-g2-t0.8-r1-h40042,2efaf1348f57,3.14.3,Windows-11-10.0.26200-SP0,"Intel64 Family 6 Model 170 Stepping 4, GenuineIntel",10000,2.0,2.026772599602447,0.8,11,12853,10000,0.7780284758422158,random,20042,30042,40042,1,369072400,36907.24,15400.0,20700.0,52607.00000000015,88999100,10,10226,1.0226,20226,5985,4482,4008,0.4008,3889.753364973158,1.030399519951995,7,20226,19274,2853,1328336,132.8336,1603416,True,1892975896214795007,618666313452616974,2305843009213693951
n10000-g1.25-t0.8-r1-h40042,2efaf1348f57,3.14.3,Windows-11-10.0.26200-SP0,"Intel64 Family 6 Model 170 Stepping 4, GenuineIntel",10000,1.25,1.2770357192166375,0.8,11,12889,10000,0.7758553805570642,random,20042,30042,40042,1,786207500,78620.75,17200.0,21400.0,61717.00000000037,117344800,29,40681,4.0681,50681,6827,5012,3594,0.3594,3878.8889750950425,0.9265539753975397,5,50681,23178,2889,1337392,133.7392,2081732,True,2235106282651899697,1999362790972784239,2305843009213693951
n10000-g1.25-t0.8-r2-h70042,2efaf1348f57,3.14.3,Windows-11-10.0.26200-SP0,"Intel64 Family 6 Model 170 Stepping 4, GenuineIntel",10000,1.25,1.2770357192166375,0.8,11,12889,10000,0.7758553805570642,random,30042,50042,70042,2,855539300,85553.93,16600.0,23700.0,68906.00000000012,139166600,29,40681,4.0681,50681,10571,5530,3703,0.3703,3878.8889750950425,0.954654805480548,6,50681,23178,2889,1335824,133.5824,2082424,True,481268205608716773,1505421764166638807,2305843009213693951
n10000-g4-t0.8-r2-h70042,2efaf1348f57,3.14.3,Windows-11-10.0.26200-SP0,"Intel64 Family 6 Model 170 Stepping 4, GenuineIntel",10000,4.0,4.061552575258115,0.8,11,49297,10000,0.20285210053350103,random,30042,50042,70042,2,513551300,51355.13,16500.0,22304.999999999927,57904.00000000009,228175300,6,13133,1.3133,23133,4706,3732,748,0.0748,1014.1590766172384,0.7375568756875688,4,23133,61620,39297,3732464,373.2464,4657156,True,1861826843054724044,1907202849567938830,2305843009213693951
n10000-g1.5-t0.5-r2-h70042,2efaf1348f57,3.14.3,Windows-11-10.0.26200-SP0,"Intel64 Family 6 Model 170 Stepping 4, GenuineIntel",10000,1.5,1.5274118968527437,0.5,11,22303,10000,0.44837017441599786,random,30042,50042,70042,2,584212100,58421.21,14600.0,19900.0,58200.0,140269800,18,22203,2.2203,32203,3952,3292,2038,0.2038,2241.6266869927813,0.909161196119612,4,32203,37170,12303,1985856,198.5856,2948240,True,1403193052504627048,1174389762034136819,2305843009213693951
n10000-g1.5-t0.9-r2-h70042,2efaf1348f57,3.14.3,Windows-11-10.0.26200-SP0,"Intel64 Family 6 Model 170 Stepping 4, GenuineIntel",10000,1.5,1.5290144697461625,0.9,11,14867,10000,0.6726306585054147,random,30042,50042,70042,2,591126100,59112.61,15000.0,22600.0,44505.00000000011,138158300,17,26594,2.6594,36594,7090,5099,3161,0.3161,3362.8169771978205,0.9399857385738575,5,36594,24768,4867,1470528,147.0528,2225496,True,616501671019868767,1121510920319737401,2305843009213693951
n10000-g3-t0.5-r2-h70042,2efaf1348f57,3.14.3,Windows-11-10.0.26200-SP0,"Intel64 Family 6 Model 170 Stepping 4, GenuineIntel",10000,3.0,3.075406859636261,0.5,11,28477,10000,0.351160585735857,random,30042,50042,70042,2,409417800,40941.78,15800.0,20600.0,42701.00000000002,150438600,7,7102,0.7102,17102,2681,2357,1535,0.1535,1755.627348386417,0.8743313331333133,5,17102,37968,18477,2396240,239.624,2813400,True,1401967394619155818,2215063800188871697,2305843009213693951
n10000-g4-t0.9-r2-h70042,2efaf1348f57,3.14.3,Windows-11-10.0.26200-SP0,"Intel64 Family 6 Model 170 Stepping 4, GenuineIntel",10000,4.0,4.073781941238894,0.9,11,12323,10000,0.8114907084313885,random,30042,50042,70042,2,282434500,28243.45,16500.0,22600.0,67108.00000000017,54559500,5,3685,0.3685,13685,5092,3968,3877,0.3877,4057.0477968027267,0.9556209820982098,5,13685,15402,2323,1298592,129.8592,1427308,True,327243863416983720,1978440742230471949,2305843009213693951
n10000-g1.25-t0.9-r2-h70042,2efaf1348f57,3.14.3,Windows-11-10.0.26200-SP0,"Intel64 Family 6 Model 170 Stepping 4, GenuineIntel",10000,1.25,1.2770357192166375,0.9,11,12889,10000,0.7758553805570642,random,30042,50042,70042,2,809020300,80902.03,15700.0,21100.0,63605.00000000011,140642200,29,45770,4.577,55770,12367,5997,3703,0.3703,3878.8889750950425,0.954654805480548,6,55770,23178,2889,1335824,133.5824,2146784,True,481268205608716773,1505421764166638807,2305843009213693951
n10000-g4-t0.5-r2-h70042,2efaf1348f57,3.14.3,Windows-11-10.0.26200-SP0,"Intel64 Family 6 Model 170 Stepping 4, GenuineIntel",10000,4.0,4.061552575258115,0.5,11,49297,10000,0.20285210053350103,random,30042,50042,70042,2,447880300,44788.03,15500.0,20600.0,70802.00000000004,187641400,6,8207,0.8207,18207,2274,1993,748,0.0748,1014.1590766172384,0.7375568756875688,4,18207,61620,39297,3732464,373.2464,4412448,True,1861826843054724044,1907202849567938830,2305843009213693951
n10000-g4-t0.7-r2-h70042,2efaf1348f57,3.14.3,Windows-11-10.0.26200-SP0,"Intel64 Family 6 Model 170 Stepping 4, GenuineIntel",10000,4.0,4.061552575258115,0.7,11,49297,10000,0.20285210053350103,random,30042,50042,70042,2,449526900,44952.69,8600.0,18900.0,35002.000000000044,246891400,6,11491,1.1491,21491,3785,3084,748,0.0748,1014.1590766172384,0.7375568756875688,4,21491,61620,39297,3732464,373.2464,4580144,True,1861826843054724044,1907202849567938830,2305843009213693951
n10000-g2-t0.5-r2-h70042,2efaf1348f57,3.14.3,Windows-11-10.0.26200-SP0,"Intel64 Family 6 Model 170 Stepping 4, GenuineIntel",10000,2.0,2.0244165297589,0.5,11,25717,10000,0.3888478438387059,random,30042,50042,70042,2,453881000,45388.1,14500.0,19800.0,48105.00000000011,138285200,11,12816,1.2816,22816,3602,3030,1795,0.1795,1944.0447952716102,0.9233326332633264,5,22816,38570,15717,2207408,220.7408,2959112,True,2091820678927994299,1321807050030662402,2305843009213693951
n10000-g2-t0.7-r2-h70042,2efaf1348f57,3.14.3,Windows-11-10.0.26200-SP0,"Intel64 Family 6 Model 170 Stepping 4, GenuineIntel",10000,2.0,2.0244165297589,0.7,11,25717,10000,0.3888478438387059,random,30042,50042,70042,2,504649500,50464.95,17500.0,23300.0,61201.00000000002,143192400,11,17943,1.7943,27943,5324,4076,1795,0.1795,1944.0447952716102,0.9233326332633264,5,27943,38570,15717,2207408,220.7408,3129300,True,2091820678927994299,1321807050030662402,2305843009213693951
n10000-g3-t0.8-r2-h70042,2efaf1348f57,3.14.3,Windows-11-10.0.26200-SP0,"Intel64 Family 6 Model 170 Stepping 4, GenuineIntel",10000,3.0,3.075406859636261,0.8,11,28477,10000,0.351160585735857,random,30042,50042,70042,2,453433100,45343.31,16400.0,20500.0,50302.000000000044,170884900,7,11365,1.1365,21365,4577,3619,1535,0.1535,1755.627348386417,0.8743313331333133,5,21365,37968,18477,2396240,239.624,3004224,True,1401967394619155818,2215063800188871697,2305843009213693951
n10000-g1.25-t0.5-r2-h70042,2efaf1348f57,3.14.3,Windows-11-10.0.26200-SP0,"Intel64 Family 6 Model 170 Stepping 4, GenuineIntel",10000,1.25,1.2753353982930995,0.5,11,20161,10000,0.49600714250285205,random,30042,50042,70042,2,908728800,90872.88,17700.0,21000.0,69905.00000000012,144716100,31,39928,3.9928,49928,5432,3774,2182,0.2182,2479.787708943009,0.8799140314031403,5,49928,36288,10161,1840144,184.0144,2950188,True,1123582061416033138,286991115792785036,2305843009213693951
n10000-g1.25-t0.7-r2-h70042,2efaf1348f57,3.14.3,Windows-11-10.0.26200-SP0,"Intel64 Family 6 Model 170 Stepping 4, GenuineIntel",10000,1.25,1.2761752609835624,0.7,11,16127,10000,0.6200781298443604,random,30042,50042,70042,2,874245600,87424.56,15200.0,20900.0,55320.00000000044,133655000,30,44614,4.4614,54614,8700,5008,2919,0.2919,3100.0806101568796,0.9415884188418843,6,54614,29016,6127,1561248,156.1248,2529948,True,1285765672517979161,2272294560785954406,2305843009213693951
n10000-g3-t0.7-r2-h70042,2efaf1348f57,3.14.3,Windows-11-10.0.26200-SP0,"Intel64 Family 6 Model 170 Stepping 4, GenuineIntel",10000,3.0,3.075406859636261,0.7,11,28477,10000,0.351160585735857,random,30042,50042,70042,2,375260800,37526.08,17300.0,20400.0,46212.00000000026,142388700,7,9944,0.9944,19944,3845,3156,1535,0.1535,1755.627348386417,0.8743313331333133,5,19944,37968,18477,2396240,239.624,2944480,True,1401967394619155818,2215063800188871697,2305843009213693951
n10000-g2-t0.8-r2-h70042,2efaf1348f57,3.14.3,Windows-11-10.0.26200-SP0,"Intel64 Family 6 Model 170 Stepping 4, GenuineIntel",10000,2.0,2.026772599602447,0.8,11,12853,10000,0.7780284758422158,random,30042,50042,70042,2,400565400,40056.54,15800.0,21100.0,49300.0,92238500,10,10226,1.0226,20226,6257,4579,4365,0.4365,3889.753364973158,1.1221791179117913,7,20226,19274,2853,1324080,132.408,1603056,True,2140532451734192922,52317000941763767,2305843009213693951
n10000-g1.5-t0.7-r2-h70042,2efaf1348f57,3.14.3,Windows-11-10.0.26200-SP0,"Intel64 Family 6 Model 170 Stepping 4, GenuineIntel",10000,1.5,1.5290144697461625,0.7,11,14867,10000,0.6726306585054147,random,30042,50042,70042,2,482360600,48236.06,14300.0,19900.0,48412.00000000026,115832600,17,20680,2.068,30680,5525,4269,3161,0.3161,3362.8169771978205,0.9399857385738575,5,30680,24768,4867,1470528,147.0528,2100184,True,616501671019868767,1121510920319737401,2305843009213693951
n10000-g3-t0.9-r2-h70042,2efaf1348f57,3.14.3,Windows-11-10.0.26200-SP0,"Intel64 Family 6 Model 170 Stepping 4, GenuineIntel",10000,3.0,3.075406859636261,0.9,11,28477,10000,0.351160585735857,random,30042,50042,70042,2,454754400,45475.44,17300.0,21500.0,37701.00000000002,162625200,7,12786,1.2786,22786,5388,4079,1535,0.1535,1755.627348386417,0.8743313331333133,5,22786,37968,18477,2396240,239.624,3065136,True,1401967394619155818,2215063800188871697,2305843009213693951
n10000-g2-t0.9-r2-h70042,2efaf1348f57,3.14.3,Windows-11-10.0.26200-SP0,"Intel64 Family 6 Model 170 Stepping 4, GenuineIntel",10000,2.0,2.026772599602447,0.9,11,12853,10000,0.7780284758422158,random,30042,50042,70042,2,361093700,36109.37,14800.0,19700.0,38401.00000000002,92465900,10,11506,1.1506,21506,6760,4824,4365,0.4365,3889.753364973158,1.1221791179117913,7,21506,19274,2853,1324080,132.408,1643604,True,2140532451734192922,52317000941763767,2305843009213693951
n10000-g1.5-t0.8-r2-h70042,2efaf1348f57,3.14.3,Windows-11-10.0.26200-SP0,"Intel64 Family 6 Model 170 Stepping 4, GenuineIntel",10000,1.5,1.5290144697461625,0.8,11,14867,10000,0.6726306585054147,random,30042,50042,70042,2,570723900,57072.39,15200.0,21700.0,51914.000000000306,125994500,17,23637,2.3637,33637,6250,4668,3161,0.3161,3362.8169771978205,0.9399857385738575,5,33637,24768,4867,1470528,147.0528,2162712,True,616501671019868767,1121510920319737401,2305843009213693951
n10000-g2-t0.7-r3-h100042,2efaf1348f57,3.14.3,Windows-11-10.0.26200-SP0,"Intel64 Family 6 Model 170 Stepping 4, GenuineIntel",10000,2.0,2.0244165297589,0.7,11,25717,10000,0.3888478438387059,random,40042,70042,100042,3,536077200,53607.72,14700.0,20200.0,55605.00000000011,164255000,11,17943,1.7943,27943,5074,3999,2233,0.2233,1944.0447952716102,1.148636083608361,5,27943,38570,15717,2196880,219.688,3137396,True,1678218114642525821,140165741163539417,2305843009213693951
n10000-g3-t0.5-r3-h100042,2efaf1348f57,3.14.3,Windows-11-10.0.26200-SP0,"Intel64 Family 6 Model 170 Stepping 4, GenuineIntel",10000,3.0,3.075406859636261,0.5,11,28477,10000,0.351160585735857,random,40042,70042,100042,3,357862400,35786.24,14700.0,19300.0,29401.000000000022,122519900,7,7102,0.7102,17102,2872,2475,1467,0.1467,1755.627348386417,0.8355987398739875,4,17102,37968,18477,2397584,239.7584,2808648,True,969530680349787061,742828358962818490,2305843009213693951
n10000-g1.25-t0.7-r3-h100042,2efaf1348f57,3.14.3,Windows-11-10.0.26200-SP0,"Intel64 Family 6 Model 170 Stepping 4, GenuineIntel",10000,1.25,1.2761752609835624,0.7,11,16127,10000,0.6200781298443604,random,40042,70042,100042,3,867669800,86766.98,15100.0,21700.0,51206.00000000013,139178900,30,44614,4.4614,54614,6031,4556,2844,0.2844,3100.0806101568796,0.917395499549955,5,54614,29016,6127,1562336,156.2336,2530052,True,209967521065575326,106090947685889366,2305843009213693951
n10000-g1.5-t0.8-r3-h100042,2efaf1348f57,3.14.3,Windows-11-10.0.26200-SP0,"Intel64 Family 6 Model 170 Stepping 4, GenuineIntel",10000,1.5,1.5290144697461625,0.8,11,14867,10000,0.6726306585054147,random,40042,70042,100042,3,606735100,60673.51,16400.0,20100.0,55030.000000000655,159990300,17,23637,2.3637,33637,6323,4661,3155,0.3155,3362.8169771978205,0.9382015201520153,5,33637,24768,4867,1471008,147.1008,2162628,True,113804778882053273,539984900210946742,2305843009213693951
n10000-g3-t0.8-r3-h100042,2efaf1348f57,3.14.3,Windows-11-10.0.26200-SP0,"Intel64 Family 6 Model 170 Stepping 4, GenuineIntel",10000,3.0,3.075406859636261,0.8,11,28477,10000,0.351160585735857,random,40042,70042,100042,3,405046200,40504.62,14400.0,19900.0,38508.000000000175,162677600,7,11365,1.1365,21365,5117,3879,1467,0.1467,1755.627348386417,0.8355987398739875,4,21365,37968,18477,2397584,239.7584,2995248,True,969530680349787061,742828358962818490,2305843009213693951
n10000-g1.25-t0.9-r3-h100042,2efaf1348f57,3.14.3,Windows-11-10.0.26200-SP0,"Intel64 Family 6 Model 170 Stepping 4, GenuineIntel",10000,1.25,1.2770357192166375,0.9,11,12889,10000,0.7758553805570642,random,40042,70042,100042,3,761396500,76139.65,14400.0,21000.0,57700.0,110567000,29,45770,4.577,55770,7946,5490,3691,0.3691,3878.8889750950425,0.9515611361136113,7,55770,23178,2889,1335088,133.5088,2145928,True,1722098243549328647,1146727155808073262,2305843009213693951
n10000-g4-t0.8-r3-h100042,2efaf1348f57,3.14.3,Windows-11-10.0.26200-SP0,"Intel64 Family 6 Model 170 Stepping 4, GenuineIntel",10000,4.0,4.061552575258115,0.8,11,49297,10000,0.20285210053350103,random,40042,70042,100042,3,512553800,51255.38,16600.0,20400.0,50208.000000000175,238995900,6,13133,1.3133,23133,4772,3722,792,0.0792,1014.1590766172384,0.7809425742574257,3,23133,61620,39297,3731088,373.1088,4659612,True,82620988648231865,854205959242111588,2305843009213693951
n10000-g3-t0.7-r3-h100042,2efaf1348f57,3.14.3,Windows-11-10.0.26200-SP0,"Intel64 Family 6 Model 170 Stepping 4, GenuineIntel",10000,3.0,3.075406859636261,0.7,11,28477,10000,0.351160585735857,random,40042,70042,100042,3,431031400,43103.14,17600.0,21700.0,38101.00000000002,151126000,7,9944,0.9944,19944,4241,3362,1467,0.1467,1755.627348386417,0.8355987398739875,4,19944,37968,18477,2397584,239.7584,2936176,True,969530680349787061,742828358962818490,2305843009213693951
n10000-g1.25-t0.8-r3-h100042,2efaf1348f57,3.14.3,Windows-11-10.0.26200-SP0,"Intel64 Family 6 Model 170 Stepping 4, GenuineIntel",10000,1.25,1.2770357192166375,0.8,11,12889,10000,0.7758553805570642,random,40042,70042,100042,3,861708700,86170.87,17300.0,22600.0,74901.00000000001,128483700,29,40681,4.0681,50681,6922,5009,3691,0.3691,3878.8889750950425,0.9515611361136113,7,50681,23178,2889,1335088,133.5088,2081832,True,1722098243549328647,1146727155808073262,2305843009213693951
n10000-g4-t0.9-r3-h100042,2efaf1348f57,3.14.3,Windows-11-10.0.26200-SP0,"Intel64 Family 6 Model 170 Stepping 4, GenuineIntel",10000,4.0,4.073781941238894,0.9,11,12323,10000,0.8114907084313885,random,40042,70042,100042,3,241673200,24167.32,14500.0,19500.0,39519.000000000415,47342900,5,3685,0.3685,13685,5135,3934,3866,0.3866,4057.0477968027267,0.9529096509650965,6,13685,15402,2323,1301440,130.144,1430148,True,725696558778635720,462114612730891953,2305843009213693951
n10000-g4-t0.5-r3-h100042,2efaf1348f57,3.14.3,Windows-11-10.0.26200-SP0,"Intel64 Family 6 Model 170 Stepping 4, GenuineIntel",10000,4.0,4.061552575258115,0.5,11,49297,10000,0.20285210053350103,random,40042,70042,100042,3,295886200,29588.62,8400.0,19004.999999999927,37600.0,118404400,6,8207,0.8207,18207,2365,2096,792,0.0792,1014.1590766172384,0.7809425742574257,3,18207,61620,39297,3731088,373.1088,4412024,True,82620988648231865,854205959242111588,2305843009213693951
n10000-g4-t0.7-r3-h100042,2efaf1348f57,3.14.3,Windows-11-10.0.26200-SP0,"Intel64 Family 6 Model 170 Stepping 4, GenuineIntel",10000,4.0,4.061552575258115,0.7,11,49297,10000,0.20285210053350103,random,40042,70042,100042,3,514321900,51432.19,16500.0,21000.0,51305.00000000011,233026700,6,11491,1.1491,21491,3860,3135,792,0.0792,1014.1590766172384,0.7809425742574257,3,21491,61620,39297,3731088,373.1088,4581256,True,82620988648231865,854205959242111588,2305843009213693951
n10000-g3-t0.9-r3-h100042,2efaf1348f57,3.14.3,Windows-11-10.0.26200-SP0,"Intel64 Family 6 Model 170 Stepping 4, GenuineIntel",10000,3.0,3.075406859636261,0.9,11,28477,10000,0.351160585735857,random,40042,70042,100042,3,437979900,43797.99,16100.0,21900.0,57702.000000000044,140792000,7,12786,1.2786,22786,6043,4408,1467,0.1467,1755.627348386417,0.8355987398739875,4,22786,37968,18477,2397584,239.7584,3053824,True,969530680349787061,742828358962818490,2305843009213693951
n10000-g1.5-t0.7-r3-h100042,2efaf1348f57,3.14.3,Windows-11-10.0.26200-SP0,"Intel64 Family 6 Model 170 Stepping 4, GenuineIntel",10000,1.5,1.5290144697461625,0.7,11,14867,10000,0.6726306585054147,random,40042,70042,100042,3,501539700,50153.97,14700.0,19900.0,41802.000000000044,121855800,17,20680,2.068,30680,5620,4280,3155,0.3155,3362.8169771978205,0.9382015201520153,5,30680,24768,4867,1471008,147.1008,2099748,True,113804778882053273,539984900210946742,2305843009213693951
n10000-g2-t0.8-r3-h100042,2efaf1348f57,3.14.3,Windows-11-10.0.26200-SP0,"Intel64 Family 6 Model 170 Stepping 4, GenuineIntel",10000,2.0,2.026772599602447,0.8,11,12853,10000,0.7780284758422158,random,40042,70042,100042,3,297945900,29794.59,14000.0,20700.0,44803.000000000065,61946400,10,10226,1.0226,20226,5757,4393,3677,0.3677,3889.753364973158,0.9453041504150415,6,20226,19274,2853,1333392,133.3392,1603476,True,1707529223089527723,1660552831838684743,2305843009213693951
n10000-g1.5-t0.5-r3-h100042,2efaf1348f57,3.14.3,Windows-11-10.0.26200-SP0,"Intel64 Family 6 Model 170 Stepping 4, GenuineIntel",10000,1.5,1.5274118968527437,0.5,11,22303,10000,0.44837017441599786,random,40042,70042,100042,3,614615300,61461.53,17600.0,21900.0,59112.00000000026,132333100,18,22203,2.2203,32203,3933,3269,1999,0.1999,2241.6266869927813,0.8917631163116312,4,32203,37170,12303,1986464,198.6464,2948156,True,2032680673650913499,2014977461342034341,2305843009213693951
n10000-g2-t0.9-r3-h100042,2efaf1348f57,3.14.3,Windows-11-10.0.26200-SP0,"Intel64 Family 6 Model 170 Stepping 4, GenuineIntel",10000,2.0,2.026772599602447,0.9,11,12853,10000,0.7780284758422158,random,40042,70042,100042,3,382449100,38244.91,15500.0,21000.0,44601.00000000002,85144500,10,11506,1.1506,21506,6250,4664,3677,0.3677,3889.753364973158,0.9453041504150415,6,21506,19274,2853,1333392,133.3392,1644248,True,1707529223089527723,1660552831838684743,2305843009213693951
n10000-g1.5-t0.9-r3-h100042,2efaf1348f57,3.14.3,Windows-11-10.0.26200-SP0,"Intel64 Family 6 Model 170 Stepping 4, GenuineIntel",10000,1.5,1.5290144697461625,0.9,11,14867,10000,0.6726306585054147,random,40042,70042,100042,3,618732100,61873.21,16500.0,21800.0,50401.00000000002,127174600,17,26594,2.6594,36594,7163,5085,3155,0.3155,3362.8169771978205,0.9382015201520153,5,36594,24768,4867,1471008,147.1008,2224996,True,113804778882053273,539984900210946742,2305843009213693951
n10000-g1.25-t0.5-r3-h100042,2efaf1348f57,3.14.3,Windows-11-10.0.26200-SP0,"Intel64 Family 6 Model 170 Stepping 4, GenuineIntel",10000,1.25,1.2753353982930995,0.5,11,20161,10000,0.49600714250285205,random,40042,70042,100042,3,871684400,87168.44,17100.0,22100.0,76206.00000000013,134154200,31,39928,3.9928,49928,4384,3566,2239,0.2239,2479.787708943009,0.9028998699869987,5,49928,36288,10161,1838992,183.8992,2950732,True,742541064090748023,1329144817845688235,2305843009213693951
n10000-g2-t0.5-r3-h100042,2efaf1348f57,3.14.3,Windows-11-10.0.26200-SP0,"Intel64 Family 6 Model 170 Stepping 4, GenuineIntel",10000,2.0,2.0244165297589,0.5,11,25717,10000,0.3888478438387059,random,40042,70042,100042,3,497692800,49769.28,15100.0,21800.0,59706.00000000013,173830500,11,12816,1.2816,22816,3665,3065,2233,0.2233,1944.0447952716102,1.148636083608361,5,22816,38570,15717,2196880,219.688,2963984,True,1678218114642525821,140165741163539417,2305843009213693951
n10000-g4-t0.8-r4-h130042,2efaf1348f57,3.14.3,Windows-11-10.0.26200-SP0,"Intel64 Family 6 Model 170 Stepping 4, GenuineIntel",10000,4.0,4.061552575258115,0.8,11,49297,10000,0.20285210053350103,random,50042,90042,130042,4,381643300,38164.33,9900.0,18900.0,31402.000000000044,165272300,6,13133,1.3133,23133,4756,3715,745,0.0745,1014.1590766172384,0.7345987598759876,3,23133,61620,39297,3732720,373.272,4658400,True,1261420028908620234,179813914822843760,2305843009213693951
n10000-g1.5-t0.7-r4-h130042,2efaf1348f57,3.14.3,Windows-11-10.0.26200-SP0,"Intel64 Family 6 Model 170 Stepping 4, GenuineIntel",10000,1.5,1.5290144697461625,0.7,11,14867,10000,0.6726306585054147,random,50042,90042,130042,4,525919600,52591.96,17000.0,20500.0,42615.00000000033,111395400,17,20680,2.068,30680,5809,4390,3479,0.3479,3362.8169771978205,1.0345493149314933,5,30680,24768,4867,1465056,146.5056,2098804,True,1451335047593738072,1725131032970636998,2305843009213693951
n10000-g1.25-t0.5-r4-h130042,2efaf1348f57,3.14.3,Windows-11-10.0.26200-SP0,"Intel64 Family 6 Model 170 Stepping 4, GenuineIntel",10000,1.25,1.2753353982930995,0.5,11,20161,10000,0.49600714250285205,random,50042,90042,130042,4,819207400,81920.74,14500.0,21900.0,61402.000000000044,104706900,31,39928,3.9928,49928,4184,3444,2198,0.2198,2479.787708943009,0.8863661966196619,4,49928,36288,10161,1839664,183.9664,2950696,True,702185212597435424,1700261459066608259,2305843009213693951
n10000-g1.5-t0.8-r4-h130042,2efaf1348f57,3.14.3,Windows-11-10.0.26200-SP0,"Intel64 Family 6 Model 170 Stepping 4, GenuineIntel",10000,1.5,1.5290144697461625,0.8,11,14867,10000,0.6726306585054147,random,50042,90042,130042,4,579536700,57953.67,14800.0,21300.0,50013.000000000284,109253000,17,23637,2.3637,33637,6472,4725,3479,0.3479,3362.8169771978205,1.0345493149314933,5,33637,24768,4867,1465056,146.5056,2160340,True,1451335047593738072,1725131032970636998,2305843009213693951
n10000-g4-t0.9-r4-h130042,2efaf1348f57,3.14.3,Windows-11-10.0.26200-SP0,"Intel64 Family 6 Model 170 Stepping 4, GenuineIntel",10000,4.0,4.073781941238894,0.9,11,12323,10000,0.8114907084313885,random,50042,90042,130042,4,223320500,22332.05,14300.0,19100.0,48403.000000000065,48172100,5,3685,0.3685,13685,5094,3929,3926,0.3926,4057.0477968027267,0.9676987298729873,6,13685,15402,2323,1299776,129.9776,1428528,True,1213554751921887004,1608349030757973988,2305843009213693951
n10000-g2-t0.9-r4-h130042,2efaf1348f57,3.14.3,Windows-11-10.0.26200-SP0,"Intel64 Family 6 Model 170 Stepping 4, GenuineIntel",10000,2.0,2.026772599602447,0.9,11,12853,10000,0.7780284758422158,random,50042,90042,130042,4,377399300,37739.93,15200.0,20100.0,35600.0,93584400,10,11506,1.1506,21506,6225,4618,3644,0.3644,3889.753364973158,0.9368203220322032,5,21506,19274,2853,1333968,133.3968,1643056,True,356427331773283763,1023736245059445953,2305843009213693951
n10000-g1.25-t0.7-r4-h130042,2efaf1348f57,3.14.3,Windows-11-10.0.26200-SP0,"Intel64 Family 6 Model 170 Stepping 4, GenuineIntel",10000,1.25,1.2761752609835624,0.7,11,16127,10000,0.6200781298443604,random,50042,90042,130042,4,814256100,81425.61,15100.0,20400.0,39811.00000000024,120804200,30,44614,4.4614,54614,6035,4550,2819,0.2819,3100.0806101568796,0.909331193119312,5,54614,29016,6127,1563744,156.3744,2529788,True,1897945020599192566,519896556425075558,2305843009213693951
n10000-g2-t0.5-r4-h130042,2efaf1348f57,3.14.3,Windows-11-10.0.26200-SP0,"Intel64 Family 6 Model 170 Stepping 4, GenuineIntel",10000,2.0,2.0244165297589,0.5,11,25717,10000,0.3888478438387059,random,50042,90042,130042,4,498562000,49856.2,15500.0,22200.0,50603.000000000065,173193400,11,12816,1.2816,22816,3293,2838,1738,0.1738,1944.0447952716102,0.8940123212321233,5,22816,38570,15717,2209264,220.9264,2964064,True,987820863660137973,1418700263064881034,2305843009213693951
n10000-g4-t0.5-r4-h130042,2efaf1348f57,3.14.3,Windows-11-10.0.26200-SP0,"Intel64 Family 6 Model 170 Stepping 4, GenuineIntel",10000,4.0,4.061552575258115,0.5,11,49297,10000,0.20285210053350103,random,50042,90042,130042,4,442342500,44234.25,17200.0,21700.0,59907.00000000015,175098500,6,8207,0.8207,18207,2273,2004,745,0.0745,1014.1590766172384,0.7345987598759876,3,18207,61620,39297,3732720,373.272,4412580,True,1261420028908620234,179813914822843760,2305843009213693951
n10000-g1.5-t0.9-r4-h130042,2efaf1348f57,3.14.3,Windows-11-10.0.26200-SP0,"Intel64 Family 6 Model 170 Stepping 4, GenuineIntel",10000,1.5,1.5290144697461625,0.9,11,14867,10000,0.6726306585054147,random,50042,90042,130042,4,588682600,58868.26,17300.0,22200.0,52606.00000000013,131577000,17,26594,2.6594,36594,7295,5118,3479,0.3479,3362.8169771978205,1.0345493149314933,5,36594,24768,4867,1465056,146.5056,2223956,True,1451335047593738072,1725131032970636998,2305843009213693951
n10000-g1.5-t0.5-r4-h130042,2efaf1348f57,3.14.3,Windows-11-10.0.26200-SP0,"Intel64 Family 6 Model 170 Stepping 4, GenuineIntel",10000,1.5,1.5274118968527437,0.5,11,22303,10000,0.44837017441599786,random,50042,90042,130042,4,605233200,60523.32,16400.0,20500.0,54600.0,150024700,18,22203,2.2203,32203,4009,3328,2092,0.2092,2241.6266869927813,0.9332508450845084,5,32203,37170,12303,1984576,198.4576,2944916,True,58838981549689396,1162958441174123353,2305843009213693951
n10000-g3-t0.9-r4-h130042,2efaf1348f57,3.14.3,Windows-11-10.0.26200-SP0,"Intel64 Family 6 Model 170 Stepping 4, GenuineIntel",10000,3.0,3.075406859636261,0.9,11,28477,10000,0.351160585735857,random,50042,90042,130042,4,472321200,47232.12,16600.0,20700.0,40202.000000000044,199304900,7,12786,1.2786,22786,5584,4257,2496,0.2496,1755.627348386417,1.4217140114011402,4,22786,37968,18477,2372880,237.288,3065264,True,719411767517639018,2162287493092420241,2305843009213693951
n10000-g3-t0.7-r4-h130042,2efaf1348f57,3.14.3,Windows-11-10.0.26200-SP0,"Intel64 Family 6 Model 170 Stepping 4, GenuineIntel",10000,3.0,3.075406859636261,0.7,11,28477,10000,0.351160585735857,random,50042,90042,130042,4,411638700,41163.87,15200.0,21300.0,45721.00000000046,139175900,7,9944,0.9944,19944,4277,3488,2496,0.2496,1755.627348386417,1.4217140114011402,4,19944,37968,18477,2372880,237.288,2945376,True,719411767517639018,2162287493092420241,2305843009213693951
n10000-g1.25-t0.8-r4-h130042,2efaf1348f57,3.14.3,Windows-11-10.0.26200-SP0,"Intel64 Family 6 Model 170 Stepping 4, GenuineIntel",10000,1.25,1.2770357192166375,0.8,11,12889,10000,0.7758553805570642,random,50042,90042,130042,4,806873500,80687.35,15300.0,20400.0,66213.00000000029,113256700,29,40681,4.0681,50681,7015,5065,3705,0.3705,3878.8889750950425,0.9551704170417041,6,50681,23178,2889,1335312,133.5312,2083360,True,490751760513298166,1410144398052681270,2305843009213693951
n10000-g4-t0.7-r4-h130042,2efaf1348f57,3.14.3,Windows-11-10.0.26200-SP0,"Intel64 Family 6 Model 170 Stepping 4, GenuineIntel",10000,4.0,4.061552575258115,0.7,11,49297,10000,0.20285210053350103,random,50042,90042,130042,4,489397700,48939.77,15600.0,20500.0,34101.00000000002,227961400,6,11491,1.1491,21491,3841,3119,745,0.0745,1014.1590766172384,0.7345987598759876,3,21491,61620,39297,3732720,373.272,4580884,True,1261420028908620234,179813914822843760,2305843009213693951
n10000-g2-t0.7-r4-h130042,2efaf1348f57,3.14.3,Windows-11-10.0.26200-SP0,"Intel64 Family 6 Model 170 Stepping 4, GenuineIntel",10000,2.0,2.0244165297589,0.7,11,25717,10000,0.3888478438387059,random,50042,90042,130042,4,537400900,53740.09,17200.0,20600.0,53700.0,168819900,11,17943,1.7943,27943,4804,3823,1738,0.1738,1944.0447952716102,0.8940123212321233,5,27943,38570,15717,2209264,220.9264,3137868,True,987820863660137973,1418700263064881034,2305843009213693951
n10000-g1.25-t0.9-r4-h130042,2efaf1348f57,3.14.3,Windows-11-10.0.26200-SP0,"Intel64 Family 6 Model 170 Stepping 4, GenuineIntel",10000,1.25,1.2770357192166375,0.9,11,12889,10000,0.7758553805570642,random,50042,90042,130042,4,726349000,72634.9,15300.0,20300.0,33402.000000000044,126963500,29,45770,4.577,55770,7844,5425,3705,0.3705,3878.8889750950425,0.9551704170417041,6,55770,23178,2889,1335312,133.5312,2148064,True,490751760513298166,1410144398052681270,2305843009213693951
n10000-g3-t0.5-r4-h130042,2efaf1348f57,3.14.3,Windows-11-10.0.26200-SP0,"Intel64 Family 6 Model 170 Stepping 4, GenuineIntel",10000,3.0,3.075406859636261,0.5,11,28477,10000,0.351160585735857,random,50042,90042,130042,4,384928300,38492.83,15300.0,20300.0,43009.0000000002,126155800,7,7102,0.7102,17102,3434,2914,2496,0.2496,1755.627348386417,1.4217140114011402,4,17102,37968,18477,2372880,237.288,2813496,True,719411767517639018,2162287493092420241,2305843009213693951
n10000-g3-t0.8-r4-h130042,2efaf1348f57,3.14.3,Windows-11-10.0.26200-SP0,"Intel64 Family 6 Model 170 Stepping 4, GenuineIntel",10000,3.0,3.075406859636261,0.8,11,28477,10000,0.351160585735857,random,50042,90042,130042,4,419512000,41951.2,16900.0,21200.0,60110.00000000022,137259000,7,11365,1.1365,21365,4887,3850,2496,0.2496,1755.627348386417,1.4217140114011402,4,21365,37968,18477,2372880,237.288,3004928,True,719411767517639018,2162287493092420241,2305843009213693951
n10000-g2-t0.8-r4-h130042,2efaf1348f57,3.14.3,Windows-11-10.0.26200-SP0,"Intel64 Family 6 Model 170 Stepping 4, GenuineIntel",10000,2.0,2.026772599602447,0.8,11,12853,10000,0.7780284758422158,random,50042,90042,130042,4,357711500,35771.15,15400.0,21000.0,62902.000000000044,83128200,10,10226,1.0226,20226,5669,4339,3644,0.3644,3889.753364973158,0.9368203220322032,5,20226,19274,2853,1333968,133.3968,1602412,True,356427331773283763,1023736245059445953,2305843009213693951
n10000-g1.25-t0.9-r5-h160042,2efaf1348f57,3.14.3,Windows-11-10.0.26200-SP0,"Intel64 Family 6 Model 170 Stepping 4, GenuineIntel",10000,1.25,1.2770357192166375,0.9,11,12889,10000,0.7758553805570642,random,60042,110042,160042,5,866094100,86609.41,17000.0,20400.0,51302.000000000044,138343200,29,45770,4.577,55770,7791,5395,3567,0.3567,3878.8889750950425,0.9195932193219322,5,55770,23178,2889,1337264,133.7264,2147800,True,1082982287812154591,1266399236269489572,2305843009213693951
n10000-g1.5-t0.9-r5-h160042,2efaf1348f57,3.14.3,Windows-11-10.0.26200-SP0,"Intel64 Family 6 Model 170 Stepping 4, GenuineIntel",10000,1.5,1.5290144697461625,0.9,11,14867,10000,0.6726306585054147,random,60042,110042,160042,5,606208300,60620.83,16800.0,21700.0,65802.00000000004,135279900,17,26594,2.6594,36594,7280,5184,3138,0.3138,3362.8169771978205,0.9331462346234624,6,36594,24768,4867,1470912,147.0912,2224480,True,1473503377183367983,709593445440876555,2305843009213693951
n10000-g2-t0.9-r5-h160042,2efaf1348f57,3.14.3,Windows-11-10.0.26200-SP0,"Intel64 Family 6 Model 170 Stepping 4, GenuineIntel",10000,2.0,2.026772599602447,0.9,11,12853,10000,0.7780284758422158,random,60042,110042,160042,5,382746700,38274.67,15100.0,19900.0,38203.000000000065,84144300,10,11506,1.1506,21506,6314,4662,3763,0.3763,3889.753364973158,0.9674135213521352,6,21506,19274,2853,1332048,133.2048,1643504,True,1959121981469107010,1507887399001509498,2305843009213693951
n10000-g1.25-t0.8-r5-h160042,2efaf1348f57,3.14.3,Windows-11-10.0.26200-SP0,"Intel64 Family 6 Model 170 Stepping 4, GenuineIntel",10000,1.25,1.2770357192166375,0.8,11,12889,10000,0.7758553805570642,random,60042,110042,160042,5,799970600,79997.06,15900.0,22100.0,87705.0000000001,122469800,29,40681,4.0681,50681,7049,5084,3567,0.3567,3878.8889750950425,0.9195932193219322,5,50681,23178,2889,1337264,133.7264,2083264,True,1082982287812154591,1266399236269489572,2305843009213693951
n10000-g1.5-t0.7-r5-h160042,2efaf1348f57,3.14.3,Windows-11-10.0.26200-SP0,"Intel64 Family 6 Model 170 Stepping 4, GenuineIntel",10000,1.5,1.5290144697461625,0.7,11,14867,10000,0.6726306585054147,random,60042,110042,160042,5,409502500,40950.25,12600.0,22600.0,42804.00000000009,83413000,17,20680,2.068,30680,5544,4280,3138,0.3138,3362.8169771978205,0.9331462346234624,6,30680,24768,4867,1470912,147.0912,2099904,True,1473503377183367983,709593445440876555,2305843009213693951
n10000-g1.25-t0.5-r5-h160042,2efaf1348f57,3.14.3,Windows-11-10.0.26200-SP0,"Intel64 Family 6 Model 170 Stepping 4, GenuineIntel",10000,1.25,1.2753353982930995,0.5,11,20161,10000,0.49600714250285205,random,60042,110042,160042,5,803083700,80308.37,16500.0,22200.0,57522.00000000048,105645000,31,39928,3.9928,49928,4322,3559,2266,0.2266,2479.787708943009,0.9137878987898789,5,49928,36288,10161,1838352,183.8352,2948072,True,249773903025442524,1223127775960247934,2305843009213693951
n10000-g4-t0.8-r5-h160042,2efaf1348f57,3.14.3,Windows-11-10.0.26200-SP0,"Intel64 Family 6 Model 170 Stepping 4, GenuineIntel",10000,4.0,4.061552575258115,0.8,11,49297,10000,0.20285210053350103,random,60042,110042,160042,5,513125600,51312.56,15400.0,21700.0,61710.00000000022,234728200,6,13133,1.3133,23133,4778,3768,827,0.0827,1014.1590766172384,0.8154539253925392,3,23133,61620,39297,3730320,373.032,4658124,True,728674461801851590,914323641897661220,2305843009213693951
n10000-g4-t0.5-r5-h160042,2efaf1348f57,3.14.3,Windows-11-10.0.26200-SP0,"Intel64 Family 6 Model 170 Stepping 4, GenuineIntel",10000,4.0,4.061552575258115,0.5,11,49297,10000,0.20285210053350103,random,60042,110042,160042,5,523315400,52331.54,16100.0,21000.0,58840.00000000087,239909600,6,8207,0.8207,18207,2377,2102,827,0.0827,1014.1590766172384,0.8154539253925392,3,18207,61620,39297,3730320,373.032,4412616,True,728674461801851590,914323641897661220,2305843009213693951
n10000-g1.25-t0.7-r5-h160042,2efaf1348f57,3.14.3,Windows-11-10.0.26200-SP0,"Intel64 Family 6 Model 170 Stepping 4, GenuineIntel",10000,1.25,1.2761752609835624,0.7,11,16127,10000,0.6200781298443604,random,60042,110042,160042,5,742460500,74246.05,14200.0,20300.0,40808.000000000175,125978200,30,44614,4.4614,54614,6066,4618,2926,0.2926,3100.0806101568796,0.9438464246424643,5,54614,29016,6127,1561024,156.1024,2531324,True,296983886265880265,1707146801477629335,2305843009213693951
n10000-g2-t0.7-r5-h160042,2efaf1348f57,3.14.3,Windows-11-10.0.26200-SP0,"Intel64 Family 6 Model 170 Stepping 4, GenuineIntel",10000,2.0,2.0244165297589,0.7,11,25717,10000,0.3888478438387059,random,60042,110042,160042,5,438571000,43857.1,13800.0,19700.0,34811.00000000024,127933800,11,17943,1.7943,27943,4972,3903,1667,0.1667,1944.0447952716102,0.8574905290529053,4,27943,38570,15717,2210672,221.0672,3136276,True,144675229512126277,2217075565996547241,2305843009213693951
n10000-g3-t0.7-r5-h160042,2efaf1348f57,3.14.3,Windows-11-10.0.26200-SP0,"Intel64 Family 6 Model 170 Stepping 4, GenuineIntel",10000,3.0,3.075406859636261,0.7,11,28477,10000,0.351160585735857,random,60042,110042,160042,5,455216400,45521.64,15400.0,20300.0,48702.000000000044,184437600,7,9944,0.9944,19944,3780,3097,1450,0.145,1755.627348386417,0.825915591559156,5,19944,37968,18477,2398384,239.8384,2943808,True,894173606836323480,1354168775011378655,2305843009213693951
n10000-g4-t0.9-r5-h160042,2efaf1348f57,3.14.3,Windows-11-10.0.26200-SP0,"Intel64 Family 6 Model 170 Stepping 4, GenuineIntel",10000,4.0,4.073781941238894,0.9,11,12323,10000,0.8114907084313885,random,60042,110042,160042,5,279499700,27949.97,14800.0,21500.0,71809.0000000002,54498700,5,3685,0.3685,13685,5095,3965,3824,0.3824,4057.0477968027267,0.9425572957295729,6,13685,15402,2323,1299904,129.9904,1428628,True,1523823901846226518,1023619030834206161,2305843009213693951
n10000-g2-t0.8-r5-h160042,2efaf1348f57,3.14.3,Windows-11-10.0.26200-SP0,"Intel64 Family 6 Model 170 Stepping 4, GenuineIntel",10000,2.0,2.026772599602447,0.8,11,12853,10000,0.7780284758422158,random,60042,110042,160042,5,364833500,36483.35,16700.0,22500.0,50402.000000000044,80431700,10,10226,1.0226,20226,5790,4371,3763,0.3763,3889.753364973158,0.9674135213521352,6,20226,19274,2853,1332048,133.2048,1603084,True,1959121981469107010,1507887399001509498,2305843009213693951
n10000-g1.5-t0.5-r5-h160042,2efaf1348f57,3.14.3,Windows-11-10.0.26200-SP0,"Intel64 Family 6 Model 170 Stepping 4, GenuineIntel",10000,1.5,1.5274118968527437,0.5,11,22303,10000,0.44837017441599786,random,60042,110042,160042,5,577808100,57780.81,15900.0,19900.0,44502.000000000044,133747600,18,22203,2.2203,32203,3880,3248,2083,0.2083,2241.6266869927813,0.929235903590359,4,32203,37170,12303,1984448,198.4448,2949884,True,1965254545819314856,866871868142341071,2305843009213693951
n10000-g3-t0.5-r5-h160042,2efaf1348f57,3.14.3,Windows-11-10.0.26200-SP0,"Intel64 Family 6 Model 170 Stepping 4, GenuineIntel",10000,3.0,3.075406859636261,0.5,11,28477,10000,0.351160585735857,random,60042,110042,160042,5,368389400,36838.94,14500.0,21300.0,52502.000000000044,119968900,7,7102,0.7102,17102,2657,2322,1450,0.145,1755.627348386417,0.825915591559156,5,17102,37968,18477,2398384,239.8384,2813208,True,894173606836323480,1354168775011378655,2305843009213693951
n10000-g1.5-t0.8-r5-h160042,2efaf1348f57,3.14.3,Windows-11-10.0.26200-SP0,"Intel64 Family 6 Model 170 Stepping 4, GenuineIntel",10000,1.5,1.5290144697461625,0.8,11,14867,10000,0.6726306585054147,random,60042,110042,160042,5,586587100,58658.71,17300.0,22000.0,48205.00000000011,119428400,17,23637,2.3637,33637,6397,4752,3138,0.3138,3362.8169771978205,0.9331462346234624,6,33637,24768,4867,1470912,147.0912,2161184,True,1473503377183367983,709593445440876555,2305843009213693951
n10000-g4-t0.7-r5-h160042,2efaf1348f57,3.14.3,Windows-11-10.0.26200-SP0,"Intel64 Family 6 Model 170 Stepping 4, GenuineIntel",10000,4.0,4.061552575258115,0.7,11,49297,10000,0.20285210053350103,random,60042,110042,160042,5,519849800,51984.98,16900.0,21300.0,54308.000000000175,237912800,6,11491,1.1491,21491,3918,3213,827,0.0827,1014.1590766172384,0.8154539253925392,3,21491,61620,39297,3730320,373.032,4580152,True,728674461801851590,914323641897661220,2305843009213693951
n10000-g2-t0.5-r5-h160042,2efaf1348f57,3.14.3,Windows-11-10.0.26200-SP0,"Intel64 Family 6 Model 170 Stepping 4, GenuineIntel",10000,2.0,2.0244165297589,0.5,11,25717,10000,0.3888478438387059,random,60042,110042,160042,5,474761400,47476.14,17700.0,20700.0,74105.0000000001,138139400,11,12816,1.2816,22816,3439,2932,1667,0.1667,1944.0447952716102,0.8574905290529053,4,22816,38570,15717,2210672,221.0672,2962568,True,144675229512126277,2217075565996547241,2305843009213693951
n10000-g3-t0.8-r5-h160042,2efaf1348f57,3.14.3,Windows-11-10.0.26200-SP0,"Intel64 Family 6 Model 170 Stepping 4, GenuineIntel",10000,3.0,3.075406859636261,0.8,11,28477,10000,0.351160585735857,random,60042,110042,160042,5,436626100,43662.61,16500.0,21200.0,66605.00000000012,150090900,7,11365,1.1365,21365,4502,3545,1450,0.145,1755.627348386417,0.825915591559156,5,21365,37968,18477,2398384,239.8384,3004608,True,894173606836323480,1354168775011378655,2305843009213693951
n10000-g3-t0.9-r5-h160042,2efaf1348f57,3.14.3,Windows-11-10.0.26200-SP0,"Intel64 Family 6 Model 170 Stepping 4, GenuineIntel",10000,3.0,3.075406859636261,0.9,11,28477,10000,0.351160585735857,random,60042,110042,160042,5,463727200,46372.72,17500.0,20800.0,42104.00000000009,171957500,7,12786,1.2786,22786,5363,4063,1450,0.145,1755.627348386417,0.825915591559156,5,22786,37968,18477,2398384,239.8384,3066000,True,894173606836323480,1354168775011378655,2305843009213693951
n10000-g3-t0.8-r6-h190042,2efaf1348f57,3.14.3,Windows-11-10.0.26200-SP0,"Intel64 Family 6 Model 170 Stepping 4, GenuineIntel",10000,3.0,3.075406859636261,0.8,11,28477,10000,0.351160585735857,random,70042,130042,190042,6,376665500,37666.55,14200.0,20900.0,34802.000000000044,128574300,7,11365,1.1365,21365,4590,3607,1519,0.1519,1755.627348386417,0.8652177817781779,5,21365,37968,18477,2396976,239.6976,3004108,True,547140261264768195,2123418467385627227,2305843009213693951
n10000-g1.25-t0.9-r6-h190042,2efaf1348f57,3.14.3,Windows-11-10.0.26200-SP0,"Intel64 Family 6 Model 170 Stepping 4, GenuineIntel",10000,1.25,1.2770357192166375,0.9,11,12889,10000,0.7758553805570642,random,70042,130042,190042,6,892620700,89262.07,16600.0,23400.0,71808.00000000017,140280400,29,45770,4.577,55770,8527,5659,3670,0.367,3878.8889750950425,0.9461472147214721,5,55770,23178,2889,1335984,133.5984,2147968,True,2009189853484927412,1954906296722026025,2305843009213693951
n10000-g2-t0.8-r6-h190042,2efaf1348f57,3.14.3,Windows-11-10.0.26200-SP0,"Intel64 Family 6 Model 170 Stepping 4, GenuineIntel",10000,2.0,2.026772599602447,0.8,11,12853,10000,0.7780284758422158,random,70042,130042,190042,6,368344400,36834.44,17200.0,21600.0,48401.00000000002,88088900,10,10226,1.0226,20226,5767,4376,3709,0.3709,3889.753364973158,0.9535308930893089,6,20226,19274,2853,1333616,133.3616,1603456,True,1175196327360974099,541059072208409505,2305843009213693951
n10000-g1.25-t0.8-r6-h190042,2efaf1348f57,3.14.3,Windows-11-10.0.26200-SP0,"Intel64 Family 6 Model 170 Stepping 4, GenuineIntel",10000,1.25,1.2770357192166375,0.8,11,12889,10000,0.7758553805570642,random,70042,130042,190042,6,777882700,77788.27,15100.0,21400.0,72601.00000000003,132985800,29,40681,4.0681,50681,7592,5279,3670,0.367,3878.8889750950425,0.9461472147214721,5,50681,23178,2889,1335984,133.5984,2083168,True,2009189853484927412,1954906296722026025,2305843009213693951
n10000-g4-t0.9-r6-h190042,2efaf1348f57,3.14.3,Windows-11-10.0.26200-SP0,"Intel64 Family 6 Model 170 Stepping 4, GenuineIntel",10000,4.0,4.073781941238894,0.9,11,12323,10000,0.8114907084313885,random,70042,130042,190042,6,207840800,20784.08,14000.0,18600.0,28501.000000000022,41222200,5,3685,0.3685,13685,5024,3890,3845,0.3845,4057.0477968027267,0.9477334733473347,5,13685,15402,2323,1300416,130.0416,1429156,True,1722611537682441778,1200056142560428627,2305843009213693951
n10000-g3-t0.7-r6-h190042,2efaf1348f57,3.14.3,Windows-11-10.0.26200-SP0,"Intel64 Family 6 Model 170 Stepping 4, GenuineIntel",10000,3.0,3.075406859636261,0.7,11,28477,10000,0.351160585735857,random,70042,130042,190042,6,293594600,29359.46,9800.0,18400.0,21700.0,106529000,7,9944,0.9944,19944,3898,3162,1519,0.1519,1755.627348386417,0.8652177817781779,5,19944,37968,18477,2396976,239.6976,2943668,True,547140261264768195,2123418467385627227,2305843009213693951
n10000-g2-t0.7-r6-h190042,2efaf1348f57,3.14.3,Windows-11-10.0.26200-SP0,"Intel64 Family 6 Model 170 Stepping 4, GenuineIntel",10000,2.0,2.0244165297589,0.7,11,25717,10000,0.3888478438387059,random,70042,130042,190042,6,374332000,37433.2,8500.0,18300.0,23201.000000000022,128873400,11,17943,1.7943,27943,4900,3864,1733,0.1733,1944.0447952716102,0.8914403640364037,5,27943,38570,15717,2209616,220.9616,3137860,True,2103204978965590583,410925472736952741,2305843009213693951
n10000-g1.25-t0.7-r6-h190042,2efaf1348f57,3.14.3,Windows-11-10.0.26200-SP0,"Intel64 Family 6 Model 170 Stepping 4, GenuineIntel",10000,1.25,1.2761752609835624,0.7,11,16127,10000,0.6200781298443604,random,70042,130042,190042,6,610414200,61041.42,8300.0,15500.0,23901.000000000022,82220400,30,44614,4.4614,54614,6483,4740,2821,0.2821,3100.0806101568796,0.9099763376337634,5,54614,29016,6127,1563040,156.304,2530176,True,1109193958907530746,1069715320348978571,2305843009213693951
n10000-g4-t0.5-r6-h190042,2efaf1348f57,3.14.3,Windows-11-10.0.26200-SP0,"Intel64 Family 6 Model 170 Stepping 4, GenuineIntel",10000,4.0,4.061552575258115,0.5,11,49297,10000,0.20285210053350103,random,70042,130042,190042,6,377297800,37729.78,14400.0,19700.0,34401.00000000002,161239600,6,8207,0.8207,18207,2759,2383,1511,0.1511,1014.1590766172384,1.4899043304330433,5,18207,61620,39297,3711824,371.1824,4412856,True,3959483301117617,1353329840227485614,2305843009213693951
n10000-g1.5-t0.9-r6-h190042,2efaf1348f57,3.14.3,Windows-11-10.0.26200-SP0,"Intel64 Family 6 Model 170 Stepping 4, GenuineIntel",10000,1.5,1.5290144697461625,0.9,11,14867,10000,0.6726306585054147,random,70042,130042,190042,6,585735400,58573.54,15900.0,21100.0,56508.000000000175,136684200,17,26594,2.6594,36594,7166,5092,3152,0.3152,3362.8169771978205,0.9373094109410942,5,36594,24768,4867,1470208,147.0208,2226612,True,1410204648368414928,166457913483556736,2305843009213693951
n10000-g1.5-t0.5-r6-h190042,2efaf1348f57,3.14.3,Windows-11-10.0.26200-SP0,"Intel64 Family 6 Model 170 Stepping 4, GenuineIntel",10000,1.5,1.5274118968527437,0.5,11,22303,10000,0.44837017441599786,random,70042,130042,190042,6,600878300,60087.83,15400.0,19700.0,34600.0,126793900,18,22203,2.2203,32203,4147,3391,2723,0.2723,2241.6266869927813,1.2147428542854286,5,32203,37170,12303,1970656,197.0656,2950320,True,175193414496030482,1357952168100256486,2305843009213693951
n10000-g1.5-t0.7-r6-h190042,2efaf1348f57,3.14.3,Windows-11-10.0.26200-SP0,"Intel64 Family 6 Model 170 Stepping 4, GenuineIntel",10000,1.5,1.5290144697461625,0.7,11,14867,10000,0.6726306585054147,random,70042,130042,190042,6,292715600,29271.56,7900.0,14800.0,19700.0,60860100,17,20680,2.068,30680,5601,4279,3152,0.3152,3362.8169771978205,0.9373094109410942,5,30680,24768,4867,1470208,147.0208,2100884,True,1410204648368414928,166457913483556736,2305843009213693951
n10000-g2-t0.9-r6-h190042,2efaf1348f57,3.14.3,Windows-11-10.0.26200-SP0,"Intel64 Family 6 Model 170 Stepping 4, GenuineIntel",10000,2.0,2.026772599602447,0.9,11,12853,10000,0.7780284758422158,random,70042,130042,190042,6,234801100,23480.11,7700.0,17500.0,21403.000000000065,68375100,10,11506,1.1506,21506,6325,4683,3709,0.3709,3889.753364973158,0.9535308930893089,6,21506,19274,2853,1333616,133.3616,1643300,True,1175196327360974099,541059072208409505,2305843009213693951
n10000-g3-t0.5-r6-h190042,2efaf1348f57,3.14.3,Windows-11-10.0.26200-SP0,"Intel64 Family 6 Model 170 Stepping 4, GenuineIntel",10000,3.0,3.075406859636261,0.5,11,28477,10000,0.351160585735857,random,70042,130042,190042,6,245032100,24503.21,8600.0,15500.0,20100.0,90199700,7,7102,0.7102,17102,2725,2346,1519,0.1519,1755.627348386417,0.8652177817781779,5,17102,37968,18477,2396976,239.6976,2813420,True,547140261264768195,2123418467385627227,2305843009213693951
n10000-g4-t0.7-r6-h190042,2efaf1348f57,3.14.3,Windows-11-10.0.26200-SP0,"Intel64 Family 6 Model 170 Stepping 4, GenuineIntel",10000,4.0,4.061552575258115,0.7,11,49297,10000,0.20285210053350103,random,70042,130042,190042,6,380525800,38052.58,11100.0,18500.0,26102.000000000044,171553200,6,11491,1.1491,21491,3924,3200,1511,0.1511,1014.1590766172384,1.4899043304330433,5,21491,61620,39297,3711824,371.1824,4581896,True,3959483301117617,1353329840227485614,2305843009213693951
n10000-g1.5-t0.8-r6-h190042,2efaf1348f57,3.14.3,Windows-11-10.0.26200-SP0,"Intel64 Family 6 Model 170 Stepping 4, GenuineIntel",10000,1.5,1.5290144697461625,0.8,11,14867,10000,0.6726306585054147,random,70042,130042,190042,6,588027600,58802.76,16300.0,21004.999999999927,40401.00000000002,150662200,17,23637,2.3637,33637,6345,4674,3152,0.3152,3362.8169771978205,0.9373094109410942,5,33637,24768,4867,1470208,147.0208,2163252,True,1410204648368414928,166457913483556736,2305843009213693951
n10000-g4-t0.8-r6-h190042,2efaf1348f57,3.14.3,Windows-11-10.0.26200-SP0,"Intel64 Family 6 Model 170 Stepping 4, GenuineIntel",10000,4.0,4.061552575258115,0.8,11,49297,10000,0.20285210053350103,random,70042,130042,190042,6,498014600,49801.46,16900.0,20800.0,44004.00000000009,233570800,6,13133,1.3133,23133,4727,3707,1511,0.1511,1014.1590766172384,1.4899043304330433,5,23133,61620,39297,3711824,371.1824,4658876,True,3959483301117617,1353329840227485614,2305843009213693951
n10000-g2-t0.5-r6-h190042,2efaf1348f57,3.14.3,Windows-11-10.0.26200-SP0,"Intel64 Family 6 Model 170 Stepping 4, GenuineIntel",10000,2.0,2.0244165297589,0.5,11,25717,10000,0.3888478438387059,random,70042,130042,190042,6,391605700,39160.57,14000.0,19400.0,29700.0,132577000,11,12816,1.2816,22816,3348,2817,1733,0.1733,1944.0447952716102,0.8914403640364037,5,22816,38570,15717,2209616,220.9616,2963512,True,2103204978965590583,410925472736952741,2305843009213693951
n10000-g3-t0.9-r6-h190042,2efaf1348f57,3.14.3,Windows-11-10.0.26200-SP0,"Intel64 Family 6 Model 170 Stepping 4, GenuineIntel",10000,3.0,3.075406859636261,0.9,11,28477,10000,0.351160585735857,random,70042,130042,190042,6,299118300,29911.83,8400.0,18200.0,24703.000000000065,125432100,7,12786,1.2786,22786,5404,4089,1519,0.1519,1755.627348386417,0.8652177817781779,5,22786,37968,18477,2396976,239.6976,3065124,True,547140261264768195,2123418467385627227,2305843009213693951
n10000-g1.25-t0.5-r6-h190042,2efaf1348f57,3.14.3,Windows-11-10.0.26200-SP0,"Intel64 Family 6 Model 170 Stepping 4, GenuineIntel",10000,1.25,1.2753353982930995,0.5,11,20161,10000,0.49600714250285205,random,70042,130042,190042,6,858308700,85830.87,15000.0,19300.0,33801.00000000002,153168200,31,39928,3.9928,49928,4409,3558,2296,0.2296,2479.787708943009,0.9258857085708571,5,49928,36288,10161,1837552,183.7552,2951144,True,707495969305166193,1414705416728011889,2305843009213693951
n10000-g2-t0.5-r7-h220042,2efaf1348f57,3.14.3,Windows-11-10.0.26200-SP0,"Intel64 Family 6 Model 170 Stepping 4, GenuineIntel",10000,2.0,2.0244165297589,0.5,11,25717,10000,0.3888478438387059,random,80042,150042,220042,7,419085800,41908.58,14650.0,19900.0,33809.0000000002,132752300,11,12816,1.2816,22816,3388,2884,1691,0.1691,1944.0447952716102,0.8698359235923593,4,22816,38570,15717,2210032,221.0032,2963672,True,2108275773344608555,2058530229909526229,2305843009213693951
n10000-g1.5-t0.9-r7-h220042,2efaf1348f57,3.14.3,Windows-11-10.0.26200-SP0,"Intel64 Family 6 Model 170 Stepping 4, GenuineIntel",10000,1.5,1.5290144697461625,0.9,11,14867,10000,0.6726306585054147,random,80042,150042,220042,7,561203800,56120.38,14600.0,19900.0,31801.000000000022,138434300,17,26594,2.6594,36594,7211,5114,3127,0.3127,3362.8169771978205,0.9298751675167517,6,36594,24768,4867,1471328,147.1328,2225304,True,1976800435067151911,866822781562027889,2305843009213693951
n10000-g1.25-t0.8-r7-h220042,2efaf1348f57,3.14.3,Windows-11-10.0.26200-SP0,"Intel64 Family 6 Model 170 Stepping 4, GenuineIntel",10000,1.25,1.2770357192166375,0.8,11,12889,10000,0.7758553805570642,random,80042,150042,220042,7,730546800,73054.68,14700.0,20200.0,49507.00000000015,145275900,29,40681,4.0681,50681,6909,5051,3671,0.3671,3878.8889750950425,0.9464050205020501,6,50681,23178,2889,1335152,133.5152,2082440,True,728277980236409131,1940614365170721684,2305843009213693951
n10000-g2-t0.7-r7-h220042,2efaf1348f57,3.14.3,Windows-11-10.0.26200-SP0,"Intel64 Family 6 Model 170 Stepping 4, GenuineIntel",10000,2.0,2.0244165297589,0.7,11,25717,10000,0.3888478438387059,random,80042,150042,220042,7,323691700,32369.17,8800.0,15500.0,20001.000000000022,89137400,11,17943,1.7943,27943,4855,3844,1691,0.1691,1944.0447952716102,0.8698359235923593,4,27943,38570,15717,2210032,221.0032,3137932,True,2108275773344608555,2058530229909526229,2305843009213693951
n10000-g4-t0.5-r7-h220042,2efaf1348f57,3.14.3,Windows-11-10.0.26200-SP0,"Intel64 Family 6 Model 170 Stepping 4, GenuineIntel",10000,4.0,4.061552575258115,0.5,11,49297,10000,0.20285210053350103,random,80042,150042,220042,7,396130400,39613.04,14400.0,19100.0,30201.000000000022,158502200,6,8207,0.8207,18207,2261,2000,786,0.0786,1014.1590766172384,0.7750263426342634,3,18207,61620,39297,3731440,373.144,4413568,True,657836059294859336,35290558731230554,2305843009213693951
n10000-g1.5-t0.5-r7-h220042,2efaf1348f57,3.14.3,Windows-11-10.0.26200-SP0,"Intel64 Family 6 Model 170 Stepping 4, GenuineIntel",10000,1.5,1.5274118968527437,0.5,11,22303,10000,0.44837017441599786,random,80042,150042,220042,7,657303100,65730.31,17800.0,23500.0,52905.00000000011,152685500,18,22203,2.2203,32203,8428,4743,12050,1.205,2241.6266869927813,5.375560556055605,10,32203,37170,12303,1859584,185.9584,2949012,True,516496266544600276,2232550499059814486,2305843009213693951
n10000-g4-t0.9-r7-h220042,2efaf1348f57,3.14.3,Windows-11-10.0.26200-SP0,"Intel64 Family 6 Model 170 Stepping 4, GenuineIntel",10000,4.0,4.073781941238894,0.9,11,12323,10000,0.8114907084313885,random,80042,150042,220042,7,304097200,30409.72,16700.0,21500.0,39900.0,80871700,5,3685,0.3685,13685,4985,3877,3762,0.3762,4057.0477968027267,0.9272752475247524,6,13685,15402,2323,1302144,130.2144,1430860,True,1792314825606155355,1640880852301805692,2305843009213693951
n10000-g1.25-t0.9-r7-h220042,2efaf1348f57,3.14.3,Windows-11-10.0.26200-SP0,"Intel64 Family 6 Model 170 Stepping 4, GenuineIntel",10000,1.25,1.2770357192166375,0.9,11,12889,10000,0.7758553805570642,random,80042,150042,220042,7,859429200,85942.92,17400.0,22200.0,65106.00000000013,142668800,29,45770,4.577,55770,7746,5468,3671,0.3671,3878.8889750950425,0.9464050205020501,6,55770,23178,2889,1335152,133.5152,2146888,True,728277980236409131,1940614365170721684,2305843009213693951
n10000-g2-t0.8-r7-h220042,2efaf1348f57,3.14.3,Windows-11-10.0.26200-SP0,"Intel64 Family 6 Model 170 Stepping 4, GenuineIntel",10000,2.0,2.026772599602447,0.8,11,12853,10000,0.7780284758422158,random,80042,150042,220042,7,378372300,37837.23,17300.0,21900.0,51506.00000000013,94643100,10,10226,1.0226,20226,5784,4390,3653,0.3653,3889.753364973158,0.939134093409341,5,20226,19274,2853,1333904,133.3904,1602340,True,1414788368070650074,1186554193943928919,2305843009213693951
n10000-g3-t0.9-r7-h220042,2efaf1348f57,3.14.3,Windows-11-10.0.26200-SP0,"Intel64 Family 6 Model 170 Stepping 4, GenuineIntel",10000,3.0,3.075406859636261,0.9,11,28477,10000,0.351160585735857,random,80042,150042,220042,7,463570700,46357.07,17500.0,20800.0,49516.00000000035,171140700,7,12786,1.2786,22786,5632,4239,1803,0.1803,1755.627348386417,1.0269833183318333,5,22786,37968,18477,2389808,238.9808,3064200,True,1806306152047739099,66347514015486598,2305843009213693951
n10000-g2-t0.9-r7-h220042,2efaf1348f57,3.14.3,Windows-11-10.0.26200-SP0,"Intel64 Family 6 Model 170 Stepping 4, GenuineIntel",10000,2.0,2.026772599602447,0.9,11,12853,10000,0.7780284758422158,random,80042,150042,220042,7,395084600,39508.46,16000.0,21000.0,51418.00000000039,98950300,10,11506,1.1506,21506,6289,4654,3653,0.3653,3889.753364973158,0.939134093409341,5,21506,19274,2853,1333904,133.3904,1643240,True,1414788368070650074,1186554193943928919,2305843009213693951
n10000-g3-t0.5-r7-h220042,2efaf1348f57,3.14.3,Windows-11-10.0.26200-SP0,"Intel64 Family 6 Model 170 Stepping 4, GenuineIntel",10000,3.0,3.075406859636261,0.5,11,28477,10000,0.351160585735857,random,80042,150042,220042,7,412045000,41204.5,14700.0,20600.0,54520.00000000044,156321400,7,7102,0.7102,17102,2959,2546,1803,0.1803,1755.627348386417,1.0269833183318333,5,17102,37968,18477,2389808,238.9808,2813584,True,1806306152047739099,66347514015486598,2305843009213693951
n10000-g3-t0.7-r7-h220042,2efaf1348f57,3.14.3,Windows-11-10.0.26200-SP0,"Intel64 Family 6 Model 170 Stepping 4, GenuineIntel",10000,3.0,3.075406859636261,0.7,11,28477,10000,0.351160585735857,random,80042,150042,220042,7,381939500,38193.95,14500.0,19500.0,32303.000000000065,142439300,7,9944,0.9944,19944,4111,3349,1803,0.1803,1755.627348386417,1.0269833183318333,5,19944,37968,18477,2389808,238.9808,2943160,True,1806306152047739099,66347514015486598,2305843009213693951
n10000-g1.5-t0.8-r7-h220042,2efaf1348f57,3.14.3,Windows-11-10.0.26200-SP0,"Intel64 Family 6 Model 170 Stepping 4, GenuineIntel",10000,1.5,1.5290144697461625,0.8,11,14867,10000,0.6726306585054147,random,80042,150042,220042,7,500697600,50069.76,14400.0,19704.999999999927,35901.00000000002,121209100,17,23637,2.3637,33637,6359,4679,3127,0.3127,3362.8169771978205,0.9298751675167517,6,33637,24768,4867,1471328,147.1328,2162456,True,1976800435067151911,866822781562027889,2305843009213693951
n10000-g1.25-t0.7-r7-h220042,2efaf1348f57,3.14.3,Windows-11-10.0.26200-SP0,"Intel64 Family 6 Model 170 Stepping 4, GenuineIntel",10000,1.25,1.2761752609835624,0.7,11,16127,10000,0.6200781298443604,random,80042,150042,220042,7,788236700,78823.67,14200.0,19600.0,33009.0000000002,128428000,30,44614,4.4614,54614,5958,4477,2844,0.2844,3100.0806101568796,0.917395499549955,5,54614,29016,6127,1563808,156.3808,2530372,True,1634880148367158292,2011262730151748567,2305843009213693951
n10000-g1.5-t0.7-r7-h220042,2efaf1348f57,3.14.3,Windows-11-10.0.26200-SP0,"Intel64 Family 6 Model 170 Stepping 4, GenuineIntel",10000,1.5,1.5290144697461625,0.7,11,14867,10000,0.6726306585054147,random,80042,150042,220042,7,559602500,55960.25,15800.0,20500.0,42300.0,140581000,17,20680,2.068,30680,5704,4358,3127,0.3127,3362.8169771978205,0.9298751675167517,6,30680,24768,4867,1471328,147.1328,2099928,True,1976800435067151911,866822781562027889,2305843009213693951
n10000-g4-t0.7-r7-h220042,2efaf1348f57,3.14.3,Windows-11-10.0.26200-SP0,"Intel64 Family 6 Model 170 Stepping 4, GenuineIntel",10000,4.0,4.061552575258115,0.7,11,49297,10000,0.20285210053350103,random,80042,150042,220042,7,476873700,47687.37,17500.0,23300.0,44802.000000000044,205920900,6,11491,1.1491,21491,3727,3061,786,0.0786,1014.1590766172384,0.7750263426342634,3,21491,61620,39297,3731440,373.144,4582288,True,657836059294859336,35290558731230554,2305843009213693951
n10000-g4-t0.8-r7-h220042,2efaf1348f57,3.14.3,Windows-11-10.0.26200-SP0,"Intel64 Family 6 Model 170 Stepping 4, GenuineIntel",10000,4.0,4.061552575258115,0.8,11,49297,10000,0.20285210053350103,random,80042,150042,220042,7,499249400,49924.94,17400.0,21200.0,38210.00000000022,226350300,6,13133,1.3133,23133,4627,3676,786,0.0786,1014.1590766172384,0.7750263426342634,3,23133,61620,39297,3731440,373.144,4660516,True,657836059294859336,35290558731230554,2305843009213693951
n10000-g3-t0.8-r7-h220042,2efaf1348f57,3.14.3,Windows-11-10.0.26200-SP0,"Intel64 Family 6 Model 170 Stepping 4, GenuineIntel",10000,3.0,3.075406859636261,0.8,11,28477,10000,0.351160585735857,random,80042,150042,220042,7,440245300,44024.53,17000.0,19804.999999999927,36302.000000000044,158180500,7,11365,1.1365,21365,4808,3777,1803,0.1803,1755.627348386417,1.0269833183318333,5,21365,37968,18477,2389808,238.9808,3003544,True,1806306152047739099,66347514015486598,2305843009213693951
n10000-g1.25-t0.5-r7-h220042,2efaf1348f57,3.14.3,Windows-11-10.0.26200-SP0,"Intel64 Family 6 Model 170 Stepping 4, GenuineIntel",10000,1.25,1.2753353982930995,0.5,11,20161,10000,0.49600714250285205,random,80042,150042,220042,7,874232200,87423.22,14900.0,19300.0,41602.000000000044,126197700,31,39928,3.9928,49928,4309,3547,2367,0.2367,2479.787708943009,0.9545171917191718,5,49928,36288,10161,1836720,183.672,2950996,True,1976904336108400499,294170086653654122,2305843009213693951
n10000-g2-t0.7-r8-h250042,2efaf1348f57,3.14.3,Windows-11-10.0.26200-SP0,"Intel64 Family 6 Model 170 Stepping 4, GenuineIntel",10000,2.0,2.0244165297589,0.7,11,25717,10000,0.3888478438387059,random,90042,170042,250042,8,464835600,46483.56,14800.0,19200.0,28101.000000000022,153426600,11,17943,1.7943,27943,4805,3803,1709,0.1709,1944.0447952716102,0.8790949694969498,4,27943,38570,15717,2209584,220.9584,3139328,True,966327039837928600,561575253953340578,2305843009213693951
n10000-g3-t0.9-r8-h250042,2efaf1348f57,3.14.3,Windows-11-10.0.26200-SP0,"Intel64 Family 6 Model 170 Stepping 4, GenuineIntel",10000,3.0,3.075406859636261,0.9,11,28477,10000,0.351160585735857,random,90042,170042,250042,8,507940500,50794.05,15500.0,20500.0,39804.00000000009,226652100,7,12786,1.2786,22786,5453,4133,1481,0.1481,1755.627348386417,0.8435730973097311,4,22786,37968,18477,2397232,239.7232,3063656,True,590738921383379990,1369433668286656375,2305843009213693951
n10000-g2-t0.5-r8-h250042,2efaf1348f57,3.14.3,Windows-11-10.0.26200-SP0,"Intel64 Family 6 Model 170 Stepping 4, GenuineIntel",10000,2.0,2.0244165297589,0.5,11,25717,10000,0.3888478438387059,random,90042,170042,250042,8,414957700,41495.77,15000.0,20100.0,40711.00000000024,130243800,11,12816,1.2816,22816,3284,2826,1709,0.1709,1944.0447952716102,0.8790949694969498,4,22816,38570,15717,2209584,220.9584,2964124,True,966327039837928600,561575253953340578,2305843009213693951
n10000-g4-t0.5-r8-h250042,2efaf1348f57,3.14.3,Windows-11-10.0.26200-SP0,"Intel64 Family 6 Model 170 Stepping 4, GenuineIntel",10000,4.0,4.061552575258115,0.5,11,49297,10000,0.20285210053350103,random,90042,170042,250042,8,428666400,42866.64,16800.0,20800.0,39504.00000000009,170003500,6,8207,0.8207,18207,2347,2077,778,0.0778,1014.1590766172384,0.7671380338033803,3,18207,61620,39297,3731440,373.144,4412288,True,439208960675345307,879890689561915563,2305843009213693951
n10000-g3-t0.8-r8-h250042,2efaf1348f57,3.14.3,Windows-11-10.0.26200-SP0,"Intel64 Family 6 Model 170 Stepping 4, GenuineIntel",10000,3.0,3.075406859636261,0.8,11,28477,10000,0.351160585735857,random,90042,170042,250042,8,454252600,45425.26,17300.0,22200.0,68613.00000000029,156665700,7,11365,1.1365,21365,4613,3653,1481,0.1481,1755.627348386417,0.8435730973097311,4,21365,37968,18477,2397232,239.7232,3002616,True,590738921383379990,1369433668286656375,2305843009213693951
n10000-g4-t0.8-r8-h250042,2efaf1348f57,3.14.3,Windows-11-10.0.26200-SP0,"Intel64 Family 6 Model 170 Stepping 4, GenuineIntel",10000,4.0,4.061552575258115,0.8,11,49297,10000,0.20285210053350103,random,90042,170042,250042,8,558490000,55849.0,16700.0,21800.0,48802.000000000044,270132900,6,13133,1.3133,23133,4763,3751,778,0.0778,1014.1590766172384,0.7671380338033803,3,23133,61620,39297,3731440,373.144,4657796,True,439208960675345307,879890689561915563,2305843009213693951
n10000-g1.25-t0.5-r8-h250042,2efaf1348f57,3.14.3,Windows-11-10.0.26200-SP0,"Intel64 Family 6 Model 170 Stepping 4, GenuineIntel",10000,1.25,1.2753353982930995,0.5,11,20161,10000,0.49600714250285205,random,90042,170042,250042,8,895525300,89552.53,17400.0,20900.0,64115.00000000033,139927200,31,39928,3.9928,49928,4186,3466,2270,0.227,2479.787708943009,0.9154009400940093,5,49928,36288,10161,1838672,183.8672,2949992,True,1337446659466824253,1952997022147001921,2305843009213693951
n10000-g2-t0.9-r8-h250042,2efaf1348f57,3.14.3,Windows-11-10.0.26200-SP0,"Intel64 Family 6 Model 170 Stepping 4, GenuineIntel",10000,2.0,2.026772599602447,0.9,11,12853,10000,0.7780284758422158,random,90042,170042,250042,8,390378500,39037.85,15500.0,20300.0,45505.00000000011,96252200,10,11506,1.1506,21506,6142,4580,3623,0.3623,3889.753364973158,0.9314215221522152,6,21506,19274,2853,1336016,133.6016,1644588,True,401807804330116587,388885660641405430,2305843009213693951
n10000-g1.5-t0.9-r8-h250042,2efaf1348f57,3.14.3,Windows-11-10.0.26200-SP0,"Intel64 Family 6 Model 170 Stepping 4, GenuineIntel",10000,1.5,1.5290144697461625,0.9,11,14867,10000,0.6726306585054147,random,90042,170042,250042,8,608302700,60830.27,15900.0,20400.0,37902.000000000044,144962700,17,26594,2.6594,36594,7166,5134,3187,0.3187,3362.8169771978205,0.9477173517351736,5,36594,24768,4867,1469152,146.9152,2225004,True,147771245666796223,1966459932602116488,2305843009213693951
n10000-g1.25-t0.9-r8-h250042,2efaf1348f57,3.14.3,Windows-11-10.0.26200-SP0,"Intel64 Family 6 Model 170 Stepping 4, GenuineIntel",10000,1.25,1.2770357192166375,0.9,11,12889,10000,0.7758553805570642,random,90042,170042,250042,8,898279100,89827.91,17000.0,20400.0,45604.00000000009,149865200,29,45770,4.577,55770,7773,5457,3608,0.3608,3878.8889750950425,0.9301632563256325,5,55770,23178,2889,1336624,133.6624,2148580,True,1433415713258380441,326127731783327915,2305843009213693951
n10000-g4-t0.9-r8-h250042,2efaf1348f57,3.14.3,Windows-11-10.0.26200-SP0,"Intel64 Family 6 Model 170 Stepping 4, GenuineIntel",10000,4.0,4.073781941238894,0.9,11,12323,10000,0.8114907084313885,random,90042,170042,250042,8,269641200,26964.12,14800.0,19800.0,40103.000000000065,59220600,5,3685,0.3685,13685,5124,3980,3874,0.3874,4057.0477968027267,0.9548815281528152,6,13685,15402,2323,1299488,129.9488,1428236,True,2267749126983358086,1518516818935116864,2305843009213693951
n10000-g1.25-t0.8-r8-h250042,2efaf1348f57,3.14.3,Windows-11-10.0.26200-SP0,"Intel64 Family 6 Model 170 Stepping 4, GenuineIntel",10000,1.25,1.2770357192166375,0.8,11,12889,10000,0.7758553805570642,random,90042,170042,250042,8,828180500,82818.05,17600.0,21900.0,61100.0,136631900,29,40681,4.0681,50681,6915,5008,3608,0.3608,3878.8889750950425,0.9301632563256325,5,50681,23178,2889,1336624,133.6624,2084004,True,1433415713258380441,326127731783327915,2305843009213693951
n10000-g1.5-t0.8-r8-h250042,2efaf1348f57,3.14.3,Windows-11-10.0.26200-SP0,"Intel64 Family 6 Model 170 Stepping 4, GenuineIntel",10000,1.5,1.5290144697461625,0.8,11,14867,10000,0.6726306585054147,random,90042,170042,250042,8,561248900,56124.89,15200.0,20400.0,60102.000000000044,121370700,17,23637,2.3637,33637,6280,4667,3187,0.3187,3362.8169771978205,0.9477173517351736,5,33637,24768,4867,1469152,146.9152,2162220,True,147771245666796223,1966459932602116488,2305843009213693951
n10000-g3-t0.7-r8-h250042,2efaf1348f57,3.14.3,Windows-11-10.0.26200-SP0,"Intel64 Family 6 Model 170 Stepping 4, GenuineIntel",10000,3.0,3.075406859636261,0.7,11,28477,10000,0.351160585735857,random,90042,170042,250042,8,405184700,40518.47,16200.0,21100.0,54701.00000000002,143481800,7,9944,0.9944,19944,3835,3158,1481,0.1481,1755.627348386417,0.8435730973097311,4,19944,37968,18477,2397232,239.7232,2943544,True,590738921383379990,1369433668286656375,2305843009213693951
n10000-g1.25-t0.7-r8-h250042,2efaf1348f57,3.14.3,Windows-11-10.0.26200-SP0,"Intel64 Family 6 Model 170 Stepping 4, GenuineIntel",10000,1.25,1.2761752609835624,0.7,11,16127,10000,0.6200781298443604,random,90042,170042,250042,8,920471400,92047.14,17400.0,22404.999999999927,54601.00000000002,138392100,30,44614,4.4614,54614,5979,4557,2897,0.2897,3100.0806101568796,0.9344918291829183,5,54614,29016,6127,1561344,156.1344,2530688,True,711560609687538280,600098723395092486,2305843009213693951
n10000-g1.5-t0.5-r8-h250042,2efaf1348f57,3.14.3,Windows-11-10.0.26200-SP0,"Intel64 Family 6 Model 170 Stepping 4, GenuineIntel",10000,1.5,1.5274118968527437,0.5,11,22303,10000,0.44837017441599786,random,90042,170042,250042,8,617959100,61795.91,17100.0,21100.0,48706.00000000013,145075800,18,22203,2.2203,32203,4037,3362,2089,0.2089,2241.6266869927813,0.9319125312531253,5,32203,37170,12303,1984608,198.4608,2947912,True,2078262530066707297,1733144607635947500,2305843009213693951
n10000-g3-t0.5-r8-h250042,2efaf1348f57,3.14.3,Windows-11-10.0.26200-SP0,"Intel64 Family 6 Model 170 Stepping 4, GenuineIntel",10000,3.0,3.075406859636261,0.5,11,28477,10000,0.351160585735857,random,90042,170042,250042,8,409011100,40901.11,17600.0,21800.0,53601.00000000002,127211400,7,7102,0.7102,17102,2659,2334,1481,0.1481,1755.627348386417,0.8435730973097311,4,17102,37968,18477,2397232,239.7232,2812848,True,590738921383379990,1369433668286656375,2305843009213693951
n10000-g4-t0.7-r8-h250042,2efaf1348f57,3.14.3,Windows-11-10.0.26200-SP0,"Intel64 Family 6 Model 170 Stepping 4, GenuineIntel",10000,4.0,4.061552575258115,0.7,11,49297,10000,0.20285210053350103,random,90042,170042,250042,8,551911400,55191.14,16550.0,22100.0,51003.000000000065,270884800,6,11491,1.1491,21491,3822,3146,778,0.0778,1014.1590766172384,0.7671380338033803,3,21491,61620,39297,3731440,373.144,4580656,True,439208960675345307,879890689561915563,2305843009213693951
n10000-g2-t0.8-r8-h250042,2efaf1348f57,3.14.3,Windows-11-10.0.26200-SP0,"Intel64 Family 6 Model 170 Stepping 4, GenuineIntel",10000,2.0,2.026772599602447,0.8,11,12853,10000,0.7780284758422158,random,90042,170042,250042,8,391259300,39125.93,17300.0,22400.0,61802.000000000044,83116400,10,10226,1.0226,20226,5620,4272,3623,0.3623,3889.753364973158,0.9314215221522152,6,20226,19274,2853,1336016,133.6016,1604808,True,401807804330116587,388885660641405430,2305843009213693951
n10000-g1.5-t0.7-r8-h250042,2efaf1348f57,3.14.3,Windows-11-10.0.26200-SP0,"Intel64 Family 6 Model 170 Stepping 4, GenuineIntel",10000,1.5,1.5290144697461625,0.7,11,14867,10000,0.6726306585054147,random,90042,170042,250042,8,525863000,52586.3,15800.0,21900.0,46805.00000000011,112006200,17,20680,2.068,30680,5558,4281,3187,0.3187,3362.8169771978205,0.9477173517351736,5,30680,24768,4867,1469152,146.9152,2099596,True,147771245666796223,1966459932602116488,2305843009213693951
n10000-g1.5-t0.7-r9-h280042,2efaf1348f57,3.14.3,Windows-11-10.0.26200-SP0,"Intel64 Family 6 Model 170 Stepping 4, GenuineIntel",10000,1.5,1.5290144697461625,0.7,11,14867,10000,0.6726306585054147,random,100042,190042,280042,9,489541200,48954.12,15100.0,20200.0,39409.0000000002,80350500,17,20680,2.068,30680,5619,4345,3112,0.3112,3362.8169771978205,0.9254146214621463,6,30680,24768,4867,1470976,147.0976,2100380,True,1509178728927584028,953909228100801506,2305843009213693951
n10000-g3-t0.5-r9-h280042,2efaf1348f57,3.14.3,Windows-11-10.0.26200-SP0,"Intel64 Family 6 Model 170 Stepping 4, GenuineIntel",10000,3.0,3.075406859636261,0.5,11,28477,10000,0.351160585735857,random,100042,190042,280042,9,348100400,34810.04,14200.0,19500.0,40203.000000000065,123290200,7,7102,0.7102,17102,2668,2335,1515,0.1515,1755.627348386417,0.862939393939394,5,17102,37968,18477,2396944,239.6944,2813612,True,494430104645952147,60695076498756863,2305843009213693951
n10000-g4-t0.8-r9-h280042,2efaf1348f57,3.14.3,Windows-11-10.0.26200-SP0,"Intel64 Family 6 Model 170 Stepping 4, GenuineIntel",10000,4.0,4.061552575258115,0.8,11,49297,10000,0.20285210053350103,random,100042,190042,280042,9,447896700,44789.67,11900.0,19400.0,33704.00000000009,233556300,6,13133,1.3133,23133,4710,3721,2692,0.2692,1014.1590766172384,2.6544159215921592,6,23133,61620,39297,3684432,368.4432,4659744,True,159644201735361283,148291043785384055,2305843009213693951
n10000-g4-t0.5-r9-h280042,2efaf1348f57,3.14.3,Windows-11-10.0.26200-SP0,"Intel64 Family 6 Model 170 Stepping 4, GenuineIntel",10000,4.0,4.061552575258115,0.5,11,49297,10000,0.20285210053350103,random,100042,190042,280042,9,425144500,42514.45,15800.0,20500.0,38402.000000000044,169733100,6,8207,0.8207,18207,3500,2889,2692,0.2692,1014.1590766172384,2.6544159215921592,6,18207,61620,39297,3684432,368.4432,4413596,True,159644201735361283,148291043785384055,2305843009213693951
n10000-g4-t0.7-r9-h280042,2efaf1348f57,3.14.3,Windows-11-10.0.26200-SP0,"Intel64 Family 6 Model 170 Stepping 4, GenuineIntel",10000,4.0,4.061552575258115,0.7,11,49297,10000,0.20285210053350103,random,100042,190042,280042,9,480041600,48004.16,16500.0,21104.999999999927,46309.0000000002,208102200,6,11491,1.1491,21491,4230,3423,2692,0.2692,1014.1590766172384,2.6544159215921592,6,21491,61620,39297,3684432,368.4432,4582348,True,159644201735361283,148291043785384055,2305843009213693951
n10000-g2-t0.8-r9-h280042,2efaf1348f57,3.14.3,Windows-11-10.0.26200-SP0,"Intel64 Family 6 Model 170 Stepping 4, GenuineIntel",10000,2.0,2.026772599602447,0.8,11,12853,10000,0.7780284758422158,random,100042,190042,280042,9,402376400,40237.64,17500.0,21600.0,50803.000000000065,97399200,10,10226,1.0226,20226,5827,4410,3796,0.3796,3889.753364973158,0.9758973497349734,6,20226,19274,2853,1332368,133.2368,1603132,True,1278862088060324821,2084366798097591389,2305843009213693951
n10000-g1.5-t0.9-r9-h280042,2efaf1348f57,3.14.3,Windows-11-10.0.26200-SP0,"Intel64 Family 6 Model 170 Stepping 4, GenuineIntel",10000,1.5,1.5290144697461625,0.9,11,14867,10000,0.6726306585054147,random,100042,190042,280042,9,596836500,59683.65,16500.0,21200.0,43027.00000000059,138737500,17,26594,2.6594,36594,7179,5155,3112,0.3112,3362.8169771978205,0.9254146214621463,6,36594,24768,4867,1470976,147.0976,2224196,True,1509178728927584028,953909228100801506,2305843009213693951
n10000-g1.25-t0.7-r9-h280042,2efaf1348f57,3.14.3,Windows-11-10.0.26200-SP0,"Intel64 Family 6 Model 170 Stepping 4, GenuineIntel",10000,1.25,1.2761752609835624,0.7,11,16127,10000,0.6200781298443604,random,100042,190042,280042,9,936943500,93694.35,16000.0,24400.0,79601.00000000003,153089300,30,44614,4.4614,54614,6086,4563,2933,0.2933,3100.0806101568796,0.9461044304430444,5,54614,29016,6127,1561856,156.1856,2529588,True,2100146039673536431,2026484239703602916,2305843009213693951
n10000-g1.5-t0.5-r9-h280042,2efaf1348f57,3.14.3,Windows-11-10.0.26200-SP0,"Intel64 Family 6 Model 170 Stepping 4, GenuineIntel",10000,1.5,1.5274118968527437,0.5,11,22303,10000,0.44837017441599786,random,100042,190042,280042,9,637334200,63733.42,17400.0,23400.0,59824.000000000524,143326300,18,22203,2.2203,32203,3893,3251,2099,0.2099,2241.6266869927813,0.9363735773577357,5,32203,37170,12303,1984288,198.4288,2949152,True,920039285667759509,1853425118376649944,2305843009213693951
n10000-g1.25-t0.8-r9-h280042,2efaf1348f57,3.14.3,Windows-11-10.0.26200-SP0,"Intel64 Family 6 Model 170 Stepping 4, GenuineIntel",10000,1.25,1.2770357192166375,0.8,11,12889,10000,0.7758553805570642,random,100042,190042,280042,9,836048500,83604.85,16800.0,22600.0,72105.0000000001,119004700,29,40681,4.0681,50681,6934,5031,3650,0.365,3878.8889750950425,0.940991099109911,5,50681,23178,2889,1336240,133.624,2080984,True,498594435937541421,1612728315036235424,2305843009213693951
n10000-g4-t0.9-r9-h280042,2efaf1348f57,3.14.3,Windows-11-10.0.26200-SP0,"Intel64 Family 6 Model 170 Stepping 4, GenuineIntel",10000,4.0,4.073781941238894,0.9,11,12323,10000,0.8114907084313885,random,100042,190042,280042,9,284733200,28473.32,16400.0,20500.0,57602.000000000044,61615000,5,3685,0.3685,13685,4956,3869,3791,0.3791,4057.0477968027267,0.934423302330233,6,13685,15402,2323,1301440,130.144,1430184,True,712538376209239691,1516760001613590878,2305843009213693951
n10000-g1.5-t0.8-r9-h280042,2efaf1348f57,3.14.3,Windows-11-10.0.26200-SP0,"Intel64 Family 6 Model 170 Stepping 4, GenuineIntel",10000,1.5,1.5290144697461625,0.8,11,14867,10000,0.6726306585054147,random,100042,190042,280042,9,620504100,62050.41,15500.0,20300.0,54906.00000000013,136816700,17,23637,2.3637,33637,6280,4725,3112,0.3112,3362.8169771978205,0.9254146214621463,6,33637,24768,4867,1470976,147.0976,2161988,True,1509178728927584028,953909228100801506,2305843009213693951
n10000-g1.25-t0.5-r9-h280042,2efaf1348f57,3.14.3,Windows-11-10.0.26200-SP0,"Intel64 Family 6 Model 170 Stepping 4, GenuineIntel",10000,1.25,1.2753353982930995,0.5,11,20161,10000,0.49600714250285205,random,100042,190042,280042,9,841627700,84162.77,15100.0,20200.0,50607.00000000015,151643100,31,39928,3.9928,49928,4238,3502,2219,0.2219,2479.787708943009,0.8948346634663465,5,49928,36288,10161,1839408,183.9408,2950244,True,626888529905155258,1995934066175485976,2305843009213693951
n10000-g2-t0.5-r9-h280042,2efaf1348f57,3.14.3,Windows-11-10.0.26200-SP0,"Intel64 Family 6 Model 170 Stepping 4, GenuineIntel",10000,2.0,2.0244165297589,0.5,11,25717,10000,0.3888478438387059,random,100042,190042,280042,9,460150700,46015.07,16200.0,21300.0,38900.0,133543400,11,12816,1.2816,22816,3453,2940,1847,0.1847,1944.0447952716102,0.9500809880988099,5,22816,38570,15717,2207280,220.728,2962744,True,1783575331449831965,1660164826435023648,2305843009213693951
n10000-g1.25-t0.9-r9-h280042,2efaf1348f57,3.14.3,Windows-11-10.0.26200-SP0,"Intel64 Family 6 Model 170 Stepping 4, GenuineIntel",10000,1.25,1.2770357192166375,0.9,11,12889,10000,0.7758553805570642,random,100042,190042,280042,9,915509600,91550.96,14500.0,19600.0,40000.0,147339800,29,45770,4.577,55770,7810,5491,3650,0.365,3878.8889750950425,0.940991099109911,5,55770,23178,2889,1336240,133.624,2145080,True,498594435937541421,1612728315036235424,2305843009213693951
n10000-g3-t0.7-r9-h280042,2efaf1348f57,3.14.3,Windows-11-10.0.26200-SP0,"Intel64 Family 6 Model 170 Stepping 4, GenuineIntel",10000,3.0,3.075406859636261,0.7,11,28477,10000,0.351160585735857,random,100042,190042,280042,9,411890200,41189.02,15900.0,20000.0,37002.000000000044,144590100,7,9944,0.9944,19944,3783,3108,1515,0.1515,1755.627348386417,0.862939393939394,5,19944,37968,18477,2396944,239.6944,2945652,True,494430104645952147,60695076498756863,2305843009213693951
n10000-g3-t0.9-r9-h280042,2efaf1348f57,3.14.3,Windows-11-10.0.26200-SP0,"Intel64 Family 6 Model 170 Stepping 4, GenuineIntel",10000,3.0,3.075406859636261,0.9,11,28477,10000,0.351160585735857,random,100042,190042,280042,9,437535000,43753.5,16700.0,21400.0,43001.00000000002,161728500,7,12786,1.2786,22786,5409,4095,1515,0.1515,1755.627348386417,0.862939393939394,5,22786,37968,18477,2396944,239.6944,3064772,True,494430104645952147,60695076498756863,2305843009213693951
n10000-g2-t0.7-r9-h280042,2efaf1348f57,3.14.3,Windows-11-10.0.26200-SP0,"Intel64 Family 6 Model 170 Stepping 4, GenuineIntel",10000,2.0,2.0244165297589,0.7,11,25717,10000,0.3888478438387059,random,100042,190042,280042,9,482890100,48289.01,14400.0,21800.0,47406.00000000013,147062000,11,17943,1.7943,27943,5001,3935,1847,0.1847,1944.0447952716102,0.9500809880988099,5,27943,38570,15717,2207280,220.728,3135556,True,1783575331449831965,1660164826435023648,2305843009213693951
n10000-g3-t0.8-r9-h280042,2efaf1348f57,3.14.3,Windows-11-10.0.26200-SP0,"Intel64 Family 6 Model 170 Stepping 4, GenuineIntel",10000,3.0,3.075406859636261,0.8,11,28477,10000,0.351160585735857,random,100042,190042,280042,9,497796000,49779.6,17600.0,22000.0,52301.00000000002,211548400,7,11365,1.1365,21365,4602,3618,1515,0.1515,1755.627348386417,0.862939393939394,5,21365,37968,18477,2396944,239.6944,3004436,True,494430104645952147,60695076498756863,2305843009213693951
n10000-g2-t0.9-r9-h280042,2efaf1348f57,3.14.3,Windows-11-10.0.26200-SP0,"Intel64 Family 6 Model 170 Stepping 4, GenuineIntel",10000,2.0,2.026772599602447,0.9,11,12853,10000,0.7780284758422158,random,100042,190042,280042,9,371269300,37126.93,15000.0,21300.0,35002.000000000044,83616900,10,11506,1.1506,21506,6349,4683,3796,0.3796,3889.753364973158,0.9758973497349734,6,21506,19274,2853,1332368,133.2368,1643584,True,1278862088060324821,2084366798097591389,2305843009213693951
n10000-g3-t0.5-r10-h310042,2efaf1348f57,3.14.3,Windows-11-10.0.26200-SP0,"Intel64 Family 6 Model 170 Stepping 4, GenuineIntel",10000,3.0,3.075406859636261,0.5,11,28477,10000,0.351160585735857,random,110042,210042,310042,10,380672600,38067.26,15400.0,20000.0,49401.00000000002,126250000,7,7102,0.7102,17102,2688,2346,1523,0.1523,1755.627348386417,0.8674961696169617,4,17102,37968,18477,2396464,239.6464,2813480,True,1239411254862733633,25576520534447484,2305843009213693951
n10000-g1.25-t0.5-r10-h310042,2efaf1348f57,3.14.3,Windows-11-10.0.26200-SP0,"Intel64 Family 6 Model 170 Stepping 4, GenuineIntel",10000,1.25,1.2753353982930995,0.5,11,20161,10000,0.49600714250285205,random,110042,210042,310042,10,662016600,66201.66,13700.0,17800.0,28403.000000000065,109095900,31,39928,3.9928,49928,4215,3485,2221,0.2221,2479.787708943009,0.8956411841184118,6,49928,36288,10161,1839728,183.9728,2949248,True,1255058059545411059,1190095368309250225,2305843009213693951
n10000-g2-t0.5-r10-h310042,2efaf1348f57,3.14.3,Windows-11-10.0.26200-SP0,"Intel64 Family 6 Model 170 Stepping 4, GenuineIntel",10000,2.0,2.0244165297589,0.5,11,25717,10000,0.3888478438387059,random,110042,210042,310042,10,434725100,43472.51,15500.0,20200.0,40010.00000000022,129704100,11,12816,1.2816,22816,3354,2871,1722,0.1722,1944.0447952716102,0.8857820582058206,5,22816,38570,15717,2209424,220.9424,2963124,True,1573278851909885668,165343950564982275,2305843009213693951
n10000-g1.25-t0.7-r10-h310042,2efaf1348f57,3.14.3,Windows-11-10.0.26200-SP0,"Intel64 Family 6 Model 170 Stepping 4, GenuineIntel",10000,1.25,1.2761752609835624,0.7,11,16127,10000,0.6200781298443604,random,110042,210042,310042,10,941775000,94177.5,16800.0,22800.0,73926.00000000058,145179600,30,44614,4.4614,54614,6007,4523,2845,0.2845,3100.0806101568796,0.9177180718071808,5,54614,29016,6127,1562464,156.2464,2529688,True,920111781547597978,368829104247804409,2305843009213693951
n10000-g3-t0.7-r10-h310042,2efaf1348f57,3.14.3,Windows-11-10.0.26200-SP0,"Intel64 Family 6 Model 170 Stepping 4, GenuineIntel",10000,3.0,3.075406859636261,0.7,11,28477,10000,0.351160585735857,random,110042,210042,310042,10,426547200,42654.72,17300.0,22500.0,51205.00000000011,148987700,7,9944,0.9944,19944,3838,3138,1523,0.1523,1755.627348386417,0.8674961696169617,4,19944,37968,18477,2396464,239.6464,2943832,True,1239411254862733633,25576520534447484,2305843009213693951
n10000-g2-t0.7-r10-h310042,2efaf1348f57,3.14.3,Windows-11-10.0.26200-SP0,"Intel64 Family 6 Model 170 Stepping 4, GenuineIntel",10000,2.0,2.0244165297589,0.7,11,25717,10000,0.3888478438387059,random,110042,210042,310042,10,511744600,51174.46,16200.0,20200.0,45504.00000000009,156486100,11,17943,1.7943,27943,4897,3840,1722,0.1722,1944.0447952716102,0.8857820582058206,5,27943,38570,15717,2209424,220.9424,3138112,True,1573278851909885668,165343950564982275,2305843009213693951
n10000-g4-t0.8-r10-h310042,2efaf1348f57,3.14.3,Windows-11-10.0.26200-SP0,"Intel64 Family 6 Model 170 Stepping 4, GenuineIntel",10000,4.0,4.061552575258115,0.8,11,49297,10000,0.20285210053350103,random,110042,210042,310042,10,546290100,54629.01,15900.0,20700.0,47108.000000000175,271268800,6,13133,1.3133,23133,4741,3728,882,0.0882,1014.1590766172384,0.8696860486048604,4,23133,61620,39297,3728624,372.8624,4659004,True,1775442328654718028,1960461056254254121,2305843009213693951
n10000-g1.5-t0.7-r10-h310042,2efaf1348f57,3.14.3,Windows-11-10.0.26200-SP0,"Intel64 Family 6 Model 170 Stepping 4, GenuineIntel",10000,1.5,1.5290144697461625,0.7,11,14867,10000,0.6726306585054147,random,110042,210042,310042,10,557575800,55757.58,16300.0,20600.0,43203.000000000065,124921900,17,20680,2.068,30680,5568,4312,3119,0.3119,3362.8169771978205,0.9274962096209621,5,30680,24768,4867,1470080,147.008,2099948,True,617833673225103053,1616478367343245436,2305843009213693951
n10000-g2-t0.9-r10-h310042,2efaf1348f57,3.14.3,Windows-11-10.0.26200-SP0,"Intel64 Family 6 Model 170 Stepping 4, GenuineIntel",10000,2.0,2.026772599602447,0.9,11,12853,10000,0.7780284758422158,random,110042,210042,310042,10,366448800,36644.88,15100.0,20400.0,51708.000000000175,98750600,10,11506,1.1506,21506,6236,4564,3678,0.3678,3889.753364973158,0.9455612361236123,6,21506,19274,2853,1334128,133.4128,1644772,True,171750623015342893,62164607739952024,2305843009213693951
n10000-g1.5-t0.9-r10-h310042,2efaf1348f57,3.14.3,Windows-11-10.0.26200-SP0,"Intel64 Family 6 Model 170 Stepping 4, GenuineIntel",10000,1.5,1.5290144697461625,0.9,11,14867,10000,0.6726306585054147,random,110042,210042,310042,10,603671700,60367.17,17100.0,21000.0,47206.00000000013,140316200,17,26594,2.6594,36594,7028,5062,3119,0.3119,3362.8169771978205,0.9274962096209621,5,36594,24768,4867,1470080,147.008,2224748,True,617833673225103053,1616478367343245436,2305843009213693951
n10000-g4-t0.5-r10-h310042,2efaf1348f57,3.14.3,Windows-11-10.0.26200-SP0,"Intel64 Family 6 Model 170 Stepping 4, GenuineIntel",10000,4.0,4.061552575258115,0.5,11,49297,10000,0.20285210053350103,random,110042,210042,310042,10,459964100,45996.41,15900.0,21504.999999999927,49700.0,194760500,6,8207,0.8207,18207,2399,2092,882,0.0882,1014.1590766172384,0.8696860486048604,4,18207,61620,39297,3728624,372.8624,4413016,True,1775442328654718028,1960461056254254121,2305843009213693951
n10000-g1.5-t0.5-r10-h310042,2efaf1348f57,3.14.3,Windows-11-10.0.26200-SP0,"Intel64 Family 6 Model 170 Stepping 4, GenuineIntel",10000,1.5,1.5274118968527437,0.5,11,22303,10000,0.44837017441599786,random,110042,210042,310042,10,627974300,62797.43,14600.0,20500.0,34308.000000000175,163420400,18,22203,2.2203,32203,3854,3256,2002,0.2002,2241.6266869927813,0.8931014301430142,5,32203,37170,12303,1985856,198.5856,2949864,True,1451316169342427711,963622175316430621,2305843009213693951
n10000-g2-t0.8-r10-h310042,2efaf1348f57,3.14.3,Windows-11-10.0.26200-SP0,"Intel64 Family 6 Model 170 Stepping 4, GenuineIntel",10000,2.0,2.026772599602447,0.8,11,12853,10000,0.7780284758422158,random,110042,210042,310042,10,390686800,39068.68,15400.0,20900.0,39601.00000000002,89999400,10,10226,1.0226,20226,5691,4297,3678,0.3678,3889.753364973158,0.9455612361236123,6,20226,19274,2853,1334128,133.4128,1604672,True,171750623015342893,62164607739952024,2305843009213693951
n10000-g4-t0.7-r10-h310042,2efaf1348f57,3.14.3,Windows-11-10.0.26200-SP0,"Intel64 Family 6 Model 170 Stepping 4, GenuineIntel",10000,4.0,4.061552575258115,0.7,11,49297,10000,0.20285210053350103,random,110042,210042,310042,10,499948300,49994.83,17600.0,20700.0,57612.00000000026,213470100,6,11491,1.1491,21491,3814,3123,882,0.0882,1014.1590766172384,0.8696860486048604,4,21491,61620,39297,3728624,372.8624,4582024,True,1775442328654718028,1960461056254254121,2305843009213693951
n10000-g1.25-t0.8-r10-h310042,2efaf1348f57,3.14.3,Windows-11-10.0.26200-SP0,"Intel64 Family 6 Model 170 Stepping 4, GenuineIntel",10000,1.25,1.2770357192166375,0.8,11,12889,10000,0.7758553805570642,random,110042,210042,310042,10,783646300,78364.63,15400.0,20100.0,38107.00000000015,123661400,29,40681,4.0681,50681,6973,5040,3679,0.3679,3878.8889750950425,0.9484674667466746,5,50681,23178,2889,1335824,133.5824,2081464,True,1221545806910247926,1527953985748824390,2305843009213693951
n10000-g1.25-t0.9-r10-h310042,2efaf1348f57,3.14.3,Windows-11-10.0.26200-SP0,"Intel64 Family 6 Model 170 Stepping 4, GenuineIntel",10000,1.25,1.2770357192166375,0.9,11,12889,10000,0.7758553805570642,random,110042,210042,310042,10,885820200,88582.02,17300.0,20600.0,51727.00000000059,130326900,29,45770,4.577,55770,7695,5383,3679,0.3679,3878.8889750950425,0.9484674667466746,5,55770,23178,2889,1335824,133.5824,2146296,True,1221545806910247926,1527953985748824390,2305843009213693951
n10000-g4-t0.9-r10-h310042,2efaf1348f57,3.14.3,Windows-11-10.0.26200-SP0,"Intel64 Family 6 Model 170 Stepping 4, GenuineIntel",10000,4.0,4.073781941238894,0.9,11,12323,10000,0.8114907084313885,random,110042,210042,310042,10,263573000,26357.3,15500.0,19600.0,34604.00000000009,54195400,5,3685,0.3685,13685,5138,3965,3822,0.3822,4057.0477968027267,0.9420643264326433,5,13685,15402,2323,1300384,130.0384,1429092,True,1684366123610663840,1351272879394102641,2305843009213693951
n10000-g3-t0.9-r10-h310042,2efaf1348f57,3.14.3,Windows-11-10.0.26200-SP0,"Intel64 Family 6 Model 170 Stepping 4, GenuineIntel",10000,3.0,3.075406859636261,0.9,11,28477,10000,0.351160585735857,random,110042,210042,310042,10,319055000,31905.5,8400.0,17900.0,26101.000000000022,150822500,7,12786,1.2786,22786,5288,4042,1523,0.1523,1755.627348386417,0.8674961696169617,4,22786,37968,18477,2396464,239.6464,3065672,True,1239411254862733633,25576520534447484,2305843009213693951
n10000-g1.5-t0.8-r10-h310042,2efaf1348f57,3.14.3,Windows-11-10.0.26200-SP0,"Intel64 Family 6 Model 170 Stepping 4, GenuineIntel",10000,1.5,1.5290144697461625,0.8,11,14867,10000,0.6726306585054147,random,110042,210042,310042,10,392209600,39220.96,9400.0,15800.0,23203.000000000065,81123400,17,23637,2.3637,33637,6233,4654,3119,0.3119,3362.8169771978205,0.9274962096209621,5,33637,24768,4867,1470080,147.008,2162316,True,617833673225103053,1616478367343245436,2305843009213693951
n10000-g3-t0.8-r10-h310042,2efaf1348f57,3.14.3,Windows-11-10.0.26200-SP0,"Intel64 Family 6 Model 170 Stepping 4, GenuineIntel",10000,3.0,3.075406859636261,0.8,11,28477,10000,0.351160585735857,random,110042,210042,310042,10,323678500,32367.85,13600.0,17100.0,28100.0,113765800,7,11365,1.1365,21365,4495,3553,1523,0.1523,1755.627348386417,0.8674961696169617,4,21365,37968,18477,2396464,239.6464,3004632,True,1239411254862733633,25576520534447484,2305843009213693951
n10000-g2-t0.7-r11-h340042,2efaf1348f57,3.14.3,Windows-11-10.0.26200-SP0,"Intel64 Family 6 Model 170 Stepping 4, GenuineIntel",10000,2.0,2.0244165297589,0.7,11,25717,10000,0.3888478438387059,random,120042,230042,340042,11,575060900,57506.09,16200.0,21200.0,46804.00000000009,197770200,11,17943,1.7943,27943,5560,4153,1708,0.1708,1944.0447952716102,0.8785805780578058,5,27943,38570,15717,2209360,220.936,3124116,True,803603421928181528,761500799141184122,2305843009213693951
n10000-g3-t0.5-r11-h340042,2efaf1348f57,3.14.3,Windows-11-10.0.26200-SP0,"Intel64 Family 6 Model 170 Stepping 4, GenuineIntel",10000,3.0,3.075406859636261,0.5,11,28477,10000,0.351160585735857,random,120042,230042,340042,11,384000500,38400.05,16600.0,20100.0,50600.0,117762900,7,7102,0.7102,17102,2792,2420,1680,0.168,1755.627348386417,0.956922892289229,5,17102,37968,18477,2392656,239.2656,2813448,True,217434830307101918,1962198245640526137,2305843009213693951
n10000-g1.25-t0.5-r11-h340042,2efaf1348f57,3.14.3,Windows-11-10.0.26200-SP0,"Intel64 Family 6 Model 170 Stepping 4, GenuineIntel",10000,1.25,1.2753353982930995,0.5,11,20161,10000,0.49600714250285205,random,120042,230042,340042,11,916652200,91665.22,15800.0,22300.0,72409.0000000002,150585600,31,39928,3.9928,49928,4289,3527,2312,0.2312,2479.787708943009,0.9323378737873786,5,49928,36288,10161,1837040,183.704,2950052,True,666279095306826111,824412849786837786,2305843009213693951
n10000-g4-t0.5-r11-h340042,2efaf1348f57,3.14.3,Windows-11-10.0.26200-SP0,"Intel64 Family 6 Model 170 Stepping 4, GenuineIntel",10000,4.0,4.061552575258115,0.5,11,49297,10000,0.20285210053350103,random,120042,230042,340042,11,476866100,47686.61,16900.0,20800.0,47609.0000000002,207996500,6,8207,0.8207,18207,2353,2065,813,0.0813,1014.1590766172384,0.8016493849384938,3,18207,61620,39297,3730544,373.0544,4412212,True,1708683278639973137,183995739758558711,2305843009213693951
n10000-g3-t0.7-r11-h340042,2efaf1348f57,3.14.3,Windows-11-10.0.26200-SP0,"Intel64 Family 6 Model 170 Stepping 4, GenuineIntel",10000,3.0,3.075406859636261,0.7,11,28477,10000,0.351160585735857,random,120042,230042,340042,11,461559600,46155.96,16000.0,20700.0,53300.0,154485400,7,9944,0.9944,19944,3891,3181,1680,0.168,1755.627348386417,0.956922892289229,5,19944,37968,18477,2392656,239.2656,2944048,True,217434830307101918,1962198245640526137,2305843009213693951
n10000-g1.5-t0.5-r11-h340042,2efaf1348f57,3.14.3,Windows-11-10.0.26200-SP0,"Intel64 Family 6 Model 170 Stepping 4, GenuineIntel",10000,1.5,1.5274118968527437,0.5,11,22303,10000,0.44837017441599786,random,120042,230042,340042,11,640352100,64035.21,16800.0,21500.0,46514.000000000306,150869400,18,22203,2.2203,32203,3832,3211,2009,0.2009,2241.6266869927813,0.8962241624162416,4,32203,37170,12303,1986560,198.656,2949240,True,158979219619666193,1000883748336234325,2305843009213693951
n10000-g2-t0.9-r11-h340042,2efaf1348f57,3.14.3,Windows-11-10.0.26200-SP0,"Intel64 Family 6 Model 170 Stepping 4, GenuineIntel",10000,2.0,2.026772599602447,0.9,11,12853,10000,0.7780284758422158,random,120042,230042,340042,11,394784500,39478.45,17300.0,22200.0,42601.00000000002,99742400,10,11506,1.1506,21506,7112,4981,4704,0.4704,3889.753364973158,1.2093311731173118,7,21506,19274,2853,1318480,131.848,1642300,True,1659076518071697761,990838919843566120,2305843009213693951
n10000-g2-t0.8-r11-h340042,2efaf1348f57,3.14.3,Windows-11-10.0.26200-SP0,"Intel64 Family 6 Model 170 Stepping 4, GenuineIntel",10000,2.0,2.026772599602447,0.8,11,12853,10000,0.7780284758422158,random,120042,230042,340042,11,383049300,38304.93,17300.0,22100.0,60301.00000000002,76902300,10,10226,1.0226,20226,6595,4701,4704,0.4704,3889.753364973158,1.2093311731173118,7,20226,19274,2853,1318480,131.848,1602552,True,1659076518071697761,990838919843566120,2305843009213693951
n10000-g4-t0.9-r11-h340042,2efaf1348f57,3.14.3,Windows-11-10.0.26200-SP0,"Intel64 Family 6 Model 170 Stepping 4, GenuineIntel",10000,4.0,4.073781941238894,0.9,11,12323,10000,0.8114907084313885,random,120042,230042,340042,11,294236100,29423.61,17600.0,21300.0,50428.00000000061,64294800,5,3685,0.3685,13685,5024,3900,3826,0.3826,4057.0477968027267,0.9430502650265027,6,13685,15402,2323,1301440,130.144,1430144,True,897346031664057863,1143916414831416767,2305843009213693951
n10000-g1.5-t0.8-r11-h340042,2efaf1348f57,3.14.3,Windows-11-10.0.26200-SP0,"Intel64 Family 6 Model 170 Stepping 4, GenuineIntel",10000,1.5,1.5290144697461625,0.8,11,14867,10000,0.6726306585054147,random,120042,230042,340042,11,655575600,65557.56,17100.0,22400.0,58701.00000000002,175785800,17,23637,2.3637,33637,6206,4673,3085,0.3085,3362.8169771978205,0.9173856385638565,5,33637,24768,4867,1471776,147.1776,2163904,True,710329283104684216,3127736496623885,2305843009213693951
n10000-g1.25-t0.7-r11-h340042,2efaf1348f57,3.14.3,Windows-11-10.0.26200-SP0,"Intel64 Family 6 Model 170 Stepping 4, GenuineIntel",10000,1.25,1.2761752609835624,0.7,11,16127,10000,0.6200781298443604,random,120042,230042,340042,11,909533400,90953.34,17700.0,23100.0,77305.0000000001,143028500,30,44614,4.4614,54614,5960,4548,2940,0.294,3100.0806101568796,0.9483624362436244,6,54614,29016,6127,1561248,156.1248,2529268,True,1914825398218188089,1492682413305836479,2305843009213693951
n10000-g1.25-t0.9-r11-h340042,2efaf1348f57,3.14.3,Windows-11-10.0.26200-SP0,"Intel64 Family 6 Model 170 Stepping 4, GenuineIntel",10000,1.25,1.2770357192166375,0.9,11,12889,10000,0.7758553805570642,random,120042,230042,340042,11,865231400,86523.14,16500.0,21400.0,67105.00000000012,129508300,29,45770,4.577,55770,7705,5409,3738,0.3738,3878.8889750950425,0.9636780078007801,6,55770,23178,2889,1334352,133.4352,2146328,True,874839345216044871,1444192668526115862,2305843009213693951
n10000-g2-t0.5-r11-h340042,2efaf1348f57,3.14.3,Windows-11-10.0.26200-SP0,"Intel64 Family 6 Model 170 Stepping 4, GenuineIntel",10000,2.0,2.0244165297589,0.5,11,25717,10000,0.3888478438387059,random,120042,230042,340042,11,538754500,53875.45,17700.0,21700.0,49201.00000000002,187075700,11,12816,1.2816,22816,3602,3005,1708,0.1708,1944.0447952716102,0.8785805780578058,5,22816,38570,15717,2209360,220.936,2954960,True,803603421928181528,761500799141184122,2305843009213693951
n10000-g1.25-t0.8-r11-h340042,2efaf1348f57,3.14.3,Windows-11-10.0.26200-SP0,"Intel64 Family 6 Model 170 Stepping 4, GenuineIntel",10000,1.25,1.2770357192166375,0.8,11,12889,10000,0.7758553805570642,random,120042,230042,340042,11,866061100,86606.11,17500.0,22000.0,59410.00000000022,140531100,29,40681,4.0681,50681,6909,5020,3738,0.3738,3878.8889750950425,0.9636780078007801,6,50681,23178,2889,1334352,133.4352,2081208,True,874839345216044871,1444192668526115862,2305843009213693951
n10000-g1.5-t0.9-r11-h340042,2efaf1348f57,3.14.3,Windows-11-10.0.26200-SP0,"Intel64 Family 6 Model 170 Stepping 4, GenuineIntel",10000,1.5,1.5290144697461625,0.9,11,14867,10000,0.6726306585054147,random,120042,230042,340042,11,626097700,62609.77,17300.0,22900.0,56808.000000000175,141242600,17,26594,2.6594,36594,7070,5094,3085,0.3085,3362.8169771978205,0.9173856385638565,5,36594,24768,4867,1471776,147.1776,2227008,True,710329283104684216,3127736496623885,2305843009213693951
n10000-g4-t0.7-r11-h340042,2efaf1348f57,3.14.3,Windows-11-10.0.26200-SP0,"Intel64 Family 6 Model 170 Stepping 4, GenuineIntel",10000,4.0,4.061552575258115,0.7,11,49297,10000,0.20285210053350103,random,120042,230042,340042,11,495239800,49523.98,16400.0,21600.0,67300.0,204857300,6,11491,1.1491,21491,3792,3100,813,0.0813,1014.1590766172384,0.8016493849384938,3,21491,61620,39297,3730544,373.0544,4582052,True,1708683278639973137,183995739758558711,2305843009213693951
n10000-g4-t0.8-r11-h340042,2efaf1348f57,3.14.3,Windows-11-10.0.26200-SP0,"Intel64 Family 6 Model 170 Stepping 4, GenuineIntel",10000,4.0,4.061552575258115,0.8,11,49297,10000,0.20285210053350103,random,120042,230042,340042,11,511285000,51128.5,15400.0,21000.0,47000.0,234666000,6,13133,1.3133,23133,4677,3693,813,0.0813,1014.1590766172384,0.8016493849384938,3,23133,61620,39297,3730544,373.0544,4660088,True,1708683278639973137,183995739758558711,2305843009213693951
n10000-g1.5-t0.7-r11-h340042,2efaf1348f57,3.14.3,Windows-11-10.0.26200-SP0,"Intel64 Family 6 Model 170 Stepping 4, GenuineIntel",10000,1.5,1.5290144697461625,0.7,11,14867,10000,0.6726306585054147,random,120042,230042,340042,11,425131700,42513.17,14100.0,20200.0,60310.00000000022,108707300,17,20680,2.068,30680,5448,4225,3085,0.3085,3362.8169771978205,0.9173856385638565,5,30680,24768,4867,1471776,147.1776,2101728,True,710329283104684216,3127736496623885,2305843009213693951
n10000-g3-t0.8-r11-h340042,2efaf1348f57,3.14.3,Windows-11-10.0.26200-SP0,"Intel64 Family 6 Model 170 Stepping 4, GenuineIntel",10000,3.0,3.075406859636261,0.8,11,28477,10000,0.351160585735857,random,120042,230042,340042,11,419845900,41984.59,15500.0,20500.0,59310.00000000022,149604000,7,11365,1.1365,21365,4576,3606,1680,0.168,1755.627348386417,0.956922892289229,5,21365,37968,18477,2392656,239.2656,3004304,True,217434830307101918,1962198245640526137,2305843009213693951
n10000-g3-t0.9-r11-h340042,2efaf1348f57,3.14.3,Windows-11-10.0.26200-SP0,"Intel64 Family 6 Model 170 Stepping 4, GenuineIntel",10000,3.0,3.075406859636261,0.9,11,28477,10000,0.351160585735857,random,120042,230042,340042,11,420394200,42039.42,16400.0,20900.0,49011.00000000024,140754800,7,12786,1.2786,22786,5410,4093,1680,0.168,1755.627348386417,0.956922892289229,5,22786,37968,18477,2392656,239.2656,3064416,True,217434830307101918,1962198245640526137,2305843009213693951
n10000-g3-t0.7-r12-h370042,2efaf1348f57,3.14.3,Windows-11-10.0.26200-SP0,"Intel64 Family 6 Model 170 Stepping 4, GenuineIntel",10000,3.0,3.075406859636261,0.7,11,28477,10000,0.351160585735857,random,130042,250042,370042,12,380494100,38049.41,15200.0,19600.0,39206.00000000013,123922400,7,9944,0.9944,19944,3746,3122,1528,0.1528,1755.627348386417,0.8703441544154416,4,19944,37968,18477,2396016,239.6016,2945752,True,450650151473817110,534505824946022490,2305843009213693951
n10000-g1.5-t0.5-r12-h370042,2efaf1348f57,3.14.3,Windows-11-10.0.26200-SP0,"Intel64 Family 6 Model 170 Stepping 4, GenuineIntel",10000,1.5,1.5274118968527437,0.5,11,22303,10000,0.44837017441599786,random,130042,250042,370042,12,556924800,55692.48,14500.0,19300.0,46300.0,127102100,18,22203,2.2203,32203,4190,3359,2005,0.2005,2241.6266869927813,0.8944397439743974,5,32203,37170,12303,1986720,198.672,2949316,True,378198557783214837,327097605314055166,2305843009213693951
n10000-g2-t0.9-r12-h370042,2efaf1348f57,3.14.3,Windows-11-10.0.26200-SP0,"Intel64 Family 6 Model 170 Stepping 4, GenuineIntel",10000,2.0,2.026772599602447,0.9,11,12853,10000,0.7780284758422158,random,130042,250042,370042,12,246738900,24673.89,8500.0,18200.0,29203.000000000065,64234600,10,11506,1.1506,21506,6279,4666,3664,0.3664,3889.753364973158,0.9419620362036203,6,21506,19274,2853,1334160,133.416,1644300,True,1612012777263510793,1881730907642750730,2305843009213693951
n10000-g4-t0.8-r12-h370042,2efaf1348f57,3.14.3,Windows-11-10.0.26200-SP0,"Intel64 Family 6 Model 170 Stepping 4, GenuineIntel",10000,4.0,4.061552575258115,0.8,11,49297,10000,0.20285210053350103,random,130042,250042,370042,12,408545400,40854.54,12200.0,18100.0,34106.00000000013,204224800,6,13133,1.3133,23133,4875,3782,916,0.0916,1014.1590766172384,0.9032113611361136,4,23133,61620,39297,3727984,372.7984,4656648,True,1762322776372490974,795036941649045674,2305843009213693951
n10000-g2-t0.5-r12-h370042,2efaf1348f57,3.14.3,Windows-11-10.0.26200-SP0,"Intel64 Family 6 Model 170 Stepping 4, GenuineIntel",10000,2.0,2.0244165297589,0.5,11,25717,10000,0.3888478438387059,random,130042,250042,370042,12,448241400,44824.14,15500.0,20900.0,53606.00000000013,123104100,11,12816,1.2816,22816,3247,2774,1738,0.1738,1944.0447952716102,0.8940123212321233,4,22816,38570,15717,2209264,220.9264,2965220,True,1230176885678858471,608683707934519441,2305843009213693951
n10000-g1.25-t0.5-r12-h370042,2efaf1348f57,3.14.3,Windows-11-10.0.26200-SP0,"Intel64 Family 6 Model 170 Stepping 4, GenuineIntel",10000,1.25,1.2753353982930995,0.5,11,20161,10000,0.49600714250285205,random,130042,250042,370042,12,793454900,79345.49,14300.0,18200.0,38800.0,109448400,31,39928,3.9928,49928,4191,3490,2223,0.2223,2479.787708943009,0.896447704770477,4,49928,36288,10161,1839152,183.9152,2952168,True,1286441058496508515,1724451646846783620,2305843009213693951
n10000-g2-t0.7-r12-h370042,2efaf1348f57,3.14.3,Windows-11-10.0.26200-SP0,"Intel64 Family 6 Model 170 Stepping 4, GenuineIntel",10000,2.0,2.0244165297589,0.7,11,25717,10000,0.3888478438387059,random,130042,250042,370042,12,469076600,46907.66,15000.0,21900.0,41404.00000000009,163897100,11,17943,1.7943,27943,4889,3876,1738,0.1738,1944.0447952716102,0.8940123212321233,4,27943,38570,15717,2209264,220.9264,3138352,True,1230176885678858471,608683707934519441,2305843009213693951
n10000-g2-t0.8-r12-h370042,2efaf1348f57,3.14.3,Windows-11-10.0.26200-SP0,"Intel64 Family 6 Model 170 Stepping 4, GenuineIntel",10000,2.0,2.026772599602447,0.8,11,12853,10000,0.7780284758422158,random,130042,250042,370042,12,370745700,37074.57,15400.0,20500.0,35601.00000000002,84656400,10,10226,1.0226,20226,5673,4332,3664,0.3664,3889.753364973158,0.9419620362036203,6,20226,19274,2853,1334160,133.416,1604520,True,1612012777263510793,1881730907642750730,2305843009213693951
n10000-g3-t0.5-r12-h370042,2efaf1348f57,3.14.3,Windows-11-10.0.26200-SP0,"Intel64 Family 6 Model 170 Stepping 4, GenuineIntel",10000,3.0,3.075406859636261,0.5,11,28477,10000,0.351160585735857,random,130042,250042,370042,12,292662800,29266.28,14100.0,21000.0,41503.000000000065,95089800,7,7102,0.7102,17102,2627,2323,1528,0.1528,1755.627348386417,0.8703441544154416,4,17102,37968,18477,2396016,239.6016,2814424,True,450650151473817110,534505824946022490,2305843009213693951
n10000-g3-t0.9-r12-h370042,2efaf1348f57,3.14.3,Windows-11-10.0.26200-SP0,"Intel64 Family 6 Model 170 Stepping 4, GenuineIntel",10000,3.0,3.075406859636261,0.9,11,28477,10000,0.351160585735857,random,130042,250042,370042,12,422959800,42295.98,14200.0,19400.0,31420.000000000437,174183200,7,12786,1.2786,22786,5249,4063,1528,0.1528,1755.627348386417,0.8703441544154416,4,22786,37968,18477,2396016,239.6016,3065968,True,450650151473817110,534505824946022490,2305843009213693951
n10000-g1.5-t0.7-r12-h370042,2efaf1348f57,3.14.3,Windows-11-10.0.26200-SP0,"Intel64 Family 6 Model 170 Stepping 4, GenuineIntel",10000,1.5,1.5290144697461625,0.7,11,14867,10000,0.6726306585054147,random,130042,250042,370042,12,517069000,51706.9,15500.0,21700.0,65500.0,118357300,17,20680,2.068,30680,6157,4515,3077,0.3077,3362.8169771978205,0.9150066806680669,5,30680,24768,4867,1471776,147.1776,2098088,True,342279127380237359,1218021515369332666,2305843009213693951
n10000-g1.5-t0.9-r12-h370042,2efaf1348f57,3.14.3,Windows-11-10.0.26200-SP0,"Intel64 Family 6 Model 170 Stepping 4, GenuineIntel",10000,1.5,1.5290144697461625,0.9,11,14867,10000,0.6726306585054147,random,130042,250042,370042,12,572902900,57290.29,15100.0,21200.0,49904.00000000009,145611700,17,26594,2.6594,36594,8172,5487,3077,0.3077,3362.8169771978205,0.9150066806680669,5,36594,24768,4867,1471776,147.1776,2221800,True,342279127380237359,1218021515369332666,2305843009213693951
n10000-g1.25-t0.7-r12-h370042,2efaf1348f57,3.14.3,Windows-11-10.0.26200-SP0,"Intel64 Family 6 Model 170 Stepping 4, GenuineIntel",10000,1.25,1.2761752609835624,0.7,11,16127,10000,0.6200781298443604,random,130042,250042,370042,12,905913300,90591.33,16300.0,21400.0,62904.00000000009,138321000,30,44614,4.4614,54614,6065,4598,2801,0.2801,3100.0806101568796,0.9035248924892489,6,54614,29016,6127,1564448,156.4448,2530204,True,1048142142123038163,2100616142109012952,2305843009213693951
n10000-g4-t0.5-r12-h370042,2efaf1348f57,3.14.3,Windows-11-10.0.26200-SP0,"Intel64 Family 6 Model 170 Stepping 4, GenuineIntel",10000,4.0,4.061552575258115,0.5,11,49297,10000,0.20285210053350103,random,130042,250042,370042,12,497560400,49756.04,15600.0,20500.0,49501.00000000002,228901300,6,8207,0.8207,18207,2499,2173,916,0.0916,1014.1590766172384,0.9032113611361136,4,18207,61620,39297,3727984,372.7984,4411524,True,1762322776372490974,795036941649045674,2305843009213693951
n10000-g1.25-t0.8-r12-h370042,2efaf1348f57,3.14.3,Windows-11-10.0.26200-SP0,"Intel64 Family 6 Model 170 Stepping 4, GenuineIntel",10000,1.25,1.2770357192166375,0.8,11,12889,10000,0.7758553805570642,random,130042,250042,370042,12,811587300,81158.73,16700.0,21900.0,57339.00000000085,114290300,29,40681,4.0681,50681,6925,5058,3634,0.3634,3878.8889750950425,0.936866206620662,5,50681,23178,2889,1335984,133.5984,2082080,True,2127797560289754378,40093342874203099,2305843009213693951
n10000-g3-t0.8-r12-h370042,2efaf1348f57,3.14.3,Windows-11-10.0.26200-SP0,"Intel64 Family 6 Model 170 Stepping 4, GenuineIntel",10000,3.0,3.075406859636261,0.8,11,28477,10000,0.351160585735857,random,130042,250042,370042,12,442286300,44228.63,16000.0,20300.0,45802.000000000044,156120400,7,11365,1.1365,21365,4386,3537,1528,0.1528,1755.627348386417,0.8703441544154416,4,21365,37968,18477,2396016,239.6016,3006208,True,450650151473817110,534505824946022490,2305843009213693951
n10000-g1.5-t0.8-r12-h370042,2efaf1348f57,3.14.3,Windows-11-10.0.26200-SP0,"Intel64 Family 6 Model 170 Stepping 4, GenuineIntel",10000,1.5,1.5290144697461625,0.8,11,14867,10000,0.6726306585054147,random,130042,250042,370042,12,495680700,49568.07,14000.0,19800.0,40523.0000000005,115922000,17,23637,2.3637,33637,7092,4996,3077,0.3077,3362.8169771978205,0.9150066806680669,5,33637,24768,4867,1471776,147.1776,2159656,True,342279127380237359,1218021515369332666,2305843009213693951
n10000-g4-t0.9-r12-h370042,2efaf1348f57,3.14.3,Windows-11-10.0.26200-SP0,"Intel64 Family 6 Model 170 Stepping 4, GenuineIntel",10000,4.0,4.073781941238894,0.9,11,12323,10000,0.8114907084313885,random,130042,250042,370042,12,291966700,29196.67,16700.0,22400.0,51208.000000000175,58341100,5,3685,0.3685,13685,5190,3967,4022,0.4022,4057.0477968027267,0.9913612561256125,7,13685,15402,2323,1298240,129.824,1426960,True,1265669937226514165,1843735786612081325,2305843009213693951
n10000-g4-t0.7-r12-h370042,2efaf1348f57,3.14.3,Windows-11-10.0.26200-SP0,"Intel64 Family 6 Model 170 Stepping 4, GenuineIntel",10000,4.0,4.061552575258115,0.7,11,49297,10000,0.20285210053350103,random,130042,250042,370042,12,519858300,51985.83,14500.0,19000.0,31402.000000000044,262347800,6,11491,1.1491,21491,3975,3192,916,0.0916,1014.1590766172384,0.9032113611361136,4,21491,61620,39297,3727984,372.7984,4579284,True,1762322776372490974,795036941649045674,2305843009213693951
n10000-g1.25-t0.9-r12-h370042,2efaf1348f57,3.14.3,Windows-11-10.0.26200-SP0,"Intel64 Family 6 Model 170 Stepping 4, GenuineIntel",10000,1.25,1.2770357192166375,0.9,11,12889,10000,0.7758553805570642,random,130042,250042,370042,12,870785300,87078.53,16000.0,20800.0,45514.000000000306,146285600,29,45770,4.577,55770,7748,5443,3634,0.3634,3878.8889750950425,0.936866206620662,5,55770,23178,2889,1335984,133.5984,2146816,True,2127797560289754378,40093342874203099,2305843009213693951
n10000-g1.5-t0.5-r13-h400042,2efaf1348f57,3.14.3,Windows-11-10.0.26200-SP0,"Intel64 Family 6 Model 170 Stepping 4, GenuineIntel",10000,1.5,1.5274118968527437,0.5,11,22303,10000,0.44837017441599786,random,140042,270042,400042,13,633078400,63307.84,16000.0,21600.0,55119.000000000415,153023300,18,22203,2.2203,32203,3833,3213,1984,0.1984,2241.6266869927813,0.8850715471547155,5,32203,37170,12303,1987040,198.704,2949776,True,329599517738040774,1879820915282723079,2305843009213693951
n10000-g1.25-t0.7-r13-h400042,2efaf1348f57,3.14.3,Windows-11-10.0.26200-SP0,"Intel64 Family 6 Model 170 Stepping 4, GenuineIntel",10000,1.25,1.2761752609835624,0.7,11,16127,10000,0.6200781298443604,random,140042,270042,400042,13,916058500,91605.85,16600.0,21800.0,78502.00000000003,128986800,30,44614,4.4614,54614,6110,4579,2957,0.2957,3100.0806101568796,0.9538461646164617,5,54614,29016,6127,1560928,156.0928,2526492,True,1924127084402573137,2134077972323908856,2305843009213693951
n10000-g2-t0.9-r13-h400042,2efaf1348f57,3.14.3,Windows-11-10.0.26200-SP0,"Intel64 Family 6 Model 170 Stepping 4, GenuineIntel",10000,2.0,2.026772599602447,0.9,11,12853,10000,0.7780284758422158,random,140042,270042,400042,13,430494500,43049.45,17400.0,22200.0,67418.0000000004,87711000,10,11506,1.1506,21506,6200,4562,3566,0.3566,3889.753364973158,0.9167676367636763,6,21506,19274,2853,1335472,133.5472,1643456,True,142644637067909813,2125682626903515167,2305843009213693951
n10000-g3-t0.7-r13-h400042,2efaf1348f57,3.14.3,Windows-11-10.0.26200-SP0,"Intel64 Family 6 Model 170 Stepping 4, GenuineIntel",10000,3.0,3.075406859636261,0.7,11,28477,10000,0.351160585735857,random,140042,270042,400042,13,419737100,41973.71,15900.0,20904.999999999927,52309.0000000002,156572800,7,9944,0.9944,19944,3787,3125,1628,0.1628,1755.627348386417,0.9273038503850386,5,19944,37968,18477,2394448,239.4448,2945552,True,523321059494146144,1586669728196592358,2305843009213693951
n10000-g2-t0.7-r13-h400042,2efaf1348f57,3.14.3,Windows-11-10.0.26200-SP0,"Intel64 Family 6 Model 170 Stepping 4, GenuineIntel",10000,2.0,2.0244165297589,0.7,11,25717,10000,0.3888478438387059,random,140042,270042,400042,13,532277800,53227.78,15400.0,21100.0,70604.00000000009,168092200,11,17943,1.7943,27943,4815,3766,1710,0.171,1944.0447952716102,0.8796093609360937,5,27943,38570,15717,2210288,221.0288,3138752,True,2212557081204675888,2145014131646850576,2305843009213693951
n10000-g4-t0.5-r13-h400042,2efaf1348f57,3.14.3,Windows-11-10.0.26200-SP0,"Intel64 Family 6 Model 170 Stepping 4, GenuineIntel",10000,4.0,4.061552575258115,0.5,11,49297,10000,0.20285210053350103,random,140042,270042,400042,13,411147200,41114.72,15600.0,19104.999999999927,38202.000000000044,177264500,6,8207,0.8207,18207,2330,2044,829,0.0829,1014.1590766172384,0.81742600260026,4,18207,61620,39297,3730160,373.016,4414228,True,2258291239708673481,887913612192323436,2305843009213693951
n10000-g1.25-t0.8-r13-h400042,2efaf1348f57,3.14.3,Windows-11-10.0.26200-SP0,"Intel64 Family 6 Model 170 Stepping 4, GenuineIntel",10000,1.25,1.2770357192166375,0.8,11,12889,10000,0.7758553805570642,random,140042,270042,400042,13,795618700,79561.87,16500.0,20104.999999999927,36202.000000000044,142751600,29,40681,4.0681,50681,7118,5124,3982,0.3982,3878.8889750950425,1.026582618261826,6,50681,23178,2889,1331920,133.192,2083708,True,1950337118404569369,1643413384523492519,2305843009213693951
n10000-g1.5-t0.7-r13-h400042,2efaf1348f57,3.14.3,Windows-11-10.0.26200-SP0,"Intel64 Family 6 Model 170 Stepping 4, GenuineIntel",10000,1.5,1.5290144697461625,0.7,11,14867,10000,0.6726306585054147,random,140042,270042,400042,13,537463900,53746.39,17100.0,21000.0,59115.00000000033,112388500,17,20680,2.068,30680,5573,4287,3051,0.3051,3362.8169771978205,0.9072750675067507,5,30680,24768,4867,1472832,147.2832,2099744,True,456194415723605987,656323922311960627,2305843009213693951
n10000-g1.25-t0.9-r13-h400042,2efaf1348f57,3.14.3,Windows-11-10.0.26200-SP0,"Intel64 Family 6 Model 170 Stepping 4, GenuineIntel",10000,1.25,1.2770357192166375,0.9,11,12889,10000,0.7758553805570642,random,140042,270042,400042,13,880934000,88093.4,16800.0,21200.0,54655.0000000012,145308300,29,45770,4.577,55770,7799,5444,3982,0.3982,3878.8889750950425,1.026582618261826,6,55770,23178,2889,1331920,133.192,2149052,True,1950337118404569369,1643413384523492519,2305843009213693951
n10000-g1.25-t0.5-r13-h400042,2efaf1348f57,3.14.3,Windows-11-10.0.26200-SP0,"Intel64 Family 6 Model 170 Stepping 4, GenuineIntel",10000,1.25,1.2753353982930995,0.5,11,20161,10000,0.49600714250285205,random,140042,270042,400042,13,905466200,90546.62,15600.0,20900.0,55315.00000000033,174514900,31,39928,3.9928,49928,4350,3559,2537,0.2537,2479.787708943009,1.0230714471447144,5,49928,36288,10161,1833648,183.3648,2950764,True,938295075712639777,1573489789621445298,2305843009213693951
n10000-g1.5-t0.8-r13-h400042,2efaf1348f57,3.14.3,Windows-11-10.0.26200-SP0,"Intel64 Family 6 Model 170 Stepping 4, GenuineIntel",10000,1.5,1.5290144697461625,0.8,11,14867,10000,0.6726306585054147,random,140042,270042,400042,13,584564000,58456.4,15000.0,22900.0,76013.00000000029,125962200,17,23637,2.3637,33637,6381,4684,3051,0.3051,3362.8169771978205,0.9072750675067507,5,33637,24768,4867,1472832,147.2832,2162208,True,456194415723605987,656323922311960627,2305843009213693951
n10000-g4-t0.7-r13-h400042,2efaf1348f57,3.14.3,Windows-11-10.0.26200-SP0,"Intel64 Family 6 Model 170 Stepping 4, GenuineIntel",10000,4.0,4.061552575258115,0.7,11,49297,10000,0.20285210053350103,random,140042,270042,400042,13,510570900,51057.09,17000.0,22800.0,75609.0000000002,225538300,6,11491,1.1491,21491,3845,3122,829,0.0829,1014.1590766172384,0.81742600260026,4,21491,61620,39297,3730160,373.016,4582308,True,2258291239708673481,887913612192323436,2305843009213693951
n10000-g2-t0.8-r13-h400042,2efaf1348f57,3.14.3,Windows-11-10.0.26200-SP0,"Intel64 Family 6 Model 170 Stepping 4, GenuineIntel",10000,2.0,2.026772599602447,0.8,11,12853,10000,0.7780284758422158,random,140042,270042,400042,13,389485600,38948.56,16400.0,20900.0,45303.000000000065,89676100,10,10226,1.0226,20226,5685,4303,3566,0.3566,3889.753364973158,0.9167676367636763,6,20226,19274,2853,1335472,133.5472,1602876,True,142644637067909813,2125682626903515167,2305843009213693951
n10000-g1.5-t0.9-r13-h400042,2efaf1348f57,3.14.3,Windows-11-10.0.26200-SP0,"Intel64 Family 6 Model 170 Stepping 4, GenuineIntel",10000,1.5,1.5290144697461625,0.9,11,14867,10000,0.6726306585054147,random,140042,270042,400042,13,624908300,62490.83,17300.0,21100.0,48208.000000000175,150573700,17,26594,2.6594,36594,7354,5165,3051,0.3051,3362.8169771978205,0.9072750675067507,5,36594,24768,4867,1472832,147.2832,2224544,True,456194415723605987,656323922311960627,2305843009213693951
n10000-g2-t0.5-r13-h400042,2efaf1348f57,3.14.3,Windows-11-10.0.26200-SP0,"Intel64 Family 6 Model 170 Stepping 4, GenuineIntel",10000,2.0,2.0244165297589,0.5,11,25717,10000,0.3888478438387059,random,140042,270042,400042,13,504360400,50436.04,16900.0,23200.0,65100.0,136811500,11,12816,1.2816,22816,3351,2846,1710,0.171,1944.0447952716102,0.8796093609360937,5,22816,38570,15717,2210288,221.0288,2963220,True,2212557081204675888,2145014131646850576,2305843009213693951
n10000-g3-t0.9-r13-h400042,2efaf1348f57,3.14.3,Windows-11-10.0.26200-SP0,"Intel64 Family 6 Model 170 Stepping 4, GenuineIntel",10000,3.0,3.075406859636261,0.9,11,28477,10000,0.351160585735857,random,140042,270042,400042,13,454215400,45421.54,17100.0,21100.0,50101.00000000002,170663300,7,12786,1.2786,22786,5265,4045,1628,0.1628,1755.627348386417,0.9273038503850386,5,22786,37968,18477,2394448,239.4448,3066464,True,523321059494146144,1586669728196592358,2305843009213693951
n10000-g3-t0.8-r13-h400042,2efaf1348f57,3.14.3,Windows-11-10.0.26200-SP0,"Intel64 Family 6 Model 170 Stepping 4, GenuineIntel",10000,3.0,3.075406859636261,0.8,11,28477,10000,0.351160585735857,random,140042,270042,400042,13,440291800,44029.18,17400.0,22100.0,53301.00000000002,146583500,7,11365,1.1365,21365,4466,3574,1628,0.1628,1755.627348386417,0.9273038503850386,5,21365,37968,18477,2394448,239.4448,3006224,True,523321059494146144,1586669728196592358,2305843009213693951
n10000-g3-t0.5-r13-h400042,2efaf1348f57,3.14.3,Windows-11-10.0.26200-SP0,"Intel64 Family 6 Model 170 Stepping 4, GenuineIntel",10000,3.0,3.075406859636261,0.5,11,28477,10000,0.351160585735857,random,140042,270042,400042,13,310818000,31081.8,12900.0,20700.0,33705.00000000011,93098300,7,7102,0.7102,17102,2774,2421,1628,0.1628,1755.627348386417,0.9273038503850386,5,17102,37968,18477,2394448,239.4448,2813032,True,523321059494146144,1586669728196592358,2305843009213693951
n10000-g4-t0.8-r13-h400042,2efaf1348f57,3.14.3,Windows-11-10.0.26200-SP0,"Intel64 Family 6 Model 170 Stepping 4, GenuineIntel",10000,4.0,4.061552575258115,0.8,11,49297,10000,0.20285210053350103,random,140042,270042,400042,13,527758600,52775.86,16800.0,21600.0,58103.000000000065,225150900,6,13133,1.3133,23133,4710,3697,829,0.0829,1014.1590766172384,0.81742600260026,4,23133,61620,39297,3730160,373.016,4660920,True,2258291239708673481,887913612192323436,2305843009213693951
n10000-g4-t0.9-r13-h400042,2efaf1348f57,3.14.3,Windows-11-10.0.26200-SP0,"Intel64 Family 6 Model 170 Stepping 4, GenuineIntel",10000,4.0,4.073781941238894,0.9,11,12323,10000,0.8114907084313885,random,140042,270042,400042,13,298365100,29836.51,17800.0,21900.0,53800.0,61170900,5,3685,0.3685,13685,5069,3910,3743,0.3743,4057.0477968027267,0.9225920392039204,7,13685,15402,2323,1302432,130.2432,1431136,True,2262329530833781756,728337262546726770,2305843009213693951
n10000-g3-t0.8-r14-h430042,2efaf1348f57,3.14.3,Windows-11-10.0.26200-SP0,"Intel64 Family 6 Model 170 Stepping 4, GenuineIntel",10000,3.0,3.075406859636261,0.8,11,28477,10000,0.351160585735857,random,150042,290042,430042,14,431514700,43151.47,15900.0,21000.0,48301.00000000002,156460200,7,11365,1.1365,21365,4520,3557,1422,0.1422,1755.627348386417,0.8099668766876689,4,21365,37968,18477,2398992,239.8992,3004812,True,1456350314543585143,297509610434239018,2305843009213693951
n10000-g2-t0.9-r14-h430042,2efaf1348f57,3.14.3,Windows-11-10.0.26200-SP0,"Intel64 Family 6 Model 170 Stepping 4, GenuineIntel",10000,2.0,2.026772599602447,0.9,11,12853,10000,0.7780284758422158,random,150042,290042,430042,14,405581100,40558.11,15600.0,21500.0,40103.000000000065,109064700,10,11506,1.1506,21506,7673,5348,5896,0.5896,3889.753364973158,1.5157773377337733,8,21506,19274,2853,1294512,129.4512,1643944,True,1367853898740269474,1311907938339953359,2305843009213693951
n10000-g1.25-t0.8-r14-h430042,2efaf1348f57,3.14.3,Windows-11-10.0.26200-SP0,"Intel64 Family 6 Model 170 Stepping 4, GenuineIntel",10000,1.25,1.2770357192166375,0.8,11,12889,10000,0.7758553805570642,random,150042,290042,430042,14,744181400,74418.14,14700.0,20400.0,59637.00000000081,116743000,29,40681,4.0681,50681,6857,4989,3720,0.372,3878.8889750950425,0.959037503750375,7,50681,23178,2889,1335472,133.5472,2082976,True,697975975401290850,205644620477625902,2305843009213693951
n10000-g1.25-t0.9-r14-h430042,2efaf1348f57,3.14.3,Windows-11-10.0.26200-SP0,"Intel64 Family 6 Model 170 Stepping 4, GenuineIntel",10000,1.25,1.2770357192166375,0.9,11,12889,10000,0.7758553805570642,random,150042,290042,430042,14,817479500,81747.95,15000.0,21100.0,43702.000000000044,129908900,29,45770,4.577,55770,7821,5498,3720,0.372,3878.8889750950425,0.959037503750375,7,55770,23178,2889,1335472,133.5472,2147136,True,697975975401290850,205644620477625902,2305843009213693951
n10000-g1.5-t0.5-r14-h430042,2efaf1348f57,3.14.3,Windows-11-10.0.26200-SP0,"Intel64 Family 6 Model 170 Stepping 4, GenuineIntel",10000,1.5,1.5274118968527437,0.5,11,22303,10000,0.44837017441599786,random,150042,290042,430042,14,598343700,59834.37,15100.0,21300.0,49002.000000000044,139970100,18,22203,2.2203,32203,3964,3300,2002,0.2002,2241.6266869927813,0.8931014301430142,5,32203,37170,12303,1986464,198.6464,2948176,True,1575470682082018576,731477275903605863,2305843009213693951
n10000-g3-t0.5-r14-h430042,2efaf1348f57,3.14.3,Windows-11-10.0.26200-SP0,"Intel64 Family 6 Model 170 Stepping 4, GenuineIntel",10000,3.0,3.075406859636261,0.5,11,28477,10000,0.351160585735857,random,150042,290042,430042,14,391700200,39170.02,14700.0,21800.0,51000.0,134436100,7,7102,0.7102,17102,2595,2272,1422,0.1422,1755.627348386417,0.8099668766876689,4,17102,37968,18477,2398992,239.8992,2814508,True,1456350314543585143,297509610434239018,2305843009213693951
n10000-g4-t0.8-r14-h430042,2efaf1348f57,3.14.3,Windows-11-10.0.26200-SP0,"Intel64 Family 6 Model 170 Stepping 4, GenuineIntel",10000,4.0,4.061552575258115,0.8,11,49297,10000,0.20285210053350103,random,150042,290042,430042,14,516156400,51615.64,14900.0,20900.0,56300.0,215735400,6,13133,1.3133,23133,4653,3657,815,0.0815,1014.1590766172384,0.8036214621462147,3,23133,61620,39297,3730416,373.0416,4659896,True,2250503657750600472,2109554411975479074,2305843009213693951
n10000-g1.5-t0.8-r14-h430042,2efaf1348f57,3.14.3,Windows-11-10.0.26200-SP0,"Intel64 Family 6 Model 170 Stepping 4, GenuineIntel",10000,1.5,1.5290144697461625,0.8,11,14867,10000,0.6726306585054147,random,150042,290042,430042,14,558674600,55867.46,16500.0,20200.0,42105.00000000011,125578000,17,23637,2.3637,33637,6151,4664,3169,0.3169,3362.8169771978205,0.942364696469647,5,33637,24768,4867,1470112,147.0112,2161944,True,699270081130450084,914756789908394743,2305843009213693951
n10000-g2-t0.8-r14-h430042,2efaf1348f57,3.14.3,Windows-11-10.0.26200-SP0,"Intel64 Family 6 Model 170 Stepping 4, GenuineIntel",10000,2.0,2.026772599602447,0.8,11,12853,10000,0.7780284758422158,random,150042,290042,430042,14,376366800,37636.68,16000.0,23100.0,72216.00000000035,84842600,10,10226,1.0226,20226,7301,5127,5896,0.5896,3889.753364973158,1.5157773377337733,8,20226,19274,2853,1294512,129.4512,1603972,True,1367853898740269474,1311907938339953359,2305843009213693951
n10000-g2-t0.7-r14-h430042,2efaf1348f57,3.14.3,Windows-11-10.0.26200-SP0,"Intel64 Family 6 Model 170 Stepping 4, GenuineIntel",10000,2.0,2.0244165297589,0.7,11,25717,10000,0.3888478438387059,random,150042,290042,430042,14,555736100,55573.61,14800.0,21500.0,57003.000000000065,188240000,11,17943,1.7943,27943,6209,4583,1717,0.1717,1944.0447952716102,0.883210101010101,4,27943,38570,15717,2209136,220.9136,3103052,True,1769412178131638203,2237784797351115269,2305843009213693951
n10000-g3-t0.7-r14-h430042,2efaf1348f57,3.14.3,Windows-11-10.0.26200-SP0,"Intel64 Family 6 Model 170 Stepping 4, GenuineIntel",10000,3.0,3.075406859636261,0.7,11,28477,10000,0.351160585735857,random,150042,290042,430042,14,441515500,44151.55,16200.0,23000.0,70805.00000000012,156066000,7,9944,0.9944,19944,3814,3112,1422,0.1422,1755.627348386417,0.8099668766876689,4,19944,37968,18477,2398992,239.8992,2944564,True,1456350314543585143,297509610434239018,2305843009213693951
n10000-g1.5-t0.7-r14-h430042,2efaf1348f57,3.14.3,Windows-11-10.0.26200-SP0,"Intel64 Family 6 Model 170 Stepping 4, GenuineIntel",10000,1.5,1.5290144697461625,0.7,11,14867,10000,0.6726306585054147,random,150042,290042,430042,14,525049500,52504.95,14500.0,19500.0,30907.000000000153,122565800,17,20680,2.068,30680,5493,4285,3169,0.3169,3362.8169771978205,0.942364696469647,5,30680,24768,4867,1470112,147.0112,2100696,True,699270081130450084,914756789908394743,2305843009213693951
n10000-g3-t0.9-r14-h430042,2efaf1348f57,3.14.3,Windows-11-10.0.26200-SP0,"Intel64 Family 6 Model 170 Stepping 4, GenuineIntel",10000,3.0,3.075406859636261,0.9,11,28477,10000,0.351160585735857,random,150042,290042,430042,14,409080100,40908.01,14700.0,19600.0,34401.00000000002,154930700,7,12786,1.2786,22786,5280,4021,1422,0.1422,1755.627348386417,0.8099668766876689,4,22786,37968,18477,2398992,239.8992,3065572,True,1456350314543585143,297509610434239018,2305843009213693951
n10000-g4-t0.9-r14-h430042,2efaf1348f57,3.14.3,Windows-11-10.0.26200-SP0,"Intel64 Family 6 Model 170 Stepping 4, GenuineIntel",10000,4.0,4.073781941238894,0.9,11,12323,10000,0.8114907084313885,random,150042,290042,430042,14,280142900,28014.29,16200.0,20504.999999999927,44504.00000000009,56414200,5,3685,0.3685,13685,4976,3850,3758,0.3758,4057.0477968027267,0.9262893089308931,6,13685,15402,2323,1301920,130.192,1430624,True,142224500353120098,89961138987766009,2305843009213693951
n10000-g1.5-t0.9-r14-h430042,2efaf1348f57,3.14.3,Windows-11-10.0.26200-SP0,"Intel64 Family 6 Model 170 Stepping 4, GenuineIntel",10000,1.5,1.5290144697461625,0.9,11,14867,10000,0.6726306585054147,random,150042,290042,430042,14,586559100,58655.91,16600.0,21600.0,42504.00000000009,130778600,17,26594,2.6594,36594,6938,5084,3169,0.3169,3362.8169771978205,0.942364696469647,5,36594,24768,4867,1470112,147.0112,2223768,True,699270081130450084,914756789908394743,2305843009213693951
n10000-g2-t0.5-r14-h430042,2efaf1348f57,3.14.3,Windows-11-10.0.26200-SP0,"Intel64 Family 6 Model 170 Stepping 4, GenuineIntel",10000,2.0,2.0244165297589,0.5,11,25717,10000,0.3888478438387059,random,150042,290042,430042,14,533456400,53345.64,17600.0,22200.0,75702.00000000003,166444400,11,12816,1.2816,22816,4003,3295,1717,0.1717,1944.0447952716102,0.883210101010101,4,22816,38570,15717,2209136,220.9136,2942688,True,1769412178131638203,2237784797351115269,2305843009213693951
n10000-g4-t0.5-r14-h430042,2efaf1348f57,3.14.3,Windows-11-10.0.26200-SP0,"Intel64 Family 6 Model 170 Stepping 4, GenuineIntel",10000,4.0,4.061552575258115,0.5,11,49297,10000,0.20285210053350103,random,150042,290042,430042,14,444303200,44430.32,16300.0,20100.0,36205.00000000011,185501200,6,8207,0.8207,18207,2314,2033,815,0.0815,1014.1590766172384,0.8036214621462147,3,18207,61620,39297,3730416,373.0416,4413588,True,2250503657750600472,2109554411975479074,2305843009213693951
n10000-g1.25-t0.5-r14-h430042,2efaf1348f57,3.14.3,Windows-11-10.0.26200-SP0,"Intel64 Family 6 Model 170 Stepping 4, GenuineIntel",10000,1.25,1.2753353982930995,0.5,11,20161,10000,0.49600714250285205,random,150042,290042,430042,14,950576400,95057.64,17300.0,21500.0,50202.000000000044,156280200,31,39928,3.9928,49928,4473,3621,2200,0.22,2479.787708943009,0.8871727172717271,5,49928,36288,10161,1839472,183.9472,2941188,True,459733858218767068,1918804225097705081,2305843009213693951
n10000-g4-t0.7-r14-h430042,2efaf1348f57,3.14.3,Windows-11-10.0.26200-SP0,"Intel64 Family 6 Model 170 Stepping 4, GenuineIntel",10000,4.0,4.061552575258115,0.7,11,49297,10000,0.20285210053350103,random,150042,290042,430042,14,534535600,53453.56,15500.0,20700.0,45404.00000000009,258322600,6,11491,1.1491,21491,3723,3053,815,0.0815,1014.1590766172384,0.8036214621462147,3,21491,61620,39297,3730416,373.0416,4582372,True,2250503657750600472,2109554411975479074,2305843009213693951
n10000-g1.25-t0.7-r14-h430042,2efaf1348f57,3.14.3,Windows-11-10.0.26200-SP0,"Intel64 Family 6 Model 170 Stepping 4, GenuineIntel",10000,1.25,1.2761752609835624,0.7,11,16127,10000,0.6200781298443604,random,150042,290042,430042,14,890394000,89039.4,15900.0,21700.0,69606.00000000013,148215600,30,44614,4.4614,54614,6074,4581,3521,0.3521,3100.0806101568796,1.1357769176917691,6,54614,29016,6127,1549088,154.9088,2530616,True,1297633550610340570,221292941550813586,2305843009213693951
n10000-g3-t0.8-r15-h460042,2efaf1348f57,3.14.3,Windows-11-10.0.26200-SP0,"Intel64 Family 6 Model 170 Stepping 4, GenuineIntel",10000,3.0,3.075406859636261,0.8,11,28477,10000,0.351160585735857,random,160042,310042,460042,15,445505200,44550.52,17500.0,20900.0,41001.00000000002,157298400,7,11365,1.1365,21365,4672,3670,1537,0.1537,1755.627348386417,0.8754705270527053,4,21365,37968,18477,2395984,239.5984,3004388,True,1300240950209489039,486669385035048171,2305843009213693951
n10000-g1.5-t0.7-r15-h460042,2efaf1348f57,3.14.3,Windows-11-10.0.26200-SP0,"Intel64 Family 6 Model 170 Stepping 4, GenuineIntel",10000,1.5,1.5290144697461625,0.7,11,14867,10000,0.6726306585054147,random,160042,310042,460042,15,517818200,51781.82,14600.0,20200.0,38906.00000000013,119032900,17,20680,2.068,30680,5508,4268,3134,0.3134,3362.8169771978205,0.9319567556755676,5,30680,24768,4867,1469888,146.9888,2099584,True,1059692580763812312,129183030593583606,2305843009213693951
n10000-g4-t0.9-r15-h460042,2efaf1348f57,3.14.3,Windows-11-10.0.26200-SP0,"Intel64 Family 6 Model 170 Stepping 4, GenuineIntel",10000,4.0,4.073781941238894,0.9,11,12323,10000,0.8114907084313885,random,160042,310042,460042,15,277969300,27796.93,15700.0,21500.0,40604.00000000009,61558900,5,3685,0.3685,13685,5041,3890,3823,0.3823,4057.0477968027267,0.9423108110811081,6,13685,15402,2323,1302048,130.2048,1430784,True,525360134964441760,478462239301556590,2305843009213693951
n10000-g1.25-t0.7-r15-h460042,2efaf1348f57,3.14.3,Windows-11-10.0.26200-SP0,"Intel64 Family 6 Model 170 Stepping 4, GenuineIntel",10000,1.25,1.2761752609835624,0.7,11,16127,10000,0.6200781298443604,random,160042,310042,460042,15,940764700,94076.47,16000.0,22600.0,76607.00000000015,153540300,30,44614,4.4614,54614,6101,4622,2902,0.2902,3100.0806101568796,0.936104690469047,5,54614,29016,6127,1561152,156.1152,2529252,True,250200709103501895,1019654976474616557,2305843009213693951
n10000-g2-t0.7-r15-h460042,2efaf1348f57,3.14.3,Windows-11-10.0.26200-SP0,"Intel64 Family 6 Model 170 Stepping 4, GenuineIntel",10000,2.0,2.0244165297589,0.7,11,25717,10000,0.3888478438387059,random,160042,310042,460042,15,533628300,53362.83,17100.0,20900.0,44601.00000000002,160092500,11,17943,1.7943,27943,5861,4326,1658,0.1658,1944.0447952716102,0.8528610061006101,4,27943,38570,15717,2211056,221.1056,3115028,True,759909393743977135,1735393619431121516,2305843009213693951
n10000-g1.5-t0.8-r15-h460042,2efaf1348f57,3.14.3,Windows-11-10.0.26200-SP0,"Intel64 Family 6 Model 170 Stepping 4, GenuineIntel",10000,1.5,1.5290144697461625,0.8,11,14867,10000,0.6726306585054147,random,160042,310042,460042,15,569978400,56997.84,16100.0,21000.0,40202.000000000044,133429100,17,23637,2.3637,33637,6379,4748,3134,0.3134,3362.8169771978205,0.9319567556755676,5,33637,24768,4867,1469888,146.9888,2161152,True,1059692580763812312,129183030593583606,2305843009213693951
n10000-g1.5-t0.5-r15-h460042,2efaf1348f57,3.14.3,Windows-11-10.0.26200-SP0,"Intel64 Family 6 Model 170 Stepping 4, GenuineIntel",10000,1.5,1.5274118968527437,0.5,11,22303,10000,0.44837017441599786,random,160042,310042,460042,15,673327800,67332.78,17600.0,22700.0,69703.00000000006,141463200,18,22203,2.2203,32203,3803,3195,2041,0.2041,2241.6266869927813,0.910499509950995,4,32203,37170,12303,1985984,198.5984,2948792,True,2295404123297118431,601308322541629152,2305843009213693951
n10000-g4-t0.8-r15-h460042,2efaf1348f57,3.14.3,Windows-11-10.0.26200-SP0,"Intel64 Family 6 Model 170 Stepping 4, GenuineIntel",10000,4.0,4.061552575258115,0.8,11,49297,10000,0.20285210053350103,random,160042,310042,460042,15,505364400,50536.44,15500.0,20500.0,57712.00000000026,222188200,6,13133,1.3133,23133,4717,3678,794,0.0794,1014.1590766172384,0.7829146514651465,4,23133,61620,39297,3731312,373.1312,4660600,True,370781734689605162,1116495852548506586,2305843009213693951
n10000-g2-t0.5-r15-h460042,2efaf1348f57,3.14.3,Windows-11-10.0.26200-SP0,"Intel64 Family 6 Model 170 Stepping 4, GenuineIntel",10000,2.0,2.0244165297589,0.5,11,25717,10000,0.3888478438387059,random,160042,310042,460042,15,481970800,48197.08,16600.0,20400.0,47807.00000000015,151351400,11,12816,1.2816,22816,3746,3082,1658,0.1658,1944.0447952716102,0.8528610061006101,4,22816,38570,15717,2211056,221.1056,2949928,True,759909393743977135,1735393619431121516,2305843009213693951
n10000-g3-t0.9-r15-h460042,2efaf1348f57,3.14.3,Windows-11-10.0.26200-SP0,"Intel64 Family 6 Model 170 Stepping 4, GenuineIntel",10000,3.0,3.075406859636261,0.9,11,28477,10000,0.351160585735857,random,160042,310042,460042,15,415580000,41558.0,15000.0,19900.0,36403.000000000065,148189100,7,12786,1.2786,22786,5531,4155,1537,0.1537,1755.627348386417,0.8754705270527053,4,22786,37968,18477,2395984,239.5984,3065692,True,1300240950209489039,486669385035048171,2305843009213693951
n10000-g1.5-t0.9-r15-h460042,2efaf1348f57,3.14.3,Windows-11-10.0.26200-SP0,"Intel64 Family 6 Model 170 Stepping 4, GenuineIntel",10000,1.5,1.5290144697461625,0.9,11,14867,10000,0.6726306585054147,random,160042,310042,460042,15,656522900,65652.29,16000.0,20400.0,49833.00000000072,178141000,17,26594,2.6594,36594,7229,5174,3134,0.3134,3362.8169771978205,0.9319567556755676,5,36594,24768,4867,1469888,146.9888,2223648,True,1059692580763812312,129183030593583606,2305843009213693951
n10000-g1.25-t0.5-r15-h460042,2efaf1348f57,3.14.3,Windows-11-10.0.26200-SP0,"Intel64 Family 6 Model 170 Stepping 4, GenuineIntel",10000,1.25,1.2753353982930995,0.5,11,20161,10000,0.49600714250285205,random,160042,310042,460042,15,1021512200,102151.22,19800.0,25900.0,95715.00000000032,163025600,31,39928,3.9928,49928,4260,3504,2294,0.2294,2479.787708943009,0.9250791879187918,5,49928,36288,10161,1836912,183.6912,2949740,True,2301820660327559936,1299517480488645120,2305843009213693951
n10000-g2-t0.9-r15-h460042,2efaf1348f57,3.14.3,Windows-11-10.0.26200-SP0,"Intel64 Family 6 Model 170 Stepping 4, GenuineIntel",10000,2.0,2.026772599602447,0.9,11,12853,10000,0.7780284758422158,random,160042,310042,460042,15,447392200,44739.22,19000.0,25500.0,67516.00000000035,96226600,10,11506,1.1506,21506,7469,5161,5323,0.5323,3889.753364973158,1.3684672267226723,7,21506,19274,2853,1307760,130.776,1643096,True,359036295467957123,212433313595981392,2305843009213693951
n10000-g1.25-t0.9-r15-h460042,2efaf1348f57,3.14.3,Windows-11-10.0.26200-SP0,"Intel64 Family 6 Model 170 Stepping 4, GenuineIntel",10000,1.25,1.2770357192166375,0.9,11,12889,10000,0.7758553805570642,random,160042,310042,460042,15,932075600,93207.56,18100.0,23500.0,84805.00000000012,179091500,29,45770,4.577,55770,8015,5527,3624,0.3624,3878.8889750950425,0.9342881488148814,6,55770,23178,2889,1335408,133.5408,2146892,True,715787353421121672,103238069557371079,2305843009213693951
n10000-g3-t0.7-r15-h460042,2efaf1348f57,3.14.3,Windows-11-10.0.26200-SP0,"Intel64 Family 6 Model 170 Stepping 4, GenuineIntel",10000,3.0,3.075406859636261,0.7,11,28477,10000,0.351160585735857,random,160042,310042,460042,15,423515600,42351.56,17600.0,21100.0,50001.00000000002,144010000,7,9944,0.9944,19944,3932,3199,1537,0.1537,1755.627348386417,0.8754705270527053,4,19944,37968,18477,2395984,239.5984,2943852,True,1300240950209489039,486669385035048171,2305843009213693951
n10000-g4-t0.5-r15-h460042,2efaf1348f57,3.14.3,Windows-11-10.0.26200-SP0,"Intel64 Family 6 Model 170 Stepping 4, GenuineIntel",10000,4.0,4.061552575258115,0.5,11,49297,10000,0.20285210053350103,random,160042,310042,460042,15,444528100,44452.81,15600.0,20200.0,51018.00000000039,193473100,6,8207,0.8207,18207,2350,2017,794,0.0794,1014.1590766172384,0.7829146514651465,4,18207,61620,39297,3731312,373.1312,4413236,True,370781734689605162,1116495852548506586,2305843009213693951
n10000-g3-t0.5-r15-h460042,2efaf1348f57,3.14.3,Windows-11-10.0.26200-SP0,"Intel64 Family 6 Model 170 Stepping 4, GenuineIntel",10000,3.0,3.075406859636261,0.5,11,28477,10000,0.351160585735857,random,160042,310042,460042,15,363646400,36364.64,15600.0,20600.0,51201.00000000002,113609500,7,7102,0.7102,17102,2674,2320,1537,0.1537,1755.627348386417,0.8754705270527053,4,17102,37968,18477,2395984,239.5984,2814084,True,1300240950209489039,486669385035048171,2305843009213693951
n10000-g4-t0.7-r15-h460042,2efaf1348f57,3.14.3,Windows-11-10.0.26200-SP0,"Intel64 Family 6 Model 170 Stepping 4, GenuineIntel",10000,4.0,4.061552575258115,0.7,11,49297,10000,0.20285210053350103,random,160042,310042,460042,15,548052600,54805.26,16900.0,21604.999999999927,47910.00000000022,268038100,6,11491,1.1491,21491,3838,3105,794,0.0794,1014.1590766172384,0.7829146514651465,4,21491,61620,39297,3731312,373.1312,4582340,True,370781734689605162,1116495852548506586,2305843009213693951
n10000-g2-t0.8-r15-h460042,2efaf1348f57,3.14.3,Windows-11-10.0.26200-SP0,"Intel64 Family 6 Model 170 Stepping 4, GenuineIntel",10000,2.0,2.026772599602447,0.8,11,12853,10000,0.7780284758422158,random,160042,310042,460042,15,387771200,38777.12,16300.0,21300.0,46002.000000000044,86563900,10,10226,1.0226,20226,7003,4912,5323,0.5323,3889.753364973158,1.3684672267226723,7,20226,19274,2853,1307760,130.776,1602900,True,359036295467957123,212433313595981392,2305843009213693951
n10000-g1.25-t0.8-r15-h460042,2efaf1348f57,3.14.3,Windows-11-10.0.26200-SP0,"Intel64 Family 6 Model 170 Stepping 4, GenuineIntel",10000,1.25,1.2770357192166375,0.8,11,12889,10000,0.7758553805570642,random,160042,310042,460042,15,797101300,79710.13,15900.0,20400.0,34702.000000000044,129493100,29,40681,4.0681,50681,7183,5137,3624,0.3624,3878.8889750950425,0.9342881488148814,6,50681,23178,2889,1335408,133.5408,2082476,True,715787353421121672,103238069557371079,2305843009213693951
n10000-g4-t0.8-r16-h490042,2efaf1348f57,3.14.3,Windows-11-10.0.26200-SP0,"Intel64 Family 6 Model 170 Stepping 4, GenuineIntel",10000,4.0,4.061552575258115,0.8,11,49297,10000,0.20285210053350103,random,170042,330042,490042,16,457793300,45779.33,16500.0,20100.0,42104.00000000009,208599100,6,13133,1.3133,23133,4626,3649,797,0.0797,1014.1590766172384,0.7858727672767276,3,23133,61620,39297,3731024,373.1024,4661916,True,262589497096419526,228022715322930646,2305843009213693951
n10000-g1.5-t0.8-r16-h490042,2efaf1348f57,3.14.3,Windows-11-10.0.26200-SP0,"Intel64 Family 6 Model 170 Stepping 4, GenuineIntel",10000,1.5,1.5290144697461625,0.8,11,14867,10000,0.6726306585054147,random,170042,330042,490042,16,555590200,55559.02,15500.0,21300.0,66113.00000000029,112319600,17,23637,2.3637,33637,6371,4747,3170,0.317,3362.8169771978205,0.9426620662066207,5,33637,24768,4867,1469536,146.9536,2161840,True,596355788940236262,192270261235573772,2305843009213693951
n10000-g3-t0.8-r16-h490042,2efaf1348f57,3.14.3,Windows-11-10.0.26200-SP0,"Intel64 Family 6 Model 170 Stepping 4, GenuineIntel",10000,3.0,3.075406859636261,0.8,11,28477,10000,0.351160585735857,random,170042,330042,490042,16,437582400,43758.24,14500.0,18700.0,30201.000000000022,184695000,7,11365,1.1365,21365,4635,3615,1545,0.1545,1755.627348386417,0.8800273027302731,4,21365,37968,18477,2395568,239.5568,3004664,True,936471266180140559,1414340293114920693,2305843009213693951
n10000-g4-t0.9-r16-h490042,2efaf1348f57,3.14.3,Windows-11-10.0.26200-SP0,"Intel64 Family 6 Model 170 Stepping 4, GenuineIntel",10000,4.0,4.073781941238894,0.9,11,12323,10000,0.8114907084313885,random,170042,330042,490042,16,283183100,28318.31,15700.0,21400.0,43928.00000000061,56970600,5,3685,0.3685,13685,4930,3858,3713,0.3713,4057.0477968027267,0.915197499749975,6,13685,15402,2323,1303488,130.3488,1432236,True,15589689887898992,1126817374043341308,2305843009213693951
n10000-g3-t0.5-r16-h490042,2efaf1348f57,3.14.3,Windows-11-10.0.26200-SP0,"Intel64 Family 6 Model 170 Stepping 4, GenuineIntel",10000,3.0,3.075406859636261,0.5,11,28477,10000,0.351160585735857,random,170042,330042,490042,16,381085100,38108.51,15100.0,19800.0,46801.00000000002,126062400,7,7102,0.7102,17102,2811,2427,1545,0.1545,1755.627348386417,0.8800273027302731,4,17102,37968,18477,2395568,239.5568,2812752,True,936471266180140559,1414340293114920693,2305843009213693951
n10000-g2-t0.5-r16-h490042,2efaf1348f57,3.14.3,Windows-11-10.0.26200-SP0,"Intel64 Family 6 Model 170 Stepping 4, GenuineIntel",10000,2.0,2.0244165297589,0.5,11,25717,10000,0.3888478438387059,random,170042,330042,490042,16,461089600,46108.96,16300.0,20300.0,34901.00000000002,137158000,11,12816,1.2816,22816,3254,2763,1721,0.1721,1944.0447952716102,0.8852676667666767,5,22816,38570,15717,2209584,220.9584,2964256,True,1124886234787670429,628871209844231360,2305843009213693951
n10000-g1.25-t0.7-r16-h490042,2efaf1348f57,3.14.3,Windows-11-10.0.26200-SP0,"Intel64 Family 6 Model 170 Stepping 4, GenuineIntel",10000,1.25,1.2761752609835624,0.7,11,16127,10000,0.6200781298443604,random,170042,330042,490042,16,847813100,84781.31,15200.0,19800.0,35300.0,151252200,30,44614,4.4614,54614,6063,4545,2844,0.2844,3100.0806101568796,0.917395499549955,5,54614,29016,6127,1561664,156.1664,2529424,True,313972803336248268,651369772198172134,2305843009213693951
n10000-g4-t0.5-r16-h490042,2efaf1348f57,3.14.3,Windows-11-10.0.26200-SP0,"Intel64 Family 6 Model 170 Stepping 4, GenuineIntel",10000,4.0,4.061552575258115,0.5,11,49297,10000,0.20285210053350103,random,170042,330042,490042,16,425591900,42559.19,14200.0,18200.0,33903.000000000065,195476900,6,8207,0.8207,18207,2275,2020,797,0.0797,1014.1590766172384,0.7858727672767276,3,18207,61620,39297,3731024,373.1024,4414656,True,262589497096419526,228022715322930646,2305843009213693951
n10000-g4-t0.7-r16-h490042,2efaf1348f57,3.14.3,Windows-11-10.0.26200-SP0,"Intel64 Family 6 Model 170 Stepping 4, GenuineIntel",10000,4.0,4.061552575258115,0.7,11,49297,10000,0.20285210053350103,random,170042,330042,490042,16,427067400,42706.74,14500.0,19500.0,31401.000000000022,222191100,6,11491,1.1491,21491,3689,3038,797,0.0797,1014.1590766172384,0.7858727672767276,3,21491,61620,39297,3731024,373.1024,4584112,True,262589497096419526,228022715322930646,2305843009213693951
n10000-g1.5-t0.5-r16-h490042,2efaf1348f57,3.14.3,Windows-11-10.0.26200-SP0,"Intel64 Family 6 Model 170 Stepping 4, GenuineIntel",10000,1.5,1.5274118968527437,0.5,11,22303,10000,0.44837017441599786,random,170042,330042,490042,16,582009200,58200.92,14900.0,21800.0,38807.00000000015,173708700,18,22203,2.2203,32203,3876,3251,1971,0.1971,2241.6266869927813,0.8792721872187218,4,32203,37170,12303,1987488,198.7488,2948488,True,1016093295313608351,1241921574461426257,2305843009213693951
n10000-g2-t0.8-r16-h490042,2efaf1348f57,3.14.3,Windows-11-10.0.26200-SP0,"Intel64 Family 6 Model 170 Stepping 4, GenuineIntel",10000,2.0,2.026772599602447,0.8,11,12853,10000,0.7780284758422158,random,170042,330042,490042,16,285392000,28539.2,9100.0,17700.0,25802.000000000044,53469100,10,10226,1.0226,20226,5769,4365,3658,0.3658,3889.753364973158,0.9404195219521952,5,20226,19274,2853,1333520,133.352,1604136,True,392416952608705254,1401271252083541153,2305843009213693951
n10000-g1.25-t0.9-r16-h490042,2efaf1348f57,3.14.3,Windows-11-10.0.26200-SP0,"Intel64 Family 6 Model 170 Stepping 4, GenuineIntel",10000,1.25,1.2770357192166375,0.9,11,12889,10000,0.7758553805570642,random,170042,330042,490042,16,587092000,58709.2,9300.0,16200.0,32408.000000000175,116991800,29,45770,4.577,55770,7812,5458,3716,0.3716,3878.8889750950425,0.9580062806280627,6,55770,23178,2889,1334768,133.4768,2145584,True,2133751439158832411,1580009456829697556,2305843009213693951
n10000-g3-t0.9-r16-h490042,2efaf1348f57,3.14.3,Windows-11-10.0.26200-SP0,"Intel64 Family 6 Model 170 Stepping 4, GenuineIntel",10000,3.0,3.075406859636261,0.9,11,28477,10000,0.351160585735857,random,170042,330042,490042,16,428325900,42832.59,17300.0,20200.0,36601.00000000002,153452100,7,12786,1.2786,22786,5393,4075,1545,0.1545,1755.627348386417,0.8800273027302731,4,22786,37968,18477,2395568,239.5568,3065096,True,936471266180140559,1414340293114920693,2305843009213693951
n10000-g1.25-t0.5-r16-h490042,2efaf1348f57,3.14.3,Windows-11-10.0.26200-SP0,"Intel64 Family 6 Model 170 Stepping 4, GenuineIntel",10000,1.25,1.2753353982930995,0.5,11,20161,10000,0.49600714250285205,random,170042,330042,490042,16,773504600,77350.46,15200.0,21800.0,49811.00000000024,144311300,31,39928,3.9928,49928,4291,3533,2243,0.2243,2479.787708943009,0.9045129112911291,4,49928,36288,10161,1838832,183.8832,2950360,True,1486736178571512776,1389841128307172771,2305843009213693951
n10000-g1.5-t0.7-r16-h490042,2efaf1348f57,3.14.3,Windows-11-10.0.26200-SP0,"Intel64 Family 6 Model 170 Stepping 4, GenuineIntel",10000,1.5,1.5290144697461625,0.7,11,14867,10000,0.6726306585054147,random,170042,330042,490042,16,563765100,56376.51,15500.0,20900.0,50202.000000000044,109564300,17,20680,2.068,30680,5663,4362,3170,0.317,3362.8169771978205,0.9426620662066207,5,30680,24768,4867,1469536,146.9536,2099472,True,596355788940236262,192270261235573772,2305843009213693951
n10000-g1.25-t0.8-r16-h490042,2efaf1348f57,3.14.3,Windows-11-10.0.26200-SP0,"Intel64 Family 6 Model 170 Stepping 4, GenuineIntel",10000,1.25,1.2770357192166375,0.8,11,12889,10000,0.7758553805570642,random,170042,330042,490042,16,813839000,81383.9,16300.0,20500.0,65616.00000000035,127614400,29,40681,4.0681,50681,7010,5054,3716,0.3716,3878.8889750950425,0.9580062806280627,6,50681,23178,2889,1334768,133.4768,2081072,True,2133751439158832411,1580009456829697556,2305843009213693951
n10000-g3-t0.7-r16-h490042,2efaf1348f57,3.14.3,Windows-11-10.0.26200-SP0,"Intel64 Family 6 Model 170 Stepping 4, GenuineIntel",10000,3.0,3.075406859636261,0.7,11,28477,10000,0.351160585735857,random,170042,330042,490042,16,408473500,40847.35,15300.0,20904.999999999927,50001.00000000002,142494700,7,9944,0.9944,19944,3940,3182,1545,0.1545,1755.627348386417,0.8800273027302731,4,19944,37968,18477,2395568,239.5568,2944184,True,936471266180140559,1414340293114920693,2305843009213693951
n10000-g2-t0.9-r16-h490042,2efaf1348f57,3.14.3,Windows-11-10.0.26200-SP0,"Intel64 Family 6 Model 170 Stepping 4, GenuineIntel",10000,2.0,2.026772599602447,0.9,11,12853,10000,0.7780284758422158,random,170042,330042,490042,16,365771200,36577.12,15700.0,20500.0,36701.00000000002,90621800,10,11506,1.1506,21506,6280,4660,3658,0.3658,3889.753364973158,0.9404195219521952,5,21506,19274,2853,1333520,133.352,1644108,True,392416952608705254,1401271252083541153,2305843009213693951
n10000-g2-t0.7-r16-h490042,2efaf1348f57,3.14.3,Windows-11-10.0.26200-SP0,"Intel64 Family 6 Model 170 Stepping 4, GenuineIntel",10000,2.0,2.0244165297589,0.7,11,25717,10000,0.3888478438387059,random,170042,330042,490042,16,582083700,58208.37,16100.0,20400.0,49005.00000000011,182952500,11,17943,1.7943,27943,4887,3849,1721,0.1721,1944.0447952716102,0.8852676667666767,5,27943,38570,15717,2209584,220.9584,3137452,True,1124886234787670429,628871209844231360,2305843009213693951
n10000-g1.5-t0.9-r16-h490042,2efaf1348f57,3.14.3,Windows-11-10.0.26200-SP0,"Intel64 Family 6 Model 170 Stepping 4, GenuineIntel",10000,1.5,1.5290144697461625,0.9,11,14867,10000,0.6726306585054147,random,170042,330042,490042,16,607818400,60781.84,15600.0,21400.0,50414.000000000306,143851500,17,26594,2.6594,36594,7279,5213,3170,0.317,3362.8169771978205,0.9426620662066207,5,36594,24768,4867,1469536,146.9536,2224176,True,596355788940236262,192270261235573772,2305843009213693951
n10000-g2-t0.8-r17-h520042,2efaf1348f57,3.14.3,Windows-11-10.0.26200-SP0,"Intel64 Family 6 Model 170 Stepping 4, GenuineIntel",10000,2.0,2.026772599602447,0.8,11,12853,10000,0.7780284758422158,random,180042,350042,520042,17,346508600,34650.86,14900.0,19300.0,32905.00000000011,83588600,10,10226,1.0226,20226,5700,4343,3683,0.3683,3889.753364973158,0.9468466646664666,6,20226,19274,2853,1333488,133.3488,1604164,True,179922495300047012,1829939000005884161,2305843009213693951
n10000-g1.25-t0.5-r17-h520042,2efaf1348f57,3.14.3,Windows-11-10.0.26200-SP0,"Intel64 Family 6 Model 170 Stepping 4, GenuineIntel",10000,1.25,1.2753353982930995,0.5,11,20161,10000,0.49600714250285205,random,180042,350042,520042,17,893282700,89328.27,16400.0,20900.0,45806.00000000013,143220600,31,39928,3.9928,49928,4294,3555,2292,0.2292,2479.787708943009,0.9242726672667266,4,49928,36288,10161,1837168,183.7168,2950672,True,12442324824267130,711908927883902318,2305843009213693951
n10000-g4-t0.9-r17-h520042,2efaf1348f57,3.14.3,Windows-11-10.0.26200-SP0,"Intel64 Family 6 Model 170 Stepping 4, GenuineIntel",10000,4.0,4.073781941238894,0.9,11,12323,10000,0.8114907084313885,random,180042,350042,520042,17,329596800,32959.68,17600.0,21400.0,44401.00000000002,95047100,5,3685,0.3685,13685,5147,3984,3893,0.3893,4057.0477968027267,0.9595647364736474,5,13685,15402,2323,1298752,129.8752,1427500,True,512813933579269349,1219772919936087195,2305843009213693951
n10000-g3-t0.7-r17-h520042,2efaf1348f57,3.14.3,Windows-11-10.0.26200-SP0,"Intel64 Family 6 Model 170 Stepping 4, GenuineIntel",10000,3.0,3.075406859636261,0.7,11,28477,10000,0.351160585735857,random,180042,350042,520042,17,335397200,33539.72,14300.0,18800.0,31200.0,101949100,7,9944,0.9944,19944,3922,3168,1526,0.1526,1755.627348386417,0.8692049604960497,4,19944,37968,18477,2396592,239.6592,2943264,True,1774668915779551507,1049584791601506758,2305843009213693951
n10000-g4-t0.7-r17-h520042,2efaf1348f57,3.14.3,Windows-11-10.0.26200-SP0,"Intel64 Family 6 Model 170 Stepping 4, GenuineIntel",10000,4.0,4.061552575258115,0.7,11,49297,10000,0.20285210053350103,random,180042,350042,520042,17,437748900,43774.89,14400.0,19500.0,31801.000000000022,214434100,6,11491,1.1491,21491,3856,3138,752,0.0752,1014.1590766172384,0.7415010301030103,3,21491,61620,39297,3732272,373.2272,4579984,True,2264111435323031410,2064151746498036823,2305843009213693951
n10000-g1.25-t0.9-r17-h520042,2efaf1348f57,3.14.3,Windows-11-10.0.26200-SP0,"Intel64 Family 6 Model 170 Stepping 4, GenuineIntel",10000,1.25,1.2770357192166375,0.9,11,12889,10000,0.7758553805570642,random,180042,350042,520042,17,840749200,84074.92,16200.0,20500.0,62301.00000000002,136075900,29,45770,4.577,55770,7849,5420,3532,0.3532,3878.8889750950425,0.9105700170017001,5,55770,23178,2889,1338512,133.8512,2146664,True,2167352815505003482,317864646254781868,2305843009213693951
n10000-g1.25-t0.8-r17-h520042,2efaf1348f57,3.14.3,Windows-11-10.0.26200-SP0,"Intel64 Family 6 Model 170 Stepping 4, GenuineIntel",10000,1.25,1.2770357192166375,0.8,11,12889,10000,0.7758553805570642,random,180042,350042,520042,17,860124300,86012.43,17500.0,21800.0,58547.000000001026,133594700,29,40681,4.0681,50681,6888,4992,3532,0.3532,3878.8889750950425,0.9105700170017001,5,50681,23178,2889,1338512,133.8512,2082216,True,2167352815505003482,317864646254781868,2305843009213693951
n10000-g2-t0.9-r17-h520042,2efaf1348f57,3.14.3,Windows-11-10.0.26200-SP0,"Intel64 Family 6 Model 170 Stepping 4, GenuineIntel",10000,2.0,2.026772599602447,0.9,11,12853,10000,0.7780284758422158,random,180042,350042,520042,17,376274200,37627.42,14800.0,22300.0,35802.000000000044,95237000,10,11506,1.1506,21506,6237,4626,3683,0.3683,3889.753364973158,0.9468466646664666,6,21506,19274,2853,1333488,133.3488,1644816,True,179922495300047012,1829939000005884161,2305843009213693951
n10000-g4-t0.5-r17-h520042,2efaf1348f57,3.14.3,Windows-11-10.0.26200-SP0,"Intel64 Family 6 Model 170 Stepping 4, GenuineIntel",10000,4.0,4.061552575258115,0.5,11,49297,10000,0.20285210053350103,random,180042,350042,520042,17,471669300,47166.93,17400.0,20800.0,47408.000000000175,207525800,6,8207,0.8207,18207,2338,2036,752,0.0752,1014.1590766172384,0.7415010301030103,3,18207,61620,39297,3732272,373.2272,4412576,True,2264111435323031410,2064151746498036823,2305843009213693951
n10000-g3-t0.9-r17-h520042,2efaf1348f57,3.14.3,Windows-11-10.0.26200-SP0,"Intel64 Family 6 Model 170 Stepping 4, GenuineIntel",10000,3.0,3.075406859636261,0.9,11,28477,10000,0.351160585735857,random,180042,350042,520042,17,384445600,38444.56,14400.0,20100.0,34203.000000000065,156241100,7,12786,1.2786,22786,5422,4096,1526,0.1526,1755.627348386417,0.8692049604960497,4,22786,37968,18477,2396592,239.6592,3064304,True,1774668915779551507,1049584791601506758,2305843009213693951
n10000-g1.5-t0.9-r17-h520042,2efaf1348f57,3.14.3,Windows-11-10.0.26200-SP0,"Intel64 Family 6 Model 170 Stepping 4, GenuineIntel",10000,1.5,1.5290144697461625,0.9,11,14867,10000,0.6726306585054147,random,180042,350042,520042,17,573117500,57311.75,16800.0,20900.0,61308.000000000175,119881700,17,26594,2.6594,36594,7173,5112,3188,0.3188,3362.8169771978205,0.9480147214721473,5,36594,24768,4867,1469984,146.9984,2225692,True,1629592878666074175,322378761554622331,2305843009213693951
n10000-g1.25-t0.7-r17-h520042,2efaf1348f57,3.14.3,Windows-11-10.0.26200-SP0,"Intel64 Family 6 Model 170 Stepping 4, GenuineIntel",10000,1.25,1.2761752609835624,0.7,11,16127,10000,0.6200781298443604,random,180042,350042,520042,17,763117900,76311.79,11800.0,19200.0,32200.0,127655600,30,44614,4.4614,54614,5974,4543,2876,0.2876,3100.0806101568796,0.9277178117811782,6,54614,29016,6127,1561760,156.176,2531748,True,1713304800905039537,464909161786378146,2305843009213693951
n10000-g4-t0.8-r17-h520042,2efaf1348f57,3.14.3,Windows-11-10.0.26200-SP0,"Intel64 Family 6 Model 170 Stepping 4, GenuineIntel",10000,4.0,4.061552575258115,0.8,11,49297,10000,0.20285210053350103,random,180042,350042,520042,17,333485600,33348.56,8300.0,15400.0,22901.000000000022,151740900,6,13133,1.3133,23133,4827,3786,752,0.0752,1014.1590766172384,0.7415010301030103,3,23133,61620,39297,3732272,373.2272,4657156,True,2264111435323031410,2064151746498036823,2305843009213693951
n10000-g1.5-t0.8-r17-h520042,2efaf1348f57,3.14.3,Windows-11-10.0.26200-SP0,"Intel64 Family 6 Model 170 Stepping 4, GenuineIntel",10000,1.5,1.5290144697461625,0.8,11,14867,10000,0.6726306585054147,random,180042,350042,520042,17,518114900,51811.49,15700.0,20300.0,40703.000000000065,129181000,17,23637,2.3637,33637,6341,4736,3188,0.3188,3362.8169771978205,0.9480147214721473,5,33637,24768,4867,1469984,146.9984,2163132,True,1629592878666074175,322378761554622331,2305843009213693951
n10000-g1.5-t0.5-r17-h520042,2efaf1348f57,3.14.3,Windows-11-10.0.26200-SP0,"Intel64 Family 6 Model 170 Stepping 4, GenuineIntel",10000,1.5,1.5274118968527437,0.5,11,22303,10000,0.44837017441599786,random,180042,350042,520042,17,674427800,67442.78,17200.0,20604.999999999927,48202.000000000044,167474200,18,22203,2.2203,32203,6267,4229,7565,0.7565,2241.6266869927813,3.3747813781378135,8,32203,37170,12303,1896544,189.6544,2948984,True,381912465129005111,2102418306037895400,2305843009213693951
n10000-g1.5-t0.7-r17-h520042,2efaf1348f57,3.14.3,Windows-11-10.0.26200-SP0,"Intel64 Family 6 Model 170 Stepping 4, GenuineIntel",10000,1.5,1.5290144697461625,0.7,11,14867,10000,0.6726306585054147,random,180042,350042,520042,17,510208000,51020.8,15700.0,20204.999999999927,58502.000000000044,111349500,17,20680,2.068,30680,5604,4328,3188,0.3188,3362.8169771978205,0.9480147214721473,5,30680,24768,4867,1469984,146.9984,2100636,True,1629592878666074175,322378761554622331,2305843009213693951
n10000-g3-t0.8-r17-h520042,2efaf1348f57,3.14.3,Windows-11-10.0.26200-SP0,"Intel64 Family 6 Model 170 Stepping 4, GenuineIntel",10000,3.0,3.075406859636261,0.8,11,28477,10000,0.351160585735857,random,180042,350042,520042,17,437489400,43748.94,17500.0,21800.0,38200.0,161226800,7,11365,1.1365,21365,4628,3620,1526,0.1526,1755.627348386417,0.8692049604960497,4,21365,37968,18477,2396592,239.6592,3003328,True,1774668915779551507,1049584791601506758,2305843009213693951
n10000-g2-t0.5-r17-h520042,2efaf1348f57,3.14.3,Windows-11-10.0.26200-SP0,"Intel64 Family 6 Model 170 Stepping 4, GenuineIntel",10000,2.0,2.0244165297589,0.5,11,25717,10000,0.3888478438387059,random,180042,350042,520042,17,477044600,47704.46,15900.0,22100.0,49000.0,144740700,11,12816,1.2816,22816,3349,2834,1751,0.1751,1944.0447952716102,0.9006994099409942,5,22816,38570,15717,2209296,220.9296,2963844,True,662751256342505969,1951746867789160980,2305843009213693951
n10000-g3-t0.5-r17-h520042,2efaf1348f57,3.14.3,Windows-11-10.0.26200-SP0,"Intel64 Family 6 Model 170 Stepping 4, GenuineIntel",10000,3.0,3.075406859636261,0.5,11,28477,10000,0.351160585735857,random,180042,350042,520042,17,455842600,45584.26,17600.0,21100.0,42804.00000000009,174382500,7,7102,0.7102,17102,2706,2350,1526,0.1526,1755.627348386417,0.8692049604960497,4,17102,37968,18477,2396592,239.6592,2812632,True,1774668915779551507,1049584791601506758,2305843009213693951
n10000-g2-t0.7-r17-h520042,2efaf1348f57,3.14.3,Windows-11-10.0.26200-SP0,"Intel64 Family 6 Model 170 Stepping 4, GenuineIntel",10000,2.0,2.0244165297589,0.7,11,25717,10000,0.3888478438387059,random,180042,350042,520042,17,417507100,41750.71,12900.0,19204.999999999927,28900.0,131045300,11,17943,1.7943,27943,4874,3849,1751,0.1751,1944.0447952716102,0.9006994099409942,5,27943,38570,15717,2209296,220.9296,3137968,True,662751256342505969,1951746867789160980,2305843009213693951
n10000-g2-t0.8-r18-h550042,2efaf1348f57,3.14.3,Windows-11-10.0.26200-SP0,"Intel64 Family 6 Model 170 Stepping 4, GenuineIntel",10000,2.0,2.026772599602447,0.8,11,12853,10000,0.7780284758422158,random,190042,370042,550042,18,391272400,39127.24,17600.0,21300.0,46601.00000000002,93940400,10,10226,1.0226,20226,6220,4544,4293,0.4293,3889.753364973158,1.1036689468946894,6,20226,19274,2853,1324944,132.4944,1604468,True,1978053201046187136,1530473090397351799,2305843009213693951
n10000-g2-t0.7-r18-h550042,2efaf1348f57,3.14.3,Windows-11-10.0.26200-SP0,"Intel64 Family 6 Model 170 Stepping 4, GenuineIntel",10000,2.0,2.0244165297589,0.7,11,25717,10000,0.3888478438387059,random,190042,370042,550042,18,518905700,51890.57,14900.0,21100.0,41703.000000000065,167296900,11,17943,1.7943,27943,5266,4021,1747,0.1747,1944.0447952716102,0.8986418441844185,5,27943,38570,15717,2208528,220.8528,3129572,True,1808857033036486667,1776088149703809853,2305843009213693951
n10000-g2-t0.9-r18-h550042,2efaf1348f57,3.14.3,Windows-11-10.0.26200-SP0,"Intel64 Family 6 Model 170 Stepping 4, GenuineIntel",10000,2.0,2.026772599602447,0.9,11,12853,10000,0.7780284758422158,random,190042,370042,550042,18,391569200,39156.92,16100.0,21400.0,43301.00000000002,94522400,10,11506,1.1506,21506,6777,4847,4293,0.4293,3889.753364973158,1.1036689468946894,6,21506,19274,2853,1324944,132.4944,1644736,True,1978053201046187136,1530473090397351799,2305843009213693951
n10000-g1.25-t0.9-r18-h550042,2efaf1348f57,3.14.3,Windows-11-10.0.26200-SP0,"Intel64 Family 6 Model 170 Stepping 4, GenuineIntel",10000,1.25,1.2770357192166375,0.9,11,12889,10000,0.7758553805570642,random,190042,370042,550042,18,792754700,79275.47,15200.0,20600.0,43115.00000000033,145341000,29,45770,4.577,55770,7848,5495,3671,0.3671,3878.8889750950425,0.9464050205020501,6,55770,23178,2889,1336528,133.6528,2146320,True,835888630873961178,1187909476396657536,2305843009213693951
n10000-g4-t0.9-r18-h550042,2efaf1348f57,3.14.3,Windows-11-10.0.26200-SP0,"Intel64 Family 6 Model 170 Stepping 4, GenuineIntel",10000,4.0,4.073781941238894,0.9,11,12323,10000,0.8114907084313885,random,190042,370042,550042,18,310707800,31070.78,16600.0,20200.0,46306.00000000013,88753400,5,3685,0.3685,13685,5113,3932,3858,0.3858,4057.0477968027267,0.9509377737773778,6,13685,15402,2323,1299808,129.9808,1428512,True,1116944552816462072,1481547079087653230,2305843009213693951
n10000-g3-t0.5-r18-h550042,2efaf1348f57,3.14.3,Windows-11-10.0.26200-SP0,"Intel64 Family 6 Model 170 Stepping 4, GenuineIntel",10000,3.0,3.075406859636261,0.5,11,28477,10000,0.351160585735857,random,190042,370042,550042,18,331378000,33137.8,15700.0,20000.0,36004.00000000009,96648200,7,7102,0.7102,17102,2704,2344,1506,0.1506,1755.627348386417,0.8578130213021302,4,17102,37968,18477,2397008,239.7008,2813960,True,994194901646118465,2290328094602135657,2305843009213693951
n10000-g1.5-t0.7-r18-h550042,2efaf1348f57,3.14.3,Windows-11-10.0.26200-SP0,"Intel64 Family 6 Model 170 Stepping 4, GenuineIntel",10000,1.5,1.5290144697461625,0.7,11,14867,10000,0.6726306585054147,random,190042,370042,550042,18,540621500,54062.15,17600.0,20500.0,51712.00000000026,113461100,17,20680,2.068,30680,5750,4405,3239,0.3239,3362.8169771978205,0.9631805780578059,6,30680,24768,4867,1469600,146.96,2099684,True,198294234755769092,2214665599176913479,2305843009213693951
n10000-g4-t0.8-r18-h550042,2efaf1348f57,3.14.3,Windows-11-10.0.26200-SP0,"Intel64 Family 6 Model 170 Stepping 4, GenuineIntel",10000,4.0,4.061552575258115,0.8,11,49297,10000,0.20285210053350103,random,190042,370042,550042,18,526752200,52675.22,16200.0,20600.0,69227.00000000058,247666000,6,13133,1.3133,23133,4769,3727,796,0.0796,1014.1590766172384,0.7848867286728672,3,23133,61620,39297,3730896,373.0896,4658680,True,2188047032672670973,931437771869077783,2305843009213693951
n10000-g1.25-t0.8-r18-h550042,2efaf1348f57,3.14.3,Windows-11-10.0.26200-SP0,"Intel64 Family 6 Model 170 Stepping 4, GenuineIntel",10000,1.25,1.2770357192166375,0.8,11,12889,10000,0.7758553805570642,random,190042,370042,550042,18,467230000,46723.0,8300.0,15900.0,23201.000000000022,72529800,29,40681,4.0681,50681,7010,5072,3671,0.3671,3878.8889750950425,0.9464050205020501,6,50681,23178,2889,1336528,133.6528,2082992,True,835888630873961178,1187909476396657536,2305843009213693951
n10000-g1.5-t0.5-r18-h550042,2efaf1348f57,3.14.3,Windows-11-10.0.26200-SP0,"Intel64 Family 6 Model 170 Stepping 4, GenuineIntel",10000,1.5,1.5274118968527437,0.5,11,22303,10000,0.44837017441599786,random,190042,370042,550042,18,384726100,38472.61,7900.0,18100.0,23601.000000000022,77059300,18,22203,2.2203,32203,3867,3226,1963,0.1963,2241.6266869927813,0.8757033503350334,5,32203,37170,12303,1987328,198.7328,2949152,True,2235312731677864248,711636386830114767,2305843009213693951
n10000-g4-t0.5-r18-h550042,2efaf1348f57,3.14.3,Windows-11-10.0.26200-SP0,"Intel64 Family 6 Model 170 Stepping 4, GenuineIntel",10000,4.0,4.061552575258115,0.5,11,49297,10000,0.20285210053350103,random,190042,370042,550042,18,306816600,30681.66,7700.0,18200.0,29301.000000000022,140965800,6,8207,0.8207,18207,2399,2093,796,0.0796,1014.1590766172384,0.7848867286728672,3,18207,61620,39297,3730896,373.0896,4412212,True,2188047032672670973,931437771869077783,2305843009213693951
n10000-g3-t0.7-r18-h550042,2efaf1348f57,3.14.3,Windows-11-10.0.26200-SP0,"Intel64 Family 6 Model 170 Stepping 4, GenuineIntel",10000,3.0,3.075406859636261,0.7,11,28477,10000,0.351160585735857,random,190042,370042,550042,18,404322500,40432.25,16400.0,19500.0,35501.00000000002,140960500,7,9944,0.9944,19944,3873,3142,1506,0.1506,1755.627348386417,0.8578130213021302,4,19944,37968,18477,2397008,239.7008,2944496,True,994194901646118465,2290328094602135657,2305843009213693951
n10000-g3-t0.8-r18-h550042,2efaf1348f57,3.14.3,Windows-11-10.0.26200-SP0,"Intel64 Family 6 Model 170 Stepping 4, GenuineIntel",10000,3.0,3.075406859636261,0.8,11,28477,10000,0.351160585735857,random,190042,370042,550042,18,332808900,33280.89,9100.0,17800.0,30803.000000000065,135997000,7,11365,1.1365,21365,4569,3575,1506,0.1506,1755.627348386417,0.8578130213021302,4,21365,37968,18477,2397008,239.7008,3005296,True,994194901646118465,2290328094602135657,2305843009213693951
n10000-g1.5-t0.9-r18-h550042,2efaf1348f57,3.14.3,Windows-11-10.0.26200-SP0,"Intel64 Family 6 Model 170 Stepping 4, GenuineIntel",10000,1.5,1.5290144697461625,0.9,11,14867,10000,0.6726306585054147,random,190042,370042,550042,18,533388900,53338.89,14800.0,20104.999999999927,40902.000000000044,117716400,17,26594,2.6594,36594,7377,5252,3239,0.3239,3362.8169771978205,0.9631805780578059,6,36594,24768,4867,1469600,146.96,2223748,True,198294234755769092,2214665599176913479,2305843009213693951
n10000-g2-t0.5-r18-h550042,2efaf1348f57,3.14.3,Windows-11-10.0.26200-SP0,"Intel64 Family 6 Model 170 Stepping 4, GenuineIntel",10000,2.0,2.0244165297589,0.5,11,25717,10000,0.3888478438387059,random,190042,370042,550042,18,369166900,36916.69,14000.0,18500.0,26600.0,101393600,11,12816,1.2816,22816,3538,2959,1747,0.1747,1944.0447952716102,0.8986418441844185,5,22816,38570,15717,2208528,220.8528,2959544,True,1808857033036486667,1776088149703809853,2305843009213693951
n10000-g1.25-t0.7-r18-h550042,2efaf1348f57,3.14.3,Windows-11-10.0.26200-SP0,"Intel64 Family 6 Model 170 Stepping 4, GenuineIntel",10000,1.25,1.2761752609835624,0.7,11,16127,10000,0.6200781298443604,random,190042,370042,550042,18,559170100,55917.01,7700.0,18200.0,25703.000000000065,105764500,30,44614,4.4614,54614,6023,4584,2814,0.2814,3100.0806101568796,0.9077183318331834,6,54614,29016,6127,1563936,156.3936,2531148,True,2095798520786348413,2212019998045315439,2305843009213693951
n10000-g1.5-t0.8-r18-h550042,2efaf1348f57,3.14.3,Windows-11-10.0.26200-SP0,"Intel64 Family 6 Model 170 Stepping 4, GenuineIntel",10000,1.5,1.5290144697461625,0.8,11,14867,10000,0.6726306585054147,random,190042,370042,550042,18,482595000,48259.5,14100.0,19800.0,33400.0,114706300,17,23637,2.3637,33637,6467,4797,3239,0.3239,3362.8169771978205,0.9631805780578059,6,33637,24768,4867,1469600,146.96,2162148,True,198294234755769092,2214665599176913479,2305843009213693951
n10000-g4-t0.7-r18-h550042,2efaf1348f57,3.14.3,Windows-11-10.0.26200-SP0,"Intel64 Family 6 Model 170 Stepping 4, GenuineIntel",10000,4.0,4.061552575258115,0.7,11,49297,10000,0.20285210053350103,random,190042,370042,550042,18,413579200,41357.92,14100.0,18900.0,32401.000000000022,195150900,6,11491,1.1491,21491,3850,3120,796,0.0796,1014.1590766172384,0.7848867286728672,3,21491,61620,39297,3730896,373.0896,4581476,True,2188047032672670973,931437771869077783,2305843009213693951
n10000-g1.25-t0.5-r18-h550042,2efaf1348f57,3.14.3,Windows-11-10.0.26200-SP0,"Intel64 Family 6 Model 170 Stepping 4, GenuineIntel",10000,1.25,1.2753353982930995,0.5,11,20161,10000,0.49600714250285205,random,190042,370042,550042,18,800494900,80049.49,13900.0,19000.0,42408.000000000175,111032800,31,39928,3.9928,49928,4255,3465,2228,0.2228,2479.787708943009,0.89846400640064,5,49928,36288,10161,1839280,183.928,2952860,True,1792955133577705863,619381857240263974,2305843009213693951
n10000-g3-t0.9-r18-h550042,2efaf1348f57,3.14.3,Windows-11-10.0.26200-SP0,"Intel64 Family 6 Model 170 Stepping 4, GenuineIntel",10000,3.0,3.075406859636261,0.9,11,28477,10000,0.351160585735857,random,190042,370042,550042,18,287152100,28715.21,7900.0,19000.0,29903.000000000065,102092900,7,12786,1.2786,22786,5347,4049,1506,0.1506,1755.627348386417,0.8578130213021302,4,22786,37968,18477,2397008,239.7008,3066400,True,994194901646118465,2290328094602135657,2305843009213693951
n10000-g3-t0.5-r19-h580042,2efaf1348f57,3.14.3,Windows-11-10.0.26200-SP0,"Intel64 Family 6 Model 170 Stepping 4, GenuineIntel",10000,3.0,3.075406859636261,0.5,11,28477,10000,0.351160585735857,random,200042,390042,580042,19,292239900,29223.99,8600.0,18200.0,25101.000000000022,90481300,7,7102,0.7102,17102,2765,2421,1518,0.1518,1755.627348386417,0.8646481848184819,4,17102,37968,18477,2396432,239.6432,2811880,True,323327229411987512,1943636101840058849,2305843009213693951
n10000-g4-t0.8-r19-h580042,2efaf1348f57,3.14.3,Windows-11-10.0.26200-SP0,"Intel64 Family 6 Model 170 Stepping 4, GenuineIntel",10000,4.0,4.061552575258115,0.8,11,49297,10000,0.20285210053350103,random,200042,390042,580042,19,336637600,33663.76,11700.0,19800.0,29901.000000000022,137942600,6,13133,1.3133,23133,10235,5881,773,0.0773,1014.1590766172384,0.7622078407840784,3,23133,61620,39297,3731728,373.1728,4589152,True,284645905752646755,1303671911286598656,2305843009213693951
n10000-g1.25-t0.8-r19-h580042,2efaf1348f57,3.14.3,Windows-11-10.0.26200-SP0,"Intel64 Family 6 Model 170 Stepping 4, GenuineIntel",10000,1.25,1.2770357192166375,0.8,11,12889,10000,0.7758553805570642,random,200042,390042,580042,19,577269200,57726.92,10200.0,18800.0,28203.000000000065,75660000,29,40681,4.0681,50681,7801,5333,3714,0.3714,3878.8889750950425,0.9574906690669066,6,50681,23178,2889,1335696,133.5696,2043632,True,581305465454319666,867955554407836379,2305843009213693951
n10000-g2-t0.9-r19-h580042,2efaf1348f57,3.14.3,Windows-11-10.0.26200-SP0,"Intel64 Family 6 Model 170 Stepping 4, GenuineIntel",10000,2.0,2.026772599602447,0.9,11,12853,10000,0.7780284758422158,random,200042,390042,580042,19,347258800,34725.88,13900.0,19200.0,31808.000000000175,93387400,10,11506,1.1506,21506,6323,4653,3758,0.3758,3889.753364973158,0.9661280928092809,5,21506,19274,2853,1332656,133.2656,1643492,True,2274609093859241182,173453685413648256,2305843009213693951
n10000-g3-t0.8-r19-h580042,2efaf1348f57,3.14.3,Windows-11-10.0.26200-SP0,"Intel64 Family 6 Model 170 Stepping 4, GenuineIntel",10000,3.0,3.075406859636261,0.8,11,28477,10000,0.351160585735857,random,200042,390042,580042,19,301649500,30164.95,9400.0,18600.0,33502.000000000044,113121800,7,11365,1.1365,21365,4585,3614,1518,0.1518,1755.627348386417,0.8646481848184819,4,21365,37968,18477,2396432,239.6432,3003320,True,323327229411987512,1943636101840058849,2305843009213693951
n10000-g4-t0.7-r19-h580042,2efaf1348f57,3.14.3,Windows-11-10.0.26200-SP0,"Intel64 Family 6 Model 170 Stepping 4, GenuineIntel",10000,4.0,4.061552575258115,0.7,11,49297,10000,0.20285210053350103,random,200042,390042,580042,19,455407800,45540.78,15000.0,20900.0,33601.00000000002,197612800,6,11491,1.1491,21491,7946,4908,773,0.0773,1014.1590766172384,0.7622078407840784,3,21491,61620,39297,3731728,373.1728,4520428,True,284645905752646755,1303671911286598656,2305843009213693951
n10000-g1.25-t0.5-r19-h580042,2efaf1348f57,3.14.3,Windows-11-10.0.26200-SP0,"Intel64 Family 6 Model 170 Stepping 4, GenuineIntel",10000,1.25,1.2753353982930995,0.5,11,20161,10000,0.49600714250285205,random,200042,390042,580042,19,792040200,79204.02,14300.0,19400.0,40403.000000000065,142048100,31,39928,3.9928,49928,4702,3680,2229,0.2229,2479.787708943009,0.8988672667266726,5,49928,36288,10161,1839184,183.9184,2951192,True,1794555353317269863,554206235884838475,2305843009213693951
n10000-g1.5-t0.7-r19-h580042,2efaf1348f57,3.14.3,Windows-11-10.0.26200-SP0,"Intel64 Family 6 Model 170 Stepping 4, GenuineIntel",10000,1.5,1.5290144697461625,0.7,11,14867,10000,0.6726306585054147,random,200042,390042,580042,19,463522000,46352.2,14600.0,19400.0,36709.0000000002,103259900,17,20680,2.068,30680,6540,4682,3085,0.3085,3362.8169771978205,0.9173856385638565,5,30680,24768,4867,1471936,147.1936,2070064,True,158719703231100520,1500500678118335952,2305843009213693951
n10000-g1.25-t0.7-r19-h580042,2efaf1348f57,3.14.3,Windows-11-10.0.26200-SP0,"Intel64 Family 6 Model 170 Stepping 4, GenuineIntel",10000,1.25,1.2761752609835624,0.7,11,16127,10000,0.6200781298443604,random,200042,390042,580042,19,723907900,72390.79,14200.0,19300.0,31901.000000000022,121556600,30,44614,4.4614,54614,6595,4762,2955,0.2955,3100.0806101568796,0.9532010201020102,6,54614,29016,6127,1562176,156.2176,2529992,True,1754682439875801017,1421254850070040286,2305843009213693951
n10000-g2-t0.5-r19-h580042,2efaf1348f57,3.14.3,Windows-11-10.0.26200-SP0,"Intel64 Family 6 Model 170 Stepping 4, GenuineIntel",10000,2.0,2.0244165297589,0.5,11,25717,10000,0.3888478438387059,random,200042,390042,580042,19,427183800,42718.38,14400.0,19000.0,34703.000000000065,136795400,11,12816,1.2816,22816,3359,2857,1724,0.1724,1944.0447952716102,0.8868108410841085,5,22816,38570,15717,2209072,220.9072,2962840,True,43134694213218829,956422634767719392,2305843009213693951
n10000-g1.5-t0.9-r19-h580042,2efaf1348f57,3.14.3,Windows-11-10.0.26200-SP0,"Intel64 Family 6 Model 170 Stepping 4, GenuineIntel",10000,1.5,1.5290144697461625,0.9,11,14867,10000,0.6726306585054147,random,200042,390042,580042,19,527996500,52799.65,14450.0,20500.0,41303.000000000065,99520900,17,26594,2.6594,36594,9130,5847,3085,0.3085,3362.8169771978205,0.9173856385638565,5,36594,24768,4867,1471936,147.1936,2183824,True,158719703231100520,1500500678118335952,2305843009213693951
n10000-g2-t0.8-r19-h580042,2efaf1348f57,3.14.3,Windows-11-10.0.26200-SP0,"Intel64 Family 6 Model 170 Stepping 4, GenuineIntel",10000,2.0,2.026772599602447,0.8,11,12853,10000,0.7780284758422158,random,200042,390042,580042,19,334527100,33452.71,14500.0,19600.0,32800.0,79219500,10,10226,1.0226,20226,5764,4344,3758,0.3758,3889.753364973158,0.9661280928092809,5,20226,19274,2853,1332656,133.2656,1603424,True,2274609093859241182,173453685413648256,2305843009213693951
n10000-g3-t0.9-r19-h580042,2efaf1348f57,3.14.3,Windows-11-10.0.26200-SP0,"Intel64 Family 6 Model 170 Stepping 4, GenuineIntel",10000,3.0,3.075406859636261,0.9,11,28477,10000,0.351160585735857,random,200042,390042,580042,19,274804700,27480.47,7600.0,18700.0,28502.000000000044,97405200,7,12786,1.2786,22786,5335,4034,1518,0.1518,1755.627348386417,0.8646481848184819,4,22786,37968,18477,2396432,239.6432,3064904,True,323327229411987512,1943636101840058849,2305843009213693951
n10000-g1.5-t0.5-r19-h580042,2efaf1348f57,3.14.3,Windows-11-10.0.26200-SP0,"Intel64 Family 6 Model 170 Stepping 4, GenuineIntel",10000,1.5,1.5274118968527437,0.5,11,22303,10000,0.44837017441599786,random,200042,390042,580042,19,466206200,46620.62,14000.0,19200.0,34501.00000000002,107287100,18,22203,2.2203,32203,4378,3524,2016,0.2016,2241.6266869927813,0.8993468946894689,4,32203,37170,12303,1985856,198.5856,2949644,True,2035518807144384902,1197217063857498560,2305843009213693951
n10000-g2-t0.7-r19-h580042,2efaf1348f57,3.14.3,Windows-11-10.0.26200-SP0,"Intel64 Family 6 Model 170 Stepping 4, GenuineIntel",10000,2.0,2.0244165297589,0.7,11,25717,10000,0.3888478438387059,random,200042,390042,580042,19,483049800,48304.98,15000.0,19200.0,32002.000000000044,166212200,11,17943,1.7943,27943,4875,3835,1724,0.1724,1944.0447952716102,0.8868108410841085,5,27943,38570,15717,2209072,220.9072,3136548,True,43134694213218829,956422634767719392,2305843009213693951
n10000-g4-t0.9-r19-h580042,2efaf1348f57,3.14.3,Windows-11-10.0.26200-SP0,"Intel64 Family 6 Model 170 Stepping 4, GenuineIntel",10000,4.0,4.073781941238894,0.9,11,12323,10000,0.8114907084313885,random,200042,390042,580042,19,239993700,23999.37,14000.0,20100.0,32202.000000000044,52874800,5,3685,0.3685,13685,10644,6069,9865,0.9865,4057.0477968027267,2.4315710571057103,9,13685,15402,2323,1229824,122.9824,1358536,True,1662590464033515017,2061844602834190705,2305843009213693951
n10000-g1.25-t0.9-r19-h580042,2efaf1348f57,3.14.3,Windows-11-10.0.26200-SP0,"Intel64 Family 6 Model 170 Stepping 4, GenuineIntel",10000,1.25,1.2770357192166375,0.9,11,12889,10000,0.7758553805570642,random,200042,390042,580042,19,735020000,73502.0,14800.0,19500.0,37303.000000000065,118417800,29,45770,4.577,55770,9004,5853,3714,0.3714,3878.8889750950425,0.9574906690669066,6,55770,23178,2889,1335696,133.5696,2104048,True,581305465454319666,867955554407836379,2305843009213693951
n10000-g1.5-t0.8-r19-h580042,2efaf1348f57,3.14.3,Windows-11-10.0.26200-SP0,"Intel64 Family 6 Model 170 Stepping 4, GenuineIntel",10000,1.5,1.5290144697461625,0.8,11,14867,10000,0.6726306585054147,random,200042,390042,580042,19,452211300,45221.13,14300.0,19904.999999999927,31800.0,75270700,17,23637,2.3637,33637,7722,5262,3085,0.3085,3362.8169771978205,0.9173856385638565,5,33637,24768,4867,1471936,147.1936,2126416,True,158719703231100520,1500500678118335952,2305843009213693951
n10000-g4-t0.5-r19-h580042,2efaf1348f57,3.14.3,Windows-11-10.0.26200-SP0,"Intel64 Family 6 Model 170 Stepping 4, GenuineIntel",10000,4.0,4.061552575258115,0.5,11,49297,10000,0.20285210053350103,random,200042,390042,580042,19,389647900,38964.79,14800.0,20600.0,39404.00000000009,162822900,6,8207,0.8207,18207,4525,3249,773,0.0773,1014.1590766172384,0.7622078407840784,3,18207,61620,39297,3731728,373.1728,4372156,True,284645905752646755,1303671911286598656,2305843009213693951
n10000-g3-t0.7-r19-h580042,2efaf1348f57,3.14.3,Windows-11-10.0.26200-SP0,"Intel64 Family 6 Model 170 Stepping 4, GenuineIntel",10000,3.0,3.075406859636261,0.7,11,28477,10000,0.351160585735857,random,200042,390042,580042,19,418799200,41879.92,14600.0,18900.0,32501.000000000022,174401300,7,9944,0.9944,19944,3857,3162,1518,0.1518,1755.627348386417,0.8646481848184819,4,19944,37968,18477,2396432,239.6432,2943416,True,323327229411987512,1943636101840058849,2305843009213693951
n10000-g2-t0.8-r20-h610042,2efaf1348f57,3.14.3,Windows-11-10.0.26200-SP0,"Intel64 Family 6 Model 170 Stepping 4, GenuineIntel",10000,2.0,2.026772599602447,0.8,11,12853,10000,0.7780284758422158,random,210042,410042,610042,20,288776500,28877.65,13800.0,19700.0,38804.00000000009,82912700,10,10226,1.0226,20226,5618,4343,3615,0.3615,3889.753364973158,0.9293648364836483,5,20226,19274,2853,1334448,133.4448,1603652,True,705508950654686889,259203050915418879,2305843009213693951
n10000-g1.25-t0.5-r20-h610042,2efaf1348f57,3.14.3,Windows-11-10.0.26200-SP0,"Intel64 Family 6 Model 170 Stepping 4, GenuineIntel",10000,1.25,1.2753353982930995,0.5,11,20161,10000,0.49600714250285205,random,210042,410042,610042,20,665311100,66531.11,8700.0,18300.0,31801.000000000022,111391400,31,39928,3.9928,49928,4762,3810,2276,0.2276,2479.787708943009,0.9178205020502049,5,49928,36288,10161,1837392,183.7392,2949160,True,1134802767344414611,2302875582441746753,2305843009213693951
n10000-g4-t0.8-r20-h610042,2efaf1348f57,3.14.3,Windows-11-10.0.26200-SP0,"Intel64 Family 6 Model 170 Stepping 4, GenuineIntel",10000,4.0,4.061552575258115,0.8,11,49297,10000,0.20285210053350103,random,210042,410042,610042,20,449988700,44998.87,15000.0,19000.0,33500.0,214702000,6,13133,1.3133,23133,5110,3873,805,0.0805,1014.1590766172384,0.7937610761076107,4,23133,61620,39297,3730960,373.096,4653244,True,1823726416488746825,1402305699252329641,2305843009213693951
n10000-g3-t0.9-r20-h610042,2efaf1348f57,3.14.3,Windows-11-10.0.26200-SP0,"Intel64 Family 6 Model 170 Stepping 4, GenuineIntel",10000,3.0,3.075406859636261,0.9,11,28477,10000,0.351160585735857,random,210042,410042,610042,20,359496600,35949.66,13900.0,19600.0,27900.0,126159900,7,12786,1.2786,22786,5303,4068,1495,0.1495,1755.627348386417,0.8515474547454746,4,22786,37968,18477,2397264,239.7264,3066120,True,2027893206505251850,2278284793443046307,2305843009213693951
n10000-g3-t0.8-r20-h610042,2efaf1348f57,3.14.3,Windows-11-10.0.26200-SP0,"Intel64 Family 6 Model 170 Stepping 4, GenuineIntel",10000,3.0,3.075406859636261,0.8,11,28477,10000,0.351160585735857,random,210042,410042,610042,20,331203900,33120.39,13800.0,18800.0,28901.000000000022,130409100,7,11365,1.1365,21365,4460,3548,1495,0.1495,1755.627348386417,0.8515474547454746,4,21365,37968,18477,2397264,239.7264,3005624,True,2027893206505251850,2278284793443046307,2305843009213693951
n10000-g1.5-t0.7-r20-h610042,2efaf1348f57,3.14.3,Windows-11-10.0.26200-SP0,"Intel64 Family 6 Model 170 Stepping 4, GenuineIntel",10000,1.5,1.5290144697461625,0.7,11,14867,10000,0.6726306585054147,random,210042,410042,610042,20,464057000,46405.7,14900.0,19800.0,35900.0,86085400,17,20680,2.068,30680,5558,4283,3125,0.3125,3362.8169771978205,0.9292804280428043,5,30680,24768,4867,1470688,147.0688,2100768,True,2234505376101320765,219533125071130253,2305843009213693951
n10000-g4-t0.9-r20-h610042,2efaf1348f57,3.14.3,Windows-11-10.0.26200-SP0,"Intel64 Family 6 Model 170 Stepping 4, GenuineIntel",10000,4.0,4.073781941238894,0.9,11,12323,10000,0.8114907084313885,random,210042,410042,610042,20,262403300,26240.33,15000.0,19900.0,32500.0,57676800,5,3685,0.3685,13685,5450,4081,4235,0.4235,4057.0477968027267,1.0438624862486248,7,13685,15402,2323,1294592,129.4592,1423332,True,1043513572808137680,287042964908878120,2305843009213693951
n10000-g2-t0.7-r20-h610042,2efaf1348f57,3.14.3,Windows-11-10.0.26200-SP0,"Intel64 Family 6 Model 170 Stepping 4, GenuineIntel",10000,2.0,2.0244165297589,0.7,11,25717,10000,0.3888478438387059,random,210042,410042,610042,20,455976700,45597.67,14600.0,20000.0,29401.000000000022,146701900,11,17943,1.7943,27943,4988,3945,2931,0.2931,1944.0447952716102,1.5076813081308131,5,27943,38570,15717,2180912,218.0912,3138188,True,701287130778549676,1277848843694628183,2305843009213693951
n10000-g2-t0.5-r20-h610042,2efaf1348f57,3.14.3,Windows-11-10.0.26200-SP0,"Intel64 Family 6 Model 170 Stepping 4, GenuineIntel",10000,2.0,2.0244165297589,0.5,11,25717,10000,0.3888478438387059,random,210042,410042,610042,20,288825000,28882.5,7100.0,18900.0,24901.000000000022,70522500,11,12816,1.2816,22816,3926,3252,2931,0.2931,1944.0447952716102,1.5076813081308131,5,22816,38570,15717,2180912,218.0912,2964384,True,701287130778549676,1277848843694628183,2305843009213693951
n10000-g4-t0.5-r20-h610042,2efaf1348f57,3.14.3,Windows-11-10.0.26200-SP0,"Intel64 Family 6 Model 170 Stepping 4, GenuineIntel",10000,4.0,4.061552575258115,0.5,11,49297,10000,0.20285210053350103,random,210042,410042,610042,20,368206100,36820.61,7900.0,18300.0,26702.000000000044,150712700,6,8207,0.8207,18207,2559,2173,805,0.0805,1014.1590766172384,0.7937610761076107,4,18207,61620,39297,3730960,373.096,4409464,True,1823726416488746825,1402305699252329641,2305843009213693951
n10000-g1.5-t0.5-r20-h610042,2efaf1348f57,3.14.3,Windows-11-10.0.26200-SP0,"Intel64 Family 6 Model 170 Stepping 4, GenuineIntel",10000,1.5,1.5274118968527437,0.5,11,22303,10000,0.44837017441599786,random,210042,410042,610042,20,541608100,54160.81,14100.0,20300.0,34500.0,130987000,18,22203,2.2203,32203,3883,3255,1943,0.1943,2241.6266869927813,0.8667812581258125,5,32203,37170,12303,1988160,198.816,2948476,True,1729255631991297885,194964994642530309,2305843009213693951
n10000-g1.5-t0.8-r20-h610042,2efaf1348f57,3.14.3,Windows-11-10.0.26200-SP0,"Intel64 Family 6 Model 170 Stepping 4, GenuineIntel",10000,1.5,1.5290144697461625,0.8,11,14867,10000,0.6726306585054147,random,210042,410042,610042,20,491990400,49199.04,14400.0,19100.0,29501.000000000022,115500800,17,23637,2.3637,33637,6348,4690,3125,0.3125,3362.8169771978205,0.9292804280428043,5,33637,24768,4867,1470688,147.0688,2162400,True,2234505376101320765,219533125071130253,2305843009213693951
n10000-g1.25-t0.9-r20-h610042,2efaf1348f57,3.14.3,Windows-11-10.0.26200-SP0,"Intel64 Family 6 Model 170 Stepping 4, GenuineIntel",10000,1.25,1.2770357192166375,0.9,11,12889,10000,0.7758553805570642,random,210042,410042,610042,20,622242200,62224.22,7700.0,18900.0,43301.00000000002,117609600,29,45770,4.577,55770,8284,5582,6624,0.6624,3878.8889750950425,1.7077054905490547,8,55770,23178,2889,1291728,129.1728,2145920,True,502778203432555823,1425895538225317342,2305843009213693951
n10000-g1.25-t0.7-r20-h610042,2efaf1348f57,3.14.3,Windows-11-10.0.26200-SP0,"Intel64 Family 6 Model 170 Stepping 4, GenuineIntel",10000,1.25,1.2761752609835624,0.7,11,16127,10000,0.6200781298443604,random,210042,410042,610042,20,835612800,83561.28,14600.0,20000.0,36201.00000000002,126597500,30,44614,4.4614,54614,6976,4933,2956,0.2956,3100.0806101568796,0.953523592359236,6,54614,29016,6127,1560800,156.08,2491452,True,253098069062945318,1799988450342151831,2305843009213693951
n10000-g1.25-t0.8-r20-h610042,2efaf1348f57,3.14.3,Windows-11-10.0.26200-SP0,"Intel64 Family 6 Model 170 Stepping 4, GenuineIntel",10000,1.25,1.2770357192166375,0.8,11,12889,10000,0.7758553805570642,random,210042,410042,610042,20,618921400,61892.14,13300.0,19700.0,33402.000000000044,91143800,29,40681,4.0681,50681,8053,5432,6624,0.6624,3878.8889750950425,1.7077054905490547,8,50681,23178,2889,1291728,129.1728,2081568,True,502778203432555823,1425895538225317342,2305843009213693951
n10000-g2-t0.9-r20-h610042,2efaf1348f57,3.14.3,Windows-11-10.0.26200-SP0,"Intel64 Family 6 Model 170 Stepping 4, GenuineIntel",10000,2.0,2.026772599602447,0.9,11,12853,10000,0.7780284758422158,random,210042,410042,610042,20,336762700,33676.27,14600.0,20200.0,28800.0,90532500,10,11506,1.1506,21506,6167,4651,3615,0.3615,3889.753364973158,0.9293648364836483,5,21506,19274,2853,1334448,133.4448,1643792,True,705508950654686889,259203050915418879,2305843009213693951
n10000-g3-t0.5-r20-h610042,2efaf1348f57,3.14.3,Windows-11-10.0.26200-SP0,"Intel64 Family 6 Model 170 Stepping 4, GenuineIntel",10000,3.0,3.075406859636261,0.5,11,28477,10000,0.351160585735857,random,210042,410042,610042,20,304126100,30412.61,14100.0,18600.0,31201.000000000022,97178800,7,7102,0.7102,17102,2718,2359,1495,0.1495,1755.627348386417,0.8515474547454746,4,17102,37968,18477,2397264,239.7264,2813552,True,2027893206505251850,2278284793443046307,2305843009213693951
n10000-g4-t0.7-r20-h610042,2efaf1348f57,3.14.3,Windows-11-10.0.26200-SP0,"Intel64 Family 6 Model 170 Stepping 4, GenuineIntel",10000,4.0,4.061552575258115,0.7,11,49297,10000,0.20285210053350103,random,210042,410042,610042,20,442650200,44265.02,14000.0,19200.0,34703.000000000065,183385300,6,11491,1.1491,21491,4134,3260,805,0.0805,1014.1590766172384,0.7937610761076107,4,21491,61620,39297,3730960,373.096,4576264,True,1823726416488746825,1402305699252329641,2305843009213693951
n10000-g1.5-t0.9-r20-h610042,2efaf1348f57,3.14.3,Windows-11-10.0.26200-SP0,"Intel64 Family 6 Model 170 Stepping 4, GenuineIntel",10000,1.5,1.5290144697461625,0.9,11,14867,10000,0.6726306585054147,random,210042,410042,610042,20,536193200,53619.32,15500.0,20500.0,35100.0,128628500,17,26594,2.6594,36594,7230,5132,3125,0.3125,3362.8169771978205,0.9292804280428043,5,36594,24768,4867,1470688,147.0688,2225408,True,2234505376101320765,219533125071130253,2305843009213693951
n10000-g3-t0.7-r20-h610042,2efaf1348f57,3.14.3,Windows-11-10.0.26200-SP0,"Intel64 Family 6 Model 170 Stepping 4, GenuineIntel",10000,3.0,3.075406859636261,0.7,11,28477,10000,0.351160585735857,random,210042,410042,610042,20,368498300,36849.83,14000.0,19200.0,37302.000000000044,136858000,7,9944,0.9944,19944,3783,3121,1495,0.1495,1755.627348386417,0.8515474547454746,4,19944,37968,18477,2397264,239.7264,2945016,True,2027893206505251850,2278284793443046307,2305843009213693951
n10000-g1.25-t0.9-r21-h640042,2efaf1348f57,3.14.3,Windows-11-10.0.26200-SP0,"Intel64 Family 6 Model 170 Stepping 4, GenuineIntel",10000,1.25,1.2770357192166375,0.9,11,12889,10000,0.7758553805570642,random,220042,430042,640042,21,652528600,65252.86,12800.0,20700.0,41211.00000000024,122834700,29,45770,4.577,55770,7769,5457,3568,0.3568,3878.8889750950425,0.9198510251025102,6,55770,23178,2889,1336752,133.6752,2146824,True,1301166891633056628,15224470657950976,2305843009213693951
n10000-g3-t0.9-r21-h640042,2efaf1348f57,3.14.3,Windows-11-10.0.26200-SP0,"Intel64 Family 6 Model 170 Stepping 4, GenuineIntel",10000,3.0,3.075406859636261,0.9,11,28477,10000,0.351160585735857,random,220042,430042,640042,21,279082700,27908.27,7300.0,18300.0,29303.000000000065,113698900,7,12786,1.2786,22786,5318,4093,1518,0.1518,1755.627348386417,0.8646481848184819,4,22786,37968,18477,2396176,239.6176,3065120,True,946568968552809720,48026461089857355,2305843009213693951
n10000-g2-t0.9-r21-h640042,2efaf1348f57,3.14.3,Windows-11-10.0.26200-SP0,"Intel64 Family 6 Model 170 Stepping 4, GenuineIntel",10000,2.0,2.026772599602447,0.9,11,12853,10000,0.7780284758422158,random,220042,430042,640042,21,259802600,25980.26,8300.0,18800.0,28500.0,54684800,10,11506,1.1506,21506,6166,4571,3579,0.3579,3889.753364973158,0.9201097509750975,6,21506,19274,2853,1335792,133.5792,1644252,True,1856493589137749364,961877602648790212,2305843009213693951
n10000-g1.25-t0.8-r21-h640042,2efaf1348f57,3.14.3,Windows-11-10.0.26200-SP0,"Intel64 Family 6 Model 170 Stepping 4, GenuineIntel",10000,1.25,1.2770357192166375,0.8,11,12889,10000,0.7758553805570642,random,220042,430042,640042,21,518314300,51831.43,8000.0,18400.0,25801.000000000022,79561000,29,40681,4.0681,50681,6973,5060,3568,0.3568,3878.8889750950425,0.9198510251025102,6,50681,23178,2889,1336752,133.6752,2081392,True,1301166891633056628,15224470657950976,2305843009213693951
n10000-g3-t0.5-r21-h640042,2efaf1348f57,3.14.3,Windows-11-10.0.26200-SP0,"Intel64 Family 6 Model 170 Stepping 4, GenuineIntel",10000,3.0,3.075406859636261,0.5,11,28477,10000,0.351160585735857,random,220042,430042,640042,21,258985000,25898.5,8500.0,16000.0,21001.000000000022,95555600,7,7102,0.7102,17102,2660,2342,1518,0.1518,1755.627348386417,0.8646481848184819,4,17102,37968,18477,2396176,239.6176,2813800,True,946568968552809720,48026461089857355,2305843009213693951
n10000-g1.25-t0.5-r21-h640042,2efaf1348f57,3.14.3,Windows-11-10.0.26200-SP0,"Intel64 Family 6 Model 170 Stepping 4, GenuineIntel",10000,1.25,1.2753353982930995,0.5,11,20161,10000,0.49600714250285205,random,220042,430042,640042,21,684314200,68431.42,13100.0,18300.0,39707.00000000015,103584200,31,39928,3.9928,49928,4406,3548,2226,0.2226,2479.787708943009,0.8976574857485747,5,49928,36288,10161,1839440,183.944,2940404,True,1331979645474593595,1838117880379769981,2305843009213693951
n10000-g2-t0.8-r21-h640042,2efaf1348f57,3.14.3,Windows-11-10.0.26200-SP0,"Intel64 Family 6 Model 170 Stepping 4, GenuineIntel",10000,2.0,2.026772599602447,0.8,11,12853,10000,0.7780284758422158,random,220042,430042,640042,21,245378500,24537.85,8300.0,15600.0,21802.000000000044,64787700,10,10226,1.0226,20226,5646,4287,3579,0.3579,3889.753364973158,0.9201097509750975,6,20226,19274,2853,1335792,133.5792,1603864,True,1856493589137749364,961877602648790212,2305843009213693951
n10000-g2-t0.7-r21-h640042,2efaf1348f57,3.14.3,Windows-11-10.0.26200-SP0,"Intel64 Family 6 Model 170 Stepping 4, GenuineIntel",10000,2.0,2.0244165297589,0.7,11,25717,10000,0.3888478438387059,random,220042,430042,640042,21,343668400,34366.84,8600.0,18700.0,24800.0,112384700,11,17943,1.7943,27943,4819,3777,1741,0.1741,1944.0447952716102,0.8955554955495549,5,27943,38570,15717,2209072,220.9072,3139100,True,2241765422136130758,1950814217935080828,2305843009213693951
n10000-g4-t0.7-r21-h640042,2efaf1348f57,3.14.3,Windows-11-10.0.26200-SP0,"Intel64 Family 6 Model 170 Stepping 4, GenuineIntel",10000,4.0,4.061552575258115,0.7,11,49297,10000,0.20285210053350103,random,220042,430042,640042,21,348254400,34825.44,8000.0,17900.0,22401.000000000022,184276300,6,11491,1.1491,21491,4023,3260,1402,0.1402,1014.1590766172384,1.3824261226122612,4,21491,61620,39297,3714416,371.4416,4580160,True,1252155304257724887,2207764917532770862,2305843009213693951
n10000-g2-t0.5-r21-h640042,2efaf1348f57,3.14.3,Windows-11-10.0.26200-SP0,"Intel64 Family 6 Model 170 Stepping 4, GenuineIntel",10000,2.0,2.0244165297589,0.5,11,25717,10000,0.3888478438387059,random,220042,430042,640042,21,358408100,35840.81,14000.0,19000.0,32402.000000000044,103333200,11,12816,1.2816,22816,3336,2832,1741,0.1741,1944.0447952716102,0.8955554955495549,5,22816,38570,15717,2209072,220.9072,2964816,True,2241765422136130758,1950814217935080828,2305843009213693951
n10000-g3-t0.7-r21-h640042,2efaf1348f57,3.14.3,Windows-11-10.0.26200-SP0,"Intel64 Family 6 Model 170 Stepping 4, GenuineIntel",10000,3.0,3.075406859636261,0.7,11,28477,10000,0.351160585735857,random,220042,430042,640042,21,299464000,29946.4,12600.0,17900.0,28303.000000000065,100973100,7,9944,0.9944,19944,3786,3141,1518,0.1518,1755.627348386417,0.8646481848184819,4,19944,37968,18477,2396176,239.6176,2944784,True,946568968552809720,48026461089857355,2305843009213693951
n10000-g4-t0.8-r21-h640042,2efaf1348f57,3.14.3,Windows-11-10.0.26200-SP0,"Intel64 Family 6 Model 170 Stepping 4, GenuineIntel",10000,4.0,4.061552575258115,0.8,11,49297,10000,0.20285210053350103,random,220042,430042,640042,21,276251700,27625.17,7400.0,9200.0,19501.000000000022,145790200,6,13133,1.3133,23133,4832,3769,1402,0.1402,1014.1590766172384,1.3824261226122612,4,23133,61620,39297,3714416,371.4416,4657396,True,1252155304257724887,2207764917532770862,2305843009213693951
n10000-g1.5-t0.9-r21-h640042,2efaf1348f57,3.14.3,Windows-11-10.0.26200-SP0,"Intel64 Family 6 Model 170 Stepping 4, GenuineIntel",10000,1.5,1.5290144697461625,0.9,11,14867,10000,0.6726306585054147,random,220042,430042,640042,21,507819800,50781.98,14300.0,20300.0,34507.00000000015,95369000,17,26594,2.6594,36594,7115,5096,3207,0.3207,3362.8169771978205,0.9536647464746475,5,36594,24768,4867,1470528,147.0528,2224148,True,528978277832778468,1237763680181246948,2305843009213693951
n10000-g4-t0.5-r21-h640042,2efaf1348f57,3.14.3,Windows-11-10.0.26200-SP0,"Intel64 Family 6 Model 170 Stepping 4, GenuineIntel",10000,4.0,4.061552575258115,0.5,11,49297,10000,0.20285210053350103,random,220042,430042,640042,21,354843100,35484.31,13500.0,19200.0,28700.0,169147800,6,8207,0.8207,18207,2718,2361,1402,0.1402,1014.1590766172384,1.3824261226122612,4,18207,61620,39297,3714416,371.4416,4412528,True,1252155304257724887,2207764917532770862,2305843009213693951
n10000-g1.5-t0.7-r21-h640042,2efaf1348f57,3.14.3,Windows-11-10.0.26200-SP0,"Intel64 Family 6 Model 170 Stepping 4, GenuineIntel",10000,1.5,1.5290144697461625,0.7,11,14867,10000,0.6726306585054147,random,220042,430042,640042,21,514846800,51484.68,17500.0,21200.0,42402.000000000044,115329800,17,20680,2.068,30680,5646,4303,3207,0.3207,3362.8169771978205,0.9536647464746475,5,30680,24768,4867,1470528,147.0528,2099508,True,528978277832778468,1237763680181246948,2305843009213693951
n10000-g1.25-t0.7-r21-h640042,2efaf1348f57,3.14.3,Windows-11-10.0.26200-SP0,"Intel64 Family 6 Model 170 Stepping 4, GenuineIntel",10000,1.25,1.2761752609835624,0.7,11,16127,10000,0.6200781298443604,random,220042,430042,640042,21,850609600,85060.96,15000.0,20000.0,44001.00000000002,134876000,30,44614,4.4614,54614,6248,4685,3640,0.364,3100.0806101568796,1.1741630163016301,6,54614,29016,6127,1548000,154.8,2531500,True,85109394493001355,37153363678273624,2305843009213693951
n10000-g1.5-t0.5-r21-h640042,2efaf1348f57,3.14.3,Windows-11-10.0.26200-SP0,"Intel64 Family 6 Model 170 Stepping 4, GenuineIntel",10000,1.5,1.5274118968527437,0.5,11,22303,10000,0.44837017441599786,random,220042,430042,640042,21,602491300,60249.13,16500.0,21204.999999999927,52601.00000000002,132292500,18,22203,2.2203,32203,4903,3795,4440,0.444,2241.6266869927813,1.9807044704470447,6,32203,37170,12303,1938048,193.8048,2949328,True,2116452563675218557,2190405029652547367,2305843009213693951
n10000-g4-t0.9-r21-h640042,2efaf1348f57,3.14.3,Windows-11-10.0.26200-SP0,"Intel64 Family 6 Model 170 Stepping 4, GenuineIntel",10000,4.0,4.073781941238894,0.9,11,12323,10000,0.8114907084313885,random,220042,430042,640042,21,267203500,26720.35,14800.0,20200.0,48001.00000000002,53881600,5,3685,0.3685,13685,5127,3953,3958,0.3958,4057.0477968027267,0.9755862386238624,6,13685,15402,2323,1298752,129.8752,1427452,True,643569965194480471,531904815897242951,2305843009213693951
n10000-g3-t0.8-r21-h640042,2efaf1348f57,3.14.3,Windows-11-10.0.26200-SP0,"Intel64 Family 6 Model 170 Stepping 4, GenuineIntel",10000,3.0,3.075406859636261,0.8,11,28477,10000,0.351160585735857,random,220042,430042,640042,21,461850800,46185.08,15100.0,21600.0,41801.00000000002,195371900,7,11365,1.1365,21365,4482,3607,1518,0.1518,1755.627348386417,0.8646481848184819,4,21365,37968,18477,2396176,239.6176,3004848,True,946568968552809720,48026461089857355,2305843009213693951
n10000-g1.5-t0.8-r21-h640042,2efaf1348f57,3.14.3,Windows-11-10.0.26200-SP0,"Intel64 Family 6 Model 170 Stepping 4, GenuineIntel",10000,1.5,1.5290144697461625,0.8,11,14867,10000,0.6726306585054147,random,220042,430042,640042,21,571781500,57178.15,17300.0,20900.0,36503.000000000065,123812100,17,23637,2.3637,33637,6353,4719,3207,0.3207,3362.8169771978205,0.9536647464746475,5,33637,24768,4867,1470528,147.0528,2161844,True,528978277832778468,1237763680181246948,2305843009213693951
n10000-g2-t0.9-r22-h670042,2efaf1348f57,3.14.3,Windows-11-10.0.26200-SP0,"Intel64 Family 6 Model 170 Stepping 4, GenuineIntel",10000,2.0,2.026772599602447,0.9,11,12853,10000,0.7780284758422158,random,230042,450042,670042,22,375803300,37580.33,15100.0,20900.0,33406.00000000013,96604300,10,11506,1.1506,21506,6374,4687,3754,0.3754,3889.753364973158,0.9650997499749975,6,21506,19274,2853,1333168,133.3168,1644472,True,157676392231006767,1810342678400132969,2305843009213693951
n10000-g1.25-t0.9-r22-h670042,2efaf1348f57,3.14.3,Windows-11-10.0.26200-SP0,"Intel64 Family 6 Model 170 Stepping 4, GenuineIntel",10000,1.25,1.2770357192166375,0.9,11,12889,10000,0.7758553805570642,random,230042,450042,670042,22,758806400,75880.64,14100.0,20400.0,36302.000000000044,134398700,29,45770,4.577,55770,7649,5429,3712,0.3712,3878.8889750950425,0.9569750575057505,5,55770,23178,2889,1334768,133.4768,2145664,True,2097153655957409513,1358324608513893392,2305843009213693951
n10000-g3-t0.7-r22-h670042,2efaf1348f57,3.14.3,Windows-11-10.0.26200-SP0,"Intel64 Family 6 Model 170 Stepping 4, GenuineIntel",10000,3.0,3.075406859636261,0.7,11,28477,10000,0.351160585735857,random,230042,450042,670042,22,391967600,39196.76,15600.0,21000.0,36702.000000000044,137185500,7,9944,0.9944,19944,3725,3080,1572,0.1572,1755.627348386417,0.8954064206420642,4,19944,37968,18477,2395280,239.528,2945076,True,19762052253754735,1829258003869234515,2305843009213693951
n10000-g3-t0.9-r22-h670042,2efaf1348f57,3.14.3,Windows-11-10.0.26200-SP0,"Intel64 Family 6 Model 170 Stepping 4, GenuineIntel",10000,3.0,3.075406859636261,0.9,11,28477,10000,0.351160585735857,random,230042,450042,670042,22,410675300,41067.53,16300.0,20200.0,35201.00000000002,138863000,7,12786,1.2786,22786,5180,3979,1572,0.1572,1755.627348386417,0.8954064206420642,4,22786,37968,18477,2395280,239.528,3066628,True,19762052253754735,1829258003869234515,2305843009213693951
n10000-g1.5-t0.7-r22-h670042,2efaf1348f57,3.14.3,Windows-11-10.0.26200-SP0,"Intel64 Family 6 Model 170 Stepping 4, GenuineIntel",10000,1.5,1.5290144697461625,0.7,11,14867,10000,0.6726306585054147,random,230042,450042,670042,22,493797700,49379.77,14600.0,20400.0,39304.00000000009,95155100,17,20680,2.068,30680,5824,4387,3126,0.3126,3362.8169771978205,0.929577797779778,5,30680,24768,4867,1470368,147.0368,2099336,True,2298162555969103265,1340864157513381151,2305843009213693951
n10000-g1.5-t0.9-r22-h670042,2efaf1348f57,3.14.3,Windows-11-10.0.26200-SP0,"Intel64 Family 6 Model 170 Stepping 4, GenuineIntel",10000,1.5,1.5290144697461625,0.9,11,14867,10000,0.6726306585054147,random,230042,450042,670042,22,377612500,37761.25,7800.0,19300.0,29600.0,72975500,17,26594,2.6594,36594,7733,5269,3126,0.3126,3362.8169771978205,0.929577797779778,5,36594,24768,4867,1470368,147.0368,2224072,True,2298162555969103265,1340864157513381151,2305843009213693951
n10000-g1.5-t0.5-r22-h670042,2efaf1348f57,3.14.3,Windows-11-10.0.26200-SP0,"Intel64 Family 6 Model 170 Stepping 4, GenuineIntel",10000,1.5,1.5274118968527437,0.5,11,22303,10000,0.44837017441599786,random,230042,450042,670042,22,448655200,44865.52,8500.0,18000.0,23900.0,106015800,18,22203,2.2203,32203,4076,3394,2105,0.2105,2241.6266869927813,0.9390502050205021,5,32203,37170,12303,1984096,198.4096,2948776,True,1060043179569228365,1609166678651467807,2305843009213693951
n10000-g3-t0.5-r22-h670042,2efaf1348f57,3.14.3,Windows-11-10.0.26200-SP0,"Intel64 Family 6 Model 170 Stepping 4, GenuineIntel",10000,3.0,3.075406859636261,0.5,11,28477,10000,0.351160585735857,random,230042,450042,670042,22,254242100,25424.21,7200.0,18400.0,23501.000000000022,83653700,7,7102,0.7102,17102,2722,2367,1572,0.1572,1755.627348386417,0.8954064206420642,4,17102,37968,18477,2395280,239.528,2813452,True,19762052253754735,1829258003869234515,2305843009213693951
n10000-g1.25-t0.5-r22-h670042,2efaf1348f57,3.14.3,Windows-11-10.0.26200-SP0,"Intel64 Family 6 Model 170 Stepping 4, GenuineIntel",10000,1.25,1.2753353982930995,0.5,11,20161,10000,0.49600714250285205,random,230042,450042,670042,22,772123200,77212.32,13300.0,19600.0,35001.00000000002,109345200,31,39928,3.9928,49928,4302,3567,2259,0.2259,2479.787708943009,0.9109650765076507,5,49928,36288,10161,1838768,183.8768,2950448,True,1945267631654138124,416968826485140254,2305843009213693951
n10000-g3-t0.8-r22-h670042,2efaf1348f57,3.14.3,Windows-11-10.0.26200-SP0,"Intel64 Family 6 Model 170 Stepping 4, GenuineIntel",10000,3.0,3.075406859636261,0.8,11,28477,10000,0.351160585735857,random,230042,450042,670042,22,316794800,31679.48,12300.0,19000.0,52403.000000000065,89683800,7,11365,1.1365,21365,4417,3525,1572,0.1572,1755.627348386417,0.8954064206420642,4,21365,37968,18477,2395280,239.528,3005524,True,19762052253754735,1829258003869234515,2305843009213693951
n10000-g2-t0.5-r22-h670042,2efaf1348f57,3.14.3,Windows-11-10.0.26200-SP0,"Intel64 Family 6 Model 170 Stepping 4, GenuineIntel",10000,2.0,2.0244165297589,0.5,11,25717,10000,0.3888478438387059,random,230042,450042,670042,22,343080900,34308.09,13400.0,18500.0,30101.000000000022,104585800,11,12816,1.2816,22816,3782,3117,2377,0.2377,1944.0447952716102,1.2227084508450845,5,22816,38570,15717,2193360,219.336,2963156,True,880512559598150249,682122657238776038,2305843009213693951
n10000-g1.25-t0.7-r22-h670042,2efaf1348f57,3.14.3,Windows-11-10.0.26200-SP0,"Intel64 Family 6 Model 170 Stepping 4, GenuineIntel",10000,1.25,1.2761752609835624,0.7,11,16127,10000,0.6200781298443604,random,230042,450042,670042,22,645903400,64590.34,10200.0,20800.0,39907.00000000015,99732500,30,44614,4.4614,54614,6052,4569,2907,0.2907,3100.0806101568796,0.9377175517551756,6,54614,29016,6127,1561152,156.1152,2528064,True,1230144173590790452,1243394292174546641,2305843009213693951
n10000-g1.25-t0.8-r22-h670042,2efaf1348f57,3.14.3,Windows-11-10.0.26200-SP0,"Intel64 Family 6 Model 170 Stepping 4, GenuineIntel",10000,1.25,1.2770357192166375,0.8,11,12889,10000,0.7758553805570642,random,230042,450042,670042,22,610873800,61087.38,10100.0,20600.0,35700.0,98951600,29,40681,4.0681,50681,6845,5009,3712,0.3712,3878.8889750950425,0.9569750575057505,5,50681,23178,2889,1334768,133.4768,2080992,True,2097153655957409513,1358324608513893392,2305843009213693951
n10000-g2-t0.8-r22-h670042,2efaf1348f57,3.14.3,Windows-11-10.0.26200-SP0,"Intel64 Family 6 Model 170 Stepping 4, GenuineIntel",10000,2.0,2.026772599602447,0.8,11,12853,10000,0.7780284758422158,random,230042,450042,670042,22,318145700,31814.57,14600.0,19300.0,34101.00000000002,71134800,10,10226,1.0226,20226,5785,4370,3754,0.3754,3889.753364973158,0.9650997499749975,6,20226,19274,2853,1333168,133.3168,1604572,True,157676392231006767,1810342678400132969,2305843009213693951
n10000-g4-t0.5-r22-h670042,2efaf1348f57,3.14.3,Windows-11-10.0.26200-SP0,"Intel64 Family 6 Model 170 Stepping 4, GenuineIntel",10000,4.0,4.061552575258115,0.5,11,49297,10000,0.20285210053350103,random,230042,450042,670042,22,398841900,39884.19,14700.0,18900.0,30401.000000000022,162255200,6,8207,0.8207,18207,3419,2870,2501,0.2501,1014.1590766172384,2.4660825482548256,6,18207,61620,39297,3687856,368.7856,4412156,True,782733765640041071,322796909914466746,2305843009213693951
n10000-g4-t0.9-r22-h670042,2efaf1348f57,3.14.3,Windows-11-10.0.26200-SP0,"Intel64 Family 6 Model 170 Stepping 4, GenuineIntel",10000,4.0,4.073781941238894,0.9,11,12323,10000,0.8114907084313885,random,230042,450042,670042,22,186428600,18642.86,7800.0,19400.0,23901.000000000022,42426700,5,3685,0.3685,13685,5097,3946,3851,0.3851,4057.0477968027267,0.9492123812381238,6,13685,15402,2323,1300672,130.0672,1429384,True,1868418503132682777,969444151454059116,2305843009213693951
n10000-g1.5-t0.8-r22-h670042,2efaf1348f57,3.14.3,Windows-11-10.0.26200-SP0,"Intel64 Family 6 Model 170 Stepping 4, GenuineIntel",10000,1.5,1.5290144697461625,0.8,11,14867,10000,0.6726306585054147,random,230042,450042,670042,22,486146700,48614.67,14000.0,19100.0,35404.00000000009,140172900,17,23637,2.3637,33637,6718,4835,3126,0.3126,3362.8169771978205,0.929577797779778,5,33637,24768,4867,1470368,147.0368,2161480,True,2298162555969103265,1340864157513381151,2305843009213693951
n10000-g4-t0.7-r22-h670042,2efaf1348f57,3.14.3,Windows-11-10.0.26200-SP0,"Intel64 Family 6 Model 170 Stepping 4, GenuineIntel",10000,4.0,4.061552575258115,0.7,11,49297,10000,0.20285210053350103,random,230042,450042,670042,22,333875100,33387.51,8400.0,18400.0,23501.000000000022,155888400,6,11491,1.1491,21491,4226,3401,2501,0.2501,1014.1590766172384,2.4660825482548256,6,21491,61620,39297,3687856,368.7856,4581484,True,782733765640041071,322796909914466746,2305843009213693951
n10000-g2-t0.7-r22-h670042,2efaf1348f57,3.14.3,Windows-11-10.0.26200-SP0,"Intel64 Family 6 Model 170 Stepping 4, GenuineIntel",10000,2.0,2.0244165297589,0.7,11,25717,10000,0.3888478438387059,random,230042,450042,670042,22,414085400,41408.54,13700.0,19200.0,32202.000000000044,132523700,11,17943,1.7943,27943,5105,3938,2377,0.2377,1944.0447952716102,1.2227084508450845,5,27943,38570,15717,2193360,219.336,3136992,True,880512559598150249,682122657238776038,2305843009213693951
n10000-g4-t0.8-r22-h670042,2efaf1348f57,3.14.3,Windows-11-10.0.26200-SP0,"Intel64 Family 6 Model 170 Stepping 4, GenuineIntel",10000,4.0,4.061552575258115,0.8,11,49297,10000,0.20285210053350103,random,230042,450042,670042,22,479131200,47913.12,13700.0,19700.0,38103.000000000065,247953400,6,13133,1.3133,23133,4777,3756,2501,0.2501,1014.1590766172384,2.4660825482548256,6,23133,61620,39297,3687856,368.7856,4659040,True,782733765640041071,322796909914466746,2305843009213693951
n10000-g3-t0.7-r23-h700042,2efaf1348f57,3.14.3,Windows-11-10.0.26200-SP0,"Intel64 Family 6 Model 170 Stepping 4, GenuineIntel",10000,3.0,3.075406859636261,0.7,11,28477,10000,0.351160585735857,random,240042,470042,700042,23,364395200,36439.52,14400.0,18300.0,32107.000000000153,125993400,7,9944,0.9944,19944,3778,3108,1500,0.15,1755.627348386417,0.8543954395439545,5,19944,37968,18477,2396496,239.6496,2943332,True,2302157292528556346,5326621074874362,2305843009213693951
n10000-g3-t0.5-r23-h700042,2efaf1348f57,3.14.3,Windows-11-10.0.26200-SP0,"Intel64 Family 6 Model 170 Stepping 4, GenuineIntel",10000,3.0,3.075406859636261,0.5,11,28477,10000,0.351160585735857,random,240042,470042,700042,23,349092000,34909.2,14500.0,21600.0,35200.0,118629400,7,7102,0.7102,17102,2647,2340,1500,0.15,1755.627348386417,0.8543954395439545,5,17102,37968,18477,2396496,239.6496,2813508,True,2302157292528556346,5326621074874362,2305843009213693951
n10000-g1.25-t0.9-r23-h700042,2efaf1348f57,3.14.3,Windows-11-10.0.26200-SP0,"Intel64 Family 6 Model 170 Stepping 4, GenuineIntel",10000,1.25,1.2770357192166375,0.9,11,12889,10000,0.7758553805570642,random,240042,470042,700042,23,628502800,62850.28,10900.0,19400.0,29100.0,80892600,29,45770,4.577,55770,7741,5427,3651,0.3651,3878.8889750950425,0.941248904890489,6,55770,23178,2889,1336752,133.6752,2146680,True,481895844643260644,581214495320630127,2305843009213693951
n10000-g4-t0.5-r23-h700042,2efaf1348f57,3.14.3,Windows-11-10.0.26200-SP0,"Intel64 Family 6 Model 170 Stepping 4, GenuineIntel",10000,4.0,4.061552575258115,0.5,11,49297,10000,0.20285210053350103,random,240042,470042,700042,23,312988500,31298.85,9750.0,20400.0,29201.000000000022,133267900,6,8207,0.8207,18207,2407,2114,951,0.0951,1014.1590766172384,0.9377227122712272,4,18207,61620,39297,3726736,372.6736,4413008,True,2089742420716205501,327087184088336789,2305843009213693951
n10000-g2-t0.7-r23-h700042,2efaf1348f57,3.14.3,Windows-11-10.0.26200-SP0,"Intel64 Family 6 Model 170 Stepping 4, GenuineIntel",10000,2.0,2.0244165297589,0.7,11,25717,10000,0.3888478438387059,random,240042,470042,700042,23,369768700,36976.87,8200.0,17500.0,26800.0,144281300,11,17943,1.7943,27943,4808,3821,1667,0.1667,1944.0447952716102,0.8574905290529053,4,27943,38570,15717,2210352,221.0352,3138684,True,859748501523757454,770830830473508249,2305843009213693951
n10000-g1.5-t0.8-r23-h700042,2efaf1348f57,3.14.3,Windows-11-10.0.26200-SP0,"Intel64 Family 6 Model 170 Stepping 4, GenuineIntel",10000,1.5,1.5290144697461625,0.8,11,14867,10000,0.6726306585054147,random,240042,470042,700042,23,501134100,50113.41,14600.0,19600.0,39703.000000000065,87540400,17,23637,2.3637,33637,6226,4682,3147,0.3147,3362.8169771978205,0.9358225622562256,7,33637,24768,4867,1472064,147.2064,2162152,True,1016347907392551792,561474941602874204,2305843009213693951
n10000-g4-t0.8-r23-h700042,2efaf1348f57,3.14.3,Windows-11-10.0.26200-SP0,"Intel64 Family 6 Model 170 Stepping 4, GenuineIntel",10000,4.0,4.061552575258115,0.8,11,49297,10000,0.20285210053350103,random,240042,470042,700042,23,426111900,42611.19,14300.0,19600.0,35105.00000000011,202849400,6,13133,1.3133,23133,4856,3759,951,0.0951,1014.1590766172384,0.9377227122712272,4,23133,61620,39297,3726736,372.6736,4657844,True,2089742420716205501,327087184088336789,2305843009213693951
n10000-g3-t0.8-r23-h700042,2efaf1348f57,3.14.3,Windows-11-10.0.26200-SP0,"Intel64 Family 6 Model 170 Stepping 4, GenuineIntel",10000,3.0,3.075406859636261,0.8,11,28477,10000,0.351160585735857,random,240042,470042,700042,23,266868000,26686.8,8100.0,18000.0,26101.000000000022,88450800,7,11365,1.1365,21365,4554,3579,1500,0.15,1755.627348386417,0.8543954395439545,5,21365,37968,18477,2396496,239.6496,3003276,True,2302157292528556346,5326621074874362,2305843009213693951
n10000-g2-t0.8-r23-h700042,2efaf1348f57,3.14.3,Windows-11-10.0.26200-SP0,"Intel64 Family 6 Model 170 Stepping 4, GenuineIntel",10000,2.0,2.026772599602447,0.8,11,12853,10000,0.7780284758422158,random,240042,470042,700042,23,236583600,23658.36,7900.0,18200.0,23300.0,61933600,10,10226,1.0226,20226,5648,4331,3656,0.3656,3889.753364973158,0.9399053505350535,6,20226,19274,2853,1334256,133.4256,1603992,True,1050592760900826753,1295754526979519452,2305843009213693951
n10000-g2-t0.5-r23-h700042,2efaf1348f57,3.14.3,Windows-11-10.0.26200-SP0,"Intel64 Family 6 Model 170 Stepping 4, GenuineIntel",10000,2.0,2.0244165297589,0.5,11,25717,10000,0.3888478438387059,random,240042,470042,700042,23,327848000,32784.8,8500.0,16500.0,26400.0,81137300,11,12816,1.2816,22816,3380,2885,1667,0.1667,1944.0447952716102,0.8574905290529053,4,22816,38570,15717,2210352,221.0352,2963120,True,859748501523757454,770830830473508249,2305843009213693951
n10000-g1.5-t0.5-r23-h700042,2efaf1348f57,3.14.3,Windows-11-10.0.26200-SP0,"Intel64 Family 6 Model 170 Stepping 4, GenuineIntel",10000,1.5,1.5274118968527437,0.5,11,22303,10000,0.44837017441599786,random,240042,470042,700042,23,447397800,44739.78,13600.0,18200.0,29104.000000000087,92693700,18,22203,2.2203,32203,3939,3237,2211,0.2211,2241.6266869927813,0.986337293729373,5,32203,37170,12303,1982432,198.2432,2949696,True,1917209875940579077,1599633773120365597,2305843009213693951
n10000-g2-t0.9-r23-h700042,2efaf1348f57,3.14.3,Windows-11-10.0.26200-SP0,"Intel64 Family 6 Model 170 Stepping 4, GenuineIntel",10000,2.0,2.026772599602447,0.9,11,12853,10000,0.7780284758422158,random,240042,470042,700042,23,321986300,32198.63,14300.0,19800.0,36004.00000000009,76204700,10,11506,1.1506,21506,6193,4621,3656,0.3656,3889.753364973158,0.9399053505350535,6,21506,19274,2853,1334256,133.4256,1644060,True,1050592760900826753,1295754526979519452,2305843009213693951
n10000-g3-t0.9-r23-h700042,2efaf1348f57,3.14.3,Windows-11-10.0.26200-SP0,"Intel64 Family 6 Model 170 Stepping 4, GenuineIntel",10000,3.0,3.075406859636261,0.9,11,28477,10000,0.351160585735857,random,240042,470042,700042,23,407336300,40733.63,14500.0,21500.0,39800.0,164129300,7,12786,1.2786,22786,5423,4098,1500,0.15,1755.627348386417,0.8543954395439545,5,22786,37968,18477,2396496,239.6496,3063804,True,2302157292528556346,5326621074874362,2305843009213693951
n10000-g1.25-t0.8-r23-h700042,2efaf1348f57,3.14.3,Windows-11-10.0.26200-SP0,"Intel64 Family 6 Model 170 Stepping 4, GenuineIntel",10000,1.25,1.2770357192166375,0.8,11,12889,10000,0.7758553805570642,random,240042,470042,700042,23,608023800,60802.38,14100.0,19500.0,40802.000000000044,79902800,29,40681,4.0681,50681,6793,5024,3651,0.3651,3878.8889750950425,0.941248904890489,6,50681,23178,2889,1336752,133.6752,2082616,True,481895844643260644,581214495320630127,2305843009213693951
n10000-g4-t0.7-r23-h700042,2efaf1348f57,3.14.3,Windows-11-10.0.26200-SP0,"Intel64 Family 6 Model 170 Stepping 4, GenuineIntel",10000,4.0,4.061552575258115,0.7,11,49297,10000,0.20285210053350103,random,240042,470042,700042,23,405174900,40517.49,14700.0,20004.999999999927,40300.0,187519100,6,11491,1.1491,21491,3898,3152,951,0.0951,1014.1590766172384,0.9377227122712272,4,21491,61620,39297,3726736,372.6736,4580256,True,2089742420716205501,327087184088336789,2305843009213693951
n10000-g1.25-t0.7-r23-h700042,2efaf1348f57,3.14.3,Windows-11-10.0.26200-SP0,"Intel64 Family 6 Model 170 Stepping 4, GenuineIntel",10000,1.25,1.2761752609835624,0.7,11,16127,10000,0.6200781298443604,random,240042,470042,700042,23,685241400,68524.14,14100.0,20300.0,37315.00000000033,108707600,30,44614,4.4614,54614,6013,4574,2909,0.2909,3100.0806101568796,0.938362696269627,5,54614,29016,6127,1561312,156.1312,2530192,True,552093429515335361,1478244048955213048,2305843009213693951
n10000-g1.5-t0.7-r23-h700042,2efaf1348f57,3.14.3,Windows-11-10.0.26200-SP0,"Intel64 Family 6 Model 170 Stepping 4, GenuineIntel",10000,1.5,1.5290144697461625,0.7,11,14867,10000,0.6726306585054147,random,240042,470042,700042,23,369558000,36955.8,7700.0,17700.0,22000.0,78882900,17,20680,2.068,30680,5541,4283,3147,0.3147,3362.8169771978205,0.9358225622562256,7,30680,24768,4867,1472064,147.2064,2099336,True,1016347907392551792,561474941602874204,2305843009213693951
n10000-g1.25-t0.5-r23-h700042,2efaf1348f57,3.14.3,Windows-11-10.0.26200-SP0,"Intel64 Family 6 Model 170 Stepping 4, GenuineIntel",10000,1.25,1.2753353982930995,0.5,11,20161,10000,0.49600714250285205,random,240042,470042,700042,23,729057100,72905.71,13900.0,21300.0,49003.000000000065,133112100,31,39928,3.9928,49928,4350,3590,2300,0.23,2479.787708943009,0.9274987498749875,5,49928,36288,10161,1838288,183.8288,2949308,True,1734007376498554031,1759970205193902185,2305843009213693951
n10000-g1.5-t0.9-r23-h700042,2efaf1348f57,3.14.3,Windows-11-10.0.26200-SP0,"Intel64 Family 6 Model 170 Stepping 4, GenuineIntel",10000,1.5,1.5290144697461625,0.9,11,14867,10000,0.6726306585054147,random,240042,470042,700042,23,489850800,48985.08,13500.0,19400.0,32200.0,128475500,17,26594,2.6594,36594,7062,5108,3147,0.3147,3362.8169771978205,0.9358225622562256,7,36594,24768,4867,1472064,147.2064,2225256,True,1016347907392551792,561474941602874204,2305843009213693951
n10000-g4-t0.9-r23-h700042,2efaf1348f57,3.14.3,Windows-11-10.0.26200-SP0,"Intel64 Family 6 Model 170 Stepping 4, GenuineIntel",10000,4.0,4.073781941238894,0.9,11,12323,10000,0.8114907084313885,random,240042,470042,700042,23,272169700,27216.97,14400.0,22200.0,41103.000000000065,79408600,5,3685,0.3685,13685,5263,4004,3950,0.395,4057.0477968027267,0.9736143614361435,6,13685,15402,2323,1299360,129.936,1428092,True,1108741563685341197,838854606507155289,2305843009213693951
n10000-g3-t0.5-r24-h730042,2efaf1348f57,3.14.3,Windows-11-10.0.26200-SP0,"Intel64 Family 6 Model 170 Stepping 4, GenuineIntel",10000,3.0,3.075406859636261,0.5,11,28477,10000,0.351160585735857,random,250042,490042,730042,24,283307500,28330.75,8100.0,18300.0,32804.00000000009,121061700,7,7102,0.7102,17102,2666,2345,1550,0.155,1755.627348386417,0.8828752875287529,4,17102,37968,18477,2395376,239.5376,2814952,True,1155193445510533306,2172195763031910687,2305843009213693951
n10000-g4-t0.7-r24-h730042,2efaf1348f57,3.14.3,Windows-11-10.0.26200-SP0,"Intel64 Family 6 Model 170 Stepping 4, GenuineIntel",10000,4.0,4.061552575258115,0.7,11,49297,10000,0.20285210053350103,random,250042,490042,730042,24,474983400,47498.34,15200.0,20400.0,35400.0,213061100,6,11491,1.1491,21491,5116,3807,6068,0.6068,1014.1590766172384,5.983282248224822,8,21491,61620,39297,3623184,362.3184,4582416,True,589218511794594446,167119699527040414,2305843009213693951
n10000-g3-t0.8-r24-h730042,2efaf1348f57,3.14.3,Windows-11-10.0.26200-SP0,"Intel64 Family 6 Model 170 Stepping 4, GenuineIntel",10000,3.0,3.075406859636261,0.8,11,28477,10000,0.351160585735857,random,250042,490042,730042,24,376228500,37622.85,14600.0,19200.0,44608.000000000175,116231300,7,11365,1.1365,21365,4484,3588,1550,0.155,1755.627348386417,0.8828752875287529,4,21365,37968,18477,2395376,239.5376,3005720,True,1155193445510533306,2172195763031910687,2305843009213693951
n10000-g4-t0.5-r24-h730042,2efaf1348f57,3.14.3,Windows-11-10.0.26200-SP0,"Intel64 Family 6 Model 170 Stepping 4, GenuineIntel",10000,4.0,4.061552575258115,0.5,11,49297,10000,0.20285210053350103,random,250042,490042,730042,24,441129000,44112.9,14000.0,22300.0,50002.000000000044,221339500,6,8207,0.8207,18207,5514,3891,6068,0.6068,1014.1590766172384,5.983282248224822,8,18207,61620,39297,3623184,362.3184,4414240,True,589218511794594446,167119699527040414,2305843009213693951
n10000-g2-t0.7-r24-h730042,2efaf1348f57,3.14.3,Windows-11-10.0.26200-SP0,"Intel64 Family 6 Model 170 Stepping 4, GenuineIntel",10000,2.0,2.0244165297589,0.7,11,25717,10000,0.3888478438387059,random,250042,490042,730042,24,505731200,50573.12,15000.0,19900.0,44601.00000000002,155871000,11,17943,1.7943,27943,4789,3847,1752,0.1752,1944.0447952716102,0.9012138013801381,4,27943,38570,15717,2208272,220.8272,3138280,True,1042469655560268104,1321416212480932689,2305843009213693951
n10000-g1.25-t0.8-r24-h730042,2efaf1348f57,3.14.3,Windows-11-10.0.26200-SP0,"Intel64 Family 6 Model 170 Stepping 4, GenuineIntel",10000,1.25,1.2770357192166375,0.8,11,12889,10000,0.7758553805570642,random,250042,490042,730042,24,760314100,76031.41,15000.0,19700.0,48910.00000000022,125970100,29,40681,4.0681,50681,6949,5069,3690,0.369,3878.8889750950425,0.9513033303330333,6,50681,23178,2889,1335472,133.5472,2083000,True,502048848360686105,594014573227628363,2305843009213693951
n10000-g1.5-t0.8-r24-h730042,2efaf1348f57,3.14.3,Windows-11-10.0.26200-SP0,"Intel64 Family 6 Model 170 Stepping 4, GenuineIntel",10000,1.5,1.5290144697461625,0.8,11,14867,10000,0.6726306585054147,random,250042,490042,730042,24,540692600,54069.26,14600.0,20100.0,37805.00000000011,118916900,17,23637,2.3637,33637,6362,4682,3181,0.3181,3362.8169771978205,0.9459331333133314,5,33637,24768,4867,1471424,147.1424,2161492,True,569342657940046681,937809878590801208,2305843009213693951
n10000-g2-t0.5-r24-h730042,2efaf1348f57,3.14.3,Windows-11-10.0.26200-SP0,"Intel64 Family 6 Model 170 Stepping 4, GenuineIntel",10000,2.0,2.0244165297589,0.5,11,25717,10000,0.3888478438387059,random,250042,490042,730042,24,450629100,45062.91,14900.0,19800.0,40701.00000000002,173830000,11,12816,1.2816,22816,3360,2862,1752,0.1752,1944.0447952716102,0.9012138013801381,4,22816,38570,15717,2208272,220.8272,2963740,True,1042469655560268104,1321416212480932689,2305843009213693951
n10000-g1.5-t0.9-r24-h730042,2efaf1348f57,3.14.3,Windows-11-10.0.26200-SP0,"Intel64 Family 6 Model 170 Stepping 4, GenuineIntel",10000,1.5,1.5290144697461625,0.9,11,14867,10000,0.6726306585054147,random,250042,490042,730042,24,553029100,55302.91,15500.0,20800.0,36204.00000000009,128842800,17,26594,2.6594,36594,7190,5102,3181,0.3181,3362.8169771978205,0.9459331333133314,5,36594,24768,4867,1471424,147.1424,2224276,True,569342657940046681,937809878590801208,2305843009213693951
n10000-g3-t0.7-r24-h730042,2efaf1348f57,3.14.3,Windows-11-10.0.26200-SP0,"Intel64 Family 6 Model 170 Stepping 4, GenuineIntel",10000,3.0,3.075406859636261,0.7,11,28477,10000,0.351160585735857,random,250042,490042,730042,24,367809900,36780.99,14200.0,19000.0,33010.00000000022,135587300,7,9944,0.9944,19944,3768,3128,1550,0.155,1755.627348386417,0.8828752875287529,4,19944,37968,18477,2395376,239.5376,2945880,True,1155193445510533306,2172195763031910687,2305843009213693951
n10000-g1.5-t0.5-r24-h730042,2efaf1348f57,3.14.3,Windows-11-10.0.26200-SP0,"Intel64 Family 6 Model 170 Stepping 4, GenuineIntel",10000,1.5,1.5274118968527437,0.5,11,22303,10000,0.44837017441599786,random,250042,490042,730042,24,570908700,57090.87,14200.0,18500.0,31901.000000000022,116667400,18,22203,2.2203,32203,4431,3537,3260,0.326,2241.6266869927813,1.4543010301030104,5,32203,37170,12303,1959840,195.984,2949548,True,696059194167495147,1359556957290918840,2305843009213693951
n10000-g1.5-t0.7-r24-h730042,2efaf1348f57,3.14.3,Windows-11-10.0.26200-SP0,"Intel64 Family 6 Model 170 Stepping 4, GenuineIntel",10000,1.5,1.5290144697461625,0.7,11,14867,10000,0.6726306585054147,random,250042,490042,730042,24,395892700,39589.27,9400.0,19000.0,24900.0,102996400,17,20680,2.068,30680,5638,4279,3181,0.3181,3362.8169771978205,0.9459331333133314,5,30680,24768,4867,1471424,147.1424,2099828,True,569342657940046681,937809878590801208,2305843009213693951
n10000-g2-t0.8-r24-h730042,2efaf1348f57,3.14.3,Windows-11-10.0.26200-SP0,"Intel64 Family 6 Model 170 Stepping 4, GenuineIntel",10000,2.0,2.026772599602447,0.8,11,12853,10000,0.7780284758422158,random,250042,490042,730042,24,260151400,26015.14,10300.0,19100.0,27001.000000000022,48794000,10,10226,1.0226,20226,5678,4376,3599,0.3599,3889.753364973158,0.9252514651465146,6,20226,19274,2853,1334480,133.448,1602912,True,2267001015341218852,1486052055529734090,2305843009213693951
n10000-g1.25-t0.7-r24-h730042,2efaf1348f57,3.14.3,Windows-11-10.0.26200-SP0,"Intel64 Family 6 Model 170 Stepping 4, GenuineIntel",10000,1.25,1.2761752609835624,0.7,11,16127,10000,0.6200781298443604,random,250042,490042,730042,24,855487200,85548.72,14800.0,19500.0,47109.0000000002,121729700,30,44614,4.4614,54614,6047,4616,2776,0.2776,3100.0806101568796,0.8954605860586059,5,54614,29016,6127,1563904,156.3904,2529424,True,510785641912293714,271516781653693213,2305843009213693951
n10000-g3-t0.9-r24-h730042,2efaf1348f57,3.14.3,Windows-11-10.0.26200-SP0,"Intel64 Family 6 Model 170 Stepping 4, GenuineIntel",10000,3.0,3.075406859636261,0.9,11,28477,10000,0.351160585735857,random,250042,490042,730042,24,302661700,30266.17,8200.0,18900.0,22900.0,125992700,7,12786,1.2786,22786,5243,4061,1550,0.155,1755.627348386417,0.8828752875287529,4,22786,37968,18477,2395376,239.5376,3066408,True,1155193445510533306,2172195763031910687,2305843009213693951
n10000-g4-t0.8-r24-h730042,2efaf1348f57,3.14.3,Windows-11-10.0.26200-SP0,"Intel64 Family 6 Model 170 Stepping 4, GenuineIntel",10000,4.0,4.061552575258115,0.8,11,49297,10000,0.20285210053350103,random,250042,490042,730042,24,478513400,47851.34,15100.0,21300.0,39205.00000000011,216483600,6,13133,1.3133,23133,4851,3766,6068,0.6068,1014.1590766172384,5.983282248224822,8,23133,61620,39297,3623184,362.3184,4660292,True,589218511794594446,167119699527040414,2305843009213693951
n10000-g1.25-t0.5-r24-h730042,2efaf1348f57,3.14.3,Windows-11-10.0.26200-SP0,"Intel64 Family 6 Model 170 Stepping 4, GenuineIntel",10000,1.25,1.2753353982930995,0.5,11,20161,10000,0.49600714250285205,random,250042,490042,730042,24,794460000,79446.0,14600.0,20600.0,58701.00000000002,126561700,31,39928,3.9928,49928,4249,3477,2311,0.2311,2479.787708943009,0.9319346134613461,5,49928,36288,10161,1837968,183.7968,2951384,True,1470974379583982963,1535663579352599758,2305843009213693951
n10000-g1.25-t0.9-r24-h730042,2efaf1348f57,3.14.3,Windows-11-10.0.26200-SP0,"Intel64 Family 6 Model 170 Stepping 4, GenuineIntel",10000,1.25,1.2770357192166375,0.9,11,12889,10000,0.7758553805570642,random,250042,490042,730042,24,616316400,61631.64,10600.0,19100.0,32704.000000000087,103435300,29,45770,4.577,55770,7762,5465,3690,0.369,3878.8889750950425,0.9513033303330333,6,55770,23178,2889,1335472,133.5472,2148152,True,502048848360686105,594014573227628363,2305843009213693951
n10000-g4-t0.9-r24-h730042,2efaf1348f57,3.14.3,Windows-11-10.0.26200-SP0,"Intel64 Family 6 Model 170 Stepping 4, GenuineIntel",10000,4.0,4.073781941238894,0.9,11,12323,10000,0.8114907084313885,random,250042,490042,730042,24,253620500,25362.05,14900.0,19100.0,30804.000000000087,53103400,5,3685,0.3685,13685,5036,3895,3735,0.3735,4057.0477968027267,0.9206201620162016,5,13685,15402,2323,1301728,130.1728,1430476,True,2188554266516972550,1071488444627424404,2305843009213693951
n10000-g2-t0.9-r24-h730042,2efaf1348f57,3.14.3,Windows-11-10.0.26200-SP0,"Intel64 Family 6 Model 170 Stepping 4, GenuineIntel",10000,2.0,2.026772599602447,0.9,11,12853,10000,0.7780284758422158,random,250042,490042,730042,24,305927100,30592.71,14300.0,20000.0,32401.000000000022,78771100,10,11506,1.1506,21506,6218,4670,3599,0.3599,3889.753364973158,0.9252514651465146,6,21506,19274,2853,1334480,133.448,1643332,True,2267001015341218852,1486052055529734090,2305843009213693951
n10000-g1.25-t0.9-r25-h760042,2efaf1348f57,3.14.3,Windows-11-10.0.26200-SP0,"Intel64 Family 6 Model 170 Stepping 4, GenuineIntel",10000,1.25,1.2770357192166375,0.9,11,12889,10000,0.7758553805570642,random,260042,510042,760042,25,667259100,66725.91,9700.0,19900.0,33204.00000000009,96599200,29,45770,4.577,55770,7840,5483,3649,0.3649,3878.8889750950425,0.9407332933293329,6,55770,23178,2889,1336400,133.64,2146716,True,2179517407747741131,1658050384497949058,2305843009213693951
n10000-g2-t0.7-r25-h760042,2efaf1348f57,3.14.3,Windows-11-10.0.26200-SP0,"Intel64 Family 6 Model 170 Stepping 4, GenuineIntel",10000,2.0,2.0244165297589,0.7,11,25717,10000,0.3888478438387059,random,260042,510042,760042,25,474640900,47464.09,14700.0,18800.0,32404.000000000087,145047600,11,17943,1.7943,27943,4924,3868,1719,0.1719,1944.0447952716102,0.8842388838883889,4,27943,38570,15717,2209168,220.9168,3136644,True,440324477698719887,815514150657842240,2305843009213693951
n10000-g1.25-t0.5-r25-h760042,2efaf1348f57,3.14.3,Windows-11-10.0.26200-SP0,"Intel64 Family 6 Model 170 Stepping 4, GenuineIntel",10000,1.25,1.2753353982930995,0.5,11,20161,10000,0.49600714250285205,random,260042,510042,760042,25,709101800,70910.18,8900.0,19000.0,40313.000000000284,124034100,31,39928,3.9928,49928,5226,3882,2272,0.2272,2479.787708943009,0.9162074607460745,5,49928,36288,10161,1838864,183.8864,2897712,True,266974354307531937,572963978963318336,2305843009213693951
n10000-g4-t0.8-r25-h760042,2efaf1348f57,3.14.3,Windows-11-10.0.26200-SP0,"Intel64 Family 6 Model 170 Stepping 4, GenuineIntel",10000,4.0,4.061552575258115,0.8,11,49297,10000,0.20285210053350103,random,260042,510042,760042,25,348335300,34833.53,8600.0,17900.0,23501.000000000022,160826200,6,13133,1.3133,23133,4866,3772,3697,0.3697,1014.1590766172384,3.6453847184718473,6,23133,61620,39297,3663120,366.312,4659512,True,253308294879084352,898520580435974830,2305843009213693951
n10000-g1.5-t0.8-r25-h760042,2efaf1348f57,3.14.3,Windows-11-10.0.26200-SP0,"Intel64 Family 6 Model 170 Stepping 4, GenuineIntel",10000,1.5,1.5290144697461625,0.8,11,14867,10000,0.6726306585054147,random,260042,510042,760042,25,442755800,44275.58,12700.0,17400.0,27301.000000000022,109774700,17,23637,2.3637,33637,6842,4910,3167,0.3167,3362.8169771978205,0.9417699569956997,5,33637,24768,4867,1470272,147.0272,2162132,True,2068230962010895495,1416480156471227010,2305843009213693951
n10000-g3-t0.5-r25-h760042,2efaf1348f57,3.14.3,Windows-11-10.0.26200-SP0,"Intel64 Family 6 Model 170 Stepping 4, GenuineIntel",10000,3.0,3.075406859636261,0.5,11,28477,10000,0.351160585735857,random,260042,510042,760042,25,256122500,25612.25,7800.0,17700.0,22402.000000000044,100142600,7,7102,0.7102,17102,2740,2372,1571,0.1571,1755.627348386417,0.8948368236823683,4,17102,37968,18477,2395600,239.56,2812836,True,1863370232034342797,2224354337381007176,2305843009213693951
n10000-g1.5-t0.5-r25-h760042,2efaf1348f57,3.14.3,Windows-11-10.0.26200-SP0,"Intel64 Family 6 Model 170 Stepping 4, GenuineIntel",10000,1.5,1.5274118968527437,0.5,11,22303,10000,0.44837017441599786,random,260042,510042,760042,25,547536700,54753.67,14400.0,19200.0,34100.0,115812500,18,22203,2.2203,32203,4083,3380,2055,0.2055,2241.6266869927813,0.9167449744974497,4,32203,37170,12303,1985280,198.528,2948372,True,1212423175901623302,1353249731133386521,2305843009213693951
n10000-g1.25-t0.7-r25-h760042,2efaf1348f57,3.14.3,Windows-11-10.0.26200-SP0,"Intel64 Family 6 Model 170 Stepping 4, GenuineIntel",10000,1.25,1.2761752609835624,0.7,11,16127,10000,0.6200781298443604,random,260042,510042,760042,25,848224600,84822.46,14500.0,19500.0,34007.00000000015,129191800,30,44614,4.4614,54614,6999,4911,7590,0.759,3100.0806101568796,2.4483234323432344,8,54614,29016,6127,1491872,149.1872,2529956,True,2039147253384018191,685146453641933420,2305843009213693951
n10000-g1.5-t0.9-r25-h760042,2efaf1348f57,3.14.3,Windows-11-10.0.26200-SP0,"Intel64 Family 6 Model 170 Stepping 4, GenuineIntel",10000,1.5,1.5290144697461625,0.9,11,14867,10000,0.6726306585054147,random,260042,510042,760042,25,543831900,54383.19,14700.0,20000.0,47804.00000000009,116391900,17,26594,2.6594,36594,7878,5388,3167,0.3167,3362.8169771978205,0.9417699569956997,5,36594,24768,4867,1470272,147.0272,2224724,True,2068230962010895495,1416480156471227010,2305843009213693951
n10000-g2-t0.5-r25-h760042,2efaf1348f57,3.14.3,Windows-11-10.0.26200-SP0,"Intel64 Family 6 Model 170 Stepping 4, GenuineIntel",10000,2.0,2.0244165297589,0.5,11,25717,10000,0.3888478438387059,random,260042,510042,760042,25,368236700,36823.67,14100.0,20400.0,33600.0,105999300,11,12816,1.2816,22816,3351,2852,1719,0.1719,1944.0447952716102,0.8842388838883889,4,22816,38570,15717,2209168,220.9168,2962648,True,440324477698719887,815514150657842240,2305843009213693951
n10000-g1.25-t0.8-r25-h760042,2efaf1348f57,3.14.3,Windows-11-10.0.26200-SP0,"Intel64 Family 6 Model 170 Stepping 4, GenuineIntel",10000,1.25,1.2770357192166375,0.8,11,12889,10000,0.7758553805570642,random,260042,510042,760042,25,681316100,68131.61,14600.0,19000.0,34301.00000000002,105179900,29,40681,4.0681,50681,7045,5104,3649,0.3649,3878.8889750950425,0.9407332933293329,6,50681,23178,2889,1336400,133.64,2082308,True,2179517407747741131,1658050384497949058,2305843009213693951
n10000-g3-t0.9-r25-h760042,2efaf1348f57,3.14.3,Windows-11-10.0.26200-SP0,"Intel64 Family 6 Model 170 Stepping 4, GenuineIntel",10000,3.0,3.075406859636261,0.9,11,28477,10000,0.351160585735857,random,260042,510042,760042,25,415218900,41521.89,14900.0,19300.0,36404.00000000009,155792500,7,12786,1.2786,22786,5353,4045,1571,0.1571,1755.627348386417,0.8948368236823683,4,22786,37968,18477,2395600,239.56,3065628,True,1863370232034342797,2224354337381007176,2305843009213693951
n10000-g4-t0.5-r25-h760042,2efaf1348f57,3.14.3,Windows-11-10.0.26200-SP0,"Intel64 Family 6 Model 170 Stepping 4, GenuineIntel",10000,4.0,4.061552575258115,0.5,11,49297,10000,0.20285210053350103,random,260042,510042,760042,25,382973500,38297.35,14900.0,19800.0,32900.0,149996700,6,8207,0.8207,18207,4153,3260,3697,0.3697,1014.1590766172384,3.6453847184718473,6,18207,61620,39297,3663120,366.312,4413428,True,253308294879084352,898520580435974830,2305843009213693951
n10000-g1.5-t0.7-r25-h760042,2efaf1348f57,3.14.3,Windows-11-10.0.26200-SP0,"Intel64 Family 6 Model 170 Stepping 4, GenuineIntel",10000,1.5,1.5290144697461625,0.7,11,14867,10000,0.6726306585054147,random,260042,510042,760042,25,505770500,50577.05,15400.0,20700.0,42003.000000000065,113901400,17,20680,2.068,30680,5955,4461,3167,0.3167,3362.8169771978205,0.9417699569956997,5,30680,24768,4867,1470272,147.0272,2100564,True,2068230962010895495,1416480156471227010,2305843009213693951
n10000-g4-t0.7-r25-h760042,2efaf1348f57,3.14.3,Windows-11-10.0.26200-SP0,"Intel64 Family 6 Model 170 Stepping 4, GenuineIntel",10000,4.0,4.061552575258115,0.7,11,49297,10000,0.20285210053350103,random,260042,510042,760042,25,353961300,35396.13,8800.0,18900.0,27802.000000000044,176319700,6,11491,1.1491,21491,4575,3579,3697,0.3697,1014.1590766172384,3.6453847184718473,6,21491,61620,39297,3663120,366.312,4581604,True,253308294879084352,898520580435974830,2305843009213693951
n10000-g3-t0.7-r25-h760042,2efaf1348f57,3.14.3,Windows-11-10.0.26200-SP0,"Intel64 Family 6 Model 170 Stepping 4, GenuineIntel",10000,3.0,3.075406859636261,0.7,11,28477,10000,0.351160585735857,random,260042,510042,760042,25,346466600,34646.66,14200.0,19300.0,31000.0,133031300,7,9944,0.9944,19944,3844,3116,1571,0.1571,1755.627348386417,0.8948368236823683,4,19944,37968,18477,2395600,239.56,2944972,True,1863370232034342797,2224354337381007176,2305843009213693951
n10000-g3-t0.8-r25-h760042,2efaf1348f57,3.14.3,Windows-11-10.0.26200-SP0,"Intel64 Family 6 Model 170 Stepping 4, GenuineIntel",10000,3.0,3.075406859636261,0.8,11,28477,10000,0.351160585735857,random,260042,510042,760042,25,392279300,39227.93,14600.0,20100.0,38208.000000000175,131659100,7,11365,1.1365,21365,4592,3590,1571,0.1571,1755.627348386417,0.8948368236823683,4,21365,37968,18477,2395600,239.56,3005004,True,1863370232034342797,2224354337381007176,2305843009213693951
n10000-g2-t0.8-r25-h760042,2efaf1348f57,3.14.3,Windows-11-10.0.26200-SP0,"Intel64 Family 6 Model 170 Stepping 4, GenuineIntel",10000,2.0,2.026772599602447,0.8,11,12853,10000,0.7780284758422158,random,260042,510042,760042,25,372122100,37212.21,15600.0,20800.0,42907.00000000015,85730900,10,10226,1.0226,20226,5770,4388,3796,0.3796,3889.753364973158,0.9758973497349734,6,20226,19274,2853,1331888,133.1888,1603104,True,1714848301566002409,294548693673112086,2305843009213693951
n10000-g4-t0.9-r25-h760042,2efaf1348f57,3.14.3,Windows-11-10.0.26200-SP0,"Intel64 Family 6 Model 170 Stepping 4, GenuineIntel",10000,4.0,4.073781941238894,0.9,11,12323,10000,0.8114907084313885,random,260042,510042,760042,25,253635900,25363.59,14600.0,19200.0,34402.000000000044,58845000,5,3685,0.3685,13685,5117,3930,3868,0.3868,4057.0477968027267,0.9534026202620262,7,13685,15402,2323,1301120,130.112,1429856,True,311347943563674827,1572253536164600518,2305843009213693951
n10000-g2-t0.9-r25-h760042,2efaf1348f57,3.14.3,Windows-11-10.0.26200-SP0,"Intel64 Family 6 Model 170 Stepping 4, GenuineIntel",10000,2.0,2.026772599602447,0.9,11,12853,10000,0.7780284758422158,random,260042,510042,760042,25,274670500,27467.05,10400.0,18200.0,25901.000000000022,60641100,10,11506,1.1506,21506,6306,4678,3796,0.3796,3889.753364973158,0.9758973497349734,6,21506,19274,2853,1331888,133.1888,1643620,True,1714848301566002409,294548693673112086,2305843009213693951
n10000-g1.5-t0.9-r26-h790042,2efaf1348f57,3.14.3,Windows-11-10.0.26200-SP0,"Intel64 Family 6 Model 170 Stepping 4, GenuineIntel",10000,1.5,1.5290144697461625,0.9,11,14867,10000,0.6726306585054147,random,270042,530042,790042,26,446918300,44691.83,13500.0,20200.0,30800.0,130663400,17,26594,2.6594,36594,7053,5078,3114,0.3114,3362.8169771978205,0.9260093609360937,6,36594,24768,4867,1473184,147.3184,2225724,True,1858098876076279318,175481319174379841,2305843009213693951
n10000-g4-t0.5-r26-h790042,2efaf1348f57,3.14.3,Windows-11-10.0.26200-SP0,"Intel64 Family 6 Model 170 Stepping 4, GenuineIntel",10000,4.0,4.061552575258115,0.5,11,49297,10000,0.20285210053350103,random,270042,530042,790042,26,442456400,44245.64,15400.0,19000.0,35902.000000000044,188075800,6,8207,0.8207,18207,2377,2058,828,0.0828,1014.1590766172384,0.8164399639963996,4,18207,61620,39297,3730416,373.0416,4412320,True,2089712790895375886,2044262186680837851,2305843009213693951
n10000-g4-t0.8-r26-h790042,2efaf1348f57,3.14.3,Windows-11-10.0.26200-SP0,"Intel64 Family 6 Model 170 Stepping 4, GenuineIntel",10000,4.0,4.061552575258115,0.8,11,49297,10000,0.20285210053350103,random,270042,530042,790042,26,389645400,38964.54,8550.0,17100.0,43403.000000000065,173560500,6,13133,1.3133,23133,4673,3651,828,0.0828,1014.1590766172384,0.8164399639963996,4,23133,61620,39297,3730416,373.0416,4660420,True,2089712790895375886,2044262186680837851,2305843009213693951
n10000-g2-t0.5-r26-h790042,2efaf1348f57,3.14.3,Windows-11-10.0.26200-SP0,"Intel64 Family 6 Model 170 Stepping 4, GenuineIntel",10000,2.0,2.0244165297589,0.5,11,25717,10000,0.3888478438387059,random,270042,530042,790042,26,444315700,44431.57,14800.0,20500.0,47600.0,126652700,11,12816,1.2816,22816,3332,2831,1671,0.1671,1944.0447952716102,0.859548094809481,4,22816,38570,15717,2210512,221.0512,2963368,True,623233634563005787,94529719202674576,2305843009213693951
n10000-g1.5-t0.5-r26-h790042,2efaf1348f57,3.14.3,Windows-11-10.0.26200-SP0,"Intel64 Family 6 Model 170 Stepping 4, GenuineIntel",10000,1.5,1.5274118968527437,0.5,11,22303,10000,0.44837017441599786,random,270042,530042,790042,26,534962100,53496.21,15100.0,21200.0,37100.0,122554700,18,22203,2.2203,32203,3825,3168,1957,0.1957,2241.6266869927813,0.8730267226722672,4,32203,37170,12303,1988064,198.8064,2949376,True,834620913784702323,1889818967621257869,2305843009213693951
n10000-g3-t0.5-r26-h790042,2efaf1348f57,3.14.3,Windows-11-10.0.26200-SP0,"Intel64 Family 6 Model 170 Stepping 4, GenuineIntel",10000,3.0,3.075406859636261,0.5,11,28477,10000,0.351160585735857,random,270042,530042,790042,26,410906700,41090.67,14900.0,19400.0,33104.00000000009,154135700,7,7102,0.7102,17102,2760,2405,1494,0.1494,1755.627348386417,0.8509778577857786,4,17102,37968,18477,2397296,239.7296,2812024,True,1131596081881149727,785991744112415751,2305843009213693951
n10000-g1.5-t0.8-r26-h790042,2efaf1348f57,3.14.3,Windows-11-10.0.26200-SP0,"Intel64 Family 6 Model 170 Stepping 4, GenuineIntel",10000,1.5,1.5290144697461625,0.8,11,14867,10000,0.6726306585054147,random,270042,530042,790042,26,434824200,43482.42,13600.0,18300.0,24204.000000000087,100662200,17,23637,2.3637,33637,6193,4629,3114,0.3114,3362.8169771978205,0.9260093609360937,6,33637,24768,4867,1473184,147.3184,2162628,True,1858098876076279318,175481319174379841,2305843009213693951
n10000-g3-t0.8-r26-h790042,2efaf1348f57,3.14.3,Windows-11-10.0.26200-SP0,"Intel64 Family 6 Model 170 Stepping 4, GenuineIntel",10000,3.0,3.075406859636261,0.8,11,28477,10000,0.351160585735857,random,270042,530042,790042,26,322241200,32224.12,8300.0,16500.0,25201.000000000022,143543500,7,11365,1.1365,21365,4728,3666,1494,0.1494,1755.627348386417,0.8509778577857786,4,21365,37968,18477,2397296,239.7296,3002912,True,1131596081881149727,785991744112415751,2305843009213693951
n10000-g3-t0.7-r26-h790042,2efaf1348f57,3.14.3,Windows-11-10.0.26200-SP0,"Intel64 Family 6 Model 170 Stepping 4, GenuineIntel",10000,3.0,3.075406859636261,0.7,11,28477,10000,0.351160585735857,random,270042,530042,790042,26,327244900,32724.49,14100.0,19400.0,33601.00000000002,115471700,7,9944,0.9944,19944,3959,3193,1494,0.1494,1755.627348386417,0.8509778577857786,4,19944,37968,18477,2397296,239.7296,2942752,True,1131596081881149727,785991744112415751,2305843009213693951
n10000-g1.25-t0.8-r26-h790042,2efaf1348f57,3.14.3,Windows-11-10.0.26200-SP0,"Intel64 Family 6 Model 170 Stepping 4, GenuineIntel",10000,1.25,1.2770357192166375,0.8,11,12889,10000,0.7758553805570642,random,270042,530042,790042,26,573928800,57392.88,8200.0,16300.0,27700.0,101181100,29,40681,4.0681,50681,7108,5139,3690,0.369,3878.8889750950425,0.9513033303330333,6,50681,23178,2889,1335632,133.5632,2081784,True,1736473518925313247,708881378348192163,2305843009213693951
n10000-g1.5-t0.7-r26-h790042,2efaf1348f57,3.14.3,Windows-11-10.0.26200-SP0,"Intel64 Family 6 Model 170 Stepping 4, GenuineIntel",10000,1.5,1.5290144697461625,0.7,11,14867,10000,0.6726306585054147,random,270042,530042,790042,26,339324100,33932.41,7800.0,15700.0,20000.0,79097800,17,20680,2.068,30680,5402,4147,3114,0.3114,3362.8169771978205,0.9260093609360937,6,30680,24768,4867,1473184,147.3184,2100420,True,1858098876076279318,175481319174379841,2305843009213693951
n10000-g2-t0.9-r26-h790042,2efaf1348f57,3.14.3,Windows-11-10.0.26200-SP0,"Intel64 Family 6 Model 170 Stepping 4, GenuineIntel",10000,2.0,2.026772599602447,0.9,11,12853,10000,0.7780284758422158,random,270042,530042,790042,26,330931700,33093.17,14800.0,19900.0,31301.000000000022,90909000,10,11506,1.1506,21506,6146,4573,3613,0.3613,3889.753364973158,0.9288506650665066,5,21506,19274,2853,1334768,133.4768,1644052,True,2297213119936139639,947392605556160072,2305843009213693951
n10000-g4-t0.9-r26-h790042,2efaf1348f57,3.14.3,Windows-11-10.0.26200-SP0,"Intel64 Family 6 Model 170 Stepping 4, GenuineIntel",10000,4.0,4.073781941238894,0.9,11,12323,10000,0.8114907084313885,random,270042,530042,790042,26,190310800,19031.08,8700.0,20200.0,29000.0,35441400,5,3685,0.3685,13685,5020,3861,3828,0.3828,4057.0477968027267,0.9435432343234323,6,13685,15402,2323,1302048,130.2048,1430796,True,1252075791774924588,1431743519226542313,2305843009213693951
n10000-g3-t0.9-r26-h790042,2efaf1348f57,3.14.3,Windows-11-10.0.26200-SP0,"Intel64 Family 6 Model 170 Stepping 4, GenuineIntel",10000,3.0,3.075406859636261,0.9,11,28477,10000,0.351160585735857,random,270042,530042,790042,26,291366000,29136.6,8000.0,17104.999999999927,25601.000000000022,127183800,7,12786,1.2786,22786,5590,4167,1494,0.1494,1755.627348386417,0.8509778577857786,4,22786,37968,18477,2397296,239.7296,3063536,True,1131596081881149727,785991744112415751,2305843009213693951
n10000-g4-t0.7-r26-h790042,2efaf1348f57,3.14.3,Windows-11-10.0.26200-SP0,"Intel64 Family 6 Model 170 Stepping 4, GenuineIntel",10000,4.0,4.061552575258115,0.7,11,49297,10000,0.20285210053350103,random,270042,530042,790042,26,359905200,35990.52,8500.0,18704.999999999927,29803.000000000065,168386400,6,11491,1.1491,21491,3767,3044,828,0.0828,1014.1590766172384,0.8164399639963996,4,21491,61620,39297,3730416,373.0416,4582448,True,2089712790895375886,2044262186680837851,2305843009213693951
n10000-g2-t0.7-r26-h790042,2efaf1348f57,3.14.3,Windows-11-10.0.26200-SP0,"Intel64 Family 6 Model 170 Stepping 4, GenuineIntel",10000,2.0,2.0244165297589,0.7,11,25717,10000,0.3888478438387059,random,270042,530042,790042,26,415738200,41573.82,13800.0,18800.0,23802.000000000044,153086700,11,17943,1.7943,27943,4830,3809,1671,0.1671,1944.0447952716102,0.859548094809481,4,27943,38570,15717,2210512,221.0512,3138228,True,623233634563005787,94529719202674576,2305843009213693951
n10000-g2-t0.8-r26-h790042,2efaf1348f57,3.14.3,Windows-11-10.0.26200-SP0,"Intel64 Family 6 Model 170 Stepping 4, GenuineIntel",10000,2.0,2.026772599602447,0.8,11,12853,10000,0.7780284758422158,random,270042,530042,790042,26,334816300,33481.63,14900.0,19200.0,32100.0,71136800,10,10226,1.0226,20226,5607,4282,3613,0.3613,3889.753364973158,0.9288506650665066,5,20226,19274,2853,1334768,133.4768,1604176,True,2297213119936139639,947392605556160072,2305843009213693951
n10000-g1.25-t0.9-r26-h790042,2efaf1348f57,3.14.3,Windows-11-10.0.26200-SP0,"Intel64 Family 6 Model 170 Stepping 4, GenuineIntel",10000,1.25,1.2770357192166375,0.9,11,12889,10000,0.7758553805570642,random,270042,530042,790042,26,731441700,73144.17,14600.0,19900.0,38008.000000000175,96655600,29,45770,4.577,55770,7749,5438,3690,0.369,3878.8889750950425,0.9513033303330333,6,55770,23178,2889,1335632,133.5632,2146520,True,1736473518925313247,708881378348192163,2305843009213693951
n10000-g1.25-t0.7-r26-h790042,2efaf1348f57,3.14.3,Windows-11-10.0.26200-SP0,"Intel64 Family 6 Model 170 Stepping 4, GenuineIntel",10000,1.25,1.2761752609835624,0.7,11,16127,10000,0.6200781298443604,random,270042,530042,790042,26,572967200,57296.72,8000.0,18900.0,28601.000000000022,108153800,30,44614,4.4614,54614,6069,4553,2912,0.2912,3100.0806101568796,0.9393304130413042,5,54614,29016,6127,1561696,156.1696,2529236,True,1633745564709201783,444551358747689831,2305843009213693951
n10000-g1.25-t0.5-r26-h790042,2efaf1348f57,3.14.3,Windows-11-10.0.26200-SP0,"Intel64 Family 6 Model 170 Stepping 4, GenuineIntel",10000,1.25,1.2753353982930995,0.5,11,20161,10000,0.49600714250285205,random,270042,530042,790042,26,718480700,71848.07,11300.0,18900.0,34801.00000000002,111096700,31,39928,3.9928,49928,4235,3473,2225,0.2225,2479.787708943009,0.8972542254225422,5,49928,36288,10161,1839024,183.9024,2950784,True,682109494130709629,2020629569448798595,2305843009213693951
n10000-g1.5-t0.5-r27-h820042,2efaf1348f57,3.14.3,Windows-11-10.0.26200-SP0,"Intel64 Family 6 Model 170 Stepping 4, GenuineIntel",10000,1.5,1.5274118968527437,0.5,11,22303,10000,0.44837017441599786,random,280042,550042,820042,27,508260600,50826.06,14700.0,19700.0,31303.000000000065,99439600,18,22203,2.2203,32203,4741,3807,2455,0.2455,2241.6266869927813,1.095186818681868,5,32203,37170,12303,1976544,197.6544,2927284,True,616053682673005517,591636708020365610,2305843009213693951
n10000-g4-t0.8-r27-h820042,2efaf1348f57,3.14.3,Windows-11-10.0.26200-SP0,"Intel64 Family 6 Model 170 Stepping 4, GenuineIntel",10000,4.0,4.061552575258115,0.8,11,49297,10000,0.20285210053350103,random,280042,550042,820042,27,481420300,48142.03,14900.0,19400.0,36802.000000000044,221142600,6,13133,1.3133,23133,4743,3699,811,0.0811,1014.1590766172384,0.7996773077307731,3,23133,61620,39297,3730768,373.0768,4659452,True,759739811335782833,1382815769719890691,2305843009213693951
n10000-g2-t0.7-r27-h820042,2efaf1348f57,3.14.3,Windows-11-10.0.26200-SP0,"Intel64 Family 6 Model 170 Stepping 4, GenuineIntel",10000,2.0,2.0244165297589,0.7,11,25717,10000,0.3888478438387059,random,280042,550042,820042,27,382873400,38287.34,7900.0,19900.0,32402.000000000044,133462600,11,17943,1.7943,27943,4935,3898,2233,0.2233,1944.0447952716102,1.148636083608361,5,27943,38570,15717,2198160,219.816,3138056,True,1532092232845865248,406499675069645512,2305843009213693951
n10000-g3-t0.8-r27-h820042,2efaf1348f57,3.14.3,Windows-11-10.0.26200-SP0,"Intel64 Family 6 Model 170 Stepping 4, GenuineIntel",10000,3.0,3.075406859636261,0.8,11,28477,10000,0.351160585735857,random,280042,550042,820042,27,346351700,34635.17,8300.0,19200.0,27900.0,159556100,7,11365,1.1365,21365,4681,3667,1534,0.1534,1755.627348386417,0.8737617361736174,5,21365,37968,18477,2396240,239.624,3004372,True,34346654596730003,1577341961603407017,2305843009213693951
n10000-g2-t0.9-r27-h820042,2efaf1348f57,3.14.3,Windows-11-10.0.26200-SP0,"Intel64 Family 6 Model 170 Stepping 4, GenuineIntel",10000,2.0,2.026772599602447,0.9,11,12853,10000,0.7780284758422158,random,280042,550042,820042,27,299746000,29974.6,10700.0,17700.0,34301.00000000002,83586000,10,11506,1.1506,21506,6181,4635,3644,0.3644,3889.753364973158,0.9368203220322032,5,21506,19274,2853,1333680,133.368,1642564,True,1257834497491902634,1754321034693303767,2305843009213693951
n10000-g1.5-t0.8-r27-h820042,2efaf1348f57,3.14.3,Windows-11-10.0.26200-SP0,"Intel64 Family 6 Model 170 Stepping 4, GenuineIntel",10000,1.5,1.5290144697461625,0.8,11,14867,10000,0.6726306585054147,random,280042,550042,820042,27,417806400,41780.64,10500.0,17104.999999999927,27801.000000000022,103341800,17,23637,2.3637,33637,7358,5121,4943,0.4943,3362.8169771978205,1.469898609860986,6,33637,24768,4867,1436960,143.696,2163932,True,1453220451246324341,1939506817705713168,2305843009213693951
n10000-g4-t0.5-r27-h820042,2efaf1348f57,3.14.3,Windows-11-10.0.26200-SP0,"Intel64 Family 6 Model 170 Stepping 4, GenuineIntel",10000,4.0,4.061552575258115,0.5,11,49297,10000,0.20285210053350103,random,280042,550042,820042,27,333623700,33362.37,12300.0,19200.0,33000.0,142191700,6,8207,0.8207,18207,2446,2099,811,0.0811,1014.1590766172384,0.7996773077307731,3,18207,61620,39297,3730768,373.0768,4411032,True,759739811335782833,1382815769719890691,2305843009213693951
n10000-g3-t0.9-r27-h820042,2efaf1348f57,3.14.3,Windows-11-10.0.26200-SP0,"Intel64 Family 6 Model 170 Stepping 4, GenuineIntel",10000,3.0,3.075406859636261,0.9,11,28477,10000,0.351160585735857,random,280042,550042,820042,27,338323300,33832.33,14000.0,19700.0,34201.00000000002,106604100,7,12786,1.2786,22786,5455,4116,1534,0.1534,1755.627348386417,0.8737617361736174,5,22786,37968,18477,2396240,239.624,3065156,True,34346654596730003,1577341961603407017,2305843009213693951
n10000-g2-t0.5-r27-h820042,2efaf1348f57,3.14.3,Windows-11-10.0.26200-SP0,"Intel64 Family 6 Model 170 Stepping 4, GenuineIntel",10000,2.0,2.0244165297589,0.5,11,25717,10000,0.3888478438387059,random,280042,550042,820042,27,430798100,43079.81,14300.0,21504.999999999927,31602.000000000044,127027300,11,12816,1.2816,22816,3655,3015,2233,0.2233,1944.0447952716102,1.148636083608361,5,22816,38570,15717,2198160,219.816,2963324,True,1532092232845865248,406499675069645512,2305843009213693951
n10000-g1.25-t0.8-r27-h820042,2efaf1348f57,3.14.3,Windows-11-10.0.26200-SP0,"Intel64 Family 6 Model 170 Stepping 4, GenuineIntel",10000,1.25,1.2770357192166375,0.8,11,12889,10000,0.7758553805570642,random,280042,550042,820042,27,624571100,62457.11,13800.0,18100.0,36803.000000000065,84525100,29,40681,4.0681,50681,6816,4972,3636,0.3636,3878.8889750950425,0.9373818181818181,6,50681,23178,2889,1335376,133.5376,2081980,True,375585960353665405,1506033678287757911,2305843009213693951
n10000-g1.25-t0.7-r27-h820042,2efaf1348f57,3.14.3,Windows-11-10.0.26200-SP0,"Intel64 Family 6 Model 170 Stepping 4, GenuineIntel",10000,1.25,1.2761752609835624,0.7,11,16127,10000,0.6200781298443604,random,280042,550042,820042,27,736417900,73641.79,14600.0,20500.0,34101.00000000002,144993900,30,44614,4.4614,54614,5904,4510,2907,0.2907,3100.0806101568796,0.9377175517551756,6,54614,29016,6127,1562432,156.2432,2530264,True,902671558788536567,1693991790883451108,2305843009213693951
n10000-g4-t0.9-r27-h820042,2efaf1348f57,3.14.3,Windows-11-10.0.26200-SP0,"Intel64 Family 6 Model 170 Stepping 4, GenuineIntel",10000,4.0,4.073781941238894,0.9,11,12323,10000,0.8114907084313885,random,280042,550042,820042,27,294700700,29470.07,15100.0,20900.0,40806.00000000013,59813600,5,3685,0.3685,13685,5086,3910,3865,0.3865,4057.0477968027267,0.9526631663166316,6,13685,15402,2323,1301152,130.1152,1429860,True,556032528212927553,286169326214290328,2305843009213693951
n10000-g4-t0.7-r27-h820042,2efaf1348f57,3.14.3,Windows-11-10.0.26200-SP0,"Intel64 Family 6 Model 170 Stepping 4, GenuineIntel",10000,4.0,4.061552575258115,0.7,11,49297,10000,0.20285210053350103,random,280042,550042,820042,27,333224100,33322.41,8600.0,15800.0,25502.000000000044,163727700,6,11491,1.1491,21491,3861,3119,811,0.0811,1014.1590766172384,0.7996773077307731,3,21491,61620,39297,3730768,373.0768,4581128,True,759739811335782833,1382815769719890691,2305843009213693951
n10000-g3-t0.7-r27-h820042,2efaf1348f57,3.14.3,Windows-11-10.0.26200-SP0,"Intel64 Family 6 Model 170 Stepping 4, GenuineIntel",10000,3.0,3.075406859636261,0.7,11,28477,10000,0.351160585735857,random,280042,550042,820042,27,248273600,24827.36,8200.0,17800.0,22502.000000000044,88146200,7,9944,0.9944,19944,3939,3217,1534,0.1534,1755.627348386417,0.8737617361736174,5,19944,37968,18477,2396240,239.624,2944180,True,34346654596730003,1577341961603407017,2305843009213693951
n10000-g1.25-t0.5-r27-h820042,2efaf1348f57,3.14.3,Windows-11-10.0.26200-SP0,"Intel64 Family 6 Model 170 Stepping 4, GenuineIntel",10000,1.25,1.2753353982930995,0.5,11,20161,10000,0.49600714250285205,random,280042,550042,820042,27,632415500,63241.55,9100.0,17700.0,32908.000000000175,103549400,31,39928,3.9928,49928,4302,3497,2197,0.2197,2479.787708943009,0.8859629362936293,5,49928,36288,10161,1839984,183.9984,2950372,True,810838344961289353,287324224498951497,2305843009213693951
n10000-g1.25-t0.9-r27-h820042,2efaf1348f57,3.14.3,Windows-11-10.0.26200-SP0,"Intel64 Family 6 Model 170 Stepping 4, GenuineIntel",10000,1.25,1.2770357192166375,0.9,11,12889,10000,0.7758553805570642,random,280042,550042,820042,27,617407300,61740.73,13800.0,18500.0,33004.00000000009,113561200,29,45770,4.577,55770,7795,5409,3636,0.3636,3878.8889750950425,0.9373818181818181,6,55770,23178,2889,1335376,133.5376,2146492,True,375585960353665405,1506033678287757911,2305843009213693951
n10000-g3-t0.5-r27-h820042,2efaf1348f57,3.14.3,Windows-11-10.0.26200-SP0,"Intel64 Family 6 Model 170 Stepping 4, GenuineIntel",10000,3.0,3.075406859636261,0.5,11,28477,10000,0.351160585735857,random,280042,550042,820042,27,265524700,26552.47,8400.0,21900.0,34901.00000000002,78411000,7,7102,0.7102,17102,2805,2446,1534,0.1534,1755.627348386417,0.8737617361736174,5,17102,37968,18477,2396240,239.624,2812684,True,34346654596730003,1577341961603407017,2305843009213693951
n10000-g1.5-t0.7-r27-h820042,2efaf1348f57,3.14.3,Windows-11-10.0.26200-SP0,"Intel64 Family 6 Model 170 Stepping 4, GenuineIntel",10000,1.5,1.5290144697461625,0.7,11,14867,10000,0.6726306585054147,random,280042,550042,820042,27,340981300,34098.13,8100.0,16000.0,21502.000000000044,94267300,17,20680,2.068,30680,6641,4805,4943,0.4943,3362.8169771978205,1.469898609860986,6,30680,24768,4867,1436960,143.696,2101404,True,1453220451246324341,1939506817705713168,2305843009213693951
n10000-g1.5-t0.9-r27-h820042,2efaf1348f57,3.14.3,Windows-11-10.0.26200-SP0,"Intel64 Family 6 Model 170 Stepping 4, GenuineIntel",10000,1.5,1.5290144697461625,0.9,11,14867,10000,0.6726306585054147,random,280042,550042,820042,27,413373200,41337.32,8100.0,17500.0,22703.000000000065,104175600,17,26594,2.6594,36594,8089,5462,4943,0.4943,3362.8169771978205,1.469898609860986,6,36594,24768,4867,1436960,143.696,2226396,True,1453220451246324341,1939506817705713168,2305843009213693951
n10000-g2-t0.8-r27-h820042,2efaf1348f57,3.14.3,Windows-11-10.0.26200-SP0,"Intel64 Family 6 Model 170 Stepping 4, GenuineIntel",10000,2.0,2.026772599602447,0.8,11,12853,10000,0.7780284758422158,random,280042,550042,820042,27,265660500,26566.05,8000.0,19500.0,28800.0,67746200,10,10226,1.0226,20226,5673,4352,3644,0.3644,3889.753364973158,0.9368203220322032,5,20226,19274,2853,1333680,133.368,1602752,True,1257834497491902634,1754321034693303767,2305843009213693951
n10000-g1.5-t0.8-r28-h850042,2efaf1348f57,3.14.3,Windows-11-10.0.26200-SP0,"Intel64 Family 6 Model 170 Stepping 4, GenuineIntel",10000,1.5,1.5290144697461625,0.8,11,14867,10000,0.6726306585054147,random,290042,570042,850042,28,387955000,38795.5,9100.0,17700.0,28401.000000000022,82412600,17,23637,2.3637,33637,6382,4762,3152,0.3152,3362.8169771978205,0.9373094109410942,5,33637,24768,4867,1470144,147.0144,2161968,True,1491470663862949821,963101219273880453,2305843009213693951
n10000-g3-t0.9-r28-h850042,2efaf1348f57,3.14.3,Windows-11-10.0.26200-SP0,"Intel64 Family 6 Model 170 Stepping 4, GenuineIntel",10000,3.0,3.075406859636261,0.9,11,28477,10000,0.351160585735857,random,290042,570042,850042,28,270094300,27009.43,7500.0,16600.0,21900.0,105235100,7,12786,1.2786,22786,5334,4073,1499,0.1499,1755.627348386417,0.8538258425842585,4,22786,37968,18477,2396624,239.6624,3065328,True,2251282616446639390,1831628118073762918,2305843009213693951
n10000-g2-t0.9-r28-h850042,2efaf1348f57,3.14.3,Windows-11-10.0.26200-SP0,"Intel64 Family 6 Model 170 Stepping 4, GenuineIntel",10000,2.0,2.026772599602447,0.9,11,12853,10000,0.7780284758422158,random,290042,570042,850042,28,253196000,25319.6,8200.0,18800.0,26100.0,56084300,10,11506,1.1506,21506,6184,4643,3638,0.3638,3889.753364973158,0.9352778077807781,5,21506,19274,2853,1333904,133.3904,1643792,True,46912916639332168,500945612835907885,2305843009213693951
n10000-g2-t0.8-r28-h850042,2efaf1348f57,3.14.3,Windows-11-10.0.26200-SP0,"Intel64 Family 6 Model 170 Stepping 4, GenuineIntel",10000,2.0,2.026772599602447,0.8,11,12853,10000,0.7780284758422158,random,290042,570042,850042,28,246931000,24693.1,7800.0,19000.0,25103.000000000065,67166200,10,10226,1.0226,20226,5680,4362,3638,0.3638,3889.753364973158,0.9352778077807781,5,20226,19274,2853,1333904,133.3904,1603756,True,46912916639332168,500945612835907885,2305843009213693951
n10000-g1.5-t0.5-r28-h850042,2efaf1348f57,3.14.3,Windows-11-10.0.26200-SP0,"Intel64 Family 6 Model 170 Stepping 4, GenuineIntel",10000,1.5,1.5274118968527437,0.5,11,22303,10000,0.44837017441599786,random,290042,570042,850042,28,450779400,45077.94,8700.0,18300.0,27800.0,97945700,18,22203,2.2203,32203,3785,3159,2028,0.2028,2241.6266869927813,0.9047001500150015,5,32203,37170,12303,1986592,198.6592,2949588,True,1431310246647121583,2188558341807781932,2305843009213693951
n10000-g3-t0.5-r28-h850042,2efaf1348f57,3.14.3,Windows-11-10.0.26200-SP0,"Intel64 Family 6 Model 170 Stepping 4, GenuineIntel",10000,3.0,3.075406859636261,0.5,11,28477,10000,0.351160585735857,random,290042,570042,850042,28,246158500,24615.85,8100.0,18000.0,26701.000000000022,70704000,7,7102,0.7102,17102,2716,2386,1499,0.1499,1755.627348386417,0.8538258425842585,4,17102,37968,18477,2396624,239.6624,2813176,True,2251282616446639390,1831628118073762918,2305843009213693951
n10000-g2-t0.7-r28-h850042,2efaf1348f57,3.14.3,Windows-11-10.0.26200-SP0,"Intel64 Family 6 Model 170 Stepping 4, GenuineIntel",10000,2.0,2.0244165297589,0.7,11,25717,10000,0.3888478438387059,random,290042,570042,850042,28,414151600,41415.16,11600.0,20100.0,33200.0,156897600,11,17943,1.7943,27943,4809,3845,1705,0.1705,1944.0447952716102,0.8770374037403741,4,27943,38570,15717,2210224,221.0224,3137964,True,600958745333557809,372074595247293484,2305843009213693951
n10000-g1.25-t0.5-r28-h850042,2efaf1348f57,3.14.3,Windows-11-10.0.26200-SP0,"Intel64 Family 6 Model 170 Stepping 4, GenuineIntel",10000,1.25,1.2753353982930995,0.5,11,20161,10000,0.49600714250285205,random,290042,570042,850042,28,863044700,86304.47,15300.0,21000.0,47401.00000000002,125268500,31,39928,3.9928,49928,4261,3525,2234,0.2234,2479.787708943009,0.9008835683568356,5,49928,36288,10161,1840016,184.0016,2949000,True,724505897674087077,1128780623781401076,2305843009213693951
n10000-g1.5-t0.7-r28-h850042,2efaf1348f57,3.14.3,Windows-11-10.0.26200-SP0,"Intel64 Family 6 Model 170 Stepping 4, GenuineIntel",10000,1.5,1.5290144697461625,0.7,11,14867,10000,0.6726306585054147,random,290042,570042,850042,28,408022900,40802.29,14000.0,18700.0,26201.000000000022,101965700,17,20680,2.068,30680,5630,4348,3152,0.3152,3362.8169771978205,0.9373094109410942,5,30680,24768,4867,1470144,147.0144,2100248,True,1491470663862949821,963101219273880453,2305843009213693951
n10000-g3-t0.8-r28-h850042,2efaf1348f57,3.14.3,Windows-11-10.0.26200-SP0,"Intel64 Family 6 Model 170 Stepping 4, GenuineIntel",10000,3.0,3.075406859636261,0.8,11,28477,10000,0.351160585735857,random,290042,570042,850042,28,425660500,42566.05,15700.0,21500.0,46905.00000000011,157866100,7,11365,1.1365,21365,4591,3633,1499,0.1499,1755.627348386417,0.8538258425842585,4,21365,37968,18477,2396624,239.6624,3004640,True,2251282616446639390,1831628118073762918,2305843009213693951
n10000-g4-t0.9-r28-h850042,2efaf1348f57,3.14.3,Windows-11-10.0.26200-SP0,"Intel64 Family 6 Model 170 Stepping 4, GenuineIntel",10000,4.0,4.073781941238894,0.9,11,12323,10000,0.8114907084313885,random,290042,570042,850042,28,191838400,19183.84,8800.0,15300.0,24204.000000000087,43525100,5,3685,0.3685,13685,5053,3963,3810,0.381,4057.0477968027267,0.9391065106510651,5,13685,15402,2323,1299872,129.9872,1428588,True,915621094495308886,1291022350350724231,2305843009213693951
n10000-g1.25-t0.9-r28-h850042,2efaf1348f57,3.14.3,Windows-11-10.0.26200-SP0,"Intel64 Family 6 Model 170 Stepping 4, GenuineIntel",10000,1.25,1.2770357192166375,0.9,11,12889,10000,0.7758553805570642,random,290042,570042,850042,28,806293100,80629.31,15400.0,20100.0,47212.00000000026,135968600,29,45770,4.577,55770,7894,5471,3667,0.3667,3878.8889750950425,0.9453737973797379,5,55770,23178,2889,1335536,133.5536,2146816,True,1939267175524629260,2278719428970490970,2305843009213693951
n10000-g4-t0.8-r28-h850042,2efaf1348f57,3.14.3,Windows-11-10.0.26200-SP0,"Intel64 Family 6 Model 170 Stepping 4, GenuineIntel",10000,4.0,4.061552575258115,0.8,11,49297,10000,0.20285210053350103,random,290042,570042,850042,28,409156400,40915.64,8900.0,18400.0,30002.000000000044,210927700,6,13133,1.3133,23133,4871,3841,6061,0.6061,1014.1590766172384,5.9763799779978,7,23133,61620,39297,3623792,362.3792,4658436,True,1313739379405405839,1255900617343406827,2305843009213693951
n10000-g3-t0.7-r28-h850042,2efaf1348f57,3.14.3,Windows-11-10.0.26200-SP0,"Intel64 Family 6 Model 170 Stepping 4, GenuineIntel",10000,3.0,3.075406859636261,0.7,11,28477,10000,0.351160585735857,random,290042,570042,850042,28,305171200,30517.12,12300.0,17504.999999999927,26502.000000000044,114442900,7,9944,0.9944,19944,3799,3139,1499,0.1499,1755.627348386417,0.8538258425842585,4,19944,37968,18477,2396624,239.6624,2944896,True,2251282616446639390,1831628118073762918,2305843009213693951
n10000-g4-t0.5-r28-h850042,2efaf1348f57,3.14.3,Windows-11-10.0.26200-SP0,"Intel64 Family 6 Model 170 Stepping 4, GenuineIntel",10000,4.0,4.061552575258115,0.5,11,49297,10000,0.20285210053350103,random,290042,570042,850042,28,401195000,40119.5,15200.0,20500.0,39104.00000000009,158930300,6,8207,0.8207,18207,5570,3956,6061,0.6061,1014.1590766172384,5.9763799779978,7,18207,61620,39297,3623792,362.3792,4413408,True,1313739379405405839,1255900617343406827,2305843009213693951
n10000-g4-t0.7-r28-h850042,2efaf1348f57,3.14.3,Windows-11-10.0.26200-SP0,"Intel64 Family 6 Model 170 Stepping 4, GenuineIntel",10000,4.0,4.061552575258115,0.7,11,49297,10000,0.20285210053350103,random,290042,570042,850042,28,351638500,35163.85,8300.0,18700.0,29502.000000000044,164934200,6,11491,1.1491,21491,5196,3926,6061,0.6061,1014.1590766172384,5.9763799779978,7,21491,61620,39297,3623792,362.3792,4579984,True,1313739379405405839,1255900617343406827,2305843009213693951
n10000-g1.25-t0.7-r28-h850042,2efaf1348f57,3.14.3,Windows-11-10.0.26200-SP0,"Intel64 Family 6 Model 170 Stepping 4, GenuineIntel",10000,1.25,1.2761752609835624,0.7,11,16127,10000,0.6200781298443604,random,290042,570042,850042,28,621584600,62158.46,8100.0,17800.0,25804.000000000087,94107600,30,44614,4.4614,54614,5983,4496,2936,0.2936,3100.0806101568796,0.9470721472147215,5,54614,29016,6127,1561408,156.1408,2530784,True,1082596306831676997,858951011400866803,2305843009213693951
n10000-g1.25-t0.8-r28-h850042,2efaf1348f57,3.14.3,Windows-11-10.0.26200-SP0,"Intel64 Family 6 Model 170 Stepping 4, GenuineIntel",10000,1.25,1.2770357192166375,0.8,11,12889,10000,0.7758553805570642,random,290042,570042,850042,28,554131000,55413.1,8600.0,17800.0,28003.000000000065,91819100,29,40681,4.0681,50681,6928,5053,3667,0.3667,3878.8889750950425,0.9453737973797379,5,50681,23178,2889,1335536,133.5536,2082304,True,1939267175524629260,2278719428970490970,2305843009213693951
n10000-g1.5-t0.9-r28-h850042,2efaf1348f57,3.14.3,Windows-11-10.0.26200-SP0,"Intel64 Family 6 Model 170 Stepping 4, GenuineIntel",10000,1.5,1.5290144697461625,0.9,11,14867,10000,0.6726306585054147,random,290042,570042,850042,28,402626900,40262.69,9900.0,18600.0,33100.0,82821000,17,26594,2.6594,36594,7205,5152,3152,0.3152,3362.8169771978205,0.9373094109410942,5,36594,24768,4867,1470144,147.0144,2225912,True,1491470663862949821,963101219273880453,2305843009213693951
n10000-g2-t0.5-r28-h850042,2efaf1348f57,3.14.3,Windows-11-10.0.26200-SP0,"Intel64 Family 6 Model 170 Stepping 4, GenuineIntel",10000,2.0,2.0244165297589,0.5,11,25717,10000,0.3888478438387059,random,290042,570042,850042,28,325393800,32539.38,9200.0,17100.0,27500.0,88520100,11,12816,1.2816,22816,3296,2818,1705,0.1705,1944.0447952716102,0.8770374037403741,4,22816,38570,15717,2210224,221.0224,2963136,True,600958745333557809,372074595247293484,2305843009213693951
n10000-g2-t0.7-r29-h880042,2efaf1348f57,3.14.3,Windows-11-10.0.26200-SP0,"Intel64 Family 6 Model 170 Stepping 4, GenuineIntel",10000,2.0,2.0244165297589,0.7,11,25717,10000,0.3888478438387059,random,300042,590042,880042,29,387508600,38750.86,7900.0,19300.0,21700.0,131840900,11,17943,1.7943,27943,4828,3847,1713,0.1713,1944.0447952716102,0.8811525352535253,4,27943,38570,15717,2208976,220.8976,3137780,True,2250262931915352964,1114453727038095492,2305843009213693951
n10000-g3-t0.9-r29-h880042,2efaf1348f57,3.14.3,Windows-11-10.0.26200-SP0,"Intel64 Family 6 Model 170 Stepping 4, GenuineIntel",10000,3.0,3.075406859636261,0.9,11,28477,10000,0.351160585735857,random,300042,590042,880042,29,251311100,25131.11,7500.0,18100.0,22501.000000000022,99148700,7,12786,1.2786,22786,5256,4040,1576,0.1576,1755.627348386417,0.8976848084808482,6,22786,37968,18477,2395696,239.5696,3065568,True,678491216195804969,325192921217931005,2305843009213693951
n10000-g2-t0.8-r29-h880042,2efaf1348f57,3.14.3,Windows-11-10.0.26200-SP0,"Intel64 Family 6 Model 170 Stepping 4, GenuineIntel",10000,2.0,2.026772599602447,0.8,11,12853,10000,0.7780284758422158,random,300042,590042,880042,29,214571200,21457.12,8100.0,17300.0,26303.000000000065,49884500,10,10226,1.0226,20226,5727,4371,3678,0.3678,3889.753364973158,0.9455612361236123,5,20226,19274,2853,1333424,133.3424,1602584,True,1920210780371168717,46611119725795698,2305843009213693951
n10000-g1.5-t0.9-r29-h880042,2efaf1348f57,3.14.3,Windows-11-10.0.26200-SP0,"Intel64 Family 6 Model 170 Stepping 4, GenuineIntel",10000,1.5,1.5290144697461625,0.9,11,14867,10000,0.6726306585054147,random,300042,590042,880042,29,350704300,35070.43,8000.0,17200.0,22202.000000000044,92122500,17,26594,2.6594,36594,7226,5160,3202,0.3202,3362.8169771978205,0.952177897789779,5,36594,24768,4867,1469600,146.96,2225100,True,511504606693128242,1902422850716888177,2305843009213693951
n10000-g2-t0.5-r29-h880042,2efaf1348f57,3.14.3,Windows-11-10.0.26200-SP0,"Intel64 Family 6 Model 170 Stepping 4, GenuineIntel",10000,2.0,2.0244165297589,0.5,11,25717,10000,0.3888478438387059,random,300042,590042,880042,29,337854500,33785.45,8300.0,18100.0,28200.0,103975400,11,12816,1.2816,22816,3338,2875,1713,0.1713,1944.0447952716102,0.8811525352535253,4,22816,38570,15717,2208976,220.8976,2963792,True,2250262931915352964,1114453727038095492,2305843009213693951
n10000-g1.5-t0.5-r29-h880042,2efaf1348f57,3.14.3,Windows-11-10.0.26200-SP0,"Intel64 Family 6 Model 170 Stepping 4, GenuineIntel",10000,1.5,1.5274118968527437,0.5,11,22303,10000,0.44837017441599786,random,300042,590042,880042,29,445705600,44570.56,13500.0,18700.0,33504.00000000009,83245200,18,22203,2.2203,32203,3868,3247,2022,0.2022,2241.6266869927813,0.9020235223522352,4,32203,37170,12303,1986144,198.6144,2949288,True,1232422984305202967,1196773842883930384,2305843009213693951
n10000-g1.25-t0.9-r29-h880042,2efaf1348f57,3.14.3,Windows-11-10.0.26200-SP0,"Intel64 Family 6 Model 170 Stepping 4, GenuineIntel",10000,1.25,1.2770357192166375,0.9,11,12889,10000,0.7758553805570642,random,300042,590042,880042,29,607132200,60713.22,12200.0,18900.0,41901.00000000002,84828300,29,45770,4.577,55770,7726,5430,3640,0.364,3878.8889750950425,0.9384130413041304,6,55770,23178,2889,1335728,133.5728,2147196,True,645190540396222070,5840972659047250,2305843009213693951
n10000-g2-t0.9-r29-h880042,2efaf1348f57,3.14.3,Windows-11-10.0.26200-SP0,"Intel64 Family 6 Model 170 Stepping 4, GenuineIntel",10000,2.0,2.026772599602447,0.9,11,12853,10000,0.7780284758422158,random,300042,590042,880042,29,216336200,21633.62,7600.0,17100.0,20200.0,64061000,10,11506,1.1506,21506,6280,4673,3678,0.3678,3889.753364973158,0.9455612361236123,5,21506,19274,2853,1333424,133.3424,1642492,True,1920210780371168717,46611119725795698,2305843009213693951
n10000-g1.5-t0.7-r29-h880042,2efaf1348f57,3.14.3,Windows-11-10.0.26200-SP0,"Intel64 Family 6 Model 170 Stepping 4, GenuineIntel",10000,1.5,1.5290144697461625,0.7,11,14867,10000,0.6726306585054147,random,300042,590042,880042,29,448717700,44871.77,14500.0,18500.0,32600.0,97397500,17,20680,2.068,30680,5591,4303,3202,0.3202,3362.8169771978205,0.952177897789779,5,30680,24768,4867,1469600,146.96,2101068,True,511504606693128242,1902422850716888177,2305843009213693951
n10000-g1.25-t0.8-r29-h880042,2efaf1348f57,3.14.3,Windows-11-10.0.26200-SP0,"Intel64 Family 6 Model 170 Stepping 4, GenuineIntel",10000,1.25,1.2770357192166375,0.8,11,12889,10000,0.7758553805570642,random,300042,590042,880042,29,693746200,69374.62,14300.0,18000.0,28801.000000000022,120512200,29,40681,4.0681,50681,6991,5082,3640,0.364,3878.8889750950425,0.9384130413041304,6,50681,23178,2889,1335728,133.5728,2083036,True,645190540396222070,5840972659047250,2305843009213693951
n10000-g4-t0.7-r29-h880042,2efaf1348f57,3.14.3,Windows-11-10.0.26200-SP0,"Intel64 Family 6 Model 170 Stepping 4, GenuineIntel",10000,4.0,4.061552575258115,0.7,11,49297,10000,0.20285210053350103,random,300042,590042,880042,29,355011900,35501.19,13800.0,17800.0,31903.000000000065,168000400,6,11491,1.1491,21491,3882,3124,818,0.0818,1014.1590766172384,0.8065795779577958,4,21491,61620,39297,3730576,373.0576,4580932,True,2043859191182922587,682533896775369083,2305843009213693951
n10000-g4-t0.5-r29-h880042,2efaf1348f57,3.14.3,Windows-11-10.0.26200-SP0,"Intel64 Family 6 Model 170 Stepping 4, GenuineIntel",10000,4.0,4.061552575258115,0.5,11,49297,10000,0.20285210053350103,random,300042,590042,880042,29,320577700,32057.77,9200.0,18100.0,31501.000000000022,149775900,6,8207,0.8207,18207,2357,2057,818,0.0818,1014.1590766172384,0.8065795779577958,4,18207,61620,39297,3730576,373.0576,4413076,True,2043859191182922587,682533896775369083,2305843009213693951
n10000-g3-t0.5-r29-h880042,2efaf1348f57,3.14.3,Windows-11-10.0.26200-SP0,"Intel64 Family 6 Model 170 Stepping 4, GenuineIntel",10000,3.0,3.075406859636261,0.5,11,28477,10000,0.351160585735857,random,300042,590042,880042,29,357082400,35708.24,14600.0,19800.0,36101.00000000002,117393800,7,7102,0.7102,17102,2647,2309,1576,0.1576,1755.627348386417,0.8976848084808482,6,17102,37968,18477,2395696,239.5696,2814504,True,678491216195804969,325192921217931005,2305843009213693951
n10000-g4-t0.9-r29-h880042,2efaf1348f57,3.14.3,Windows-11-10.0.26200-SP0,"Intel64 Family 6 Model 170 Stepping 4, GenuineIntel",10000,4.0,4.073781941238894,0.9,11,12323,10000,0.8114907084313885,random,300042,590042,880042,29,192486100,19248.61,8800.0,17900.0,32902.000000000044,34364800,5,3685,0.3685,13685,5104,3904,3866,0.3866,4057.0477968027267,0.9529096509650965,6,13685,15402,2323,1300928,130.0928,1429664,True,999586264664797387,631601422980030367,2305843009213693951
n10000-g3-t0.7-r29-h880042,2efaf1348f57,3.14.3,Windows-11-10.0.26200-SP0,"Intel64 Family 6 Model 170 Stepping 4, GenuineIntel",10000,3.0,3.075406859636261,0.7,11,28477,10000,0.351160585735857,random,300042,590042,880042,29,322081700,32208.17,9400.0,19000.0,30002.000000000044,123493200,7,9944,0.9944,19944,3743,3087,1576,0.1576,1755.627348386417,0.8976848084808482,6,19944,37968,18477,2395696,239.5696,2945520,True,678491216195804969,325192921217931005,2305843009213693951
n10000-g1.25-t0.7-r29-h880042,2efaf1348f57,3.14.3,Windows-11-10.0.26200-SP0,"Intel64 Family 6 Model 170 Stepping 4, GenuineIntel",10000,1.25,1.2761752609835624,0.7,11,16127,10000,0.6200781298443604,random,300042,590042,880042,29,673060100,67306.01,14700.0,19304.999999999927,35302.000000000044,100739200,30,44614,4.4614,54614,6139,4612,2874,0.2874,3100.0806101568796,0.9270726672667268,5,54614,29016,6127,1562432,156.2432,2530996,True,562454744693985339,1414433606476692265,2305843009213693951
n10000-g1.25-t0.5-r29-h880042,2efaf1348f57,3.14.3,Windows-11-10.0.26200-SP0,"Intel64 Family 6 Model 170 Stepping 4, GenuineIntel",10000,1.25,1.2753353982930995,0.5,11,20161,10000,0.49600714250285205,random,300042,590042,880042,29,635502200,63550.22,8400.0,18000.0,28700.0,104534700,31,39928,3.9928,49928,4245,3518,2258,0.2258,2479.787708943009,0.9105618161816181,5,49928,36288,10161,1839152,183.9152,2950816,True,2198546659315071958,1416937495541912050,2305843009213693951
n10000-g4-t0.8-r29-h880042,2efaf1348f57,3.14.3,Windows-11-10.0.26200-SP0,"Intel64 Family 6 Model 170 Stepping 4, GenuineIntel",10000,4.0,4.061552575258115,0.8,11,49297,10000,0.20285210053350103,random,300042,590042,880042,29,438875800,43887.58,14200.0,19700.0,29802.000000000044,219353800,6,13133,1.3133,23133,4778,3707,818,0.0818,1014.1590766172384,0.8065795779577958,4,23133,61620,39297,3730576,373.0576,4659128,True,2043859191182922587,682533896775369083,2305843009213693951
n10000-g3-t0.8-r29-h880042,2efaf1348f57,3.14.3,Windows-11-10.0.26200-SP0,"Intel64 Family 6 Model 170 Stepping 4, GenuineIntel",10000,3.0,3.075406859636261,0.8,11,28477,10000,0.351160585735857,random,300042,590042,880042,29,353453400,35345.34,14100.0,19100.0,34004.00000000009,142673900,7,11365,1.1365,21365,4475,3572,1576,0.1576,1755.627348386417,0.8976848084808482,6,21365,37968,18477,2395696,239.5696,3005072,True,678491216195804969,325192921217931005,2305843009213693951
n10000-g1.5-t0.8-r29-h880042,2efaf1348f57,3.14.3,Windows-11-10.0.26200-SP0,"Intel64 Family 6 Model 170 Stepping 4, GenuineIntel",10000,1.5,1.5290144697461625,0.8,11,14867,10000,0.6726306585054147,random,300042,590042,880042,29,418067100,41806.71,14100.0,18200.0,32300.0,98876300,17,23637,2.3637,33637,6394,4765,3202,0.3202,3362.8169771978205,0.952177897789779,5,33637,24768,4867,1469600,146.96,2162764,True,511504606693128242,1902422850716888177,2305843009213693951
n10000-g2-t0.7-r30-h910042,2efaf1348f57,3.14.3,Windows-11-10.0.26200-SP0,"Intel64 Family 6 Model 170 Stepping 4, GenuineIntel",10000,2.0,2.0244165297589,0.7,11,25717,10000,0.3888478438387059,random,310042,610042,910042,30,337289100,33728.91,7600.0,17400.0,28600.0,126519900,11,17943,1.7943,27943,4851,3855,1736,0.1736,1944.0447952716102,0.8929835383538354,4,27943,38570,15717,2209072,220.9072,3137916,True,1713232828679741629,447479567825967931,2305843009213693951
n10000-g4-t0.8-r30-h910042,2efaf1348f57,3.14.3,Windows-11-10.0.26200-SP0,"Intel64 Family 6 Model 170 Stepping 4, GenuineIntel",10000,4.0,4.061552575258115,0.8,11,49297,10000,0.20285210053350103,random,310042,610042,910042,30,515511800,51551.18,15800.0,20300.0,40600.0,249263300,6,13133,1.3133,23133,4985,3829,1117,0.1117,1014.1590766172384,1.1014051205120512,4,23133,61620,39297,3721840,372.184,4656408,True,2064693972084416295,1882820822168737430,2305843009213693951
n10000-g2-t0.9-r30-h910042,2efaf1348f57,3.14.3,Windows-11-10.0.26200-SP0,"Intel64 Family 6 Model 170 Stepping 4, GenuineIntel",10000,2.0,2.026772599602447,0.9,11,12853,10000,0.7780284758422158,random,310042,610042,910042,30,281033600,28103.36,10200.0,17700.0,31800.0,58341800,10,11506,1.1506,21506,6229,4683,3703,0.3703,3889.753364973158,0.9519883788378838,6,21506,19274,2853,1332720,133.272,1643520,True,1979014748295423876,1316328654974645259,2305843009213693951
n10000-g4-t0.9-r30-h910042,2efaf1348f57,3.14.3,Windows-11-10.0.26200-SP0,"Intel64 Family 6 Model 170 Stepping 4, GenuineIntel",10000,4.0,4.073781941238894,0.9,11,12323,10000,0.8114907084313885,random,310042,610042,910042,30,216274500,21627.45,13900.0,18200.0,33505.00000000011,51018100,5,3685,0.3685,13685,5315,4023,4061,0.4061,4057.0477968027267,1.0009741574157416,6,13685,15402,2323,1297792,129.7792,1426528,True,44559943602583795,396357008056293727,2305843009213693951
n10000-g3-t0.5-r30-h910042,2efaf1348f57,3.14.3,Windows-11-10.0.26200-SP0,"Intel64 Family 6 Model 170 Stepping 4, GenuineIntel",10000,3.0,3.075406859636261,0.5,11,28477,10000,0.351160585735857,random,310042,610042,910042,30,262660100,26266.01,7700.0,19300.0,27603.000000000065,94666300,7,7102,0.7102,17102,2732,2376,1510,0.151,1755.627348386417,0.8600914091409142,4,17102,37968,18477,2396912,239.6912,2812876,True,1110283022972620018,1875878717278102298,2305843009213693951
n10000-g4-t0.7-r30-h910042,2efaf1348f57,3.14.3,Windows-11-10.0.26200-SP0,"Intel64 Family 6 Model 170 Stepping 4, GenuineIntel",10000,4.0,4.061552575258115,0.7,11,49297,10000,0.20285210053350103,random,310042,610042,910042,30,351981300,35198.13,7700.0,17100.0,25800.0,166342300,6,11491,1.1491,21491,4075,3258,1117,0.1117,1014.1590766172384,1.1014051205120512,4,21491,61620,39297,3721840,372.184,4579076,True,2064693972084416295,1882820822168737430,2305843009213693951
n10000-g3-t0.8-r30-h910042,2efaf1348f57,3.14.3,Windows-11-10.0.26200-SP0,"Intel64 Family 6 Model 170 Stepping 4, GenuineIntel",10000,3.0,3.075406859636261,0.8,11,28477,10000,0.351160585735857,random,310042,610042,910042,30,356188000,35618.8,10500.0,17300.0,25805.00000000011,145757000,7,11365,1.1365,21365,4525,3565,1510,0.151,1755.627348386417,0.8600914091409142,4,21365,37968,18477,2396912,239.6912,3004852,True,1110283022972620018,1875878717278102298,2305843009213693951
n10000-g1.5-t0.5-r30-h910042,2efaf1348f57,3.14.3,Windows-11-10.0.26200-SP0,"Intel64 Family 6 Model 170 Stepping 4, GenuineIntel",10000,1.5,1.5274118968527437,0.5,11,22303,10000,0.44837017441599786,random,310042,610042,910042,30,551927400,55192.74,14400.0,18500.0,34101.00000000002,134963200,18,22203,2.2203,32203,4077,3341,2034,0.2034,2241.6266869927813,0.9073767776777678,5,32203,37170,12303,1986368,198.6368,2944216,True,1755229321092251236,1224059889578531538,2305843009213693951
n10000-g2-t0.5-r30-h910042,2efaf1348f57,3.14.3,Windows-11-10.0.26200-SP0,"Intel64 Family 6 Model 170 Stepping 4, GenuineIntel",10000,2.0,2.0244165297589,0.5,11,25717,10000,0.3888478438387059,random,310042,610042,910042,30,386110000,38611.0,14000.0,19600.0,32503.000000000065,91872000,11,12816,1.2816,22816,3346,2849,1736,0.1736,1944.0447952716102,0.8929835383538354,4,22816,38570,15717,2209072,220.9072,2963608,True,1713232828679741629,447479567825967931,2305843009213693951
n10000-g2-t0.8-r30-h910042,2efaf1348f57,3.14.3,Windows-11-10.0.26200-SP0,"Intel64 Family 6 Model 170 Stepping 4, GenuineIntel",10000,2.0,2.026772599602447,0.8,11,12853,10000,0.7780284758422158,random,310042,610042,910042,30,280387400,28038.74,13800.0,18300.0,27801.000000000022,60008100,10,10226,1.0226,20226,5728,4408,3703,0.3703,3889.753364973158,0.9519883788378838,6,20226,19274,2853,1332720,133.272,1603420,True,1979014748295423876,1316328654974645259,2305843009213693951
n10000-g1.5-t0.8-r30-h910042,2efaf1348f57,3.14.3,Windows-11-10.0.26200-SP0,"Intel64 Family 6 Model 170 Stepping 4, GenuineIntel",10000,1.5,1.5290144697461625,0.8,11,14867,10000,0.6726306585054147,random,310042,610042,910042,30,368068000,36806.8,8100.0,18400.0,25301.000000000022,93812100,17,23637,2.3637,33637,6711,4849,3567,0.3567,3362.8169771978205,1.0607178517851785,5,33637,24768,4867,1463936,146.3936,2162616,True,1355370745998518955,1670148797154559801,2305843009213693951
n10000-g1.5-t0.9-r30-h910042,2efaf1348f57,3.14.3,Windows-11-10.0.26200-SP0,"Intel64 Family 6 Model 170 Stepping 4, GenuineIntel",10000,1.5,1.5290144697461625,0.9,11,14867,10000,0.6726306585054147,random,310042,610042,910042,30,576878100,57687.81,14900.0,19700.0,33900.0,143441100,17,26594,2.6594,36594,7648,5293,3567,0.3567,3362.8169771978205,1.0607178517851785,5,36594,24768,4867,1463936,146.3936,2225272,True,1355370745998518955,1670148797154559801,2305843009213693951
n10000-g1.25-t0.9-r30-h910042,2efaf1348f57,3.14.3,Windows-11-10.0.26200-SP0,"Intel64 Family 6 Model 170 Stepping 4, GenuineIntel",10000,1.25,1.2770357192166375,0.9,11,12889,10000,0.7758553805570642,random,310042,610042,910042,30,724920100,72492.01,14500.0,19400.0,30901.000000000022,128854300,29,45770,4.577,55770,7656,5392,3665,0.3665,3878.8889750950425,0.9448581858185818,5,55770,23178,2889,1335888,133.5888,2147056,True,2015062273000490466,423051070701126239,2305843009213693951
n10000-g1.25-t0.8-r30-h910042,2efaf1348f57,3.14.3,Windows-11-10.0.26200-SP0,"Intel64 Family 6 Model 170 Stepping 4, GenuineIntel",10000,1.25,1.2770357192166375,0.8,11,12889,10000,0.7758553805570642,random,310042,610042,910042,30,725491400,72549.14,14400.0,21600.0,37705.00000000011,113632300,29,40681,4.0681,50681,6850,4974,3665,0.3665,3878.8889750950425,0.9448581858185818,5,50681,23178,2889,1335888,133.5888,2081936,True,2015062273000490466,423051070701126239,2305843009213693951
n10000-g1.25-t0.7-r30-h910042,2efaf1348f57,3.14.3,Windows-11-10.0.26200-SP0,"Intel64 Family 6 Model 170 Stepping 4, GenuineIntel",10000,1.25,1.2761752609835624,0.7,11,16127,10000,0.6200781298443604,random,310042,610042,910042,30,561448800,56144.88,7900.0,18700.0,30000.0,103417800,30,44614,4.4614,54614,5994,4515,2938,0.2938,3100.0806101568796,0.947717291729173,5,54614,29016,6127,1560544,156.0544,2529388,True,2234224214236998200,628333610730994445,2305843009213693951
n10000-g3-t0.9-r30-h910042,2efaf1348f57,3.14.3,Windows-11-10.0.26200-SP0,"Intel64 Family 6 Model 170 Stepping 4, GenuineIntel",10000,3.0,3.075406859636261,0.9,11,28477,10000,0.351160585735857,random,310042,610042,910042,30,343009500,34300.95,8400.0,18500.0,28707.000000000153,144551500,7,12786,1.2786,22786,5317,4029,1510,0.151,1755.627348386417,0.8600914091409142,4,22786,37968,18477,2396912,239.6912,3065892,True,1110283022972620018,1875878717278102298,2305843009213693951
n10000-g1.5-t0.7-r30-h910042,2efaf1348f57,3.14.3,Windows-11-10.0.26200-SP0,"Intel64 Family 6 Model 170 Stepping 4, GenuineIntel",10000,1.5,1.5290144697461625,0.7,11,14867,10000,0.6726306585054147,random,310042,610042,910042,30,391178500,39117.85,8500.0,17604.999999999927,31101.000000000022,82255800,17,20680,2.068,30680,5960,4456,3567,0.3567,3362.8169771978205,1.0607178517851785,5,30680,24768,4867,1463936,146.3936,2101048,True,1355370745998518955,1670148797154559801,2305843009213693951
n10000-g4-t0.5-r30-h910042,2efaf1348f57,3.14.3,Windows-11-10.0.26200-SP0,"Intel64 Family 6 Model 170 Stepping 4, GenuineIntel",10000,4.0,4.061552575258115,0.5,11,49297,10000,0.20285210053350103,random,310042,610042,910042,30,316339000,31633.9,9300.0,18100.0,27202.000000000044,134672600,6,8207,0.8207,18207,2622,2258,1117,0.1117,1014.1590766172384,1.1014051205120512,4,18207,61620,39297,3721840,372.184,4411220,True,2064693972084416295,1882820822168737430,2305843009213693951
n10000-g3-t0.7-r30-h910042,2efaf1348f57,3.14.3,Windows-11-10.0.26200-SP0,"Intel64 Family 6 Model 170 Stepping 4, GenuineIntel",10000,3.0,3.075406859636261,0.7,11,28477,10000,0.351160585735857,random,310042,610042,910042,30,363007800,36300.78,14300.0,18600.0,37200.0,133453800,7,9944,0.9944,19944,3861,3137,1510,0.151,1755.627348386417,0.8600914091409142,4,19944,37968,18477,2396912,239.6912,2944116,True,1110283022972620018,1875878717278102298,2305843009213693951
n10000-g1.25-t0.5-r30-h910042,2efaf1348f57,3.14.3,Windows-11-10.0.26200-SP0,"Intel64 Family 6 Model 170 Stepping 4, GenuineIntel",10000,1.25,1.2753353982930995,0.5,11,20161,10000,0.49600714250285205,random,310042,610042,910042,30,867582700,86758.27,15700.0,20300.0,36805.00000000011,130342800,31,39928,3.9928,49928,4196,3470,2190,0.219,2479.787708943009,0.883140114011401,5,49928,36288,10161,1839920,183.992,2949240,True,1531377240699542956,357669553273315711,2305843009213693951
n100000-g1.25-t0.7-r1-h130042,2efaf1348f57,3.14.3,Windows-11-10.0.26200-SP0,"Intel64 Family 6 Model 170 Stepping 4, GenuineIntel",100000,1.25,1.2696893707341963,0.7,11,150473,100000,0.6645710526140902,random,110042,120042,130042,1,7671307600,76713.076,14800.0,20100.0,35000.0,1045154800,40,420512,4.20512,520512,60155,45527,30788,0.30788,33228.220345178204,0.9265618104181041,6,520512,270844,50473,14890192,148.90192,23554932,True,1682386841849549984,717563874184279997,2305843009213693951
n100000-g2-t0.7-r1-h130042,2efaf1348f57,3.14.3,Windows-11-10.0.26200-SP0,"Intel64 Family 6 Model 170 Stepping 4, GenuineIntel",100000,2.0,2.01920038622886,0.7,11,205759,100000,0.48600547242161946,random,110042,120042,130042,1,3517820800,35178.208,10800.0,18900.0,32300.999999999476,950188000,14,143962,1.43962,243962,48129,38052,22194,0.22194,24300.03061834476,0.9133321825218252,5,243962,308636,105759,18725184,187.25184,25248128,True,999979942546688081,1422580042733533478,2305843009213693951
n100000-g4-t0.7-r1-h130042,2efaf1348f57,3.14.3,Windows-11-10.0.26200-SP0,"Intel64 Family 6 Model 170 Stepping 4, GenuineIntel",100000,4.0,4.052802818528498,0.7,11,197203,100000,0.5070916771043037,random,110042,120042,130042,1,2173981800,21739.818,8600.0,19500.0,32100.0,588852900,7,45998,0.45998,145998,35129,29316,22939,0.22939,25354.330309376634,0.9047369707697076,6,145998,246500,97203,18024064,180.24064,19229728,True,719411767517639018,2162287493092420241,2305843009213693951
n100000-g4-t0.9-r1-h130042,2efaf1348f57,3.14.3,Windows-11-10.0.26200-SP0,"Intel64 Family 6 Model 170 Stepping 4, GenuineIntel",100000,4.0,4.052802818528498,0.9,11,197203,100000,0.5070916771043037,random,110042,120042,130042,1,2488563900,24885.639,8700.0,19100.0,32000.0,813477300,7,59142,0.59142,159142,43148,34186,22939,0.22939,25354.330309376634,0.9047369707697076,6,159142,246500,97203,18024064,180.24064,19229608,True,719411767517639018,2162287493092420241,2305843009213693951
n100000-g3-t0.7-r1-h130042,2efaf1348f57,3.14.3,Windows-11-10.0.26200-SP0,"Intel64 Family 6 Model 170 Stepping 4, GenuineIntel",100000,3.0,3.05870700345102,0.7,11,256337,100000,0.39011145484264853,random,110042,120042,130042,1,2548869100,25488.691,8400.0,17100.0,25500.0,879782000,9,89684,0.89684,189684,38310,31470,17392,0.17392,19505.377686405005,0.8916515373153732,5,189684,341776,156337,21905872,219.05872,26211192,True,970646117819075627,1851951273409453420,2305843009213693951
n100000-g1.25-t0.9-r1-h130042,2efaf1348f57,3.14.3,Windows-11-10.0.26200-SP0,"Intel64 Family 6 Model 170 Stepping 4, GenuineIntel",100000,1.25,1.2701922559901528,0.9,11,120371,100000,0.830764885229831,random,110042,120042,130042,1,5641695900,56416.959,9200.0,19200.0,26600.0,938028600,39,432337,4.32337,532337,78134,54727,39988,0.39988,41537.82887904894,0.9626887364873649,7,532337,216652,20371,12754528,127.54528,20019404,True,1957475282984392597,1383802142995387023,2305843009213693951
n100000-g1.5-t0.9-r1-h130042,2efaf1348f57,3.14.3,Windows-11-10.0.26200-SP0,"Intel64 Family 6 Model 170 Stepping 4, GenuineIntel",100000,1.5,1.5224810805919142,0.9,11,112997,100000,0.8849792472366523,random,110042,120042,130042,1,3275674800,32756.748,8500.0,18500.0,26500.999999999476,656454400,22,203133,2.03133,303133,72363,51794,41673,0.41673,44248.519872209,0.9417942141421414,7,303133,188320,12997,12304400,123.044,16940560,True,1540785225695580911,594835306173958275,2305843009213693951
n100000-g1.5-t0.8-r1-h130042,2efaf1348f57,3.14.3,Windows-11-10.0.26200-SP0,"Intel64 Family 6 Model 170 Stepping 4, GenuineIntel",100000,1.5,1.5215057585600311,0.8,11,169501,100000,0.5899670208435348,random,110042,120042,130042,1,4375634700,43756.347,9800.0,19100.0,27200.999999999476,928426500,23,270957,2.70957,370957,63438,47168,28045,0.28045,29498.05605866632,0.9507406164061641,6,370957,282498,69501,16183536,161.83536,24803244,True,212489268088544636,1755092834550616489,2305843009213693951
n100000-g1.5-t0.7-r1-h130042,2efaf1348f57,3.14.3,Windows-11-10.0.26200-SP0,"Intel64 Family 6 Model 170 Stepping 4, GenuineIntel",100000,1.5,1.5215057585600311,0.7,11,169501,100000,0.5899670208435348,random,110042,120042,130042,1,4059715900,40597.159,8700.0,18600.0,26200.999999999476,931753300,23,237084,2.37084,337084,55277,42606,28045,0.28045,29498.05605866632,0.9507406164061641,6,337084,282498,69501,16183536,161.83536,24085868,True,212489268088544636,1755092834550616489,2305843009213693951
n100000-g2-t0.9-r1-h130042,2efaf1348f57,3.14.3,Windows-11-10.0.26200-SP0,"Intel64 Family 6 Model 170 Stepping 4, GenuineIntel",100000,2.0,2.01920038622886,0.9,11,205759,100000,0.48600547242161946,random,110042,120042,130042,1,3733698700,37336.987,8300.0,19200.0,27400.0,1222030100,14,185100,1.851,285100,65711,47610,22194,0.22194,24300.03061834476,0.9133321825218252,5,285100,308636,105759,18725184,187.25184,26542028,True,999979942546688081,1422580042733533478,2305843009213693951
n100000-g1.25-t0.5-r1-h130042,2efaf1348f57,3.14.3,Windows-11-10.0.26200-SP0,"Intel64 Family 6 Model 170 Stepping 4, GenuineIntel",100000,1.25,1.268757469795743,0.5,11,235159,100000,0.42524419647982853,random,110042,120042,130042,1,8264869000,82648.69,12600.0,19600.0,29600.999999999476,1410331000,42,469652,4.69652,569652,43158,35293,19336,0.19336,21261.997201893188,0.9094159789597895,5,569652,423266,135159,20670656,206.70656,34380832,True,1884291552515877049,18480858049453686,2305843009213693951
n100000-g1.25-t0.8-r1-h130042,2efaf1348f57,3.14.3,Windows-11-10.0.26200-SP0,"Intel64 Family 6 Model 170 Stepping 4, GenuineIntel",100000,1.25,1.2696893707341963,0.8,11,150473,100000,0.6645710526140902,random,110042,120042,130042,1,8515288300,85152.883,15100.0,21000.0,37500.0,1479738900,40,480591,4.80591,580591,68984,50170,30788,0.30788,33228.220345178204,0.9265618104181041,6,580591,270844,50473,14890192,148.90192,24308572,True,1682386841849549984,717563874184279997,2305843009213693951
n100000-g2-t0.5-r1-h130042,2efaf1348f57,3.14.3,Windows-11-10.0.26200-SP0,"Intel64 Family 6 Model 170 Stepping 4, GenuineIntel",100000,2.0,2.01920038622886,0.5,11,205759,100000,0.48600547242161946,random,110042,120042,130042,1,4120933400,41209.334,15600.0,20500.0,36300.0,1054183900,14,102830,1.0283,202830,35429,29950,22194,0.22194,24300.03061834476,0.9133321825218252,5,202830,308636,105759,18725184,187.25184,23846708,True,999979942546688081,1422580042733533478,2305843009213693951
n100000-g3-t0.9-r1-h130042,2efaf1348f57,3.14.3,Windows-11-10.0.26200-SP0,"Intel64 Family 6 Model 170 Stepping 4, GenuineIntel",100000,3.0,3.05870700345102,0.9,11,256337,100000,0.39011145484264853,random,110042,120042,130042,1,3663903900,36639.039,14300.0,20000.0,32400.0,1367402400,9,115310,1.1531,215310,51879,39758,17392,0.17392,19505.377686405005,0.8916515373153732,5,215310,341776,156337,21905872,219.05872,27279816,True,970646117819075627,1851951273409453420,2305843009213693951
n100000-g2-t0.8-r1-h130042,2efaf1348f57,3.14.3,Windows-11-10.0.26200-SP0,"Intel64 Family 6 Model 170 Stepping 4, GenuineIntel",100000,2.0,2.01920038622886,0.8,11,205759,100000,0.48600547242161946,random,110042,120042,130042,1,3925478200,39254.782,13900.0,20000.0,31700.0,1126700200,14,164531,1.64531,264531,56265,42710,22194,0.22194,24300.03061834476,0.9133321825218252,5,264531,308636,105759,18725184,187.25184,25891848,True,999979942546688081,1422580042733533478,2305843009213693951
n100000-g1.5-t0.5-r1-h130042,2efaf1348f57,3.14.3,Windows-11-10.0.26200-SP0,"Intel64 Family 6 Model 170 Stepping 4, GenuineIntel",100000,1.5,1.5206110372944526,0.5,11,254257,100000,0.3933028392531966,random,110042,120042,130042,1,5573005400,55730.054,9800.0,19900.0,57601.99999999895,1245422800,24,254094,2.54094,354094,39052,32518,17288,0.17288,19664.9453112402,0.8791277944779449,5,354094,423758,154257,21792272,217.92272,33529656,True,1994289647909327458,1889950183191132913,2305843009213693951
n100000-g3-t0.8-r1-h130042,2efaf1348f57,3.14.3,Windows-11-10.0.26200-SP0,"Intel64 Family 6 Model 170 Stepping 4, GenuineIntel",100000,3.0,3.05870700345102,0.8,11,256337,100000,0.39011145484264853,random,110042,120042,130042,1,3344894700,33448.947,13800.0,19600.0,33000.0,1187741100,9,102497,1.02497,202497,44631,35487,17392,0.17392,19505.377686405005,0.8916515373153732,5,202497,341776,156337,21905872,219.05872,26743224,True,970646117819075627,1851951273409453420,2305843009213693951
n100000-g4-t0.5-r1-h130042,2efaf1348f57,3.14.3,Windows-11-10.0.26200-SP0,"Intel64 Family 6 Model 170 Stepping 4, GenuineIntel",100000,4.0,4.046203100077032,0.5,11,788813,100000,0.12677275856254905,random,110042,120042,130042,1,5674500200,56745.002,15100.0,20800.0,40200.999999999476,2809164100,8,131456,1.31456,231456,28746,24872,4215,0.04215,6338.574541748171,0.6649760087600876,4,231456,986016,688813,56716240,567.1624,70802076,True,1310438515052732362,715442673291994606,2305843009213693951
n100000-g3-t0.5-r1-h130042,2efaf1348f57,3.14.3,Windows-11-10.0.26200-SP0,"Intel64 Family 6 Model 170 Stepping 4, GenuineIntel",100000,3.0,3.05870700345102,0.5,11,256337,100000,0.39011145484264853,random,110042,120042,130042,1,3001136200,30011.362,13700.0,19100.0,31200.0,1007953600,9,64059,0.64059,164059,28035,24448,17392,0.17392,19505.377686405005,0.8916515373153732,5,164059,341776,156337,21905872,219.05872,25060976,True,970646117819075627,1851951273409453420,2305843009213693951
n100000-g4-t0.8-r1-h130042,2efaf1348f57,3.14.3,Windows-11-10.0.26200-SP0,"Intel64 Family 6 Model 170 Stepping 4, GenuineIntel",100000,4.0,4.052802818528498,0.8,11,197203,100000,0.5070916771043037,random,110042,120042,130042,1,2808660000,28086.6,14500.0,20300.0,36000.0,783213600,7,52570,0.5257,152570,38849,31640,22939,0.22939,25354.330309376634,0.9047369707697076,6,152570,246500,97203,18024064,180.24064,19229652,True,719411767517639018,2162287493092420241,2305843009213693951
n100000-g4-t0.7-r2-h160042,2efaf1348f57,3.14.3,Windows-11-10.0.26200-SP0,"Intel64 Family 6 Model 170 Stepping 4, GenuineIntel",100000,4.0,4.052802818528498,0.7,11,197203,100000,0.5070916771043037,random,120042,140042,160042,2,2614616300,26146.163,14000.0,19700.0,32500.0,756202000,7,45998,0.45998,145998,35458,29525,23645,0.23645,25354.330309376634,0.9325823128231282,6,145998,246500,97203,18012960,180.1296,19218520,True,894173606836323480,1354168775011378655,2305843009213693951
n100000-g1.5-t0.8-r2-h160042,2efaf1348f57,3.14.3,Windows-11-10.0.26200-SP0,"Intel64 Family 6 Model 170 Stepping 4, GenuineIntel",100000,1.5,1.5215057585600311,0.8,11,169501,100000,0.5899670208435348,random,120042,140042,160042,2,4740866400,47408.664,10500.0,18700.0,28700.999999999476,1092483900,23,270957,2.70957,370957,77566,52744,27036,0.27036,29498.05605866632,0.9165349725497255,6,370957,282498,69501,16198128,161.98128,24419424,True,601283613490519270,1745610350841788664,2305843009213693951
n100000-g3-t0.5-r2-h160042,2efaf1348f57,3.14.3,Windows-11-10.0.26200-SP0,"Intel64 Family 6 Model 170 Stepping 4, GenuineIntel",100000,3.0,3.05870700345102,0.5,11,256337,100000,0.39011145484264853,random,120042,140042,160042,2,2829663100,28296.631,11100.0,19600.0,30400.0,810010200,9,64059,0.64059,164059,28591,24755,18118,0.18118,19505.377686405005,0.9288720419204193,5,164059,341776,156337,21892912,218.92912,25058288,True,1503942475914619708,1023847897107854201,2305843009213693951
n100000-g1.25-t0.8-r2-h160042,2efaf1348f57,3.14.3,Windows-11-10.0.26200-SP0,"Intel64 Family 6 Model 170 Stepping 4, GenuineIntel",100000,1.25,1.2696893707341963,0.8,11,150473,100000,0.6645710526140902,random,120042,140042,160042,2,7121924500,71219.245,9600.0,19400.0,30700.0,1228653700,40,480591,4.80591,580591,71345,51075,31579,0.31579,33228.220345178204,0.9503668770687707,6,580591,270844,50473,14875536,148.75536,24323168,True,1789452616942995240,1695454618779726206,2305843009213693951
n100000-g1.25-t0.9-r2-h160042,2efaf1348f57,3.14.3,Windows-11-10.0.26200-SP0,"Intel64 Family 6 Model 170 Stepping 4, GenuineIntel",100000,1.25,1.2701922559901528,0.9,11,120371,100000,0.830764885229831,random,120042,140042,160042,2,6370431200,63704.312,13400.0,19600.0,30700.0,869787600,39,432337,4.32337,532337,80711,55399,38924,0.38924,41537.82887904894,0.9370735315353154,7,532337,216652,20371,12768736,127.68736,20006384,True,2105234910408747199,2151021803522134678,2305843009213693951
n100000-g2-t0.5-r2-h160042,2efaf1348f57,3.14.3,Windows-11-10.0.26200-SP0,"Intel64 Family 6 Model 170 Stepping 4, GenuineIntel",100000,2.0,2.01920038622886,0.5,11,205759,100000,0.48600547242161946,random,120042,140042,160042,2,3015263500,30152.635,8800.0,19400.0,30600.0,824204200,14,102830,1.0283,202830,34997,29664,21866,0.21866,24300.03061834476,0.8998342571425715,5,202830,308636,105759,18734848,187.34848,23853052,True,1238016653881973143,1675051887242332895,2305843009213693951
n100000-g2-t0.7-r2-h160042,2efaf1348f57,3.14.3,Windows-11-10.0.26200-SP0,"Intel64 Family 6 Model 170 Stepping 4, GenuineIntel",100000,2.0,2.01920038622886,0.7,11,205759,100000,0.48600547242161946,random,120042,140042,160042,2,3951893900,39518.939,14200.0,19300.0,30500.0,1118387800,14,143962,1.43962,243962,47176,37658,21866,0.21866,24300.03061834476,0.8998342571425715,5,243962,308636,105759,18734848,187.34848,25258824,True,1238016653881973143,1675051887242332895,2305843009213693951
n100000-g3-t0.8-r2-h160042,2efaf1348f57,3.14.3,Windows-11-10.0.26200-SP0,"Intel64 Family 6 Model 170 Stepping 4, GenuineIntel",100000,3.0,3.05870700345102,0.8,11,256337,100000,0.39011145484264853,random,120042,140042,160042,2,3340290000,33402.9,13800.0,19800.0,32400.0,1240631600,9,102497,1.02497,202497,44841,35682,18118,0.18118,19505.377686405005,0.9288720419204193,5,202497,341776,156337,21892912,218.92912,26739576,True,1503942475914619708,1023847897107854201,2305843009213693951
n100000-g1.5-t0.5-r2-h160042,2efaf1348f57,3.14.3,Windows-11-10.0.26200-SP0,"Intel64 Family 6 Model 170 Stepping 4, GenuineIntel",100000,1.5,1.5206110372944526,0.5,11,254257,100000,0.3933028392531966,random,120042,140042,160042,2,6289693300,62896.933,15200.0,21100.0,38100.0,1506143700,24,254094,2.54094,354094,43883,35138,17483,0.17483,19664.9453112402,0.8890439166391665,5,354094,423758,154257,21785936,217.85936,33545196,True,496541870195300880,1341334405920102776,2305843009213693951
n100000-g3-t0.7-r2-h160042,2efaf1348f57,3.14.3,Windows-11-10.0.26200-SP0,"Intel64 Family 6 Model 170 Stepping 4, GenuineIntel",100000,3.0,3.05870700345102,0.7,11,256337,100000,0.39011145484264853,random,120042,140042,160042,2,3014721300,30147.213,10300.0,18700.0,28900.0,1017707200,9,89684,0.89684,189684,38665,31733,18118,0.18118,19505.377686405005,0.9288720419204193,5,189684,341776,156337,21892912,218.92912,26208440,True,1503942475914619708,1023847897107854201,2305843009213693951
n100000-g2-t0.8-r2-h160042,2efaf1348f57,3.14.3,Windows-11-10.0.26200-SP0,"Intel64 Family 6 Model 170 Stepping 4, GenuineIntel",100000,2.0,2.01920038622886,0.8,11,205759,100000,0.48600547242161946,random,120042,140042,160042,2,3827811400,38278.114,11200.0,18900.0,28500.0,1291902800,14,164531,1.64531,264531,54639,42086,21866,0.21866,24300.03061834476,0.8998342571425715,5,264531,308636,105759,18734848,187.34848,25909040,True,1238016653881973143,1675051887242332895,2305843009213693951
n100000-g4-t0.9-r2-h160042,2efaf1348f57,3.14.3,Windows-11-10.0.26200-SP0,"Intel64 Family 6 Model 170 Stepping 4, GenuineIntel",100000,4.0,4.052802818528498,0.9,11,197203,100000,0.5070916771043037,random,120042,140042,160042,2,2693449600,26934.496,14100.0,19500.0,31300.0,843290300,7,59142,0.59142,159142,43441,34429,23645,0.23645,25354.330309376634,0.9325823128231282,6,159142,246500,97203,18012960,180.1296,19218472,True,894173606836323480,1354168775011378655,2305843009213693951
n100000-g1.5-t0.9-r2-h160042,2efaf1348f57,3.14.3,Windows-11-10.0.26200-SP0,"Intel64 Family 6 Model 170 Stepping 4, GenuineIntel",100000,1.5,1.5224810805919142,0.9,11,112997,100000,0.8849792472366523,random,120042,140042,160042,2,4489600300,44896.003,14500.0,21200.0,34100.0,893774500,22,203133,2.03133,303133,89216,57588,73770,0.7377,44248.519872209,1.6671744097440973,9,303133,188320,12997,11872272,118.72272,16943680,True,1301354344565241238,1719266397358243525,2305843009213693951
n100000-g1.5-t0.7-r2-h160042,2efaf1348f57,3.14.3,Windows-11-10.0.26200-SP0,"Intel64 Family 6 Model 170 Stepping 4, GenuineIntel",100000,1.5,1.5215057585600311,0.7,11,169501,100000,0.5899670208435348,random,120042,140042,160042,2,4964113600,49641.136,14000.0,20000.0,32400.999999999476,1097911200,23,237084,2.37084,337084,65655,47209,27036,0.27036,29498.05605866632,0.9165349725497255,6,337084,282498,69501,16198128,161.98128,23760736,True,601283613490519270,1745610350841788664,2305843009213693951
n100000-g2-t0.9-r2-h160042,2efaf1348f57,3.14.3,Windows-11-10.0.26200-SP0,"Intel64 Family 6 Model 170 Stepping 4, GenuineIntel",100000,2.0,2.01920038622886,0.9,11,205759,100000,0.48600547242161946,random,120042,140042,160042,2,4173285100,41732.851,14100.0,19900.0,31600.0,1322246400,14,185100,1.851,285100,63241,46858,21866,0.21866,24300.03061834476,0.8998342571425715,5,285100,308636,105759,18734848,187.34848,26563924,True,1238016653881973143,1675051887242332895,2305843009213693951
n100000-g1.25-t0.7-r2-h160042,2efaf1348f57,3.14.3,Windows-11-10.0.26200-SP0,"Intel64 Family 6 Model 170 Stepping 4, GenuineIntel",100000,1.25,1.2696893707341963,0.7,11,150473,100000,0.6645710526140902,random,120042,140042,160042,2,6993611100,69936.111,13500.0,19700.0,30800.0,1227282300,40,420512,4.20512,520512,61637,46071,31579,0.31579,33228.220345178204,0.9503668770687707,6,520512,270844,50473,14875536,148.75536,23571424,True,1789452616942995240,1695454618779726206,2305843009213693951
n100000-g4-t0.8-r2-h160042,2efaf1348f57,3.14.3,Windows-11-10.0.26200-SP0,"Intel64 Family 6 Model 170 Stepping 4, GenuineIntel",100000,4.0,4.052802818528498,0.8,11,197203,100000,0.5070916771043037,random,120042,140042,160042,2,2731847700,27318.477,13600.0,19300.0,32700.0,909845600,7,52570,0.5257,152570,39101,31858,23645,0.23645,25354.330309376634,0.9325823128231282,6,152570,246500,97203,18012960,180.1296,19218548,True,894173606836323480,1354168775011378655,2305843009213693951
n100000-g3-t0.9-r2-h160042,2efaf1348f57,3.14.3,Windows-11-10.0.26200-SP0,"Intel64 Family 6 Model 170 Stepping 4, GenuineIntel",100000,3.0,3.05870700345102,0.9,11,256337,100000,0.39011145484264853,random,120042,140042,160042,2,3497127100,34971.271,13900.0,19400.0,30600.0,1244663900,9,115310,1.1531,215310,51958,39895,18118,0.18118,19505.377686405005,0.9288720419204193,5,215310,341776,156337,21892912,218.92912,27277256,True,1503942475914619708,1023847897107854201,2305843009213693951
n100000-g1.25-t0.5-r2-h160042,2efaf1348f57,3.14.3,Windows-11-10.0.26200-SP0,"Intel64 Family 6 Model 170 Stepping 4, GenuineIntel",100000,1.25,1.268757469795743,0.5,11,235159,100000,0.42524419647982853,random,120042,140042,160042,2,7380849600,73808.496,8400.0,18600.0,24900.0,1117295500,42,469652,4.69652,569652,51322,39469,19546,0.19546,21261.997201893188,0.9192927557275573,5,569652,423266,135159,20668608,206.68608,33988296,True,2184650975379358626,104644177005816246,2305843009213693951
n100000-g4-t0.5-r2-h160042,2efaf1348f57,3.14.3,Windows-11-10.0.26200-SP0,"Intel64 Family 6 Model 170 Stepping 4, GenuineIntel",100000,4.0,4.046203100077032,0.5,11,788813,100000,0.12677275856254905,random,120042,140042,160042,2,2103359300,21033.593,4400.0,7200.0,14600.0,1176593200,8,131456,1.31456,231456,29052,24985,4348,0.04348,6338.574541748171,0.6859586443864438,3,231456,986016,688813,56712240,567.1224,70792892,True,151978017657146160,2084116236017272107,2305843009213693951
n100000-g4-t0.7-r3-h190042,2efaf1348f57,3.14.3,Windows-11-10.0.26200-SP0,"Intel64 Family 6 Model 170 Stepping 4, GenuineIntel",100000,4.0,4.052802818528498,0.7,11,197203,100000,0.5070916771043037,random,130042,160042,190042,3,936900200,9369.002,4500.0,6300.0,11300.0,257393300,7,45998,0.45998,145998,35226,29422,23014,0.23014,25354.330309376634,0.9076950453504534,6,145998,246500,97203,18023456,180.23456,19229004,True,547140261264768195,2123418467385627227,2305843009213693951
n100000-g3-t0.5-r3-h190042,2efaf1348f57,3.14.3,Windows-11-10.0.26200-SP0,"Intel64 Family 6 Model 170 Stepping 4, GenuineIntel",100000,3.0,3.05870700345102,0.5,11,256337,100000,0.39011145484264853,random,130042,160042,190042,3,1168518300,11685.183,4500.0,8000.0,13100.0,362102000,9,64059,0.64059,164059,28060,24434,17281,0.17281,19505.377686405005,0.8859607990079901,5,164059,341776,156337,21910416,219.10416,25062792,True,293717941415029044,99729352551769484,2305843009213693951
n100000-g2-t0.8-r3-h190042,2efaf1348f57,3.14.3,Windows-11-10.0.26200-SP0,"Intel64 Family 6 Model 170 Stepping 4, GenuineIntel",100000,2.0,2.01920038622886,0.8,11,205759,100000,0.48600547242161946,random,130042,160042,190042,3,1609727800,16097.278,4700.0,8400.0,16700.0,499500900,14,164531,1.64531,264531,55026,42183,22474,0.22474,24300.03061834476,0.9248548017480175,5,264531,308636,105759,18720096,187.20096,25911112,True,108922905981202894,1214353355831308596,2305843009213693951
n100000-g3-t0.9-r3-h190042,2efaf1348f57,3.14.3,Windows-11-10.0.26200-SP0,"Intel64 Family 6 Model 170 Stepping 4, GenuineIntel",100000,3.0,3.05870700345102,0.9,11,256337,100000,0.39011145484264853,random,130042,160042,190042,3,3259988700,32599.887,13700.0,19100.0,28700.0,1197642200,9,115310,1.1531,215310,51789,39715,17281,0.17281,19505.377686405005,0.8859607990079901,5,215310,341776,156337,21910416,219.10416,27281088,True,293717941415029044,99729352551769484,2305843009213693951
n100000-g1.25-t0.7-r3-h190042,2efaf1348f57,3.14.3,Windows-11-10.0.26200-SP0,"Intel64 Family 6 Model 170 Stepping 4, GenuineIntel",100000,1.25,1.2696893707341963,0.7,11,150473,100000,0.6645710526140902,random,130042,160042,190042,3,7232644400,72326.444,14400.0,19800.0,30400.0,1092512700,40,420512,4.20512,520512,60420,45532,30764,0.30764,33228.220345178204,0.9258395327953279,6,520512,270844,50473,14891888,148.91888,23566828,True,1851747068431908831,799413448760755092,2305843009213693951
n100000-g4-t0.5-r3-h190042,2efaf1348f57,3.14.3,Windows-11-10.0.26200-SP0,"Intel64 Family 6 Model 170 Stepping 4, GenuineIntel",100000,4.0,4.046203100077032,0.5,11,788813,100000,0.12677275856254905,random,130042,160042,190042,3,5082007700,50820.077,13850.0,19100.0,30500.0,2642968900,8,131456,1.31456,231456,28772,24896,4275,0.04275,6338.574541748171,0.6744418594185941,3,231456,986016,688813,56714352,567.14352,70802384,True,1311375427575077448,1800714661725400104,2305843009213693951
n100000-g1.25-t0.8-r3-h190042,2efaf1348f57,3.14.3,Windows-11-10.0.26200-SP0,"Intel64 Family 6 Model 170 Stepping 4, GenuineIntel",100000,1.25,1.2696893707341963,0.8,11,150473,100000,0.6645710526140902,random,130042,160042,190042,3,7567623900,75676.239,14300.0,19800.0,30300.0,1213510000,40,480591,4.80591,580591,69157,50091,30764,0.30764,33228.220345178204,0.9258395327953279,6,580591,270844,50473,14891888,148.91888,24318700,True,1851747068431908831,799413448760755092,2305843009213693951
n100000-g3-t0.8-r3-h190042,2efaf1348f57,3.14.3,Windows-11-10.0.26200-SP0,"Intel64 Family 6 Model 170 Stepping 4, GenuineIntel",100000,3.0,3.05870700345102,0.8,11,256337,100000,0.39011145484264853,random,130042,160042,190042,3,3256677300,32566.773,13900.0,19300.0,29600.0,1115264100,9,102497,1.02497,202497,44652,35492,17281,0.17281,19505.377686405005,0.8859607990079901,5,202497,341776,156337,21910416,219.10416,26746576,True,293717941415029044,99729352551769484,2305843009213693951
n100000-g1.5-t0.5-r3-h190042,2efaf1348f57,3.14.3,Windows-11-10.0.26200-SP0,"Intel64 Family 6 Model 170 Stepping 4, GenuineIntel",100000,1.5,1.5206110372944526,0.5,11,254257,100000,0.3933028392531966,random,130042,160042,190042,3,5343032400,53430.324,10900.0,18700.0,27900.0,1275709600,24,254094,2.54094,354094,38396,32114,17293,0.17293,19664.9453112402,0.8793820540205403,5,354094,423758,154257,21791312,217.91312,33542940,True,150297569608207683,1105389141133886028,2305843009213693951
n100000-g3-t0.7-r3-h190042,2efaf1348f57,3.14.3,Windows-11-10.0.26200-SP0,"Intel64 Family 6 Model 170 Stepping 4, GenuineIntel",100000,3.0,3.05870700345102,0.7,11,256337,100000,0.39011145484264853,random,130042,160042,190042,3,3188698800,31886.988,14000.0,19400.0,29000.0,1070105900,9,89684,0.89684,189684,38285,31448,17281,0.17281,19505.377686405005,0.8859607990079901,5,189684,341776,156337,21910416,219.10416,26214224,True,293717941415029044,99729352551769484,2305843009213693951
n100000-g1.25-t0.5-r3-h190042,2efaf1348f57,3.14.3,Windows-11-10.0.26200-SP0,"Intel64 Family 6 Model 170 Stepping 4, GenuineIntel",100000,1.25,1.268757469795743,0.5,11,235159,100000,0.42524419647982853,random,130042,160042,190042,3,8138798300,81387.983,13900.0,19900.0,29300.0,1265529800,42,469652,4.69652,569652,64628,38989,208547,2.08547,21261.997201893188,9.80843887898879,15,569652,423266,135159,19206304,192.06304,34419188,True,1502810770379375085,1032788073849900522,2305843009213693951
n100000-g1.25-t0.9-r3-h190042,2efaf1348f57,3.14.3,Windows-11-10.0.26200-SP0,"Intel64 Family 6 Model 170 Stepping 4, GenuineIntel",100000,1.25,1.2701922559901528,0.9,11,120371,100000,0.830764885229831,random,130042,160042,190042,3,7590351900,75903.519,15100.0,21700.0,38500.0,1152607500,39,432337,4.32337,532337,78603,54710,39175,0.39175,41537.82887904894,0.9431162161621617,7,532337,216652,20371,12766432,127.66432,20014012,True,1204040996947323895,1416017677660952337,2305843009213693951
n100000-g1.5-t0.7-r3-h190042,2efaf1348f57,3.14.3,Windows-11-10.0.26200-SP0,"Intel64 Family 6 Model 170 Stepping 4, GenuineIntel",100000,1.5,1.5215057585600311,0.7,11,169501,100000,0.5899670208435348,random,130042,160042,190042,3,4956014800,49560.148,14100.0,19700.0,31700.0,1099760600,23,237084,2.37084,337084,54692,42383,27166,0.27166,29498.05605866632,0.9209420426204262,5,337084,282498,69501,16194768,161.94768,24088940,True,1856324442271410642,1309859483632565170,2305843009213693951
n100000-g1.5-t0.8-r3-h190042,2efaf1348f57,3.14.3,Windows-11-10.0.26200-SP0,"Intel64 Family 6 Model 170 Stepping 4, GenuineIntel",100000,1.5,1.5215057585600311,0.8,11,169501,100000,0.5899670208435348,random,130042,160042,190042,3,5475187700,54751.877,14100.0,20000.0,32300.999999999476,1159659100,23,270957,2.70957,370957,63105,47085,27166,0.27166,29498.05605866632,0.9209420426204262,5,370957,282498,69501,16194768,161.94768,24806988,True,1856324442271410642,1309859483632565170,2305843009213693951
n100000-g4-t0.8-r3-h190042,2efaf1348f57,3.14.3,Windows-11-10.0.26200-SP0,"Intel64 Family 6 Model 170 Stepping 4, GenuineIntel",100000,4.0,4.052802818528498,0.8,11,197203,100000,0.5070916771043037,random,130042,160042,190042,3,2746804100,27468.041,14200.0,19600.0,31000.0,788023400,7,52570,0.5257,152570,38854,31826,23014,0.23014,25354.330309376634,0.9076950453504534,6,152570,246500,97203,18023456,180.23456,19229000,True,547140261264768195,2123418467385627227,2305843009213693951
n100000-g2-t0.9-r3-h190042,2efaf1348f57,3.14.3,Windows-11-10.0.26200-SP0,"Intel64 Family 6 Model 170 Stepping 4, GenuineIntel",100000,2.0,2.01920038622886,0.9,11,205759,100000,0.48600547242161946,random,130042,160042,190042,3,4901649300,49016.493,15900.0,21600.0,40000.0,1409725600,14,185100,1.851,285100,63635,46953,22474,0.22474,24300.03061834476,0.9248548017480175,5,285100,308636,105759,18720096,187.20096,26564396,True,108922905981202894,1214353355831308596,2305843009213693951
n100000-g2-t0.5-r3-h190042,2efaf1348f57,3.14.3,Windows-11-10.0.26200-SP0,"Intel64 Family 6 Model 170 Stepping 4, GenuineIntel",100000,2.0,2.01920038622886,0.5,11,205759,100000,0.48600547242161946,random,130042,160042,190042,3,3278154400,32781.544,13500.0,18600.0,26200.0,894904400,14,102830,1.0283,202830,35308,29723,22474,0.22474,24300.03061834476,0.9248548017480175,5,202830,308636,105759,18720096,187.20096,23856980,True,108922905981202894,1214353355831308596,2305843009213693951
n100000-g1.5-t0.9-r3-h190042,2efaf1348f57,3.14.3,Windows-11-10.0.26200-SP0,"Intel64 Family 6 Model 170 Stepping 4, GenuineIntel",100000,1.5,1.5224810805919142,0.9,11,112997,100000,0.8849792472366523,random,130042,160042,190042,3,3788030600,37880.306,12500.0,19400.0,27900.0,755992800,22,203133,2.03133,303133,72054,51580,41822,0.41822,44248.519872209,0.9451615584155841,7,303133,188320,12997,12306000,123.06,16947572,True,119757378018973333,960161093143278655,2305843009213693951
n100000-g4-t0.9-r3-h190042,2efaf1348f57,3.14.3,Windows-11-10.0.26200-SP0,"Intel64 Family 6 Model 170 Stepping 4, GenuineIntel",100000,4.0,4.052802818528498,0.9,11,197203,100000,0.5070916771043037,random,130042,160042,190042,3,2792185500,27921.855,14100.0,19400.0,30500.0,858373000,7,59142,0.59142,159142,42923,34306,23014,0.23014,25354.330309376634,0.9076950453504534,6,159142,246500,97203,18023456,180.23456,19228956,True,547140261264768195,2123418467385627227,2305843009213693951
n100000-g2-t0.7-r3-h190042,2efaf1348f57,3.14.3,Windows-11-10.0.26200-SP0,"Intel64 Family 6 Model 170 Stepping 4, GenuineIntel",100000,2.0,2.01920038622886,0.7,11,205759,100000,0.48600547242161946,random,130042,160042,190042,3,3993342800,39933.428,14600.0,20500.0,34800.0,1111374500,14,143962,1.43962,243962,47666,37818,22474,0.22474,24300.03061834476,0.9248548017480175,5,243962,308636,105759,18720096,187.20096,25260192,True,108922905981202894,1214353355831308596,2305843009213693951
n100000-g4-t0.8-r4-h220042,2efaf1348f57,3.14.3,Windows-11-10.0.26200-SP0,"Intel64 Family 6 Model 170 Stepping 4, GenuineIntel",100000,4.0,4.052802818528498,0.8,11,197203,100000,0.5070916771043037,random,140042,180042,220042,4,2415781600,24157.816,10500.0,19000.0,29900.0,717216900,7,52570,0.5257,152570,39370,32101,23820,0.2382,25354.330309376634,0.9394844868448684,5,152570,246500,97203,18008160,180.0816,19213668,True,1806306152047739099,66347514015486598,2305843009213693951
n100000-g4-t0.5-r4-h220042,2efaf1348f57,3.14.3,Windows-11-10.0.26200-SP0,"Intel64 Family 6 Model 170 Stepping 4, GenuineIntel",100000,4.0,4.046203100077032,0.5,11,788813,100000,0.12677275856254905,random,140042,180042,220042,4,4855733700,48557.337,13600.0,18900.0,29800.0,2457101000,8,131456,1.31456,231456,29454,25267,4630,0.0463,6338.574541748171,0.7304481424814248,3,231456,986016,688813,56703312,567.03312,70786612,True,294694366489596649,992533307713227974,2305843009213693951
n100000-g4-t0.9-r4-h220042,2efaf1348f57,3.14.3,Windows-11-10.0.26200-SP0,"Intel64 Family 6 Model 170 Stepping 4, GenuineIntel",100000,4.0,4.052802818528498,0.9,11,197203,100000,0.5070916771043037,random,140042,180042,220042,4,2748265100,27482.651,14200.0,19600.0,32200.0,820627800,7,59142,0.59142,159142,43445,34553,23820,0.2382,25354.330309376634,0.9394844868448684,5,159142,246500,97203,18008160,180.0816,19213664,True,1806306152047739099,66347514015486598,2305843009213693951
n100000-g1.25-t0.9-r4-h220042,2efaf1348f57,3.14.3,Windows-11-10.0.26200-SP0,"Intel64 Family 6 Model 170 Stepping 4, GenuineIntel",100000,1.25,1.2701922559901528,0.9,11,120371,100000,0.830764885229831,random,140042,180042,220042,4,5824341300,58243.413,9200.0,19700.0,30000.0,837991200,39,432337,4.32337,532337,104250,59359,144767,1.44767,41537.82887904894,3.4851845632456326,14,532337,216652,20371,11885728,118.85728,20021592,True,67354721619173449,1845442636089911071,2305843009213693951
n100000-g4-t0.7-r4-h220042,2efaf1348f57,3.14.3,Windows-11-10.0.26200-SP0,"Intel64 Family 6 Model 170 Stepping 4, GenuineIntel",100000,4.0,4.052802818528498,0.7,11,197203,100000,0.5070916771043037,random,140042,180042,220042,4,2052913800,20529.138,8200.0,17600.0,24800.0,625324400,7,45998,0.45998,145998,35775,29742,23820,0.2382,25354.330309376634,0.9394844868448684,5,145998,246500,97203,18008160,180.0816,19213784,True,1806306152047739099,66347514015486598,2305843009213693951
n100000-g2-t0.7-r4-h220042,2efaf1348f57,3.14.3,Windows-11-10.0.26200-SP0,"Intel64 Family 6 Model 170 Stepping 4, GenuineIntel",100000,2.0,2.01920038622886,0.7,11,205759,100000,0.48600547242161946,random,140042,180042,220042,4,3188514000,31885.14,8600.0,18700.0,28500.0,894917100,14,143962,1.43962,243962,47324,37783,22230,0.2223,24300.03061834476,0.9148136621366214,6,243962,308636,105759,18725952,187.25952,25261220,True,1054520455862565665,2213463723912741915,2305843009213693951
n100000-g1.5-t0.9-r4-h220042,2efaf1348f57,3.14.3,Windows-11-10.0.26200-SP0,"Intel64 Family 6 Model 170 Stepping 4, GenuineIntel",100000,1.5,1.5224810805919142,0.9,11,112997,100000,0.8849792472366523,random,140042,180042,220042,4,3935459300,39354.593,11700.0,19500.0,27100.0,827046000,22,203133,2.03133,303133,83861,54857,41800,0.418,44248.519872209,0.9446643666436664,7,303133,188320,12997,12303312,123.03312,16942780,True,1105104037814911636,1702515679935508946,2305843009213693951
n100000-g1.25-t0.7-r4-h220042,2efaf1348f57,3.14.3,Windows-11-10.0.26200-SP0,"Intel64 Family 6 Model 170 Stepping 4, GenuineIntel",100000,1.25,1.2696893707341963,0.7,11,150473,100000,0.6645710526140902,random,140042,180042,220042,4,6685913900,66859.139,13700.0,19900.0,29500.0,1040874800,40,420512,4.20512,520512,87578,52425,31862,0.31862,33228.220345178204,0.9588837340373404,6,520512,270844,50473,14870832,148.70832,22797700,True,1217192097800187418,2015986552760204915,2305843009213693951
n100000-g3-t0.7-r4-h220042,2efaf1348f57,3.14.3,Windows-11-10.0.26200-SP0,"Intel64 Family 6 Model 170 Stepping 4, GenuineIntel",100000,3.0,3.05870700345102,0.7,11,256337,100000,0.39011145484264853,random,140042,180042,220042,4,3369237100,33692.371,14200.0,20200.0,35700.0,1099950600,9,89684,0.89684,189684,37940,31334,17103,0.17103,19505.377686405005,0.8768351105511055,5,189684,341776,156337,21914256,219.14256,26214124,True,1324012518925262913,2281424480323834791,2305843009213693951
n100000-g3-t0.8-r4-h220042,2efaf1348f57,3.14.3,Windows-11-10.0.26200-SP0,"Intel64 Family 6 Model 170 Stepping 4, GenuineIntel",100000,3.0,3.05870700345102,0.8,11,256337,100000,0.39011145484264853,random,140042,180042,220042,4,3305823500,33058.235,13500.0,20100.0,36600.0,1133666400,9,102497,1.02497,202497,44183,35346,17103,0.17103,19505.377686405005,0.8768351105511055,5,202497,341776,156337,21914256,219.14256,26747660,True,1324012518925262913,2281424480323834791,2305843009213693951
n100000-g2-t0.8-r4-h220042,2efaf1348f57,3.14.3,Windows-11-10.0.26200-SP0,"Intel64 Family 6 Model 170 Stepping 4, GenuineIntel",100000,2.0,2.01920038622886,0.8,11,205759,100000,0.48600547242161946,random,140042,180042,220042,4,2706363700,27063.637,8100.0,17600.0,22500.0,527844800,14,164531,1.64531,264531,54758,42144,22230,0.2223,24300.03061834476,0.9148136621366214,6,264531,308636,105759,18725952,187.25952,25912300,True,1054520455862565665,2213463723912741915,2305843009213693951
n100000-g1.25-t0.5-r4-h220042,2efaf1348f57,3.14.3,Windows-11-10.0.26200-SP0,"Intel64 Family 6 Model 170 Stepping 4, GenuineIntel",100000,1.25,1.268757469795743,0.5,11,235159,100000,0.42524419647982853,random,140042,180042,220042,4,7909857400,79098.574,13700.0,19500.0,29600.0,1319545000,42,469652,4.69652,569652,56102,39673,18853,0.18853,21261.997201893188,0.8866993923939239,5,569652,423266,135159,20683232,206.83232,34420912,True,944297955704811014,1564823176563363711,2305843009213693951
n100000-g1.5-t0.5-r4-h220042,2efaf1348f57,3.14.3,Windows-11-10.0.26200-SP0,"Intel64 Family 6 Model 170 Stepping 4, GenuineIntel",100000,1.5,1.5206110372944526,0.5,11,254257,100000,0.3933028392531966,random,140042,180042,220042,4,5190560800,51905.608,9300.0,18900.0,26000.999999999476,1300143000,24,254094,2.54094,354094,42200,33871,17168,0.17168,19664.9453112402,0.8730255654556546,5,354094,423758,154257,21796240,217.9624,33518920,True,1495331112249576066,1228935352604699716,2305843009213693951
n100000-g2-t0.5-r4-h220042,2efaf1348f57,3.14.3,Windows-11-10.0.26200-SP0,"Intel64 Family 6 Model 170 Stepping 4, GenuineIntel",100000,2.0,2.01920038622886,0.5,11,205759,100000,0.48600547242161946,random,140042,180042,220042,4,3208270800,32082.708,13800.0,18800.0,28500.0,743147600,14,102830,1.0283,202830,34981,29653,22230,0.2223,24300.03061834476,0.9148136621366214,6,202830,308636,105759,18725952,187.25952,23859256,True,1054520455862565665,2213463723912741915,2305843009213693951
n100000-g3-t0.5-r4-h220042,2efaf1348f57,3.14.3,Windows-11-10.0.26200-SP0,"Intel64 Family 6 Model 170 Stepping 4, GenuineIntel",100000,3.0,3.05870700345102,0.5,11,256337,100000,0.39011145484264853,random,140042,180042,220042,4,2865984800,28659.848,13700.0,18700.0,27200.0,891947400,9,64059,0.64059,164059,27864,24320,17103,0.17103,19505.377686405005,0.8768351105511055,5,164059,341776,156337,21914256,219.14256,25061284,True,1324012518925262913,2281424480323834791,2305843009213693951
n100000-g3-t0.9-r4-h220042,2efaf1348f57,3.14.3,Windows-11-10.0.26200-SP0,"Intel64 Family 6 Model 170 Stepping 4, GenuineIntel",100000,3.0,3.05870700345102,0.9,11,256337,100000,0.39011145484264853,random,140042,180042,220042,4,3067009300,30670.093,8700.0,19000.0,27600.0,1109444500,9,115310,1.1531,215310,51272,39582,17103,0.17103,19505.377686405005,0.8768351105511055,5,215310,341776,156337,21914256,219.14256,27284380,True,1324012518925262913,2281424480323834791,2305843009213693951
n100000-g1.5-t0.7-r4-h220042,2efaf1348f57,3.14.3,Windows-11-10.0.26200-SP0,"Intel64 Family 6 Model 170 Stepping 4, GenuineIntel",100000,1.5,1.5215057585600311,0.7,11,169501,100000,0.5899670208435348,random,140042,180042,220042,4,4527128700,45271.287,11500.0,19000.0,28100.0,1013770800,23,237084,2.37084,337084,61945,44895,28568,0.28568,29498.05605866632,0.9684705983059831,6,337084,282498,69501,16168976,161.68976,24089656,True,1920007121972437106,1661897147491818489,2305843009213693951
n100000-g1.25-t0.8-r4-h220042,2efaf1348f57,3.14.3,Windows-11-10.0.26200-SP0,"Intel64 Family 6 Model 170 Stepping 4, GenuineIntel",100000,1.25,1.2696893707341963,0.8,11,150473,100000,0.6645710526140902,random,140042,180042,220042,4,6967729900,69677.299,10800.0,19300.0,27000.0,1068372700,40,480591,4.80591,580591,104257,57579,31862,0.31862,33228.220345178204,0.9588837340373404,6,580591,270844,50473,14870832,148.70832,23462404,True,1217192097800187418,2015986552760204915,2305843009213693951
n100000-g1.5-t0.8-r4-h220042,2efaf1348f57,3.14.3,Windows-11-10.0.26200-SP0,"Intel64 Family 6 Model 170 Stepping 4, GenuineIntel",100000,1.5,1.5215057585600311,0.8,11,169501,100000,0.5899670208435348,random,140042,180042,220042,4,5439326600,54393.266,14100.0,20000.0,31900.0,1138644600,23,270957,2.70957,370957,72364,49917,28568,0.28568,29498.05605866632,0.9684705983059831,6,370957,282498,69501,16168976,161.68976,24805496,True,1920007121972437106,1661897147491818489,2305843009213693951
n100000-g2-t0.9-r4-h220042,2efaf1348f57,3.14.3,Windows-11-10.0.26200-SP0,"Intel64 Family 6 Model 170 Stepping 4, GenuineIntel",100000,2.0,2.01920038622886,0.9,11,205759,100000,0.48600547242161946,random,140042,180042,220042,4,3762679700,37626.797,9500.0,18700.0,26200.999999999476,1208815700,14,185100,1.851,285100,63296,46877,22230,0.2223,24300.03061834476,0.9148136621366214,6,285100,308636,105759,18725952,187.25952,26565552,True,1054520455862565665,2213463723912741915,2305843009213693951
n100000-g1.5-t0.7-r5-h250042,2efaf1348f57,3.14.3,Windows-11-10.0.26200-SP0,"Intel64 Family 6 Model 170 Stepping 4, GenuineIntel",100000,1.5,1.5215057585600311,0.7,11,169501,100000,0.5899670208435348,random,150042,200042,250042,5,4536458900,45364.589,10200.0,19500.0,27700.0,983104700,23,237084,2.37084,337084,56307,43102,27150,0.2715,29498.05605866632,0.92039963399634,6,337084,282498,69501,16198320,161.9832,24074204,True,1213529921069887519,202367887523470149,2305843009213693951
n100000-g2-t0.7-r5-h250042,2efaf1348f57,3.14.3,Windows-11-10.0.26200-SP0,"Intel64 Family 6 Model 170 Stepping 4, GenuineIntel",100000,2.0,2.01920038622886,0.7,11,205759,100000,0.48600547242161946,random,150042,200042,250042,5,3590244200,35902.442,10400.0,19300.0,27700.0,1037654200,14,143962,1.43962,243962,47462,37680,21909,0.21909,24300.03061834476,0.9016038022380224,5,243962,308636,105759,18732000,187.32,25255700,True,1794478070106490617,2304982562751940082,2305843009213693951
n100000-g4-t0.5-r5-h250042,2efaf1348f57,3.14.3,Windows-11-10.0.26200-SP0,"Intel64 Family 6 Model 170 Stepping 4, GenuineIntel",100000,4.0,4.046203100077032,0.5,11,788813,100000,0.12677275856254905,random,150042,200042,250042,5,5122733200,51227.332,13700.0,19000.0,28200.0,2641541900,8,131456,1.31456,231456,28792,24855,4319,0.04319,6338.574541748171,0.6813834832348323,4,231456,986016,688813,56713296,567.13296,70798868,True,2214554553550253440,1560333953091277232,2305843009213693951
n100000-g2-t0.9-r5-h250042,2efaf1348f57,3.14.3,Windows-11-10.0.26200-SP0,"Intel64 Family 6 Model 170 Stepping 4, GenuineIntel",100000,2.0,2.01920038622886,0.9,11,205759,100000,0.48600547242161946,random,150042,200042,250042,5,3021650100,30216.501,6700.0,15600.0,24100.0,1131386800,14,185100,1.851,285100,63641,46943,21909,0.21909,24300.03061834476,0.9016038022380224,5,285100,308636,105759,18732000,187.32,26555328,True,1794478070106490617,2304982562751940082,2305843009213693951
n100000-g2-t0.8-r5-h250042,2efaf1348f57,3.14.3,Windows-11-10.0.26200-SP0,"Intel64 Family 6 Model 170 Stepping 4, GenuineIntel",100000,2.0,2.01920038622886,0.8,11,205759,100000,0.48600547242161946,random,150042,200042,250042,5,4604844800,46048.448,15400.0,20900.0,33200.0,1236378800,14,164531,1.64531,264531,55071,42155,21909,0.21909,24300.03061834476,0.9016038022380224,5,264531,308636,105759,18732000,187.32,25904284,True,1794478070106490617,2304982562751940082,2305843009213693951
n100000-g1.25-t0.8-r5-h250042,2efaf1348f57,3.14.3,Windows-11-10.0.26200-SP0,"Intel64 Family 6 Model 170 Stepping 4, GenuineIntel",100000,1.25,1.2696893707341963,0.8,11,150473,100000,0.6645710526140902,random,150042,200042,250042,5,6999045600,69990.456,11400.0,18600.0,26600.0,1128700000,40,480591,4.80591,580591,69947,50626,30938,0.30938,33228.220345178204,0.9310760455604556,6,580591,270844,50473,14890352,148.90352,24320120,True,2302193520288187251,2133370356875670815,2305843009213693951
n100000-g1.5-t0.5-r5-h250042,2efaf1348f57,3.14.3,Windows-11-10.0.26200-SP0,"Intel64 Family 6 Model 170 Stepping 4, GenuineIntel",100000,1.5,1.5206110372944526,0.5,11,254257,100000,0.3933028392531966,random,150042,200042,250042,5,5250920300,52509.203,10400.0,18800.0,27600.0,1236672000,24,254094,2.54094,354094,39283,32604,17594,0.17594,19664.9453112402,0.8946884784847849,5,354094,423758,154257,21786064,217.86064,33540080,True,598827128185925188,2046958504901562169,2305843009213693951
n100000-g1.5-t0.8-r5-h250042,2efaf1348f57,3.14.3,Windows-11-10.0.26200-SP0,"Intel64 Family 6 Model 170 Stepping 4, GenuineIntel",100000,1.5,1.5215057585600311,0.8,11,169501,100000,0.5899670208435348,random,150042,200042,250042,5,5509071300,55090.713,13200.0,20600.0,34500.0,1191370800,23,270957,2.70957,370957,64997,47763,27150,0.2715,29498.05605866632,0.92039963399634,6,370957,282498,69501,16198320,161.9832,24790084,True,1213529921069887519,202367887523470149,2305843009213693951
n100000-g4-t0.7-r5-h250042,2efaf1348f57,3.14.3,Windows-11-10.0.26200-SP0,"Intel64 Family 6 Model 170 Stepping 4, GenuineIntel",100000,4.0,4.052802818528498,0.7,11,197203,100000,0.5070916771043037,random,150042,200042,250042,5,2443807600,24438.076,10600.0,18800.0,27100.0,704240000,7,45998,0.45998,145998,35206,29398,23262,0.23262,25354.330309376634,0.9174764119641196,6,145998,246500,97203,18019840,180.1984,19225496,True,590738921383379990,1369433668286656375,2305843009213693951
n100000-g1.25-t0.5-r5-h250042,2efaf1348f57,3.14.3,Windows-11-10.0.26200-SP0,"Intel64 Family 6 Model 170 Stepping 4, GenuineIntel",100000,1.25,1.268757469795743,0.5,11,235159,100000,0.42524419647982853,random,150042,200042,250042,5,8670604900,86706.049,14000.0,19700.0,29700.999999999476,1410197400,42,469652,4.69652,569652,42396,34784,19193,0.19193,21261.997201893188,0.902690364303643,5,569652,423266,135159,20673536,206.73536,34411144,True,363574118239193709,2126691556066616433,2305843009213693951
n100000-g3-t0.5-r5-h250042,2efaf1348f57,3.14.3,Windows-11-10.0.26200-SP0,"Intel64 Family 6 Model 170 Stepping 4, GenuineIntel",100000,3.0,3.05870700345102,0.5,11,256337,100000,0.39011145484264853,random,150042,200042,250042,5,3013289700,30132.897,13800.0,19300.0,29000.0,941779500,9,64059,0.64059,164059,27886,24274,16977,0.16977,19505.377686405005,0.8703753535535356,5,164059,341776,156337,21918736,219.18736,25058672,True,2026016526890262583,203297380918041688,2305843009213693951
n100000-g2-t0.5-r5-h250042,2efaf1348f57,3.14.3,Windows-11-10.0.26200-SP0,"Intel64 Family 6 Model 170 Stepping 4, GenuineIntel",100000,2.0,2.01920038622886,0.5,11,205759,100000,0.48600547242161946,random,150042,200042,250042,5,3392469900,33924.699,13900.0,19400.0,28500.0,959429600,14,102830,1.0283,202830,34844,29474,21909,0.21909,24300.03061834476,0.9016038022380224,5,202830,308636,105759,18732000,187.32,23850024,True,1794478070106490617,2304982562751940082,2305843009213693951
n100000-g1.5-t0.9-r5-h250042,2efaf1348f57,3.14.3,Windows-11-10.0.26200-SP0,"Intel64 Family 6 Model 170 Stepping 4, GenuineIntel",100000,1.5,1.5224810805919142,0.9,11,112997,100000,0.8849792472366523,random,150042,200042,250042,5,4004085800,40040.858,13800.0,19500.0,29300.0,835955000,22,203133,2.03133,303133,74662,52475,42694,0.42694,44248.519872209,0.9648684322843228,7,303133,188320,12997,12288848,122.88848,16921676,True,153841655778264884,677437413189264611,2305843009213693951
n100000-g1.25-t0.7-r5-h250042,2efaf1348f57,3.14.3,Windows-11-10.0.26200-SP0,"Intel64 Family 6 Model 170 Stepping 4, GenuineIntel",100000,1.25,1.2696893707341963,0.7,11,150473,100000,0.6645710526140902,random,150042,200042,250042,5,6575086400,65750.864,12900.0,19300.0,28500.0,967113200,40,420512,4.20512,520512,60981,46035,30938,0.30938,33228.220345178204,0.9310760455604556,6,520512,270844,50473,14890352,148.90352,23568600,True,2302193520288187251,2133370356875670815,2305843009213693951
n100000-g3-t0.8-r5-h250042,2efaf1348f57,3.14.3,Windows-11-10.0.26200-SP0,"Intel64 Family 6 Model 170 Stepping 4, GenuineIntel",100000,3.0,3.05870700345102,0.8,11,256337,100000,0.39011145484264853,random,150042,200042,250042,5,2870358500,28703.585,8500.0,18600.0,25200.999999999476,1014536800,9,102497,1.02497,202497,44461,35315,16977,0.16977,19505.377686405005,0.8703753535535356,5,202497,341776,156337,21918736,219.18736,26742804,True,2026016526890262583,203297380918041688,2305843009213693951
n100000-g4-t0.8-r5-h250042,2efaf1348f57,3.14.3,Windows-11-10.0.26200-SP0,"Intel64 Family 6 Model 170 Stepping 4, GenuineIntel",100000,4.0,4.052802818528498,0.8,11,197203,100000,0.5070916771043037,random,150042,200042,250042,5,2721003800,27210.038,14500.0,20300.0,33800.0,758990600,7,52570,0.5257,152570,38991,31866,23262,0.23262,25354.330309376634,0.9174764119641196,6,152570,246500,97203,18019840,180.1984,19225452,True,590738921383379990,1369433668286656375,2305843009213693951
n100000-g3-t0.7-r5-h250042,2efaf1348f57,3.14.3,Windows-11-10.0.26200-SP0,"Intel64 Family 6 Model 170 Stepping 4, GenuineIntel",100000,3.0,3.05870700345102,0.7,11,256337,100000,0.39011145484264853,random,150042,200042,250042,5,3620735100,36207.351,14900.0,20200.0,38300.0,1189628800,9,89684,0.89684,189684,38116,31253,16977,0.16977,19505.377686405005,0.8703753535535356,5,189684,341776,156337,21918736,219.18736,26211572,True,2026016526890262583,203297380918041688,2305843009213693951
n100000-g1.25-t0.9-r5-h250042,2efaf1348f57,3.14.3,Windows-11-10.0.26200-SP0,"Intel64 Family 6 Model 170 Stepping 4, GenuineIntel",100000,1.25,1.2701922559901528,0.9,11,120371,100000,0.830764885229831,random,150042,200042,250042,5,8011052800,80110.528,15700.0,21800.0,40400.0,1267219900,39,432337,4.32337,532337,78354,54728,39013,0.39013,41537.82887904894,0.9392161567615677,6,532337,216652,20371,12767776,127.67776,20017260,True,339923440880929216,1625064326171661595,2305843009213693951
n100000-g3-t0.9-r5-h250042,2efaf1348f57,3.14.3,Windows-11-10.0.26200-SP0,"Intel64 Family 6 Model 170 Stepping 4, GenuineIntel",100000,3.0,3.05870700345102,0.9,11,256337,100000,0.39011145484264853,random,150042,200042,250042,5,4056725000,40567.25,15200.0,21200.0,40000.0,1444563000,9,115310,1.1531,215310,51719,39637,16977,0.16977,19505.377686405005,0.8703753535535356,5,215310,341776,156337,21918736,219.18736,27276740,True,2026016526890262583,203297380918041688,2305843009213693951
n100000-g4-t0.9-r5-h250042,2efaf1348f57,3.14.3,Windows-11-10.0.26200-SP0,"Intel64 Family 6 Model 170 Stepping 4, GenuineIntel",100000,4.0,4.052802818528498,0.9,11,197203,100000,0.5070916771043037,random,150042,200042,250042,5,2587364400,25873.644,14100.0,20100.0,32700.0,640853600,7,59142,0.59142,159142,43169,34409,23262,0.23262,25354.330309376634,0.9174764119641196,6,159142,246500,97203,18019840,180.1984,19225376,True,590738921383379990,1369433668286656375,2305843009213693951
n100000-g1.5-t0.7-r6-h280042,2efaf1348f57,3.14.3,Windows-11-10.0.26200-SP0,"Intel64 Family 6 Model 170 Stepping 4, GenuineIntel",100000,1.5,1.5215057585600311,0.7,11,169501,100000,0.5899670208435348,random,160042,220042,280042,6,5776542000,57765.42,15200.0,21200.0,35800.0,1355172600,23,237084,2.37084,337084,54684,42436,26916,0.26916,29498.05605866632,0.9124669078690787,6,337084,282498,69501,16200816,162.00816,24080736,True,1770176219694398609,366999378088118521,2305843009213693951
n100000-g4-t0.8-r6-h280042,2efaf1348f57,3.14.3,Windows-11-10.0.26200-SP0,"Intel64 Family 6 Model 170 Stepping 4, GenuineIntel",100000,4.0,4.052802818528498,0.8,11,197203,100000,0.5070916771043037,random,160042,220042,280042,6,3138810500,31388.105,15500.0,21500.0,43800.0,827635200,7,52570,0.5257,152570,38617,31565,22673,0.22673,25354.330309376634,0.8942456662566626,5,152570,246500,97203,18030016,180.30016,19235588,True,494430104645952147,60695076498756863,2305843009213693951
n100000-g1.5-t0.9-r6-h280042,2efaf1348f57,3.14.3,Windows-11-10.0.26200-SP0,"Intel64 Family 6 Model 170 Stepping 4, GenuineIntel",100000,1.5,1.5224810805919142,0.9,11,112997,100000,0.8849792472366523,random,160042,220042,280042,6,4978788400,49787.884,15700.0,21800.0,37700.0,1033794400,22,203133,2.03133,303133,72045,51692,42169,0.42169,44248.519872209,0.9530036286362863,6,303133,188320,12997,12298704,122.98704,16944744,True,2081188315793639886,1469170863564909066,2305843009213693951
n100000-g1.5-t0.8-r6-h280042,2efaf1348f57,3.14.3,Windows-11-10.0.26200-SP0,"Intel64 Family 6 Model 170 Stepping 4, GenuineIntel",100000,1.5,1.5215057585600311,0.8,11,169501,100000,0.5899670208435348,random,160042,220042,280042,6,6088469600,60884.696,15100.0,21200.0,39100.0,1360949300,23,270957,2.70957,370957,63215,47149,26916,0.26916,29498.05605866632,0.9124669078690787,6,370957,282498,69501,16200816,162.00816,24797672,True,1770176219694398609,366999378088118521,2305843009213693951
n100000-g1.5-t0.5-r6-h280042,2efaf1348f57,3.14.3,Windows-11-10.0.26200-SP0,"Intel64 Family 6 Model 170 Stepping 4, GenuineIntel",100000,1.5,1.5206110372944526,0.5,11,254257,100000,0.3933028392531966,random,160042,220042,280042,6,5088724800,50887.248,13900.0,20200.0,31800.0,1647357500,24,254094,2.54094,354094,38457,32249,17336,0.17336,19664.9453112402,0.8815686860868609,5,354094,423758,154257,21791312,217.91312,33544820,True,1575500196940310293,1386281937451246393,2305843009213693951
n100000-g1.25-t0.9-r6-h280042,2efaf1348f57,3.14.3,Windows-11-10.0.26200-SP0,"Intel64 Family 6 Model 170 Stepping 4, GenuineIntel",100000,1.25,1.2701922559901528,0.9,11,120371,100000,0.830764885229831,random,160042,220042,280042,6,8105674500,81056.745,15700.0,21500.0,41200.0,1253580100,39,432337,4.32337,532337,80173,55133,40118,0.40118,41537.82887904894,0.9658184137841379,7,532337,216652,20371,12753280,127.5328,20009576,True,1792085612781484302,190777233251422732,2305843009213693951
n100000-g1.25-t0.8-r6-h280042,2efaf1348f57,3.14.3,Windows-11-10.0.26200-SP0,"Intel64 Family 6 Model 170 Stepping 4, GenuineIntel",100000,1.25,1.2696893707341963,0.8,11,150473,100000,0.6645710526140902,random,160042,220042,280042,6,9155204000,91552.04,15800.0,21700.0,39800.999999999476,1434298200,40,480591,4.80591,580591,70844,50804,30889,0.30889,33228.220345178204,0.9296013954139541,6,580591,270844,50473,14889520,148.8952,24306580,True,1613149791508355166,724442030110462946,2305843009213693951
n100000-g4-t0.5-r6-h280042,2efaf1348f57,3.14.3,Windows-11-10.0.26200-SP0,"Intel64 Family 6 Model 170 Stepping 4, GenuineIntel",100000,4.0,4.046203100077032,0.5,11,788813,100000,0.12677275856254905,random,160042,220042,280042,6,6239839300,62398.393,16200.0,21400.0,49800.0,3180797900,8,131456,1.31456,231456,28327,24569,4237,0.04237,6338.574541748171,0.6684468206682067,3,231456,986016,688813,56714960,567.1496,70807980,True,1936329931561483775,173330453337395502,2305843009213693951
n100000-g4-t0.9-r6-h280042,2efaf1348f57,3.14.3,Windows-11-10.0.26200-SP0,"Intel64 Family 6 Model 170 Stepping 4, GenuineIntel",100000,4.0,4.052802818528498,0.9,11,197203,100000,0.5070916771043037,random,160042,220042,280042,6,3123603100,31236.031,15200.0,21100.0,44500.0,961171300,7,59142,0.59142,159142,42731,34046,22673,0.22673,25354.330309376634,0.8942456662566626,5,159142,246500,97203,18030016,180.30016,19235512,True,494430104645952147,60695076498756863,2305843009213693951
n100000-g3-t0.5-r6-h280042,2efaf1348f57,3.14.3,Windows-11-10.0.26200-SP0,"Intel64 Family 6 Model 170 Stepping 4, GenuineIntel",100000,3.0,3.05870700345102,0.5,11,256337,100000,0.39011145484264853,random,160042,220042,280042,6,3556237800,35562.378,15300.0,21600.0,44100.999999999476,1100018300,9,64059,0.64059,164059,28081,24387,17332,0.17332,19505.377686405005,0.8885754625546256,5,164059,341776,156337,21908368,219.08368,25060416,True,2201841469646587518,397338519605204228,2305843009213693951
n100000-g1.25-t0.5-r6-h280042,2efaf1348f57,3.14.3,Windows-11-10.0.26200-SP0,"Intel64 Family 6 Model 170 Stepping 4, GenuineIntel",100000,1.25,1.268757469795743,0.5,11,235159,100000,0.42524419647982853,random,160042,220042,280042,6,10435049300,104350.493,15900.0,21300.0,48900.0,1756201100,42,469652,4.69652,569652,43253,35216,18941,0.18941,21261.997201893188,0.8908382321823218,5,569652,423266,135159,20681632,206.81632,34426396,True,1857597219118532347,1685028718986876083,2305843009213693951
n100000-g2-t0.9-r6-h280042,2efaf1348f57,3.14.3,Windows-11-10.0.26200-SP0,"Intel64 Family 6 Model 170 Stepping 4, GenuineIntel",100000,2.0,2.01920038622886,0.9,11,205759,100000,0.48600547242161946,random,160042,220042,280042,6,5075796700,50757.967,15600.0,22000.0,44001.99999999895,1607453600,14,185100,1.851,285100,76992,52978,21785,0.21785,24300.03061834476,0.8965009280092802,6,285100,308636,105759,18736320,187.3632,26284736,True,16250116791474437,1151655766305095321,2305843009213693951
n100000-g2-t0.7-r6-h280042,2efaf1348f57,3.14.3,Windows-11-10.0.26200-SP0,"Intel64 Family 6 Model 170 Stepping 4, GenuineIntel",100000,2.0,2.01920038622886,0.7,11,205759,100000,0.48600547242161946,random,160042,220042,280042,6,4446972800,44469.728,15300.0,21100.0,40600.0,1380254700,14,143962,1.43962,243962,55076,41871,21785,0.21785,24300.03061834476,0.8965009280092802,6,243962,308636,105759,18736320,187.3632,25062484,True,16250116791474437,1151655766305095321,2305843009213693951
n100000-g3-t0.7-r6-h280042,2efaf1348f57,3.14.3,Windows-11-10.0.26200-SP0,"Intel64 Family 6 Model 170 Stepping 4, GenuineIntel",100000,3.0,3.05870700345102,0.7,11,256337,100000,0.39011145484264853,random,160042,220042,280042,6,3898492600,38984.926,16200.0,20600.0,43700.0,1286313500,9,89684,0.89684,189684,38001,31273,17332,0.17332,19505.377686405005,0.8885754625546256,5,189684,341776,156337,21908368,219.08368,26216136,True,2201841469646587518,397338519605204228,2305843009213693951
n100000-g2-t0.5-r6-h280042,2efaf1348f57,3.14.3,Windows-11-10.0.26200-SP0,"Intel64 Family 6 Model 170 Stepping 4, GenuineIntel",100000,2.0,2.01920038622886,0.5,11,205759,100000,0.48600547242161946,random,160042,220042,280042,6,3942523500,39425.235,15500.0,22100.0,42700.999999999476,1086670000,14,102830,1.0283,202830,38596,31941,21785,0.21785,24300.03061834476,0.8965009280092802,6,202830,308636,105759,18736320,187.3632,23737160,True,16250116791474437,1151655766305095321,2305843009213693951
n100000-g2-t0.8-r6-h280042,2efaf1348f57,3.14.3,Windows-11-10.0.26200-SP0,"Intel64 Family 6 Model 170 Stepping 4, GenuineIntel",100000,2.0,2.01920038622886,0.8,11,205759,100000,0.48600547242161946,random,160042,220042,280042,6,4853025100,48530.251,16200.0,21700.0,44300.0,1477142800,14,164531,1.64531,264531,65235,47249,21785,0.21785,24300.03061834476,0.8965009280092802,6,264531,308636,105759,18736320,187.3632,25669948,True,16250116791474437,1151655766305095321,2305843009213693951
n100000-g3-t0.8-r6-h280042,2efaf1348f57,3.14.3,Windows-11-10.0.26200-SP0,"Intel64 Family 6 Model 170 Stepping 4, GenuineIntel",100000,3.0,3.05870700345102,0.8,11,256337,100000,0.39011145484264853,random,160042,220042,280042,6,3722319100,37223.191,14500.0,20800.0,38100.0,1315847400,9,102497,1.02497,202497,44443,35314,17332,0.17332,19505.377686405005,0.8885754625546256,5,202497,341776,156337,21908368,219.08368,26747176,True,2201841469646587518,397338519605204228,2305843009213693951
n100000-g1.25-t0.7-r6-h280042,2efaf1348f57,3.14.3,Windows-11-10.0.26200-SP0,"Intel64 Family 6 Model 170 Stepping 4, GenuineIntel",100000,1.25,1.2696893707341963,0.7,11,150473,100000,0.6645710526140902,random,160042,220042,280042,6,8190106400,81901.064,15100.0,20600.0,36600.0,1169410800,40,420512,4.20512,520512,60898,45620,30889,0.30889,33228.220345178204,0.9296013954139541,6,520512,270844,50473,14889520,148.8952,23557108,True,1613149791508355166,724442030110462946,2305843009213693951
n100000-g4-t0.7-r6-h280042,2efaf1348f57,3.14.3,Windows-11-10.0.26200-SP0,"Intel64 Family 6 Model 170 Stepping 4, GenuineIntel",100000,4.0,4.052802818528498,0.7,11,197203,100000,0.5070916771043037,random,160042,220042,280042,6,3108871700,31088.717,16100.0,21100.0,43200.0,862782200,7,45998,0.45998,145998,34897,29146,22673,0.22673,25354.330309376634,0.8942456662566626,5,145998,246500,97203,18030016,180.30016,19235632,True,494430104645952147,60695076498756863,2305843009213693951
n100000-g3-t0.9-r6-h280042,2efaf1348f57,3.14.3,Windows-11-10.0.26200-SP0,"Intel64 Family 6 Model 170 Stepping 4, GenuineIntel",100000,3.0,3.05870700345102,0.9,11,256337,100000,0.39011145484264853,random,160042,220042,280042,6,3897604700,38976.047,14800.0,20700.0,37100.999999999476,1488802600,9,115310,1.1531,215310,51833,39672,17332,0.17332,19505.377686405005,0.8885754625546256,5,215310,341776,156337,21908368,219.08368,27282520,True,2201841469646587518,397338519605204228,2305843009213693951
n100000-g4-t0.9-r7-h310042,2efaf1348f57,3.14.3,Windows-11-10.0.26200-SP0,"Intel64 Family 6 Model 170 Stepping 4, GenuineIntel",100000,4.0,4.052802818528498,0.9,11,197203,100000,0.5070916771043037,random,170042,240042,310042,7,3233533900,32335.339,15500.0,20400.0,40100.0,1011959800,7,59142,0.59142,159142,42938,34197,22954,0.22954,25354.330309376634,0.9053285856858568,5,159142,246500,97203,18023808,180.23808,19229240,True,1239411254862733633,25576520534447484,2305843009213693951
n100000-g1.5-t0.9-r7-h310042,2efaf1348f57,3.14.3,Windows-11-10.0.26200-SP0,"Intel64 Family 6 Model 170 Stepping 4, GenuineIntel",100000,1.5,1.5224810805919142,0.9,11,112997,100000,0.8849792472366523,random,170042,240042,310042,7,5024631300,50246.313,15300.0,21300.0,39000.999999999476,1096680800,22,203133,2.03133,303133,72436,51850,41761,0.41761,44248.519872209,0.9437829812298123,7,303133,188320,12997,12305264,123.05264,16940260,True,1532490140063849272,1862359853271951679,2305843009213693951
n100000-g2-t0.7-r7-h310042,2efaf1348f57,3.14.3,Windows-11-10.0.26200-SP0,"Intel64 Family 6 Model 170 Stepping 4, GenuineIntel",100000,2.0,2.01920038622886,0.7,11,205759,100000,0.48600547242161946,random,170042,240042,310042,7,3597717000,35977.17,14400.0,20300.0,33300.0,765285400,14,143962,1.43962,243962,47482,37781,21959,0.21959,24300.03061834476,0.9036614128141282,5,243962,308636,105759,18733024,187.33024,25257748,True,1953142377995324346,423285749562985563,2305843009213693951
n100000-g3-t0.8-r7-h310042,2efaf1348f57,3.14.3,Windows-11-10.0.26200-SP0,"Intel64 Family 6 Model 170 Stepping 4, GenuineIntel",100000,3.0,3.05870700345102,0.8,11,256337,100000,0.39011145484264853,random,170042,240042,310042,7,3006362500,30063.625,10200.0,18600.0,29000.0,1040903500,9,102497,1.02497,202497,44035,34999,17030,0.1703,19505.377686405005,0.8730925529255293,5,202497,341776,156337,21916368,219.16368,26749328,True,711406412350269241,723946798344961194,2305843009213693951
n100000-g1.25-t0.9-r7-h310042,2efaf1348f57,3.14.3,Windows-11-10.0.26200-SP0,"Intel64 Family 6 Model 170 Stepping 4, GenuineIntel",100000,1.25,1.2701922559901528,0.9,11,120371,100000,0.830764885229831,random,170042,240042,310042,7,6287355100,62873.551,13400.0,20000.0,29800.999999999476,1169188800,39,432337,4.32337,532337,81557,55610,52550,0.5255,41537.82887904894,1.2651118611186112,8,532337,216652,20371,12579008,125.79008,20011176,True,2166142541837486069,1595451045202130900,2305843009213693951
n100000-g4-t0.8-r7-h310042,2efaf1348f57,3.14.3,Windows-11-10.0.26200-SP0,"Intel64 Family 6 Model 170 Stepping 4, GenuineIntel",100000,4.0,4.052802818528498,0.8,11,197203,100000,0.5070916771043037,random,170042,240042,310042,7,3128326000,31283.26,15400.0,20500.0,40700.999999999476,910112600,7,52570,0.5257,152570,38786,31667,22954,0.22954,25354.330309376634,0.9053285856858568,5,152570,246500,97203,18023808,180.23808,19229388,True,1239411254862733633,25576520534447484,2305843009213693951
n100000-g1.5-t0.8-r7-h310042,2efaf1348f57,3.14.3,Windows-11-10.0.26200-SP0,"Intel64 Family 6 Model 170 Stepping 4, GenuineIntel",100000,1.5,1.5215057585600311,0.8,11,169501,100000,0.5899670208435348,random,170042,240042,310042,7,6165116000,61651.16,15300.0,21300.0,37300.0,1337140000,23,270957,2.70957,370957,63363,47188,27133,0.27133,29498.05605866632,0.9198233248332484,6,370957,282498,69501,16197360,161.9736,24805316,True,121282583721836525,1280475147492570138,2305843009213693951
n100000-g1.25-t0.7-r7-h310042,2efaf1348f57,3.14.3,Windows-11-10.0.26200-SP0,"Intel64 Family 6 Model 170 Stepping 4, GenuineIntel",100000,1.25,1.2696893707341963,0.7,11,150473,100000,0.6645710526140902,random,170042,240042,310042,7,7404706000,74047.06,14400.0,20300.0,32300.0,1287208600,40,420512,4.20512,520512,64120,47163,31079,0.31079,33228.220345178204,0.9353194265942659,6,520512,270844,50473,14886448,148.86448,23412568,True,2249942520371694776,2296987440292729526,2305843009213693951
n100000-g3-t0.7-r7-h310042,2efaf1348f57,3.14.3,Windows-11-10.0.26200-SP0,"Intel64 Family 6 Model 170 Stepping 4, GenuineIntel",100000,3.0,3.05870700345102,0.7,11,256337,100000,0.39011145484264853,random,170042,240042,310042,7,3044747800,30447.478,13400.0,19200.0,30600.0,988971900,9,89684,0.89684,189684,37751,30990,17030,0.1703,19505.377686405005,0.8730925529255293,5,189684,341776,156337,21916368,219.16368,26216208,True,711406412350269241,723946798344961194,2305843009213693951
n100000-g1.25-t0.5-r7-h310042,2efaf1348f57,3.14.3,Windows-11-10.0.26200-SP0,"Intel64 Family 6 Model 170 Stepping 4, GenuineIntel",100000,1.25,1.268757469795743,0.5,11,235159,100000,0.42524419647982853,random,170042,240042,310042,7,8954456900,89544.569,14200.0,20400.0,34800.999999999476,1573530100,42,469652,4.69652,569652,44462,35859,19082,0.19082,21261.997201893188,0.8974697822978229,5,569652,423266,135159,20675648,206.75648,34398724,True,2029636400202622408,701501662672412225,2305843009213693951
n100000-g2-t0.5-r7-h310042,2efaf1348f57,3.14.3,Windows-11-10.0.26200-SP0,"Intel64 Family 6 Model 170 Stepping 4, GenuineIntel",100000,2.0,2.01920038622886,0.5,11,205759,100000,0.48600547242161946,random,170042,240042,310042,7,3220180500,32201.805,9000.0,19200.0,29000.0,912471400,14,102830,1.0283,202830,35025,29661,21959,0.21959,24300.03061834476,0.9036614128141282,5,202830,308636,105759,18733024,187.33024,23853992,True,1953142377995324346,423285749562985563,2305843009213693951
n100000-g2-t0.9-r7-h310042,2efaf1348f57,3.14.3,Windows-11-10.0.26200-SP0,"Intel64 Family 6 Model 170 Stepping 4, GenuineIntel",100000,2.0,2.01920038622886,0.9,11,205759,100000,0.48600547242161946,random,170042,240042,310042,7,3343090300,33430.903,8300.0,19000.0,29500.0,973357900,14,185100,1.851,285100,63622,46890,21959,0.21959,24300.03061834476,0.9036614128141282,5,285100,308636,105759,18733024,187.33024,26563456,True,1953142377995324346,423285749562985563,2305843009213693951
n100000-g1.5-t0.7-r7-h310042,2efaf1348f57,3.14.3,Windows-11-10.0.26200-SP0,"Intel64 Family 6 Model 170 Stepping 4, GenuineIntel",100000,1.5,1.5215057585600311,0.7,11,169501,100000,0.5899670208435348,random,170042,240042,310042,7,4183816800,41838.168,8600.0,18900.0,26700.0,882838300,23,237084,2.37084,337084,54733,42411,27133,0.27133,29498.05605866632,0.9198233248332484,6,337084,282498,69501,16197360,161.9736,24086980,True,121282583721836525,1280475147492570138,2305843009213693951
n100000-g4-t0.7-r7-h310042,2efaf1348f57,3.14.3,Windows-11-10.0.26200-SP0,"Intel64 Family 6 Model 170 Stepping 4, GenuineIntel",100000,4.0,4.052802818528498,0.7,11,197203,100000,0.5070916771043037,random,170042,240042,310042,7,2452975100,24529.751,9100.0,19000.0,31100.0,714546100,7,45998,0.45998,145998,35073,29341,22954,0.22954,25354.330309376634,0.9053285856858568,5,145998,246500,97203,18023808,180.23808,19229432,True,1239411254862733633,25576520534447484,2305843009213693951
n100000-g3-t0.5-r7-h310042,2efaf1348f57,3.14.3,Windows-11-10.0.26200-SP0,"Intel64 Family 6 Model 170 Stepping 4, GenuineIntel",100000,3.0,3.05870700345102,0.5,11,256337,100000,0.39011145484264853,random,170042,240042,310042,7,2328408100,23284.081,8100.0,17400.0,23600.0,743659400,9,64059,0.64059,164059,27482,23971,17030,0.1703,19505.377686405005,0.8730925529255293,5,164059,341776,156337,21916368,219.16368,25064808,True,711406412350269241,723946798344961194,2305843009213693951
n100000-g1.5-t0.5-r7-h310042,2efaf1348f57,3.14.3,Windows-11-10.0.26200-SP0,"Intel64 Family 6 Model 170 Stepping 4, GenuineIntel",100000,1.5,1.5206110372944526,0.5,11,254257,100000,0.3933028392531966,random,170042,240042,310042,7,3546685800,35466.858,7100.0,14500.0,23000.0,796711400,24,254094,2.54094,354094,38690,32246,17563,0.17563,19664.9453112402,0.8931120693206933,5,354094,423758,154257,21785328,217.85328,33539344,True,1658011160601666083,1388615670434179856,2305843009213693951
n100000-g2-t0.8-r7-h310042,2efaf1348f57,3.14.3,Windows-11-10.0.26200-SP0,"Intel64 Family 6 Model 170 Stepping 4, GenuineIntel",100000,2.0,2.01920038622886,0.8,11,205759,100000,0.48600547242161946,random,170042,240042,310042,7,2982157100,29821.571,8300.0,17900.0,25200.0,1013942400,14,164531,1.64531,264531,54976,42106,21959,0.21959,24300.03061834476,0.9036614128141282,5,264531,308636,105759,18733024,187.33024,25909884,True,1953142377995324346,423285749562985563,2305843009213693951
n100000-g1.25-t0.8-r7-h310042,2efaf1348f57,3.14.3,Windows-11-10.0.26200-SP0,"Intel64 Family 6 Model 170 Stepping 4, GenuineIntel",100000,1.25,1.2696893707341963,0.8,11,150473,100000,0.6645710526140902,random,170042,240042,310042,7,6233418400,62334.184,8500.0,17800.0,25700.0,1055226100,40,480591,4.80591,580591,74110,52022,31079,0.31079,33228.220345178204,0.9353194265942659,6,580591,270844,50473,14886448,148.86448,24139480,True,2249942520371694776,2296987440292729526,2305843009213693951
n100000-g3-t0.9-r7-h310042,2efaf1348f57,3.14.3,Windows-11-10.0.26200-SP0,"Intel64 Family 6 Model 170 Stepping 4, GenuineIntel",100000,3.0,3.05870700345102,0.9,11,256337,100000,0.39011145484264853,random,170042,240042,310042,7,2662322700,26623.227,8300.0,17600.0,24700.0,959710600,9,115310,1.1531,215310,51419,39404,17030,0.1703,19505.377686405005,0.8730925529255293,5,215310,341776,156337,21916368,219.16368,27283616,True,711406412350269241,723946798344961194,2305843009213693951
n100000-g4-t0.5-r7-h310042,2efaf1348f57,3.14.3,Windows-11-10.0.26200-SP0,"Intel64 Family 6 Model 170 Stepping 4, GenuineIntel",100000,4.0,4.046203100077032,0.5,11,788813,100000,0.12677275856254905,random,170042,240042,310042,7,4296917800,42969.178,8300.0,17900.0,25900.999999999476,2225453200,8,131456,1.31456,231456,28415,24655,4138,0.04138,6338.574541748171,0.6528281670816708,3,231456,986016,688813,56718608,567.18608,70801716,True,1853048895249395985,585892818921622997,2305843009213693951
n100000-g1.25-t0.8-r8-h340042,2efaf1348f57,3.14.3,Windows-11-10.0.26200-SP0,"Intel64 Family 6 Model 170 Stepping 4, GenuineIntel",100000,1.25,1.2696893707341963,0.8,11,150473,100000,0.6645710526140902,random,180042,260042,340042,8,6618898700,66188.987,8600.0,18800.0,28500.0,1149271000,40,480591,4.80591,580591,69817,50627,30992,0.30992,33228.220345178204,0.9327011702117022,6,580591,270844,50473,14886544,148.86544,24319636,True,805656985329398461,24782290103035239,2305843009213693951
n100000-g2-t0.5-r8-h340042,2efaf1348f57,3.14.3,Windows-11-10.0.26200-SP0,"Intel64 Family 6 Model 170 Stepping 4, GenuineIntel",100000,2.0,2.01920038622886,0.5,11,205759,100000,0.48600547242161946,random,180042,260042,340042,8,2990788200,29907.882,8400.0,19100.0,29600.0,798105600,14,102830,1.0283,202830,34693,29480,22090,0.2209,24300.03061834476,0.9090523525235253,6,202830,308636,105759,18729120,187.2912,23858812,True,2030361745778793741,400047813291132849,2305843009213693951
n100000-g1.25-t0.9-r8-h340042,2efaf1348f57,3.14.3,Windows-11-10.0.26200-SP0,"Intel64 Family 6 Model 170 Stepping 4, GenuineIntel",100000,1.25,1.2701922559901528,0.9,11,120371,100000,0.830764885229831,random,180042,260042,340042,8,5787580800,57875.808,9300.0,19000.0,27200.0,877379400,39,432337,4.32337,532337,78190,54547,39272,0.39272,41537.82887904894,0.9454514369143692,7,532337,216652,20371,12764768,127.64768,20011760,True,539700987208921000,1702585503911131131,2305843009213693951
n100000-g1.5-t0.8-r8-h340042,2efaf1348f57,3.14.3,Windows-11-10.0.26200-SP0,"Intel64 Family 6 Model 170 Stepping 4, GenuineIntel",100000,1.5,1.5215057585600311,0.8,11,169501,100000,0.5899670208435348,random,180042,260042,340042,8,4731666800,47316.668,8900.0,19100.0,28700.0,1152643200,23,270957,2.70957,370957,63257,47254,27864,0.27864,29498.05605866632,0.9446046188461885,6,370957,282498,69501,16183408,161.83408,24800492,True,1818938436806986275,861783863817377240,2305843009213693951
n100000-g3-t0.9-r8-h340042,2efaf1348f57,3.14.3,Windows-11-10.0.26200-SP0,"Intel64 Family 6 Model 170 Stepping 4, GenuineIntel",100000,3.0,3.05870700345102,0.9,11,256337,100000,0.39011145484264853,random,180042,260042,340042,8,3082675600,30826.756,9400.0,18900.0,30100.0,1070290900,9,115310,1.1531,215310,52070,39893,17472,0.17472,19505.377686405005,0.8957529703297034,5,215310,341776,156337,21906672,219.06672,27277876,True,283954274395143554,1340096452050326461,2305843009213693951
n100000-g1.25-t0.5-r8-h340042,2efaf1348f57,3.14.3,Windows-11-10.0.26200-SP0,"Intel64 Family 6 Model 170 Stepping 4, GenuineIntel",100000,1.25,1.268757469795743,0.5,11,235159,100000,0.42524419647982853,random,180042,260042,340042,8,7520811600,75208.116,8600.0,18600.0,28600.0,1279624700,42,469652,4.69652,569652,42450,34989,19026,0.19026,21261.997201893188,0.8948359751597516,5,569652,423266,135159,20680608,206.80608,34415360,True,57458189066011734,94699612111154547,2305843009213693951
n100000-g4-t0.5-r8-h340042,2efaf1348f57,3.14.3,Windows-11-10.0.26200-SP0,"Intel64 Family 6 Model 170 Stepping 4, GenuineIntel",100000,4.0,4.046203100077032,0.5,11,788813,100000,0.12677275856254905,random,180042,260042,340042,8,4467394500,44673.945,9000.0,18600.0,30600.0,2353761300,8,131456,1.31456,231456,28748,24845,10470,0.1047,6338.574541748171,1.651790939909399,5,231456,986016,688813,56536176,565.36176,70807820,True,822872467416237740,35726876003364012,2305843009213693951
n100000-g4-t0.7-r8-h340042,2efaf1348f57,3.14.3,Windows-11-10.0.26200-SP0,"Intel64 Family 6 Model 170 Stepping 4, GenuineIntel",100000,4.0,4.052802818528498,0.7,11,197203,100000,0.5070916771043037,random,180042,260042,340042,8,2135450900,21354.509,8400.0,18100.0,27500.0,589710500,7,45998,0.45998,145998,35061,29333,22825,0.22825,25354.330309376634,0.900240697406974,5,145998,246500,97203,18028832,180.28832,19234480,True,217434830307101918,1962198245640526137,2305843009213693951
n100000-g1.5-t0.9-r8-h340042,2efaf1348f57,3.14.3,Windows-11-10.0.26200-SP0,"Intel64 Family 6 Model 170 Stepping 4, GenuineIntel",100000,1.5,1.5224810805919142,0.9,11,112997,100000,0.8849792472366523,random,180042,260042,340042,8,3683661000,36836.61,9500.0,18900.0,29100.0,756765700,22,203133,2.03133,303133,72308,51798,41865,0.41865,44248.519872209,0.9461333423334233,7,303133,188320,12997,12301616,123.01616,16940556,True,1648832138982121876,1699237183701246735,2305843009213693951
n100000-g1.5-t0.5-r8-h340042,2efaf1348f57,3.14.3,Windows-11-10.0.26200-SP0,"Intel64 Family 6 Model 170 Stepping 4, GenuineIntel",100000,1.5,1.5206110372944526,0.5,11,254257,100000,0.3933028392531966,random,180042,260042,340042,8,4921322100,49213.221,9400.0,18500.0,26900.0,1248578700,24,254094,2.54094,354094,38621,32270,17309,0.17309,19664.9453112402,0.8801956845568456,5,354094,423758,154257,21791312,217.91312,33533144,True,2253641162688568484,922675327161508135,2305843009213693951
n100000-g3-t0.7-r8-h340042,2efaf1348f57,3.14.3,Windows-11-10.0.26200-SP0,"Intel64 Family 6 Model 170 Stepping 4, GenuineIntel",100000,3.0,3.05870700345102,0.7,11,256337,100000,0.39011145484264853,random,180042,260042,340042,8,2806276600,28062.766,8700.0,18304.999999998836,29100.0,966166700,9,89684,0.89684,189684,38298,31446,17472,0.17472,19505.377686405005,0.8957529703297034,5,189684,341776,156337,21906672,219.06672,26212996,True,283954274395143554,1340096452050326461,2305843009213693951
n100000-g1.5-t0.7-r8-h340042,2efaf1348f57,3.14.3,Windows-11-10.0.26200-SP0,"Intel64 Family 6 Model 170 Stepping 4, GenuineIntel",100000,1.5,1.5215057585600311,0.7,11,169501,100000,0.5899670208435348,random,180042,260042,340042,8,4452628400,44526.284,13000.0,19500.0,30300.0,954077300,23,237084,2.37084,337084,55065,42617,27864,0.27864,29498.05605866632,0.9446046188461885,6,337084,282498,69501,16183408,161.83408,24083692,True,1818938436806986275,861783863817377240,2305843009213693951
n100000-g3-t0.5-r8-h340042,2efaf1348f57,3.14.3,Windows-11-10.0.26200-SP0,"Intel64 Family 6 Model 170 Stepping 4, GenuineIntel",100000,3.0,3.05870700345102,0.5,11,256337,100000,0.39011145484264853,random,180042,260042,340042,8,2718187000,27181.87,9100.0,19000.0,31200.0,840671700,9,64059,0.64059,164059,28020,24418,17472,0.17472,19505.377686405005,0.8957529703297034,5,164059,341776,156337,21906672,219.06672,25061532,True,283954274395143554,1340096452050326461,2305843009213693951
n100000-g2-t0.7-r8-h340042,2efaf1348f57,3.14.3,Windows-11-10.0.26200-SP0,"Intel64 Family 6 Model 170 Stepping 4, GenuineIntel",100000,2.0,2.01920038622886,0.7,11,205759,100000,0.48600547242161946,random,180042,260042,340042,8,3375540700,33755.407,9300.0,19300.0,29800.0,978827600,14,143962,1.43962,243962,47003,37516,22090,0.2209,24300.03061834476,0.9090523525235253,6,243962,308636,105759,18729120,187.2912,25267176,True,2030361745778793741,400047813291132849,2305843009213693951
n100000-g4-t0.9-r8-h340042,2efaf1348f57,3.14.3,Windows-11-10.0.26200-SP0,"Intel64 Family 6 Model 170 Stepping 4, GenuineIntel",100000,4.0,4.052802818528498,0.9,11,197203,100000,0.5070916771043037,random,180042,260042,340042,8,2423381300,24233.813,13600.0,19100.0,31000.0,658456700,7,59142,0.59142,159142,42914,34259,22825,0.22825,25354.330309376634,0.900240697406974,5,159142,246500,97203,18028832,180.28832,19234360,True,217434830307101918,1962198245640526137,2305843009213693951
n100000-g2-t0.9-r8-h340042,2efaf1348f57,3.14.3,Windows-11-10.0.26200-SP0,"Intel64 Family 6 Model 170 Stepping 4, GenuineIntel",100000,2.0,2.01920038622886,0.9,11,205759,100000,0.48600547242161946,random,180042,260042,340042,8,3758960500,37589.605,9200.0,19500.0,30800.0,1145014000,14,185100,1.851,285100,63479,46796,22090,0.2209,24300.03061834476,0.9090523525235253,6,285100,308636,105759,18729120,187.2912,26572724,True,2030361745778793741,400047813291132849,2305843009213693951
n100000-g2-t0.8-r8-h340042,2efaf1348f57,3.14.3,Windows-11-10.0.26200-SP0,"Intel64 Family 6 Model 170 Stepping 4, GenuineIntel",100000,2.0,2.01920038622886,0.8,11,205759,100000,0.48600547242161946,random,180042,260042,340042,8,1539924400,15399.244,4600.0,7600.0,12300.0,446630700,14,164531,1.64531,264531,54772,41977,22090,0.2209,24300.03061834476,0.9090523525235253,6,264531,308636,105759,18729120,187.2912,25917360,True,2030361745778793741,400047813291132849,2305843009213693951
n100000-g4-t0.8-r8-h340042,2efaf1348f57,3.14.3,Windows-11-10.0.26200-SP0,"Intel64 Family 6 Model 170 Stepping 4, GenuineIntel",100000,4.0,4.052802818528498,0.8,11,197203,100000,0.5070916771043037,random,180042,260042,340042,8,954934000,9549.34,4400.0,5300.0,11400.0,285922900,7,52570,0.5257,152570,38692,31687,22825,0.22825,25354.330309376634,0.900240697406974,5,152570,246500,97203,18028832,180.28832,19234436,True,217434830307101918,1962198245640526137,2305843009213693951
n100000-g3-t0.8-r8-h340042,2efaf1348f57,3.14.3,Windows-11-10.0.26200-SP0,"Intel64 Family 6 Model 170 Stepping 4, GenuineIntel",100000,3.0,3.05870700345102,0.8,11,256337,100000,0.39011145484264853,random,180042,260042,340042,8,2500172000,25001.72,7900.0,18300.0,26700.0,1081566100,9,102497,1.02497,202497,44843,35630,17472,0.17472,19505.377686405005,0.8957529703297034,5,202497,341776,156337,21906672,219.06672,26741988,True,283954274395143554,1340096452050326461,2305843009213693951
n100000-g1.25-t0.7-r8-h340042,2efaf1348f57,3.14.3,Windows-11-10.0.26200-SP0,"Intel64 Family 6 Model 170 Stepping 4, GenuineIntel",100000,1.25,1.2696893707341963,0.7,11,150473,100000,0.6645710526140902,random,180042,260042,340042,8,4837266400,48372.664,6900.0,18400.0,25800.0,485914000,40,420512,4.20512,520512,60715,45848,30992,0.30992,33228.220345178204,0.9327011702117022,6,520512,270844,50473,14886544,148.86544,23571356,True,805656985329398461,24782290103035239,2305843009213693951
n100000-g3-t0.9-r9-h370042,2efaf1348f57,3.14.3,Windows-11-10.0.26200-SP0,"Intel64 Family 6 Model 170 Stepping 4, GenuineIntel",100000,3.0,3.05870700345102,0.9,11,256337,100000,0.39011145484264853,random,190042,280042,370042,9,1898926500,18989.265,4700.0,15400.0,19700.0,903066000,9,115310,1.1531,215310,58954,43966,30000,0.3,19505.377686405005,1.5380373803738039,5,215310,341776,156337,21608336,216.08336,27252184,True,2139851457056740756,1578842518984170630,2305843009213693951
n100000-g4-t0.5-r9-h370042,2efaf1348f57,3.14.3,Windows-11-10.0.26200-SP0,"Intel64 Family 6 Model 170 Stepping 4, GenuineIntel",100000,4.0,4.046203100077032,0.5,11,788813,100000,0.12677275856254905,random,190042,280042,370042,9,4592194800,45921.948,9600.0,18600.0,31300.999999999476,2391374800,8,131456,1.31456,231456,29051,25042,4363,0.04363,6338.574541748171,0.6883251070510705,3,231456,986016,688813,56711216,567.11216,70796184,True,717699851790862085,58283654560390152,2305843009213693951
n100000-g3-t0.5-r9-h370042,2efaf1348f57,3.14.3,Windows-11-10.0.26200-SP0,"Intel64 Family 6 Model 170 Stepping 4, GenuineIntel",100000,3.0,3.05870700345102,0.5,11,256337,100000,0.39011145484264853,random,190042,280042,370042,9,2586892900,25868.929,9300.0,18900.0,30400.0,784778200,9,64059,0.64059,164059,38958,32128,30000,0.3,19505.377686405005,1.5380373803738039,5,164059,341776,156337,21608336,216.08336,25047016,True,2139851457056740756,1578842518984170630,2305843009213693951
n100000-g1.5-t0.8-r9-h370042,2efaf1348f57,3.14.3,Windows-11-10.0.26200-SP0,"Intel64 Family 6 Model 170 Stepping 4, GenuineIntel",100000,1.5,1.5215057585600311,0.8,11,169501,100000,0.5899670208435348,random,190042,280042,370042,9,4555691500,45556.915,9700.0,19400.0,29900.0,1059540600,23,270957,2.70957,370957,63424,47102,27875,0.27875,29498.05605866632,0.9449775247752478,6,370957,282498,69501,16184048,161.84048,24796280,True,1771195412487732720,1384448661232507686,2305843009213693951
n100000-g2-t0.7-r9-h370042,2efaf1348f57,3.14.3,Windows-11-10.0.26200-SP0,"Intel64 Family 6 Model 170 Stepping 4, GenuineIntel",100000,2.0,2.01920038622886,0.7,11,205759,100000,0.48600547242161946,random,190042,280042,370042,9,3499677100,34996.771,11000.0,19500.0,31100.0,1011341200,14,143962,1.43962,243962,47215,37653,21822,0.21822,24300.03061834476,0.8980235598355985,5,243962,308636,105759,18735584,187.35584,25265256,True,1971844736309320390,2025672758515199627,2305843009213693951
n100000-g3-t0.7-r9-h370042,2efaf1348f57,3.14.3,Windows-11-10.0.26200-SP0,"Intel64 Family 6 Model 170 Stepping 4, GenuineIntel",100000,3.0,3.05870700345102,0.7,11,256337,100000,0.39011145484264853,random,190042,280042,370042,9,2805064200,28050.642,10100.0,18800.0,29600.0,923455800,9,89684,0.89684,189684,47430,37539,30000,0.3,19505.377686405005,1.5380373803738039,5,189684,341776,156337,21608336,216.08336,26192624,True,2139851457056740756,1578842518984170630,2305843009213693951
n100000-g2-t0.5-r9-h370042,2efaf1348f57,3.14.3,Windows-11-10.0.26200-SP0,"Intel64 Family 6 Model 170 Stepping 4, GenuineIntel",100000,2.0,2.01920038622886,0.5,11,205759,100000,0.48600547242161946,random,190042,280042,370042,9,3050505800,30505.058,9200.0,18500.0,28100.0,875674700,14,102830,1.0283,202830,34942,29619,21822,0.21822,24300.03061834476,0.8980235598355985,5,202830,308636,105759,18735584,187.35584,23855676,True,1971844736309320390,2025672758515199627,2305843009213693951
n100000-g1.25-t0.5-r9-h370042,2efaf1348f57,3.14.3,Windows-11-10.0.26200-SP0,"Intel64 Family 6 Model 170 Stepping 4, GenuineIntel",100000,1.25,1.268757469795743,0.5,11,235159,100000,0.42524419647982853,random,190042,280042,370042,9,7558305900,75583.059,9000.0,18800.0,27800.0,1270173100,42,469652,4.69652,569652,44353,36106,27559,0.27559,21261.997201893188,1.2961623378233782,5,569652,423266,135159,20479392,204.79392,34409056,True,2268964812290716791,1741818965177455453,2305843009213693951
n100000-g1.25-t0.7-r9-h370042,2efaf1348f57,3.14.3,Windows-11-10.0.26200-SP0,"Intel64 Family 6 Model 170 Stepping 4, GenuineIntel",100000,1.25,1.2696893707341963,0.7,11,150473,100000,0.6645710526140902,random,190042,280042,370042,9,6410903100,64109.031,9900.0,18900.0,29200.0,944845200,40,420512,4.20512,520512,61342,45867,31094,0.31094,33228.220345178204,0.9357708501085011,6,520512,270844,50473,14881968,148.81968,23532860,True,1977558999241319158,410887551040796209,2305843009213693951
n100000-g1.5-t0.7-r9-h370042,2efaf1348f57,3.14.3,Windows-11-10.0.26200-SP0,"Intel64 Family 6 Model 170 Stepping 4, GenuineIntel",100000,1.5,1.5215057585600311,0.7,11,169501,100000,0.5899670208435348,random,190042,280042,370042,9,4390363700,43903.637,9350.0,18400.0,26000.0,994471400,23,237084,2.37084,337084,54894,42426,27875,0.27875,29498.05605866632,0.9449775247752478,6,337084,282498,69501,16184048,161.84048,24080792,True,1771195412487732720,1384448661232507686,2305843009213693951
n100000-g3-t0.8-r9-h370042,2efaf1348f57,3.14.3,Windows-11-10.0.26200-SP0,"Intel64 Family 6 Model 170 Stepping 4, GenuineIntel",100000,3.0,3.05870700345102,0.8,11,256337,100000,0.39011145484264853,random,190042,280042,370042,9,3056072700,30560.727,9200.0,18800.0,29800.0,1124359900,9,102497,1.02497,202497,52938,40654,30000,0.3,19505.377686405005,1.5380373803738039,5,202497,341776,156337,21608336,216.08336,26720560,True,2139851457056740756,1578842518984170630,2305843009213693951
n100000-g2-t0.9-r9-h370042,2efaf1348f57,3.14.3,Windows-11-10.0.26200-SP0,"Intel64 Family 6 Model 170 Stepping 4, GenuineIntel",100000,2.0,2.01920038622886,0.9,11,205759,100000,0.48600547242161946,random,190042,280042,370042,9,3584610900,35846.109,9700.0,19100.0,30300.0,1154798600,14,185100,1.851,285100,63838,47070,21822,0.21822,24300.03061834476,0.8980235598355985,5,285100,308636,105759,18735584,187.35584,26564596,True,1971844736309320390,2025672758515199627,2305843009213693951
n100000-g2-t0.8-r9-h370042,2efaf1348f57,3.14.3,Windows-11-10.0.26200-SP0,"Intel64 Family 6 Model 170 Stepping 4, GenuineIntel",100000,2.0,2.01920038622886,0.8,11,205759,100000,0.48600547242161946,random,190042,280042,370042,9,3195473500,31954.735,8200.0,18000.0,25400.999999999476,990201600,14,164531,1.64531,264531,55094,42270,21822,0.21822,24300.03061834476,0.8980235598355985,5,264531,308636,105759,18735584,187.35584,25913072,True,1971844736309320390,2025672758515199627,2305843009213693951
n100000-g1.5-t0.9-r9-h370042,2efaf1348f57,3.14.3,Windows-11-10.0.26200-SP0,"Intel64 Family 6 Model 170 Stepping 4, GenuineIntel",100000,1.5,1.5224810805919142,0.9,11,112997,100000,0.8849792472366523,random,190042,280042,370042,9,3735263200,37352.632,9600.0,19000.0,28600.0,776200500,22,203133,2.03133,303133,72564,51884,42370,0.4237,44248.519872209,0.9575461534615346,7,303133,188320,12997,12296880,122.9688,16941244,True,1606869901475171908,101487467546667025,2305843009213693951
n100000-g4-t0.8-r9-h370042,2efaf1348f57,3.14.3,Windows-11-10.0.26200-SP0,"Intel64 Family 6 Model 170 Stepping 4, GenuineIntel",100000,4.0,4.052802818528498,0.8,11,197203,100000,0.5070916771043037,random,190042,280042,370042,9,2361922800,23619.228,10800.0,18800.0,32400.0,694426400,7,52570,0.5257,152570,39169,31899,23340,0.2334,25354.330309376634,0.9205528095280953,6,152570,246500,97203,18018016,180.18016,19223568,True,450650151473817110,534505824946022490,2305843009213693951
n100000-g1.5-t0.5-r9-h370042,2efaf1348f57,3.14.3,Windows-11-10.0.26200-SP0,"Intel64 Family 6 Model 170 Stepping 4, GenuineIntel",100000,1.5,1.5206110372944526,0.5,11,254257,100000,0.3933028392531966,random,190042,280042,370042,9,5104198100,51041.981,11300.0,18900.0,30200.0,1249472200,24,254094,2.54094,354094,39129,32520,17828,0.17828,19664.9453112402,0.9065878250782509,5,354094,423758,154257,21780240,217.8024,33530152,True,610722056468128858,568996247991866269,2305843009213693951
n100000-g1.25-t0.8-r9-h370042,2efaf1348f57,3.14.3,Windows-11-10.0.26200-SP0,"Intel64 Family 6 Model 170 Stepping 4, GenuineIntel",100000,1.25,1.2696893707341963,0.8,11,150473,100000,0.6645710526140902,random,190042,280042,370042,9,6406709700,64067.097,8700.0,18600.0,27800.0,995369700,40,480591,4.80591,580591,70601,50508,31094,0.31094,33228.220345178204,0.9357708501085011,6,580591,270844,50473,14881968,148.81968,24278460,True,1977558999241319158,410887551040796209,2305843009213693951
n100000-g1.25-t0.9-r9-h370042,2efaf1348f57,3.14.3,Windows-11-10.0.26200-SP0,"Intel64 Family 6 Model 170 Stepping 4, GenuineIntel",100000,1.25,1.2701922559901528,0.9,11,120371,100000,0.830764885229831,random,190042,280042,370042,9,5822647900,58226.479,8700.0,18300.0,28300.0,884905900,39,432337,4.32337,532337,79186,54836,42608,0.42608,41537.82887904894,1.0257637712377123,7,532337,216652,20371,12723488,127.23488,20013844,True,126522712340390682,697209610850002084,2305843009213693951
n100000-g4-t0.7-r9-h370042,2efaf1348f57,3.14.3,Windows-11-10.0.26200-SP0,"Intel64 Family 6 Model 170 Stepping 4, GenuineIntel",100000,4.0,4.052802818528498,0.7,11,197203,100000,0.5070916771043037,random,190042,280042,370042,9,1858086700,18580.867,8100.0,16200.0,24100.0,485927800,7,45998,0.45998,145998,35487,29563,23340,0.2334,25354.330309376634,0.9205528095280953,6,145998,246500,97203,18018016,180.18016,19223644,True,450650151473817110,534505824946022490,2305843009213693951
n100000-g4-t0.9-r9-h370042,2efaf1348f57,3.14.3,Windows-11-10.0.26200-SP0,"Intel64 Family 6 Model 170 Stepping 4, GenuineIntel",100000,4.0,4.052802818528498,0.9,11,197203,100000,0.5070916771043037,random,190042,280042,370042,9,2094511000,20945.11,8100.0,17700.0,24700.0,630487700,7,59142,0.59142,159142,43422,34494,23340,0.2334,25354.330309376634,0.9205528095280953,6,159142,246500,97203,18018016,180.18016,19223524,True,450650151473817110,534505824946022490,2305843009213693951
n100000-g2-t0.5-r10-h400042,2efaf1348f57,3.14.3,Windows-11-10.0.26200-SP0,"Intel64 Family 6 Model 170 Stepping 4, GenuineIntel",100000,2.0,2.01920038622886,0.5,11,205759,100000,0.48600547242161946,random,200042,300042,400042,10,2418230400,24182.304,7900.0,16900.0,21400.0,644139800,14,102830,1.0283,202830,34997,29678,22012,0.22012,24300.03061834476,0.9058424800248003,5,202830,308636,105759,18729152,187.29152,23856492,True,345210945616917631,2018251088855526168,2305843009213693951
n100000-g1.25-t0.5-r10-h400042,2efaf1348f57,3.14.3,Windows-11-10.0.26200-SP0,"Intel64 Family 6 Model 170 Stepping 4, GenuineIntel",100000,1.25,1.268757469795743,0.5,11,235159,100000,0.42524419647982853,random,200042,300042,400042,10,7244118600,72441.186,8200.0,18200.0,24300.0,1164711500,42,469652,4.69652,569652,45065,36468,20347,0.20347,21261.997201893188,0.9569656042560425,5,569652,423266,135159,20648384,206.48384,34422204,True,374133133736598461,735781558045085135,2305843009213693951
n100000-g4-t0.5-r10-h400042,2efaf1348f57,3.14.3,Windows-11-10.0.26200-SP0,"Intel64 Family 6 Model 170 Stepping 4, GenuineIntel",100000,4.0,4.046203100077032,0.5,11,788813,100000,0.12677275856254905,random,200042,300042,400042,10,3987117900,39871.179,8000.0,17600.0,23500.0,1975115900,8,131456,1.31456,231456,28953,24955,4184,0.04184,6338.574541748171,0.6600853192531925,3,231456,986016,688813,56716752,567.16752,70798956,True,2275464329770742357,686488582339738679,2305843009213693951
n100000-g3-t0.7-r10-h400042,2efaf1348f57,3.14.3,Windows-11-10.0.26200-SP0,"Intel64 Family 6 Model 170 Stepping 4, GenuineIntel",100000,3.0,3.05870700345102,0.7,11,256337,100000,0.39011145484264853,random,200042,300042,400042,10,2620599500,26205.995,9500.0,17000.0,26700.999999999476,904662400,9,89684,0.89684,189684,38304,31529,17221,0.17221,19505.377686405005,0.8828847242472425,6,189684,341776,156337,21910192,219.10192,26209800,True,1315560819340907194,964502510728022579,2305843009213693951
n100000-g1.25-t0.9-r10-h400042,2efaf1348f57,3.14.3,Windows-11-10.0.26200-SP0,"Intel64 Family 6 Model 170 Stepping 4, GenuineIntel",100000,1.25,1.2701922559901528,0.9,11,120371,100000,0.830764885229831,random,200042,300042,400042,10,5436853300,54368.533,8500.0,18200.0,25600.999999999476,837014900,39,432337,4.32337,532337,83099,56512,55249,0.55249,41537.82887904894,1.330088776687767,8,532337,216652,20371,12495104,124.95104,20007180,True,583102156799383037,103778575651437695,2305843009213693951
n100000-g4-t0.7-r10-h400042,2efaf1348f57,3.14.3,Windows-11-10.0.26200-SP0,"Intel64 Family 6 Model 170 Stepping 4, GenuineIntel",100000,4.0,4.052802818528498,0.7,11,197203,100000,0.5070916771043037,random,200042,300042,400042,10,2082889300,20828.893,9000.0,18200.0,27300.999999999476,550811200,7,45998,0.45998,145998,35230,29394,23208,0.23208,25354.330309376634,0.9153465982659826,6,145998,246500,97203,18021120,180.2112,19226736,True,523321059494146144,1586669728196592358,2305843009213693951
n100000-g2-t0.8-r10-h400042,2efaf1348f57,3.14.3,Windows-11-10.0.26200-SP0,"Intel64 Family 6 Model 170 Stepping 4, GenuineIntel",100000,2.0,2.01920038622886,0.8,11,205759,100000,0.48600547242161946,random,200042,300042,400042,10,2581272000,25812.72,7600.0,17600.0,24600.0,501080100,14,164531,1.64531,264531,54708,42144,22012,0.22012,24300.03061834476,0.9058424800248003,5,264531,308636,105759,18729152,187.29152,25911688,True,345210945616917631,2018251088855526168,2305843009213693951
n100000-g3-t0.9-r10-h400042,2efaf1348f57,3.14.3,Windows-11-10.0.26200-SP0,"Intel64 Family 6 Model 170 Stepping 4, GenuineIntel",100000,3.0,3.05870700345102,0.9,11,256337,100000,0.39011145484264853,random,200042,300042,400042,10,2779096200,27790.962,8300.0,18600.0,30400.0,1017603400,9,115310,1.1531,215310,51652,39688,17221,0.17221,19505.377686405005,0.8828847242472425,6,215310,341776,156337,21910192,219.10192,27278520,True,1315560819340907194,964502510728022579,2305843009213693951
n100000-g4-t0.9-r10-h400042,2efaf1348f57,3.14.3,Windows-11-10.0.26200-SP0,"Intel64 Family 6 Model 170 Stepping 4, GenuineIntel",100000,4.0,4.052802818528498,0.9,11,197203,100000,0.5070916771043037,random,200042,300042,400042,10,2165435300,21654.353,8700.0,18400.0,27500.0,544832300,7,59142,0.59142,159142,43112,34339,23208,0.23208,25354.330309376634,0.9153465982659826,6,159142,246500,97203,18021120,180.2112,19226616,True,523321059494146144,1586669728196592358,2305843009213693951
n100000-g3-t0.8-r10-h400042,2efaf1348f57,3.14.3,Windows-11-10.0.26200-SP0,"Intel64 Family 6 Model 170 Stepping 4, GenuineIntel",100000,3.0,3.05870700345102,0.8,11,256337,100000,0.39011145484264853,random,200042,300042,400042,10,2772224200,27722.242,8200.0,18200.0,27600.0,995900400,9,102497,1.02497,202497,44503,35458,17221,0.17221,19505.377686405005,0.8828847242472425,6,202497,341776,156337,21910192,219.10192,26742504,True,1315560819340907194,964502510728022579,2305843009213693951
n100000-g2-t0.7-r10-h400042,2efaf1348f57,3.14.3,Windows-11-10.0.26200-SP0,"Intel64 Family 6 Model 170 Stepping 4, GenuineIntel",100000,2.0,2.01920038622886,0.7,11,205759,100000,0.48600547242161946,random,200042,300042,400042,10,3679163700,36791.637,13700.0,19800.0,32200.999999999476,1071221800,14,143962,1.43962,243962,47014,37568,22012,0.22012,24300.03061834476,0.9058424800248003,5,243962,308636,105759,18729152,187.29152,25263904,True,345210945616917631,2018251088855526168,2305843009213693951
n100000-g3-t0.5-r10-h400042,2efaf1348f57,3.14.3,Windows-11-10.0.26200-SP0,"Intel64 Family 6 Model 170 Stepping 4, GenuineIntel",100000,3.0,3.05870700345102,0.5,11,256337,100000,0.39011145484264853,random,200042,300042,400042,10,2784189400,27841.894,10100.0,19300.0,30700.0,901090700,9,64059,0.64059,164059,27914,24335,17221,0.17221,19505.377686405005,0.8828847242472425,6,164059,341776,156337,21910192,219.10192,25059712,True,1315560819340907194,964502510728022579,2305843009213693951
n100000-g1.5-t0.8-r10-h400042,2efaf1348f57,3.14.3,Windows-11-10.0.26200-SP0,"Intel64 Family 6 Model 170 Stepping 4, GenuineIntel",100000,1.5,1.5215057585600311,0.8,11,169501,100000,0.5899670208435348,random,200042,300042,400042,10,4656025000,46560.25,8800.0,19300.0,29700.0,962955500,23,270957,2.70957,370957,67472,48993,27564,0.27564,29498.05605866632,0.9344344571445715,7,370957,282498,69501,16190544,161.90544,24793780,True,728974298077215644,831411634214441269,2305843009213693951
n100000-g1.25-t0.7-r10-h400042,2efaf1348f57,3.14.3,Windows-11-10.0.26200-SP0,"Intel64 Family 6 Model 170 Stepping 4, GenuineIntel",100000,1.25,1.2696893707341963,0.7,11,150473,100000,0.6645710526140902,random,200042,300042,400042,10,6342750700,63427.507,10700.0,19100.0,29300.0,1000725700,40,420512,4.20512,520512,64660,47720,31040,0.3104,33228.220345178204,0.9341457254572546,7,520512,270844,50473,14886960,148.8696,23350548,True,724737726277207375,406167844901222187,2305843009213693951
n100000-g2-t0.9-r10-h400042,2efaf1348f57,3.14.3,Windows-11-10.0.26200-SP0,"Intel64 Family 6 Model 170 Stepping 4, GenuineIntel",100000,2.0,2.01920038622886,0.9,11,205759,100000,0.48600547242161946,random,200042,300042,400042,10,3792812500,37928.125,9400.0,19500.0,31300.0,1186263700,14,185100,1.851,285100,63506,46951,22012,0.22012,24300.03061834476,0.9058424800248003,5,285100,308636,105759,18729152,187.29152,26562444,True,345210945616917631,2018251088855526168,2305843009213693951
n100000-g1.5-t0.7-r10-h400042,2efaf1348f57,3.14.3,Windows-11-10.0.26200-SP0,"Intel64 Family 6 Model 170 Stepping 4, GenuineIntel",100000,1.5,1.5215057585600311,0.7,11,169501,100000,0.5899670208435348,random,200042,300042,400042,10,4530697700,45306.977,9700.0,19700.0,31500.999999999476,1116700300,23,237084,2.37084,337084,57977,43884,27564,0.27564,29498.05605866632,0.9344344571445715,7,337084,282498,69501,16190544,161.90544,24079316,True,728974298077215644,831411634214441269,2305843009213693951
n100000-g1.5-t0.9-r10-h400042,2efaf1348f57,3.14.3,Windows-11-10.0.26200-SP0,"Intel64 Family 6 Model 170 Stepping 4, GenuineIntel",100000,1.5,1.5224810805919142,0.9,11,112997,100000,0.8849792472366523,random,200042,300042,400042,10,3495821000,34958.21,8500.0,18700.0,26400.999999999476,691210300,22,203133,2.03133,303133,77817,54082,42693,0.42693,44248.519872209,0.9648458326583266,7,303133,188320,12997,12294224,122.94224,16790204,True,508892295776883082,861332843489059058,2305843009213693951
n100000-g4-t0.8-r10-h400042,2efaf1348f57,3.14.3,Windows-11-10.0.26200-SP0,"Intel64 Family 6 Model 170 Stepping 4, GenuineIntel",100000,4.0,4.052802818528498,0.8,11,197203,100000,0.5070916771043037,random,200042,300042,400042,10,2300971600,23009.716,9100.0,18600.0,29300.0,669370300,7,52570,0.5257,152570,38884,31758,23208,0.23208,25354.330309376634,0.9153465982659826,6,152570,246500,97203,18021120,180.2112,19226660,True,523321059494146144,1586669728196592358,2305843009213693951
n100000-g1.5-t0.5-r10-h400042,2efaf1348f57,3.14.3,Windows-11-10.0.26200-SP0,"Intel64 Family 6 Model 170 Stepping 4, GenuineIntel",100000,1.5,1.5206110372944526,0.5,11,254257,100000,0.3933028392531966,random,200042,300042,400042,10,6025617300,60256.173,14100.0,20600.0,35600.0,1654640100,24,254094,2.54094,354094,43198,34981,27481,0.27481,19664.9453112402,1.3974612980129801,6,354094,423758,154257,21557296,215.57296,33532668,True,1512209890394545135,183911278395075552,2305843009213693951
n100000-g1.25-t0.8-r10-h400042,2efaf1348f57,3.14.3,Windows-11-10.0.26200-SP0,"Intel64 Family 6 Model 170 Stepping 4, GenuineIntel",100000,1.25,1.2696893707341963,0.8,11,150473,100000,0.6645710526140902,random,200042,300042,400042,10,7556953300,75569.533,14100.0,20500.0,34200.0,1077118300,40,480591,4.80591,580591,75006,52783,31040,0.3104,33228.220345178204,0.9341457254572546,7,580591,270844,50473,14886960,148.8696,24061972,True,724737726277207375,406167844901222187,2305843009213693951
n100000-g4-t0.9-r11-h430042,2efaf1348f57,3.14.3,Windows-11-10.0.26200-SP0,"Intel64 Family 6 Model 170 Stepping 4, GenuineIntel",100000,4.0,4.052802818528498,0.9,11,197203,100000,0.5070916771043037,random,210042,320042,430042,11,2357690800,23576.908,12700.0,18800.0,30900.0,656682200,7,59142,0.59142,159142,42973,34264,22809,0.22809,25354.330309376634,0.8996096414964149,5,159142,246500,97203,18028800,180.288,19234228,True,1456350314543585143,297509610434239018,2305843009213693951
n100000-g1.25-t0.8-r11-h430042,2efaf1348f57,3.14.3,Windows-11-10.0.26200-SP0,"Intel64 Family 6 Model 170 Stepping 4, GenuineIntel",100000,1.25,1.2696893707341963,0.8,11,150473,100000,0.6645710526140902,random,210042,320042,430042,11,5264206800,52642.068,7600.0,18400.0,24800.0,542411100,40,480591,4.80591,580591,69570,50598,34588,0.34588,33228.220345178204,1.0409224340243401,6,580591,270844,50473,14824592,148.24592,24320660,True,1294515512495206039,263893288739417151,2305843009213693951
n100000-g3-t0.7-r11-h430042,2efaf1348f57,3.14.3,Windows-11-10.0.26200-SP0,"Intel64 Family 6 Model 170 Stepping 4, GenuineIntel",100000,3.0,3.05870700345102,0.7,11,256337,100000,0.39011145484264853,random,210042,320042,430042,11,1172921300,11729.213,4500.0,5500.0,11600.0,398196400,9,89684,0.89684,189684,38078,31267,17082,0.17082,19505.377686405005,0.8757584843848439,5,189684,341776,156337,21912848,219.12848,26211920,True,575255227331014981,1556942340795591770,2305843009213693951
n100000-g2-t0.9-r11-h430042,2efaf1348f57,3.14.3,Windows-11-10.0.26200-SP0,"Intel64 Family 6 Model 170 Stepping 4, GenuineIntel",100000,2.0,2.01920038622886,0.9,11,205759,100000,0.48600547242161946,random,210042,320042,430042,11,1629329100,16293.291,4600.0,5700.0,11100.0,515610900,14,185100,1.851,285100,64377,47261,22017,0.22017,24300.03061834476,0.9060482410824109,6,285100,308636,105759,18732736,187.32736,26563664,True,264017238966010308,897331444170655480,2305843009213693951
n100000-g2-t0.5-r11-h430042,2efaf1348f57,3.14.3,Windows-11-10.0.26200-SP0,"Intel64 Family 6 Model 170 Stepping 4, GenuineIntel",100000,2.0,2.01920038622886,0.5,11,205759,100000,0.48600547242161946,random,210042,320042,430042,11,1286882800,12868.828,4600.0,5600.0,11800.0,361544800,14,102830,1.0283,202830,35123,29639,22017,0.22017,24300.03061834476,0.9060482410824109,6,202830,308636,105759,18732736,187.32736,23857144,True,264017238966010308,897331444170655480,2305843009213693951
n100000-g3-t0.8-r11-h430042,2efaf1348f57,3.14.3,Windows-11-10.0.26200-SP0,"Intel64 Family 6 Model 170 Stepping 4, GenuineIntel",100000,3.0,3.05870700345102,0.8,11,256337,100000,0.39011145484264853,random,210042,320042,430042,11,1252895700,12528.957,4500.0,5500.0,11500.0,429976500,9,102497,1.02497,202497,44457,35315,17082,0.17082,19505.377686405005,0.8757584843848439,5,202497,341776,156337,21912848,219.12848,26743888,True,575255227331014981,1556942340795591770,2305843009213693951
n100000-g1.5-t0.9-r11-h430042,2efaf1348f57,3.14.3,Windows-11-10.0.26200-SP0,"Intel64 Family 6 Model 170 Stepping 4, GenuineIntel",100000,1.5,1.5224810805919142,0.9,11,112997,100000,0.8849792472366523,random,210042,320042,430042,11,2093469600,20934.696,4900.0,16500.0,20400.0,547105700,22,203133,2.03133,303133,72421,51722,41745,0.41745,44248.519872209,0.9434213872138721,6,303133,188320,12997,12303536,123.03536,16941904,True,1680881437194763368,1247654688056596196,2305843009213693951
n100000-g2-t0.8-r11-h430042,2efaf1348f57,3.14.3,Windows-11-10.0.26200-SP0,"Intel64 Family 6 Model 170 Stepping 4, GenuineIntel",100000,2.0,2.01920038622886,0.8,11,205759,100000,0.48600547242161946,random,210042,320042,430042,11,1687824500,16878.245,5100.0,6200.0,12800.0,543140900,14,164531,1.64531,264531,55319,42291,22017,0.22017,24300.03061834476,0.9060482410824109,6,264531,308636,105759,18732736,187.32736,25912588,True,264017238966010308,897331444170655480,2305843009213693951
n100000-g1.25-t0.9-r11-h430042,2efaf1348f57,3.14.3,Windows-11-10.0.26200-SP0,"Intel64 Family 6 Model 170 Stepping 4, GenuineIntel",100000,1.25,1.2701922559901528,0.9,11,120371,100000,0.830764885229831,random,210042,320042,430042,11,2920140800,29201.408,5200.0,6700.0,14300.999999999476,453866000,39,432337,4.32337,532337,78142,54628,39102,0.39102,41537.82887904894,0.94135878198782,6,532337,216652,20371,12765504,127.65504,20014984,True,2024980217494604694,344742874677544650,2305843009213693951
n100000-g1.25-t0.7-r11-h430042,2efaf1348f57,3.14.3,Windows-11-10.0.26200-SP0,"Intel64 Family 6 Model 170 Stepping 4, GenuineIntel",100000,1.25,1.2696893707341963,0.7,11,150473,100000,0.6645710526140902,random,210042,320042,430042,11,2979327100,29793.271,5000.0,6300.0,13700.0,468013800,40,420512,4.20512,520512,60877,45891,34588,0.34588,33228.220345178204,1.0409224340243401,6,520512,270844,50473,14824592,148.24592,23568020,True,1294515512495206039,263893288739417151,2305843009213693951
n100000-g3-t0.9-r11-h430042,2efaf1348f57,3.14.3,Windows-11-10.0.26200-SP0,"Intel64 Family 6 Model 170 Stepping 4, GenuineIntel",100000,3.0,3.05870700345102,0.9,11,256337,100000,0.39011145484264853,random,210042,320042,430042,11,1482958200,14829.582,5100.0,7800.0,15000.0,528032500,9,115310,1.1531,215310,51902,39750,17082,0.17082,19505.377686405005,0.8757584843848439,5,215310,341776,156337,21912848,219.12848,27279488,True,575255227331014981,1556942340795591770,2305843009213693951
n100000-g3-t0.5-r11-h430042,2efaf1348f57,3.14.3,Windows-11-10.0.26200-SP0,"Intel64 Family 6 Model 170 Stepping 4, GenuineIntel",100000,3.0,3.05870700345102,0.5,11,256337,100000,0.39011145484264853,random,210042,320042,430042,11,1206294100,12062.941,4800.0,5700.0,13500.0,395424200,9,64059,0.64059,164059,27878,24322,17082,0.17082,19505.377686405005,0.8757584843848439,5,164059,341776,156337,21912848,219.12848,25059464,True,575255227331014981,1556942340795591770,2305843009213693951
n100000-g4-t0.5-r11-h430042,2efaf1348f57,3.14.3,Windows-11-10.0.26200-SP0,"Intel64 Family 6 Model 170 Stepping 4, GenuineIntel",100000,4.0,4.046203100077032,0.5,11,788813,100000,0.12677275856254905,random,210042,320042,430042,11,2087464200,20874.642,4800.0,5700.0,16400.0,1107343700,8,131456,1.31456,231456,28540,24776,4304,0.04304,6338.574541748171,0.6790170205702056,3,231456,986016,688813,56713136,567.13136,70806576,True,1375102128444500500,1848574789869915643,2305843009213693951
n100000-g1.5-t0.8-r11-h430042,2efaf1348f57,3.14.3,Windows-11-10.0.26200-SP0,"Intel64 Family 6 Model 170 Stepping 4, GenuineIntel",100000,1.5,1.5215057585600311,0.8,11,169501,100000,0.5899670208435348,random,210042,320042,430042,11,2103244100,21032.441,5000.0,6600.0,17400.999999999476,469359700,23,270957,2.70957,370957,63284,47080,26642,0.26642,29498.05605866632,0.9031781601816018,6,370957,282498,69501,16206672,162.06672,24801424,True,1917990607881780739,1172926743762738978,2305843009213693951
n100000-g1.5-t0.7-r11-h430042,2efaf1348f57,3.14.3,Windows-11-10.0.26200-SP0,"Intel64 Family 6 Model 170 Stepping 4, GenuineIntel",100000,1.5,1.5215057585600311,0.7,11,169501,100000,0.5899670208435348,random,210042,320042,430042,11,1964604200,19646.042,4900.0,5900.0,14700.0,471116800,23,237084,2.37084,337084,54706,42445,26642,0.26642,29498.05605866632,0.9031781601816018,6,337084,282498,69501,16206672,162.06672,24082256,True,1917990607881780739,1172926743762738978,2305843009213693951
n100000-g4-t0.7-r11-h430042,2efaf1348f57,3.14.3,Windows-11-10.0.26200-SP0,"Intel64 Family 6 Model 170 Stepping 4, GenuineIntel",100000,4.0,4.052802818528498,0.7,11,197203,100000,0.5070916771043037,random,210042,320042,430042,11,1048212800,10482.128,4900.0,6100.0,13000.0,285278900,7,45998,0.45998,145998,34992,29300,22809,0.22809,25354.330309376634,0.8996096414964149,5,145998,246500,97203,18028800,180.288,19234420,True,1456350314543585143,297509610434239018,2305843009213693951
n100000-g4-t0.8-r11-h430042,2efaf1348f57,3.14.3,Windows-11-10.0.26200-SP0,"Intel64 Family 6 Model 170 Stepping 4, GenuineIntel",100000,4.0,4.052802818528498,0.8,11,197203,100000,0.5070916771043037,random,210042,320042,430042,11,1141792700,11417.927,5200.0,6900.0,18100.0,320276100,7,52570,0.5257,152570,38796,31750,22809,0.22809,25354.330309376634,0.8996096414964149,5,152570,246500,97203,18028800,180.288,19234344,True,1456350314543585143,297509610434239018,2305843009213693951
n100000-g1.5-t0.5-r11-h430042,2efaf1348f57,3.14.3,Windows-11-10.0.26200-SP0,"Intel64 Family 6 Model 170 Stepping 4, GenuineIntel",100000,1.5,1.5206110372944526,0.5,11,254257,100000,0.3933028392531966,random,210042,320042,430042,11,2416368200,24163.682,4900.0,6200.0,14200.999999999476,639327500,24,254094,2.54094,354094,38643,32317,17725,0.17725,19664.9453112402,0.9013500785007851,5,354094,423758,154257,21782096,217.82096,33548640,True,1160214742767119275,837306378322140009,2305843009213693951
n100000-g1.25-t0.5-r11-h430042,2efaf1348f57,3.14.3,Windows-11-10.0.26200-SP0,"Intel64 Family 6 Model 170 Stepping 4, GenuineIntel",100000,1.25,1.268757469795743,0.5,11,235159,100000,0.42524419647982853,random,210042,320042,430042,11,3529951000,35299.51,4900.0,5800.0,11700.0,625958900,42,469652,4.69652,569652,43456,35384,18883,0.18883,21261.997201893188,0.888110360503605,5,569652,423266,135159,20682176,206.82176,34422140,True,1862919410864435682,1117871330454802049,2305843009213693951
n100000-g2-t0.7-r11-h430042,2efaf1348f57,3.14.3,Windows-11-10.0.26200-SP0,"Intel64 Family 6 Model 170 Stepping 4, GenuineIntel",100000,2.0,2.01920038622886,0.7,11,205759,100000,0.48600547242161946,random,210042,320042,430042,11,1544035300,15440.353,4900.0,6000.0,13100.0,468493300,14,143962,1.43962,243962,47651,37833,22017,0.22017,24300.03061834476,0.9060482410824109,6,243962,308636,105759,18732736,187.32736,25262404,True,264017238966010308,897331444170655480,2305843009213693951
n100000-g1.5-t0.7-r12-h460042,2efaf1348f57,3.14.3,Windows-11-10.0.26200-SP0,"Intel64 Family 6 Model 170 Stepping 4, GenuineIntel",100000,1.5,1.5215057585600311,0.7,11,169501,100000,0.5899670208435348,random,220042,340042,460042,12,1964784800,19647.848,4800.0,5700.0,9500.0,439000800,23,237084,2.37084,337084,55153,42643,27423,0.27423,29498.05605866632,0.9296544811448115,6,337084,282498,69501,16193264,161.93264,24087300,True,929163959911613953,816717181512182159,2305843009213693951
n100000-g1.5-t0.9-r12-h460042,2efaf1348f57,3.14.3,Windows-11-10.0.26200-SP0,"Intel64 Family 6 Model 170 Stepping 4, GenuineIntel",100000,1.5,1.5224810805919142,0.9,11,112997,100000,0.8849792472366523,random,220042,340042,460042,12,1683181300,16831.813,4900.0,6000.0,11700.0,361005400,22,203133,2.03133,303133,72412,51835,41641,0.41641,44248.519872209,0.941071026110261,6,303133,188320,12997,12303472,123.03472,16940624,True,1119003611728296233,1195750681648881069,2305843009213693951
n100000-g1.5-t0.5-r12-h460042,2efaf1348f57,3.14.3,Windows-11-10.0.26200-SP0,"Intel64 Family 6 Model 170 Stepping 4, GenuineIntel",100000,1.5,1.5206110372944526,0.5,11,254257,100000,0.3933028392531966,random,220042,340042,460042,12,2335204900,23352.049,4800.0,6200.0,16600.0,611034900,24,254094,2.54094,354094,38672,32247,17928,0.17928,19664.9453112402,0.9116730159301594,5,354094,423758,154257,21778160,217.7816,33539604,True,56544030795345388,1811406171131988352,2305843009213693951
n100000-g4-t0.8-r12-h460042,2efaf1348f57,3.14.3,Windows-11-10.0.26200-SP0,"Intel64 Family 6 Model 170 Stepping 4, GenuineIntel",100000,4.0,4.052802818528498,0.8,11,197203,100000,0.5070916771043037,random,220042,340042,460042,12,1057677300,10576.773,4900.0,6000.0,14100.0,302412600,7,52570,0.5257,152570,38766,31736,23111,0.23111,25354.330309376634,0.911520821808218,5,152570,246500,97203,18021152,180.21152,19226720,True,1300240950209489039,486669385035048171,2305843009213693951
n100000-g1.25-t0.8-r12-h460042,2efaf1348f57,3.14.3,Windows-11-10.0.26200-SP0,"Intel64 Family 6 Model 170 Stepping 4, GenuineIntel",100000,1.25,1.2696893707341963,0.8,11,150473,100000,0.6645710526140902,random,220042,340042,460042,12,3115222700,31152.227,4900.0,6300.0,13000.0,512590200,40,480591,4.80591,580591,70409,50623,31104,0.31104,33228.220345178204,0.9360717991179912,6,580591,270844,50473,14882800,148.828,24264888,True,424154776142895961,760358801239015073,2305843009213693951
n100000-g3-t0.9-r12-h460042,2efaf1348f57,3.14.3,Windows-11-10.0.26200-SP0,"Intel64 Family 6 Model 170 Stepping 4, GenuineIntel",100000,3.0,3.05870700345102,0.9,11,256337,100000,0.39011145484264853,random,220042,340042,460042,12,1418111100,14181.111,4900.0,6200.0,12300.0,511314400,9,115310,1.1531,215310,52783,39973,17394,0.17394,19505.377686405005,0.8917540731407314,5,215310,341776,156337,21908720,219.0872,27264820,True,277440496141881889,961519308289709674,2305843009213693951
n100000-g3-t0.8-r12-h460042,2efaf1348f57,3.14.3,Windows-11-10.0.26200-SP0,"Intel64 Family 6 Model 170 Stepping 4, GenuineIntel",100000,3.0,3.05870700345102,0.8,11,256337,100000,0.39011145484264853,random,220042,340042,460042,12,1379771000,13797.71,4800.0,6100.0,13700.0,505278700,9,102497,1.02497,202497,45305,35594,17394,0.17394,19505.377686405005,0.8917540731407314,5,202497,341776,156337,21908720,219.0872,26731332,True,277440496141881889,961519308289709674,2305843009213693951
n100000-g4-t0.9-r12-h460042,2efaf1348f57,3.14.3,Windows-11-10.0.26200-SP0,"Intel64 Family 6 Model 170 Stepping 4, GenuineIntel",100000,4.0,4.052802818528498,0.9,11,197203,100000,0.5070916771043037,random,220042,340042,460042,12,1083059200,10830.592,4800.0,6000.0,13400.0,348146600,7,59142,0.59142,159142,42838,34221,23111,0.23111,25354.330309376634,0.911520821808218,5,159142,246500,97203,18021152,180.21152,19226676,True,1300240950209489039,486669385035048171,2305843009213693951
n100000-g2-t0.5-r12-h460042,2efaf1348f57,3.14.3,Windows-11-10.0.26200-SP0,"Intel64 Family 6 Model 170 Stepping 4, GenuineIntel",100000,2.0,2.01920038622886,0.5,11,205759,100000,0.48600547242161946,random,220042,340042,460042,12,1411531100,14115.311,4900.0,6400.0,16000.0,380617400,14,102830,1.0283,202830,35171,29619,22506,0.22506,24300.03061834476,0.9261716725167253,6,202830,308636,105759,18722528,187.22528,23856156,True,1505694088995737027,32249869144671181,2305843009213693951
n100000-g4-t0.5-r12-h460042,2efaf1348f57,3.14.3,Windows-11-10.0.26200-SP0,"Intel64 Family 6 Model 170 Stepping 4, GenuineIntel",100000,4.0,4.046203100077032,0.5,11,788813,100000,0.12677275856254905,random,220042,340042,460042,12,2106471400,21064.714,4800.0,5900.0,17900.0,1105040900,8,131456,1.31456,231456,28972,24985,4159,0.04159,6338.574541748171,0.656141214812148,3,231456,986016,688813,56718000,567.18,70798664,True,34495573567874826,2207163867101979641,2305843009213693951
n100000-g2-t0.7-r12-h460042,2efaf1348f57,3.14.3,Windows-11-10.0.26200-SP0,"Intel64 Family 6 Model 170 Stepping 4, GenuineIntel",100000,2.0,2.01920038622886,0.7,11,205759,100000,0.48600547242161946,random,220042,340042,460042,12,1556449400,15564.494,4900.0,6000.0,13000.0,462294800,14,143962,1.43962,243962,47749,37796,22506,0.22506,24300.03061834476,0.9261716725167253,6,243962,308636,105759,18722528,187.22528,25258664,True,1505694088995737027,32249869144671181,2305843009213693951
n100000-g3-t0.5-r12-h460042,2efaf1348f57,3.14.3,Windows-11-10.0.26200-SP0,"Intel64 Family 6 Model 170 Stepping 4, GenuineIntel",100000,3.0,3.05870700345102,0.5,11,256337,100000,0.39011145484264853,random,220042,340042,460042,12,1222116200,12221.162,4700.0,5700.0,17700.0,399772800,9,64059,0.64059,164059,28536,24679,17394,0.17394,19505.377686405005,0.8917540731407314,5,164059,341776,156337,21908720,219.0872,25051196,True,277440496141881889,961519308289709674,2305843009213693951
n100000-g1.5-t0.8-r12-h460042,2efaf1348f57,3.14.3,Windows-11-10.0.26200-SP0,"Intel64 Family 6 Model 170 Stepping 4, GenuineIntel",100000,1.5,1.5215057585600311,0.8,11,169501,100000,0.5899670208435348,random,220042,340042,460042,12,2138815300,21388.153,5000.0,6400.0,13000.0,504453000,23,270957,2.70957,370957,63346,47144,27423,0.27423,29498.05605866632,0.9296544811448115,6,370957,282498,69501,16193264,161.93264,24805900,True,929163959911613953,816717181512182159,2305843009213693951
n100000-g3-t0.7-r12-h460042,2efaf1348f57,3.14.3,Windows-11-10.0.26200-SP0,"Intel64 Family 6 Model 170 Stepping 4, GenuineIntel",100000,3.0,3.05870700345102,0.7,11,256337,100000,0.39011145484264853,random,220042,340042,460042,12,1387376500,13873.765,5000.0,6500.0,17900.0,464654100,9,89684,0.89684,189684,38916,31686,17394,0.17394,19505.377686405005,0.8917540731407314,5,189684,341776,156337,21908720,219.0872,26199844,True,277440496141881889,961519308289709674,2305843009213693951
n100000-g1.25-t0.9-r12-h460042,2efaf1348f57,3.14.3,Windows-11-10.0.26200-SP0,"Intel64 Family 6 Model 170 Stepping 4, GenuineIntel",100000,1.25,1.2701922559901528,0.9,11,120371,100000,0.830764885229831,random,220042,340042,460042,12,3160705100,31607.051,5600.0,8200.0,16000.0,517794300,39,432337,4.32337,532337,78801,54798,43291,0.43291,41537.82887904894,1.0422066142661428,7,532337,216652,20371,12707584,127.07584,20019212,True,860188442027097853,1576103304654817296,2305843009213693951
n100000-g4-t0.7-r12-h460042,2efaf1348f57,3.14.3,Windows-11-10.0.26200-SP0,"Intel64 Family 6 Model 170 Stepping 4, GenuineIntel",100000,4.0,4.052802818528498,0.7,11,197203,100000,0.5070916771043037,random,220042,340042,460042,12,1378451900,13784.519,6300.0,10400.0,18300.0,374038400,7,45998,0.45998,145998,35187,29424,23111,0.23111,25354.330309376634,0.911520821808218,5,145998,246500,97203,18021152,180.21152,19226796,True,1300240950209489039,486669385035048171,2305843009213693951
n100000-g1.25-t0.7-r12-h460042,2efaf1348f57,3.14.3,Windows-11-10.0.26200-SP0,"Intel64 Family 6 Model 170 Stepping 4, GenuineIntel",100000,1.25,1.2696893707341963,0.7,11,150473,100000,0.6645710526140902,random,220042,340042,460042,12,4162946000,41629.46,6600.0,12300.0,22200.0,543559500,40,420512,4.20512,520512,61192,45847,31104,0.31104,33228.220345178204,0.9360717991179912,6,520512,270844,50473,14882800,148.828,23521336,True,424154776142895961,760358801239015073,2305843009213693951
n100000-g2-t0.9-r12-h460042,2efaf1348f57,3.14.3,Windows-11-10.0.26200-SP0,"Intel64 Family 6 Model 170 Stepping 4, GenuineIntel",100000,2.0,2.01920038622886,0.9,11,205759,100000,0.48600547242161946,random,220042,340042,460042,12,1971251600,19712.516,5500.0,8400.0,18000.0,653194000,14,185100,1.851,285100,64529,47334,22506,0.22506,24300.03061834476,0.9261716725167253,6,285100,308636,105759,18722528,187.22528,26555860,True,1505694088995737027,32249869144671181,2305843009213693951
n100000-g1.25-t0.5-r12-h460042,2efaf1348f57,3.14.3,Windows-11-10.0.26200-SP0,"Intel64 Family 6 Model 170 Stepping 4, GenuineIntel",100000,1.25,1.268757469795743,0.5,11,235159,100000,0.42524419647982853,random,220042,340042,460042,12,3610461000,36104.61,5000.0,6300.0,14400.0,636775800,42,469652,4.69652,569652,42885,35107,18816,0.18816,21261.997201893188,0.8849591983919839,6,569652,423266,135159,20683104,206.83104,34413376,True,573788246758017140,344643367844747147,2305843009213693951
n100000-g2-t0.8-r12-h460042,2efaf1348f57,3.14.3,Windows-11-10.0.26200-SP0,"Intel64 Family 6 Model 170 Stepping 4, GenuineIntel",100000,2.0,2.01920038622886,0.8,11,205759,100000,0.48600547242161946,random,220042,340042,460042,12,1685600200,16856.002,5000.0,6200.0,12700.0,535408300,14,164531,1.64531,264531,55532,42390,22506,0.22506,24300.03061834476,0.9261716725167253,6,264531,308636,105759,18722528,187.22528,25905744,True,1505694088995737027,32249869144671181,2305843009213693951
n100000-g1.25-t0.5-r13-h490042,2efaf1348f57,3.14.3,Windows-11-10.0.26200-SP0,"Intel64 Family 6 Model 170 Stepping 4, GenuineIntel",100000,1.25,1.268757469795743,0.5,11,235159,100000,0.42524419647982853,random,230042,360042,490042,13,5243302000,52433.02,5500.0,16400.0,20400.0,1274687600,42,469652,4.69652,569652,42876,35219,21588,0.21588,21261.997201893188,1.0153326517265173,6,569652,423266,135159,20619072,206.19072,34419612,True,998196818217877680,896719767541482069,2305843009213693951
n100000-g3-t0.5-r13-h490042,2efaf1348f57,3.14.3,Windows-11-10.0.26200-SP0,"Intel64 Family 6 Model 170 Stepping 4, GenuineIntel",100000,3.0,3.05870700345102,0.5,11,256337,100000,0.39011145484264853,random,230042,360042,490042,13,2636056300,26360.563,9400.0,18800.0,30000.0,810860600,9,64059,0.64059,164059,27649,24135,17030,0.1703,19505.377686405005,0.8730925529255293,5,164059,341776,156337,21915376,219.15376,25062024,True,1215682242892926994,1280680708823216457,2305843009213693951
n100000-g2-t0.7-r13-h490042,2efaf1348f57,3.14.3,Windows-11-10.0.26200-SP0,"Intel64 Family 6 Model 170 Stepping 4, GenuineIntel",100000,2.0,2.01920038622886,0.7,11,205759,100000,0.48600547242161946,random,230042,360042,490042,13,3382449100,33824.491,8400.0,17800.0,25500.0,1009370600,14,143962,1.43962,243962,47725,37916,21733,0.21733,24300.03061834476,0.8943610130101302,5,243962,308636,105759,18736032,187.36032,25256188,True,2099246836568611806,129745694958631967,2305843009213693951
n100000-g1.5-t0.5-r13-h490042,2efaf1348f57,3.14.3,Windows-11-10.0.26200-SP0,"Intel64 Family 6 Model 170 Stepping 4, GenuineIntel",100000,1.5,1.5206110372944526,0.5,11,254257,100000,0.3933028392531966,random,230042,360042,490042,13,4856220500,48562.205,8900.0,18700.0,26500.0,1172491500,24,254094,2.54094,354094,38538,32283,17380,0.1738,19664.9453112402,0.8838061700617007,5,354094,423758,154257,21792176,217.92176,33537044,True,1761649443180296633,359558179479215917,2305843009213693951
n100000-g2-t0.5-r13-h490042,2efaf1348f57,3.14.3,Windows-11-10.0.26200-SP0,"Intel64 Family 6 Model 170 Stepping 4, GenuineIntel",100000,2.0,2.01920038622886,0.5,11,205759,100000,0.48600547242161946,random,230042,360042,490042,13,2840457000,28404.57,8200.0,17700.0,25700.0,862815500,14,102830,1.0283,202830,34877,29598,21733,0.21733,24300.03061834476,0.8943610130101302,5,202830,308636,105759,18736032,187.36032,23856496,True,2099246836568611806,129745694958631967,2305843009213693951
n100000-g3-t0.8-r13-h490042,2efaf1348f57,3.14.3,Windows-11-10.0.26200-SP0,"Intel64 Family 6 Model 170 Stepping 4, GenuineIntel",100000,3.0,3.05870700345102,0.8,11,256337,100000,0.39011145484264853,random,230042,360042,490042,13,2614854100,26148.541,8200.0,18200.0,25700.0,934917100,9,102497,1.02497,202497,44487,35392,17030,0.1703,19505.377686405005,0.8730925529255293,5,202497,341776,156337,21915376,219.15376,26744368,True,1215682242892926994,1280680708823216457,2305843009213693951
n100000-g4-t0.5-r13-h490042,2efaf1348f57,3.14.3,Windows-11-10.0.26200-SP0,"Intel64 Family 6 Model 170 Stepping 4, GenuineIntel",100000,4.0,4.046203100077032,0.5,11,788813,100000,0.12677275856254905,random,230042,360042,490042,13,3244328100,32443.281,5500.0,13000.0,21300.0,1982416100,8,131456,1.31456,231456,28501,24594,4175,0.04175,6338.574541748171,0.6586654416544165,4,231456,986016,688813,56717392,567.17392,70808756,True,1866086546916162639,144026029750096969,2305843009213693951
n100000-g1.5-t0.9-r13-h490042,2efaf1348f57,3.14.3,Windows-11-10.0.26200-SP0,"Intel64 Family 6 Model 170 Stepping 4, GenuineIntel",100000,1.5,1.5224810805919142,0.9,11,112997,100000,0.8849792472366523,random,230042,360042,490042,13,3433464100,34334.641,8400.0,18600.0,29000.0,726342600,22,203133,2.03133,303133,72419,51800,41863,0.41863,44248.519872209,0.9460881430814307,7,303133,188320,12997,12301488,123.01488,16937260,True,688008421575866981,114481622150869804,2305843009213693951
n100000-g4-t0.9-r13-h490042,2efaf1348f57,3.14.3,Windows-11-10.0.26200-SP0,"Intel64 Family 6 Model 170 Stepping 4, GenuineIntel",100000,4.0,4.052802818528498,0.9,11,197203,100000,0.5070916771043037,random,230042,360042,490042,13,2144745700,21447.457,8200.0,18300.0,26400.0,573221400,7,59142,0.59142,159142,42803,34110,22819,0.22819,25354.330309376634,0.9000040514405143,6,159142,246500,97203,18031456,180.31456,19236960,True,936471266180140559,1414340293114920693,2305843009213693951
n100000-g3-t0.9-r13-h490042,2efaf1348f57,3.14.3,Windows-11-10.0.26200-SP0,"Intel64 Family 6 Model 170 Stepping 4, GenuineIntel",100000,3.0,3.05870700345102,0.9,11,256337,100000,0.39011145484264853,random,230042,360042,490042,13,2902874700,29028.747,8600.0,19500.0,30900.0,982041200,9,115310,1.1531,215310,51700,39746,17030,0.1703,19505.377686405005,0.8730925529255293,5,215310,341776,156337,21915376,219.15376,27278432,True,1215682242892926994,1280680708823216457,2305843009213693951
n100000-g1.5-t0.8-r13-h490042,2efaf1348f57,3.14.3,Windows-11-10.0.26200-SP0,"Intel64 Family 6 Model 170 Stepping 4, GenuineIntel",100000,1.5,1.5215057585600311,0.8,11,169501,100000,0.5899670208435348,random,230042,360042,490042,13,4295638100,42956.381,9200.0,18600.0,26900.0,1041437100,23,270957,2.70957,370957,63106,47106,27200,0.272,29498.05605866632,0.9220946609466095,6,370957,282498,69501,16193424,161.93424,24800740,True,1343554226213422692,2104276520730156658,2305843009213693951
n100000-g4-t0.8-r13-h490042,2efaf1348f57,3.14.3,Windows-11-10.0.26200-SP0,"Intel64 Family 6 Model 170 Stepping 4, GenuineIntel",100000,4.0,4.052802818528498,0.8,11,197203,100000,0.5070916771043037,random,230042,360042,490042,13,2364202100,23642.021,9800.0,18900.0,31600.0,714357800,7,52570,0.5257,152570,38665,31550,22819,0.22819,25354.330309376634,0.9000040514405143,6,152570,246500,97203,18031456,180.31456,19237004,True,936471266180140559,1414340293114920693,2305843009213693951
n100000-g2-t0.9-r13-h490042,2efaf1348f57,3.14.3,Windows-11-10.0.26200-SP0,"Intel64 Family 6 Model 170 Stepping 4, GenuineIntel",100000,2.0,2.01920038622886,0.9,11,205759,100000,0.48600547242161946,random,230042,360042,490042,13,3770895800,37708.958,11600.0,19400.0,31600.999999999476,1186909700,14,185100,1.851,285100,63886,47062,21733,0.21733,24300.03061834476,0.8943610130101302,5,285100,308636,105759,18736032,187.36032,26559976,True,2099246836568611806,129745694958631967,2305843009213693951
n100000-g1.25-t0.8-r13-h490042,2efaf1348f57,3.14.3,Windows-11-10.0.26200-SP0,"Intel64 Family 6 Model 170 Stepping 4, GenuineIntel",100000,1.25,1.2696893707341963,0.8,11,150473,100000,0.6645710526140902,random,230042,360042,490042,13,6661422300,66614.223,8800.0,19600.0,31000.0,1030896600,40,480591,4.80591,580591,70069,50601,30670,0.3067,33228.220345178204,0.9230106121061211,5,580591,270844,50473,14889360,148.8936,24314816,True,512991825390879202,986965469075397736,2305843009213693951
n100000-g1.25-t0.9-r13-h490042,2efaf1348f57,3.14.3,Windows-11-10.0.26200-SP0,"Intel64 Family 6 Model 170 Stepping 4, GenuineIntel",100000,1.25,1.2701922559901528,0.9,11,120371,100000,0.830764885229831,random,230042,360042,490042,13,5870841800,58708.418,9600.0,19400.0,29900.0,971465500,39,432337,4.32337,532337,78621,54628,39168,0.39168,41537.82887904894,0.9429476950769508,7,532337,216652,20371,12762144,127.62144,20013680,True,1769145136463765888,1927155972761684499,2305843009213693951
n100000-g2-t0.8-r13-h490042,2efaf1348f57,3.14.3,Windows-11-10.0.26200-SP0,"Intel64 Family 6 Model 170 Stepping 4, GenuineIntel",100000,2.0,2.01920038622886,0.8,11,205759,100000,0.48600547242161946,random,230042,360042,490042,13,3560145600,35601.456,9500.0,19200.0,30400.999999999476,985985500,14,164531,1.64531,264531,55366,42316,21733,0.21733,24300.03061834476,0.8943610130101302,5,264531,308636,105759,18736032,187.36032,25906500,True,2099246836568611806,129745694958631967,2305843009213693951
n100000-g3-t0.7-r13-h490042,2efaf1348f57,3.14.3,Windows-11-10.0.26200-SP0,"Intel64 Family 6 Model 170 Stepping 4, GenuineIntel",100000,3.0,3.05870700345102,0.7,11,256337,100000,0.39011145484264853,random,230042,360042,490042,13,2664546600,26645.466,8300.0,18000.0,27200.0,918167800,9,89684,0.89684,189684,37914,31168,17030,0.1703,19505.377686405005,0.8730925529255293,5,189684,341776,156337,21915376,219.15376,26216880,True,1215682242892926994,1280680708823216457,2305843009213693951
n100000-g1.25-t0.7-r13-h490042,2efaf1348f57,3.14.3,Windows-11-10.0.26200-SP0,"Intel64 Family 6 Model 170 Stepping 4, GenuineIntel",100000,1.25,1.2696893707341963,0.7,11,150473,100000,0.6645710526140902,random,230042,360042,490042,13,6367458900,63674.589,8800.0,19300.0,28700.0,1007103400,40,420512,4.20512,520512,60443,45693,30670,0.3067,33228.220345178204,0.9230106121061211,5,520512,270844,50473,14889360,148.8936,23565280,True,512991825390879202,986965469075397736,2305843009213693951
n100000-g1.5-t0.7-r13-h490042,2efaf1348f57,3.14.3,Windows-11-10.0.26200-SP0,"Intel64 Family 6 Model 170 Stepping 4, GenuineIntel",100000,1.5,1.5215057585600311,0.7,11,169501,100000,0.5899670208435348,random,230042,360042,490042,13,4547709000,45477.09,13600.0,19400.0,30100.0,1027704600,23,237084,2.37084,337084,54739,42446,27200,0.272,29498.05605866632,0.9220946609466095,6,337084,282498,69501,16193424,161.93424,24082308,True,1343554226213422692,2104276520730156658,2305843009213693951
n100000-g4-t0.7-r13-h490042,2efaf1348f57,3.14.3,Windows-11-10.0.26200-SP0,"Intel64 Family 6 Model 170 Stepping 4, GenuineIntel",100000,4.0,4.052802818528498,0.7,11,197203,100000,0.5070916771043037,random,230042,360042,490042,13,2037143300,20371.433,8500.0,17700.0,25400.999999999476,568065300,7,45998,0.45998,145998,34917,29113,22819,0.22819,25354.330309376634,0.9000040514405143,6,145998,246500,97203,18031456,180.31456,19237080,True,936471266180140559,1414340293114920693,2305843009213693951
n100000-g1.25-t0.8-r14-h520042,2efaf1348f57,3.14.3,Windows-11-10.0.26200-SP0,"Intel64 Family 6 Model 170 Stepping 4, GenuineIntel",100000,1.25,1.2696893707341963,0.8,11,150473,100000,0.6645710526140902,random,240042,380042,520042,14,6317387500,63173.875,9100.0,18600.0,27400.0,928934600,40,480591,4.80591,580591,69621,50562,31174,0.31174,33228.220345178204,0.9381784421844218,7,580591,270844,50473,14885936,148.85936,24315176,True,2254879586198467447,1261758362424889876,2305843009213693951
n100000-g1.25-t0.5-r14-h520042,2efaf1348f57,3.14.3,Windows-11-10.0.26200-SP0,"Intel64 Family 6 Model 170 Stepping 4, GenuineIntel",100000,1.25,1.268757469795743,0.5,11,235159,100000,0.42524419647982853,random,240042,380042,520042,14,7817098300,78170.983,9100.0,18600.0,29900.0,1334280000,42,469652,4.69652,569652,42539,34848,18932,0.18932,21261.997201893188,0.8904149417494175,6,569652,423266,135159,20680448,206.80448,34401244,True,2136790814970198246,803367145378050001,2305843009213693951
n100000-g1.5-t0.8-r14-h520042,2efaf1348f57,3.14.3,Windows-11-10.0.26200-SP0,"Intel64 Family 6 Model 170 Stepping 4, GenuineIntel",100000,1.5,1.5215057585600311,0.8,11,169501,100000,0.5899670208435348,random,240042,380042,520042,14,4621238800,46212.388,12200.0,19100.0,28000.999999999476,1051773500,23,270957,2.70957,370957,64065,47637,27387,0.27387,29498.05605866632,0.9284340617406175,6,370957,282498,69501,16191728,161.91728,24802928,True,1386077706884914541,1389955570000831897,2305843009213693951
n100000-g2-t0.7-r14-h520042,2efaf1348f57,3.14.3,Windows-11-10.0.26200-SP0,"Intel64 Family 6 Model 170 Stepping 4, GenuineIntel",100000,2.0,2.01920038622886,0.7,11,205759,100000,0.48600547242161946,random,240042,380042,520042,14,3723794900,37237.949,13700.0,19700.0,32700.0,1145307400,14,143962,1.43962,243962,47651,37738,22101,0.22101,24300.03061834476,0.9095050268502686,5,243962,308636,105759,18728512,187.28512,25255876,True,801858921351687113,2051557282812462868,2305843009213693951
n100000-g4-t0.7-r14-h520042,2efaf1348f57,3.14.3,Windows-11-10.0.26200-SP0,"Intel64 Family 6 Model 170 Stepping 4, GenuineIntel",100000,4.0,4.052802818528498,0.7,11,197203,100000,0.5070916771043037,random,240042,380042,520042,14,2289166400,22891.664,10500.0,18900.0,30800.0,641897200,7,45998,0.45998,145998,36721,30234,24984,0.24984,25354.330309376634,0.9853938043380434,6,145998,246500,97203,17987616,179.87616,19193280,True,1774668915779551507,1049584791601506758,2305843009213693951
n100000-g1.5-t0.9-r14-h520042,2efaf1348f57,3.14.3,Windows-11-10.0.26200-SP0,"Intel64 Family 6 Model 170 Stepping 4, GenuineIntel",100000,1.5,1.5224810805919142,0.9,11,112997,100000,0.8849792472366523,random,240042,380042,520042,14,4041665100,40416.651,13600.0,20000.0,33400.0,879245500,22,203133,2.03133,303133,72997,52000,41911,0.41911,44248.519872209,0.9471729251292512,7,303133,188320,12997,12303376,123.03376,16935256,True,945159402729693274,1001691756041666315,2305843009213693951
n100000-g3-t0.9-r14-h520042,2efaf1348f57,3.14.3,Windows-11-10.0.26200-SP0,"Intel64 Family 6 Model 170 Stepping 4, GenuineIntel",100000,3.0,3.05870700345102,0.9,11,256337,100000,0.39011145484264853,random,240042,380042,520042,14,3074165800,30741.658,11400.0,18700.0,28700.0,1129165100,9,115310,1.1531,215310,52102,39871,17449,0.17449,19505.377686405005,0.8945738083380834,5,215310,341776,156337,21904656,219.04656,27279688,True,2025267384778889911,815429859973342612,2305843009213693951
n100000-g4-t0.5-r14-h520042,2efaf1348f57,3.14.3,Windows-11-10.0.26200-SP0,"Intel64 Family 6 Model 170 Stepping 4, GenuineIntel",100000,4.0,4.046203100077032,0.5,11,788813,100000,0.12677275856254905,random,240042,380042,520042,14,4679671900,46796.719,9400.0,18600.0,31700.0,2511056800,8,131456,1.31456,231456,30409,25789,4045,0.04045,6338.574541748171,0.6381560985609855,3,231456,986016,688813,56721648,567.21648,70766332,True,651387051341825778,1355059744170337632,2305843009213693951
n100000-g1.25-t0.7-r14-h520042,2efaf1348f57,3.14.3,Windows-11-10.0.26200-SP0,"Intel64 Family 6 Model 170 Stepping 4, GenuineIntel",100000,1.25,1.2696893707341963,0.7,11,150473,100000,0.6645710526140902,random,240042,380042,520042,14,6514305800,65143.058,10300.0,19300.0,32000.0,1032837500,40,420512,4.20512,520512,60481,45691,31174,0.31174,33228.220345178204,0.9381784421844218,7,520512,270844,50473,14885936,148.85936,23564848,True,2254879586198467447,1261758362424889876,2305843009213693951
n100000-g2-t0.8-r14-h520042,2efaf1348f57,3.14.3,Windows-11-10.0.26200-SP0,"Intel64 Family 6 Model 170 Stepping 4, GenuineIntel",100000,2.0,2.01920038622886,0.8,11,205759,100000,0.48600547242161946,random,240042,380042,520042,14,3822024900,38220.249,10700.0,19300.0,32500.0,1119690600,14,164531,1.64531,264531,55533,42362,22101,0.22101,24300.03061834476,0.9095050268502686,5,264531,308636,105759,18728512,187.28512,25900876,True,801858921351687113,2051557282812462868,2305843009213693951
n100000-g3-t0.5-r14-h520042,2efaf1348f57,3.14.3,Windows-11-10.0.26200-SP0,"Intel64 Family 6 Model 170 Stepping 4, GenuineIntel",100000,3.0,3.05870700345102,0.5,11,256337,100000,0.39011145484264853,random,240042,380042,520042,14,2704520800,27045.208,9500.0,19100.0,30900.0,874628000,9,64059,0.64059,164059,28194,24536,17449,0.17449,19505.377686405005,0.8945738083380834,5,164059,341776,156337,21904656,219.04656,25059568,True,2025267384778889911,815429859973342612,2305843009213693951
n100000-g1.25-t0.9-r14-h520042,2efaf1348f57,3.14.3,Windows-11-10.0.26200-SP0,"Intel64 Family 6 Model 170 Stepping 4, GenuineIntel",100000,1.25,1.2701922559901528,0.9,11,120371,100000,0.830764885229831,random,240042,380042,520042,14,6115955800,61159.558,10100.0,19500.0,30300.0,822698700,39,432337,4.32337,532337,78136,54675,39622,0.39622,41537.82887904894,0.9538774911749118,7,532337,216652,20371,12762304,127.62304,20015396,True,1879214107384317050,802412384701440933,2305843009213693951
n100000-g2-t0.9-r14-h520042,2efaf1348f57,3.14.3,Windows-11-10.0.26200-SP0,"Intel64 Family 6 Model 170 Stepping 4, GenuineIntel",100000,2.0,2.01920038622886,0.9,11,205759,100000,0.48600547242161946,random,240042,380042,520042,14,3928424500,39284.245,13400.0,19600.0,32600.0,1232112800,14,185100,1.851,285100,64705,47336,22101,0.22101,24300.03061834476,0.9095050268502686,5,285100,308636,105759,18728512,187.28512,26552016,True,801858921351687113,2051557282812462868,2305843009213693951
n100000-g1.5-t0.5-r14-h520042,2efaf1348f57,3.14.3,Windows-11-10.0.26200-SP0,"Intel64 Family 6 Model 170 Stepping 4, GenuineIntel",100000,1.5,1.5206110372944526,0.5,11,254257,100000,0.3933028392531966,random,240042,380042,520042,14,5309548900,53095.489,13900.0,19600.0,32300.0,1194839200,24,254094,2.54094,354094,39006,32450,17850,0.1785,19664.9453112402,0.9077065670656707,5,354094,423758,154257,21779792,217.79792,33539424,True,1528393762741549966,2086422539183879053,2305843009213693951
n100000-g4-t0.9-r14-h520042,2efaf1348f57,3.14.3,Windows-11-10.0.26200-SP0,"Intel64 Family 6 Model 170 Stepping 4, GenuineIntel",100000,4.0,4.052802818528498,0.9,11,197203,100000,0.5070916771043037,random,240042,380042,520042,14,2240212900,22402.129,8500.0,18600.0,30000.0,639666100,7,59142,0.59142,159142,44553,35013,24984,0.24984,25354.330309376634,0.9853938043380434,6,159142,246500,97203,17987616,179.87616,19193160,True,1774668915779551507,1049584791601506758,2305843009213693951
n100000-g3-t0.8-r14-h520042,2efaf1348f57,3.14.3,Windows-11-10.0.26200-SP0,"Intel64 Family 6 Model 170 Stepping 4, GenuineIntel",100000,3.0,3.05870700345102,0.8,11,256337,100000,0.39011145484264853,random,240042,380042,520042,14,3095271300,30952.713,11800.0,18400.0,26600.0,1106333500,9,102497,1.02497,202497,44776,35507,17449,0.17449,19505.377686405005,0.8945738083380834,5,202497,341776,156337,21904656,219.04656,26745496,True,2025267384778889911,815429859973342612,2305843009213693951
n100000-g1.5-t0.7-r14-h520042,2efaf1348f57,3.14.3,Windows-11-10.0.26200-SP0,"Intel64 Family 6 Model 170 Stepping 4, GenuineIntel",100000,1.5,1.5215057585600311,0.7,11,169501,100000,0.5899670208435348,random,240042,380042,520042,14,4490759000,44907.59,9400.0,18800.0,29800.0,1079679400,23,237084,2.37084,337084,55506,42878,27387,0.27387,29498.05605866632,0.9284340617406175,6,337084,282498,69501,16191728,161.91728,24086352,True,1386077706884914541,1389955570000831897,2305843009213693951
n100000-g3-t0.7-r14-h520042,2efaf1348f57,3.14.3,Windows-11-10.0.26200-SP0,"Intel64 Family 6 Model 170 Stepping 4, GenuineIntel",100000,3.0,3.05870700345102,0.7,11,256337,100000,0.39011145484264853,random,240042,380042,520042,14,3068294600,30682.946,13700.0,18500.0,30500.0,978408200,9,89684,0.89684,189684,38484,31544,17449,0.17449,19505.377686405005,0.8945738083380834,5,189684,341776,156337,21904656,219.04656,26213016,True,2025267384778889911,815429859973342612,2305843009213693951
n100000-g4-t0.8-r14-h520042,2efaf1348f57,3.14.3,Windows-11-10.0.26200-SP0,"Intel64 Family 6 Model 170 Stepping 4, GenuineIntel",100000,4.0,4.052802818528498,0.8,11,197203,100000,0.5070916771043037,random,240042,380042,520042,14,2300695500,23006.955,9100.0,18300.0,28500.0,687948200,7,52570,0.5257,152570,40497,32594,24984,0.24984,25354.330309376634,0.9853938043380434,6,152570,246500,97203,17987616,179.87616,19193204,True,1774668915779551507,1049584791601506758,2305843009213693951
n100000-g2-t0.5-r14-h520042,2efaf1348f57,3.14.3,Windows-11-10.0.26200-SP0,"Intel64 Family 6 Model 170 Stepping 4, GenuineIntel",100000,2.0,2.01920038622886,0.5,11,205759,100000,0.48600547242161946,random,240042,380042,520042,14,3379479500,33794.795,13600.0,19300.0,31700.0,946362500,14,102830,1.0283,202830,35067,29598,22101,0.22101,24300.03061834476,0.9095050268502686,5,202830,308636,105759,18728512,187.28512,23851640,True,801858921351687113,2051557282812462868,2305843009213693951
n100000-g3-t0.5-r15-h550042,2efaf1348f57,3.14.3,Windows-11-10.0.26200-SP0,"Intel64 Family 6 Model 170 Stepping 4, GenuineIntel",100000,3.0,3.05870700345102,0.5,11,256337,100000,0.39011145484264853,random,250042,400042,550042,15,2730663500,27306.635,10600.0,19400.0,30400.0,840564600,9,64059,0.64059,164059,56320,41164,51682,0.51682,19505.377686405005,2.649628263082631,8,164059,341776,156337,21224144,212.24144,25062744,True,2176851757251077282,927642904830020423,2305843009213693951
n100000-g3-t0.8-r15-h550042,2efaf1348f57,3.14.3,Windows-11-10.0.26200-SP0,"Intel64 Family 6 Model 170 Stepping 4, GenuineIntel",100000,3.0,3.05870700345102,0.8,11,256337,100000,0.39011145484264853,random,250042,400042,550042,15,3125218800,31252.188,10600.0,19400.0,31300.0,1118495700,9,102497,1.02497,202497,63059,45578,51682,0.51682,19505.377686405005,2.649628263082631,8,202497,341776,156337,21224144,212.24144,26745672,True,2176851757251077282,927642904830020423,2305843009213693951
n100000-g2-t0.7-r15-h550042,2efaf1348f57,3.14.3,Windows-11-10.0.26200-SP0,"Intel64 Family 6 Model 170 Stepping 4, GenuineIntel",100000,2.0,2.01920038622886,0.7,11,205759,100000,0.48600547242161946,random,250042,400042,550042,15,3687134500,36871.345,13700.0,19400.0,31900.0,1114963500,14,143962,1.43962,243962,46935,37521,21883,0.21883,24300.03061834476,0.9005338447384474,5,243962,308636,105759,18732896,187.32896,25266040,True,3521227289056725,31406740774785624,2305843009213693951
n100000-g2-t0.5-r15-h550042,2efaf1348f57,3.14.3,Windows-11-10.0.26200-SP0,"Intel64 Family 6 Model 170 Stepping 4, GenuineIntel",100000,2.0,2.01920038622886,0.5,11,205759,100000,0.48600547242161946,random,250042,400042,550042,15,1484112300,14841.123,4500.0,9300.0,17600.0,362089400,14,102830,1.0283,202830,34799,29570,21883,0.21883,24300.03061834476,0.9005338447384474,5,202830,308636,105759,18732896,187.32896,23858092,True,3521227289056725,31406740774785624,2305843009213693951
n100000-g2-t0.9-r15-h550042,2efaf1348f57,3.14.3,Windows-11-10.0.26200-SP0,"Intel64 Family 6 Model 170 Stepping 4, GenuineIntel",100000,2.0,2.01920038622886,0.9,11,205759,100000,0.48600547242161946,random,250042,400042,550042,15,1936087500,19360.875,4800.0,9700.0,18600.0,522143100,14,185100,1.851,285100,63411,46924,21883,0.21883,24300.03061834476,0.9005338447384474,5,285100,308636,105759,18732896,187.32896,26565604,True,3521227289056725,31406740774785624,2305843009213693951
n100000-g1.25-t0.5-r15-h550042,2efaf1348f57,3.14.3,Windows-11-10.0.26200-SP0,"Intel64 Family 6 Model 170 Stepping 4, GenuineIntel",100000,1.25,1.268757469795743,0.5,11,235159,100000,0.42524419647982853,random,250042,400042,550042,15,4311010000,43110.1,4900.0,12800.0,20200.0,1141702300,42,469652,4.69652,569652,42620,35085,19217,0.19217,21261.997201893188,0.9038191387913879,6,569652,423266,135159,20673024,206.73024,34415476,True,1189752479450993008,2247060524089113739,2305843009213693951
n100000-g1.5-t0.5-r15-h550042,2efaf1348f57,3.14.3,Windows-11-10.0.26200-SP0,"Intel64 Family 6 Model 170 Stepping 4, GenuineIntel",100000,1.5,1.5206110372944526,0.5,11,254257,100000,0.3933028392531966,random,250042,400042,550042,15,4990408300,49904.083,13000.0,19400.0,29000.0,1269208100,24,254094,2.54094,354094,40985,33560,17485,0.17485,19664.9453112402,0.8891456204562046,5,354094,423758,154257,21787152,217.87152,33547272,True,1172943910332136051,1653102531723797164,2305843009213693951
n100000-g4-t0.7-r15-h550042,2efaf1348f57,3.14.3,Windows-11-10.0.26200-SP0,"Intel64 Family 6 Model 170 Stepping 4, GenuineIntel",100000,4.0,4.052802818528498,0.7,11,197203,100000,0.5070916771043037,random,250042,400042,550042,15,2103720700,21037.207,8700.0,18000.0,26800.0,524529100,7,45998,0.45998,145998,34751,28990,22903,0.22903,25354.330309376634,0.9033170949709497,6,145998,246500,97203,18028736,180.28736,19234384,True,994194901646118465,2290328094602135657,2305843009213693951
n100000-g1.5-t0.8-r15-h550042,2efaf1348f57,3.14.3,Windows-11-10.0.26200-SP0,"Intel64 Family 6 Model 170 Stepping 4, GenuineIntel",100000,1.5,1.5215057585600311,0.8,11,169501,100000,0.5899670208435348,random,250042,400042,550042,15,4601998600,46019.986,12500.0,19600.0,28600.0,1079402000,23,270957,2.70957,370957,68735,48999,27030,0.2703,29498.05605866632,0.9163315693156932,6,370957,282498,69501,16200624,162.00624,24803580,True,738900263773141924,2156979860126404307,2305843009213693951
n100000-g1.5-t0.9-r15-h550042,2efaf1348f57,3.14.3,Windows-11-10.0.26200-SP0,"Intel64 Family 6 Model 170 Stepping 4, GenuineIntel",100000,1.5,1.5224810805919142,0.9,11,112997,100000,0.8849792472366523,random,250042,400042,550042,15,3537614500,35376.145,8300.0,18100.0,26300.0,783238900,22,203133,2.03133,303133,79580,54032,41781,0.41781,44248.519872209,0.9442349737497374,6,303133,188320,12997,12301840,123.0184,16945376,True,1530954414812271489,757603686189958027,2305843009213693951
n100000-g1.25-t0.8-r15-h550042,2efaf1348f57,3.14.3,Windows-11-10.0.26200-SP0,"Intel64 Family 6 Model 170 Stepping 4, GenuineIntel",100000,1.25,1.2696893707341963,0.8,11,150473,100000,0.6645710526140902,random,250042,400042,550042,15,6122766700,61227.667,8600.0,18500.0,29400.999999999476,855831700,40,480591,4.80591,580591,69420,50468,30634,0.30634,33228.220345178204,0.9219271956719567,6,580591,270844,50473,14893520,148.9352,24323312,True,2118972297791909678,126183169348378234,2305843009213693951
n100000-g4-t0.5-r15-h550042,2efaf1348f57,3.14.3,Windows-11-10.0.26200-SP0,"Intel64 Family 6 Model 170 Stepping 4, GenuineIntel",100000,4.0,4.046203100077032,0.5,11,788813,100000,0.12677275856254905,random,250042,400042,550042,15,4433709900,44337.099,11500.0,19000.0,30300.999999999476,2148142900,8,131456,1.31456,231456,28534,24653,4713,0.04713,6338.574541748171,0.7435425692256923,4,231456,986016,688813,56701296,567.01296,70806156,True,1203382547546974085,719798420499160910,2305843009213693951
n100000-g1.25-t0.7-r15-h550042,2efaf1348f57,3.14.3,Windows-11-10.0.26200-SP0,"Intel64 Family 6 Model 170 Stepping 4, GenuineIntel",100000,1.25,1.2696893707341963,0.7,11,150473,100000,0.6645710526140902,random,250042,400042,550042,15,5993326800,59933.268,8500.0,18500.0,27600.0,901220900,40,420512,4.20512,520512,60528,45788,30634,0.30634,33228.220345178204,0.9219271956719567,6,520512,270844,50473,14893520,148.9352,23566288,True,2118972297791909678,126183169348378234,2305843009213693951
n100000-g1.5-t0.7-r15-h550042,2efaf1348f57,3.14.3,Windows-11-10.0.26200-SP0,"Intel64 Family 6 Model 170 Stepping 4, GenuineIntel",100000,1.5,1.5215057585600311,0.7,11,169501,100000,0.5899670208435348,random,250042,400042,550042,15,4056195600,40561.956,8200.0,18000.0,24000.0,994860100,23,237084,2.37084,337084,58918,44008,27030,0.2703,29498.05605866632,0.9163315693156932,6,337084,282498,69501,16200624,162.00624,24086492,True,738900263773141924,2156979860126404307,2305843009213693951
n100000-g4-t0.9-r15-h550042,2efaf1348f57,3.14.3,Windows-11-10.0.26200-SP0,"Intel64 Family 6 Model 170 Stepping 4, GenuineIntel",100000,4.0,4.052802818528498,0.9,11,197203,100000,0.5070916771043037,random,250042,400042,550042,15,2185036200,21850.362,10100.0,17700.0,26400.0,697171000,7,59142,0.59142,159142,42447,33808,22903,0.22903,25354.330309376634,0.9033170949709497,6,159142,246500,97203,18028736,180.28736,19234264,True,994194901646118465,2290328094602135657,2305843009213693951
n100000-g2-t0.8-r15-h550042,2efaf1348f57,3.14.3,Windows-11-10.0.26200-SP0,"Intel64 Family 6 Model 170 Stepping 4, GenuineIntel",100000,2.0,2.01920038622886,0.8,11,205759,100000,0.48600547242161946,random,250042,400042,550042,15,3291596600,32915.966,9400.0,18300.0,26900.0,946333700,14,164531,1.64531,264531,54841,42195,21883,0.21883,24300.03061834476,0.9005338447384474,5,264531,308636,105759,18732896,187.32896,25910720,True,3521227289056725,31406740774785624,2305843009213693951
n100000-g1.25-t0.9-r15-h550042,2efaf1348f57,3.14.3,Windows-11-10.0.26200-SP0,"Intel64 Family 6 Model 170 Stepping 4, GenuineIntel",100000,1.25,1.2701922559901528,0.9,11,120371,100000,0.830764885229831,random,250042,400042,550042,15,5806685000,58066.85,9300.0,19300.0,30600.0,905659800,39,432337,4.32337,532337,77877,54376,38986,0.38986,41537.82887904894,0.9385661468614687,7,532337,216652,20371,12770304,127.70304,20014752,True,1177471286354266928,1569105840856013930,2305843009213693951
n100000-g3-t0.9-r15-h550042,2efaf1348f57,3.14.3,Windows-11-10.0.26200-SP0,"Intel64 Family 6 Model 170 Stepping 4, GenuineIntel",100000,3.0,3.05870700345102,0.9,11,256337,100000,0.39011145484264853,random,250042,400042,550042,15,2997534000,29975.34,9000.0,19500.0,31000.999999999476,1048162000,9,115310,1.1531,215310,66186,47377,51682,0.51682,19505.377686405005,2.649628263082631,8,215310,341776,156337,21224144,212.24144,27279704,True,2176851757251077282,927642904830020423,2305843009213693951
n100000-g3-t0.7-r15-h550042,2efaf1348f57,3.14.3,Windows-11-10.0.26200-SP0,"Intel64 Family 6 Model 170 Stepping 4, GenuineIntel",100000,3.0,3.05870700345102,0.7,11,256337,100000,0.39011145484264853,random,250042,400042,550042,15,2760912300,27609.123,8400.0,18600.0,29200.0,1003992300,9,89684,0.89684,189684,60417,43957,51682,0.51682,19505.377686405005,2.649628263082631,8,189684,341776,156337,21224144,212.24144,26214536,True,2176851757251077282,927642904830020423,2305843009213693951
n100000-g4-t0.8-r15-h550042,2efaf1348f57,3.14.3,Windows-11-10.0.26200-SP0,"Intel64 Family 6 Model 170 Stepping 4, GenuineIntel",100000,4.0,4.052802818528498,0.8,11,197203,100000,0.5070916771043037,random,250042,400042,550042,15,2215005100,22150.051,8200.0,19100.0,29800.999999999476,637296600,7,52570,0.5257,152570,38362,31333,22903,0.22903,25354.330309376634,0.9033170949709497,6,152570,246500,97203,18028736,180.28736,19234308,True,994194901646118465,2290328094602135657,2305843009213693951
n100000-g4-t0.5-r16-h580042,2efaf1348f57,3.14.3,Windows-11-10.0.26200-SP0,"Intel64 Family 6 Model 170 Stepping 4, GenuineIntel",100000,4.0,4.046203100077032,0.5,11,788813,100000,0.12677275856254905,random,260042,420042,580042,16,4439681200,44396.812,8200.0,18400.0,29500.999999999476,2377347000,8,131456,1.31456,231456,28956,24989,4137,0.04137,6338.574541748171,0.652670402904029,3,231456,986016,688813,56718800,567.188,70798444,True,2175476481072953045,313910935353650157,2305843009213693951
n100000-g2-t0.8-r16-h580042,2efaf1348f57,3.14.3,Windows-11-10.0.26200-SP0,"Intel64 Family 6 Model 170 Stepping 4, GenuineIntel",100000,2.0,2.01920038622886,0.8,11,205759,100000,0.48600547242161946,random,260042,420042,580042,16,3610380800,36103.808,8900.0,19300.0,31000.0,1081592400,14,164531,1.64531,264531,54921,42166,21952,0.21952,24300.03061834476,0.9033733473334734,5,264531,308636,105759,18731296,187.31296,25911228,True,180297759418226411,1254358714262911049,2305843009213693951
n100000-g4-t0.7-r16-h580042,2efaf1348f57,3.14.3,Windows-11-10.0.26200-SP0,"Intel64 Family 6 Model 170 Stepping 4, GenuineIntel",100000,4.0,4.052802818528498,0.7,11,197203,100000,0.5070916771043037,random,260042,420042,580042,16,2158188700,21581.887,8400.0,18200.0,28700.0,625279200,7,45998,0.45998,145998,35344,29523,23223,0.23223,25354.330309376634,0.9159382131821318,6,145998,246500,97203,18019392,180.19392,19225016,True,323327229411987512,1943636101840058849,2305843009213693951
n100000-g1.5-t0.9-r16-h580042,2efaf1348f57,3.14.3,Windows-11-10.0.26200-SP0,"Intel64 Family 6 Model 170 Stepping 4, GenuineIntel",100000,1.5,1.5224810805919142,0.9,11,112997,100000,0.8849792472366523,random,260042,420042,580042,16,3736681300,37366.813,8900.0,19300.0,31400.0,774261700,22,203133,2.03133,303133,72834,51823,42481,0.42481,44248.519872209,0.9600547119471194,7,303133,188320,12997,12294704,122.94704,16940464,True,1138974425624158156,1649152477531001202,2305843009213693951
n100000-g3-t0.8-r16-h580042,2efaf1348f57,3.14.3,Windows-11-10.0.26200-SP0,"Intel64 Family 6 Model 170 Stepping 4, GenuineIntel",100000,3.0,3.05870700345102,0.8,11,256337,100000,0.39011145484264853,random,260042,420042,580042,16,3038306600,30383.066,10600.0,19000.0,31300.0,1016392100,9,102497,1.02497,202497,44510,35352,16941,0.16941,19505.377686405005,0.868529708697087,5,202497,341776,156337,21918192,219.18192,26744272,True,201166625245266519,576769002543260594,2305843009213693951
n100000-g1.5-t0.5-r16-h580042,2efaf1348f57,3.14.3,Windows-11-10.0.26200-SP0,"Intel64 Family 6 Model 170 Stepping 4, GenuineIntel",100000,1.5,1.5206110372944526,0.5,11,254257,100000,0.3933028392531966,random,260042,420042,580042,16,4867260200,48672.602,8200.0,18400.0,25600.0,1243290500,24,254094,2.54094,354094,38586,32203,17342,0.17342,19664.9453112402,0.8818737975379755,6,354094,423758,154257,21791856,217.91856,33543256,True,148452930483995917,59816758619560473,2305843009213693951
n100000-g4-t0.9-r16-h580042,2efaf1348f57,3.14.3,Windows-11-10.0.26200-SP0,"Intel64 Family 6 Model 170 Stepping 4, GenuineIntel",100000,4.0,4.052802818528498,0.9,11,197203,100000,0.5070916771043037,random,260042,420042,580042,16,2080421500,20804.215,8500.0,17500.0,24600.0,578368300,7,59142,0.59142,159142,43213,34413,23223,0.23223,25354.330309376634,0.9159382131821318,6,159142,246500,97203,18019392,180.19392,19224896,True,323327229411987512,1943636101840058849,2305843009213693951
n100000-g1.25-t0.8-r16-h580042,2efaf1348f57,3.14.3,Windows-11-10.0.26200-SP0,"Intel64 Family 6 Model 170 Stepping 4, GenuineIntel",100000,1.25,1.2696893707341963,0.8,11,150473,100000,0.6645710526140902,random,260042,420042,580042,16,7113023200,71130.232,13500.0,19500.0,32600.0,1234193000,40,480591,4.80591,580591,69581,50447,31423,0.31423,33228.220345178204,0.9456720725207253,7,580591,270844,50473,14881648,148.81648,24323664,True,1703370610559758850,734686982985642848,2305843009213693951
n100000-g3-t0.9-r16-h580042,2efaf1348f57,3.14.3,Windows-11-10.0.26200-SP0,"Intel64 Family 6 Model 170 Stepping 4, GenuineIntel",100000,3.0,3.05870700345102,0.9,11,256337,100000,0.39011145484264853,random,260042,420042,580042,16,3010870000,30108.7,8800.0,19100.0,30500.0,1057248700,9,115310,1.1531,215310,51725,39645,16941,0.16941,19505.377686405005,0.868529708697087,5,215310,341776,156337,21918192,219.18192,27280160,True,201166625245266519,576769002543260594,2305843009213693951
n100000-g2-t0.9-r16-h580042,2efaf1348f57,3.14.3,Windows-11-10.0.26200-SP0,"Intel64 Family 6 Model 170 Stepping 4, GenuineIntel",100000,2.0,2.01920038622886,0.9,11,205759,100000,0.48600547242161946,random,260042,420042,580042,16,3956143700,39561.437,13600.0,19700.0,32900.0,1248003800,14,185100,1.851,285100,63715,47045,21952,0.21952,24300.03061834476,0.9033733473334734,5,285100,308636,105759,18731296,187.31296,26566496,True,180297759418226411,1254358714262911049,2305843009213693951
n100000-g4-t0.8-r16-h580042,2efaf1348f57,3.14.3,Windows-11-10.0.26200-SP0,"Intel64 Family 6 Model 170 Stepping 4, GenuineIntel",100000,4.0,4.052802818528498,0.8,11,197203,100000,0.5070916771043037,random,260042,420042,580042,16,2347465300,23474.653,9200.0,18800.0,31400.0,656645100,7,52570,0.5257,152570,39088,31882,23223,0.23223,25354.330309376634,0.9159382131821318,6,152570,246500,97203,18019392,180.19392,19224940,True,323327229411987512,1943636101840058849,2305843009213693951
n100000-g2-t0.7-r16-h580042,2efaf1348f57,3.14.3,Windows-11-10.0.26200-SP0,"Intel64 Family 6 Model 170 Stepping 4, GenuineIntel",100000,2.0,2.01920038622886,0.7,11,205759,100000,0.48600547242161946,random,260042,420042,580042,16,3537985800,35379.858,9900.0,19100.0,31000.0,1101709000,14,143962,1.43962,243962,47010,37517,21952,0.21952,24300.03061834476,0.9033733473334734,5,243962,308636,105759,18731296,187.31296,25266068,True,180297759418226411,1254358714262911049,2305843009213693951
n100000-g2-t0.5-r16-h580042,2efaf1348f57,3.14.3,Windows-11-10.0.26200-SP0,"Intel64 Family 6 Model 170 Stepping 4, GenuineIntel",100000,2.0,2.01920038622886,0.5,11,205759,100000,0.48600547242161946,random,260042,420042,580042,16,3234591200,32345.912,8800.0,18900.0,29600.0,938628500,14,102830,1.0283,202830,34740,29493,21952,0.21952,24300.03061834476,0.9033733473334734,5,202830,308636,105759,18731296,187.31296,23858952,True,180297759418226411,1254358714262911049,2305843009213693951
n100000-g1.5-t0.8-r16-h580042,2efaf1348f57,3.14.3,Windows-11-10.0.26200-SP0,"Intel64 Family 6 Model 170 Stepping 4, GenuineIntel",100000,1.5,1.5215057585600311,0.8,11,169501,100000,0.5899670208435348,random,260042,420042,580042,16,4683397100,46833.971,11300.0,19200.0,29800.0,1027930900,23,270957,2.70957,370957,63645,47150,26940,0.2694,29498.05605866632,0.913280520805208,5,370957,282498,69501,16199728,161.99728,24795244,True,450796463369127191,1206989048273391000,2305843009213693951
n100000-g1.25-t0.5-r16-h580042,2efaf1348f57,3.14.3,Windows-11-10.0.26200-SP0,"Intel64 Family 6 Model 170 Stepping 4, GenuineIntel",100000,1.25,1.268757469795743,0.5,11,235159,100000,0.42524419647982853,random,260042,420042,580042,16,7779759700,77797.597,9300.0,18700.0,29400.999999999476,1343989300,42,469652,4.69652,569652,43135,35058,19178,0.19178,21261.997201893188,0.9019848802488025,6,569652,423266,135159,20674784,206.74784,34398364,True,1388635974727866905,10660014104562677,2305843009213693951
n100000-g1.5-t0.7-r16-h580042,2efaf1348f57,3.14.3,Windows-11-10.0.26200-SP0,"Intel64 Family 6 Model 170 Stepping 4, GenuineIntel",100000,1.5,1.5215057585600311,0.7,11,169501,100000,0.5899670208435348,random,260042,420042,580042,16,4808002400,48080.024,13700.0,19400.0,33100.0,1109660000,23,237084,2.37084,337084,54848,42389,26940,0.2694,29498.05605866632,0.913280520805208,5,337084,282498,69501,16199728,161.99728,24083724,True,450796463369127191,1206989048273391000,2305843009213693951
n100000-g3-t0.5-r16-h580042,2efaf1348f57,3.14.3,Windows-11-10.0.26200-SP0,"Intel64 Family 6 Model 170 Stepping 4, GenuineIntel",100000,3.0,3.05870700345102,0.5,11,256337,100000,0.39011145484264853,random,260042,420042,580042,16,2566948800,25669.488,8700.0,18800.0,30100.0,758130100,9,64059,0.64059,164059,27848,24249,16941,0.16941,19505.377686405005,0.868529708697087,5,164059,341776,156337,21918192,219.18192,25058152,True,201166625245266519,576769002543260594,2305843009213693951
n100000-g3-t0.7-r16-h580042,2efaf1348f57,3.14.3,Windows-11-10.0.26200-SP0,"Intel64 Family 6 Model 170 Stepping 4, GenuineIntel",100000,3.0,3.05870700345102,0.7,11,256337,100000,0.39011145484264853,random,260042,420042,580042,16,2967162900,29671.629,11700.0,19200.0,31000.0,972052600,9,89684,0.89684,189684,38189,31334,16941,0.16941,19505.377686405005,0.868529708697087,5,189684,341776,156337,21918192,219.18192,26212816,True,201166625245266519,576769002543260594,2305843009213693951
n100000-g1.25-t0.9-r16-h580042,2efaf1348f57,3.14.3,Windows-11-10.0.26200-SP0,"Intel64 Family 6 Model 170 Stepping 4, GenuineIntel",100000,1.25,1.2701922559901528,0.9,11,120371,100000,0.830764885229831,random,260042,420042,580042,16,6661238600,66612.386,13700.0,20000.0,32800.0,1035212100,39,432337,4.32337,532337,78185,54549,39214,0.39214,41537.82887904894,0.9440551193511936,7,532337,216652,20371,12767936,127.67936,20019684,True,83905313053650742,1590946919412585831,2305843009213693951
n100000-g1.25-t0.7-r16-h580042,2efaf1348f57,3.14.3,Windows-11-10.0.26200-SP0,"Intel64 Family 6 Model 170 Stepping 4, GenuineIntel",100000,1.25,1.2696893707341963,0.7,11,150473,100000,0.6645710526140902,random,260042,420042,580042,16,6715698000,67156.98,13500.0,19500.0,31800.0,1053738300,40,420512,4.20512,520512,60653,45612,31423,0.31423,33228.220345178204,0.9456720725207253,7,520512,270844,50473,14881648,148.81648,23570640,True,1703370610559758850,734686982985642848,2305843009213693951
n100000-g1.5-t0.8-r17-h610042,2efaf1348f57,3.14.3,Windows-11-10.0.26200-SP0,"Intel64 Family 6 Model 170 Stepping 4, GenuineIntel",100000,1.5,1.5215057585600311,0.8,11,169501,100000,0.5899670208435348,random,270042,440042,610042,17,4977262800,49772.628,13600.0,19800.0,33600.999999999476,1116732000,23,270957,2.70957,370957,63461,47259,27226,0.27226,29498.05605866632,0.9229760749607496,6,370957,282498,69501,16194640,161.9464,24798640,True,23415234365038713,1789911611384419281,2305843009213693951
n100000-g3-t0.9-r17-h610042,2efaf1348f57,3.14.3,Windows-11-10.0.26200-SP0,"Intel64 Family 6 Model 170 Stepping 4, GenuineIntel",100000,3.0,3.05870700345102,0.9,11,256337,100000,0.39011145484264853,random,270042,440042,610042,17,3291393300,32913.933,13500.0,19600.0,32600.999999999476,1153104700,9,115310,1.1531,215310,51964,39873,17286,0.17286,19505.377686405005,0.8862171385713857,5,215310,341776,156337,21907600,219.076,27279880,True,1291809481566150265,795172250796545765,2305843009213693951
n100000-g1.5-t0.7-r17-h610042,2efaf1348f57,3.14.3,Windows-11-10.0.26200-SP0,"Intel64 Family 6 Model 170 Stepping 4, GenuineIntel",100000,1.5,1.5215057585600311,0.7,11,169501,100000,0.5899670208435348,random,270042,440042,610042,17,4588585500,45885.855,13500.0,19500.0,32300.0,1073142400,23,237084,2.37084,337084,54741,42339,27226,0.27226,29498.05605866632,0.9229760749607496,6,337084,282498,69501,16194640,161.9464,24087544,True,23415234365038713,1789911611384419281,2305843009213693951
n100000-g2-t0.8-r17-h610042,2efaf1348f57,3.14.3,Windows-11-10.0.26200-SP0,"Intel64 Family 6 Model 170 Stepping 4, GenuineIntel",100000,2.0,2.01920038622886,0.8,11,205759,100000,0.48600547242161946,random,270042,440042,610042,17,3597838700,35978.387,10700.0,19200.0,30400.0,1146923100,14,164531,1.64531,264531,55806,42623,22175,0.22175,24300.03061834476,0.912550290502905,5,264531,308636,105759,18726336,187.26336,25899880,True,1247834951422721528,1691789072933732543,2305843009213693951
n100000-g4-t0.8-r17-h610042,2efaf1348f57,3.14.3,Windows-11-10.0.26200-SP0,"Intel64 Family 6 Model 170 Stepping 4, GenuineIntel",100000,4.0,4.052802818528498,0.8,11,197203,100000,0.5070916771043037,random,270042,440042,610042,17,2319674000,23196.74,11700.0,18800.0,33600.999999999476,641421100,7,52570,0.5257,152570,38943,31862,23115,0.23115,25354.330309376634,0.9116785857858578,6,152570,246500,97203,18023424,180.23424,19228976,True,2027893206505251850,2278284793443046307,2305843009213693951
n100000-g1.25-t0.5-r17-h610042,2efaf1348f57,3.14.3,Windows-11-10.0.26200-SP0,"Intel64 Family 6 Model 170 Stepping 4, GenuineIntel",100000,1.25,1.268757469795743,0.5,11,235159,100000,0.42524419647982853,random,270042,440042,610042,17,7990109600,79901.096,12500.0,19200.0,31100.0,1273709200,42,469652,4.69652,569652,42472,34800,19417,0.19417,21261.997201893188,0.9132255928559285,6,569652,423266,135159,20671424,206.71424,34414488,True,2251182936198730260,1019434155123544343,2305843009213693951
n100000-g4-t0.9-r17-h610042,2efaf1348f57,3.14.3,Windows-11-10.0.26200-SP0,"Intel64 Family 6 Model 170 Stepping 4, GenuineIntel",100000,4.0,4.052802818528498,0.9,11,197203,100000,0.5070916771043037,random,270042,440042,610042,17,2525399600,25253.996,9400.0,18900.0,31800.999999999476,815552000,7,59142,0.59142,159142,43101,34438,23115,0.23115,25354.330309376634,0.9116785857858578,6,159142,246500,97203,18023424,180.23424,19228932,True,2027893206505251850,2278284793443046307,2305843009213693951
n100000-g1.25-t0.7-r17-h610042,2efaf1348f57,3.14.3,Windows-11-10.0.26200-SP0,"Intel64 Family 6 Model 170 Stepping 4, GenuineIntel",100000,1.25,1.2696893707341963,0.7,11,150473,100000,0.6645710526140902,random,270042,440042,610042,17,5795992400,57959.924,8400.0,17500.0,24700.0,959519900,40,420512,4.20512,520512,60293,45540,30675,0.30675,33228.220345178204,0.9231610866108662,7,520512,270844,50473,14892528,148.92528,23569004,True,392635427979076082,2087022928792805478,2305843009213693951
n100000-g3-t0.7-r17-h610042,2efaf1348f57,3.14.3,Windows-11-10.0.26200-SP0,"Intel64 Family 6 Model 170 Stepping 4, GenuineIntel",100000,3.0,3.05870700345102,0.7,11,256337,100000,0.39011145484264853,random,270042,440042,610042,17,2711715100,27117.151,8600.0,18000.0,25400.999999999476,1007915100,9,89684,0.89684,189684,38329,31528,17286,0.17286,19505.377686405005,0.8862171385713857,5,189684,341776,156337,21907600,219.076,26212888,True,1291809481566150265,795172250796545765,2305843009213693951
n100000-g2-t0.5-r17-h610042,2efaf1348f57,3.14.3,Windows-11-10.0.26200-SP0,"Intel64 Family 6 Model 170 Stepping 4, GenuineIntel",100000,2.0,2.01920038622886,0.5,11,205759,100000,0.48600547242161946,random,270042,440042,610042,17,2829423500,28294.235,9000.0,18000.0,25100.0,760838300,14,102830,1.0283,202830,35272,29853,22175,0.22175,24300.03061834476,0.912550290502905,5,202830,308636,105759,18726336,187.26336,23851732,True,1247834951422721528,1691789072933732543,2305843009213693951
n100000-g2-t0.7-r17-h610042,2efaf1348f57,3.14.3,Windows-11-10.0.26200-SP0,"Intel64 Family 6 Model 170 Stepping 4, GenuineIntel",100000,2.0,2.01920038622886,0.7,11,205759,100000,0.48600547242161946,random,270042,440042,610042,17,3024510600,30245.106,8500.0,18200.0,25700.0,839925100,14,143962,1.43962,243962,47952,38069,22175,0.22175,24300.03061834476,0.912550290502905,5,243962,308636,105759,18726336,187.26336,25255328,True,1247834951422721528,1691789072933732543,2305843009213693951
n100000-g2-t0.9-r17-h610042,2efaf1348f57,3.14.3,Windows-11-10.0.26200-SP0,"Intel64 Family 6 Model 170 Stepping 4, GenuineIntel",100000,2.0,2.01920038622886,0.9,11,205759,100000,0.48600547242161946,random,270042,440042,610042,17,3638926000,36389.26,9600.0,19000.0,28900.0,1080102600,14,185100,1.851,285100,64695,47358,22175,0.22175,24300.03061834476,0.912550290502905,5,285100,308636,105759,18726336,187.26336,26553292,True,1247834951422721528,1691789072933732543,2305843009213693951
n100000-g4-t0.7-r17-h610042,2efaf1348f57,3.14.3,Windows-11-10.0.26200-SP0,"Intel64 Family 6 Model 170 Stepping 4, GenuineIntel",100000,4.0,4.052802818528498,0.7,11,197203,100000,0.5070916771043037,random,270042,440042,610042,17,2387209000,23872.09,13400.0,18400.0,29900.999999999476,710266300,7,45998,0.45998,145998,35338,29479,23115,0.23115,25354.330309376634,0.9116785857858578,6,145998,246500,97203,18023424,180.23424,19229052,True,2027893206505251850,2278284793443046307,2305843009213693951
n100000-g4-t0.5-r17-h610042,2efaf1348f57,3.14.3,Windows-11-10.0.26200-SP0,"Intel64 Family 6 Model 170 Stepping 4, GenuineIntel",100000,4.0,4.046203100077032,0.5,11,788813,100000,0.12677275856254905,random,270042,440042,610042,17,4696316800,46963.168,13300.0,18500.0,29700.999999999476,2422912000,8,131456,1.31456,231456,28989,25006,7074,0.07074,6338.574541748171,1.1160237926379264,4,231456,986016,688813,56631024,566.31024,70800728,True,1418154872612492677,1693613857478985000,2305843009213693951
n100000-g3-t0.5-r17-h610042,2efaf1348f57,3.14.3,Windows-11-10.0.26200-SP0,"Intel64 Family 6 Model 170 Stepping 4, GenuineIntel",100000,3.0,3.05870700345102,0.5,11,256337,100000,0.39011145484264853,random,270042,440042,610042,17,2552504900,25525.049,9900.0,18400.0,28300.0,750765400,9,64059,0.64059,164059,28114,24490,17286,0.17286,19505.377686405005,0.8862171385713857,5,164059,341776,156337,21907600,219.076,25062768,True,1291809481566150265,795172250796545765,2305843009213693951
n100000-g1.5-t0.9-r17-h610042,2efaf1348f57,3.14.3,Windows-11-10.0.26200-SP0,"Intel64 Family 6 Model 170 Stepping 4, GenuineIntel",100000,1.5,1.5224810805919142,0.9,11,112997,100000,0.8849792472366523,random,270042,440042,610042,17,3859254100,38592.541,13700.0,19600.0,31100.0,852961700,22,203133,2.03133,303133,72403,51830,42159,0.42159,44248.519872209,0.9527776323763237,7,303133,188320,12997,12297296,122.97296,16946396,True,1498421228832361259,133955438773306015,2305843009213693951
n100000-g3-t0.8-r17-h610042,2efaf1348f57,3.14.3,Windows-11-10.0.26200-SP0,"Intel64 Family 6 Model 170 Stepping 4, GenuineIntel",100000,3.0,3.05870700345102,0.8,11,256337,100000,0.39011145484264853,random,270042,440042,610042,17,2960327600,29603.276,10600.0,19200.0,30500.0,944246800,9,102497,1.02497,202497,44729,35563,17286,0.17286,19505.377686405005,0.8862171385713857,5,202497,341776,156337,21907600,219.076,26746040,True,1291809481566150265,795172250796545765,2305843009213693951
n100000-g1.5-t0.5-r17-h610042,2efaf1348f57,3.14.3,Windows-11-10.0.26200-SP0,"Intel64 Family 6 Model 170 Stepping 4, GenuineIntel",100000,1.5,1.5206110372944526,0.5,11,254257,100000,0.3933028392531966,random,270042,440042,610042,17,4929791200,49297.912,9100.0,18600.0,28200.0,1327844600,24,254094,2.54094,354094,38696,32262,17092,0.17092,19664.9453112402,0.8691608204082041,5,354094,423758,154257,21795088,217.95088,33540580,True,832429825945411503,375218428452487006,2305843009213693951
n100000-g1.25-t0.9-r17-h610042,2efaf1348f57,3.14.3,Windows-11-10.0.26200-SP0,"Intel64 Family 6 Model 170 Stepping 4, GenuineIntel",100000,1.25,1.2701922559901528,0.9,11,120371,100000,0.830764885229831,random,270042,440042,610042,17,6058267000,60582.67,10100.0,19200.0,30700.999999999476,889770200,39,432337,4.32337,532337,78160,54522,39283,0.39283,41537.82887904894,0.9457162557625577,6,532337,216652,20371,12766240,127.6624,20013796,True,225238773271998050,418162205463197429,2305843009213693951
n100000-g1.25-t0.8-r17-h610042,2efaf1348f57,3.14.3,Windows-11-10.0.26200-SP0,"Intel64 Family 6 Model 170 Stepping 4, GenuineIntel",100000,1.25,1.2696893707341963,0.8,11,150473,100000,0.6645710526140902,random,270042,440042,610042,17,6912685200,69126.852,9000.0,18900.0,32100.0,1176210600,40,480591,4.80591,580591,69130,50141,30675,0.30675,33228.220345178204,0.9231610866108662,7,580591,270844,50473,14892528,148.92528,24321100,True,392635427979076082,2087022928792805478,2305843009213693951
n100000-g2-t0.5-r18-h640042,2efaf1348f57,3.14.3,Windows-11-10.0.26200-SP0,"Intel64 Family 6 Model 170 Stepping 4, GenuineIntel",100000,2.0,2.01920038622886,0.5,11,205759,100000,0.48600547242161946,random,280042,460042,640042,18,2961249600,29612.496,9600.0,18700.0,28100.0,813861400,14,102830,1.0283,202830,44225,34104,22586,0.22586,24300.03061834476,0.9294638494384945,6,202830,308636,105759,18719904,187.19904,23860388,True,1991608547321885432,370857027542962640,2305843009213693951
n100000-g1.25-t0.8-r18-h640042,2efaf1348f57,3.14.3,Windows-11-10.0.26200-SP0,"Intel64 Family 6 Model 170 Stepping 4, GenuineIntel",100000,1.25,1.2696893707341963,0.8,11,150473,100000,0.6645710526140902,random,280042,460042,640042,18,6722404400,67224.044,10000.0,19400.0,30500.0,1016962500,40,480591,4.80591,580591,69833,50494,31260,0.3126,33228.220345178204,0.9407666036660367,6,580591,270844,50473,14883440,148.8344,24322752,True,1569389300067191846,928086896292827336,2305843009213693951
n100000-g1.5-t0.5-r18-h640042,2efaf1348f57,3.14.3,Windows-11-10.0.26200-SP0,"Intel64 Family 6 Model 170 Stepping 4, GenuineIntel",100000,1.5,1.5206110372944526,0.5,11,254257,100000,0.3933028392531966,random,280042,460042,640042,18,4814509900,48145.099,8300.0,18700.0,26600.0,1141582700,24,254094,2.54094,354094,38518,32176,17341,0.17341,19664.9453112402,0.8818229456294564,5,354094,423758,154257,21791120,217.9112,33541556,True,1873060183924095662,2179957875586706566,2305843009213693951
n100000-g4-t0.7-r18-h640042,2efaf1348f57,3.14.3,Windows-11-10.0.26200-SP0,"Intel64 Family 6 Model 170 Stepping 4, GenuineIntel",100000,4.0,4.052802818528498,0.7,11,197203,100000,0.5070916771043037,random,280042,460042,640042,18,2280765100,22807.651,8600.0,18500.0,29200.0,702854200,7,45998,0.45998,145998,36477,30047,24337,0.24337,25354.330309376634,0.9598754809548095,6,145998,246500,97203,18001696,180.01696,19207340,True,946568968552809720,48026461089857355,2305843009213693951
n100000-g4-t0.8-r18-h640042,2efaf1348f57,3.14.3,Windows-11-10.0.26200-SP0,"Intel64 Family 6 Model 170 Stepping 4, GenuineIntel",100000,4.0,4.052802818528498,0.8,11,197203,100000,0.5070916771043037,random,280042,460042,640042,18,2189032100,21890.321,8800.0,18600.0,30800.0,617811500,7,52570,0.5257,152570,40212,32430,24337,0.24337,25354.330309376634,0.9598754809548095,6,152570,246500,97203,18001696,180.01696,19207264,True,946568968552809720,48026461089857355,2305843009213693951
n100000-g3-t0.9-r18-h640042,2efaf1348f57,3.14.3,Windows-11-10.0.26200-SP0,"Intel64 Family 6 Model 170 Stepping 4, GenuineIntel",100000,3.0,3.05870700345102,0.9,11,256337,100000,0.39011145484264853,random,280042,460042,640042,18,3108871500,31088.715,8500.0,18800.0,31000.0,1130446600,9,115310,1.1531,215310,51560,39580,17131,0.17131,19505.377686405005,0.8782706121061211,5,215310,341776,156337,21913136,219.13136,27285364,True,1365537433500713460,468845518916024498,2305843009213693951
n100000-g2-t0.7-r18-h640042,2efaf1348f57,3.14.3,Windows-11-10.0.26200-SP0,"Intel64 Family 6 Model 170 Stepping 4, GenuineIntel",100000,2.0,2.01920038622886,0.7,11,205759,100000,0.48600547242161946,random,280042,460042,640042,18,3221592700,32215.927,8600.0,18600.0,28300.0,930448300,14,143962,1.43962,243962,65367,44287,22586,0.22586,24300.03061834476,0.9294638494384945,6,243962,308636,105759,18719904,187.19904,25265496,True,1991608547321885432,370857027542962640,2305843009213693951
n100000-g4-t0.5-r18-h640042,2efaf1348f57,3.14.3,Windows-11-10.0.26200-SP0,"Intel64 Family 6 Model 170 Stepping 4, GenuineIntel",100000,4.0,4.046203100077032,0.5,11,788813,100000,0.12677275856254905,random,280042,460042,640042,18,4262630900,42626.309,8600.0,18600.0,28800.0,2145997400,8,131456,1.31456,231456,29968,25495,4494,0.04494,6338.574541748171,0.7089922143221432,3,231456,986016,688813,56707504,567.07504,70781448,True,1512865112781294852,467080534478910804,2305843009213693951
n100000-g1.5-t0.9-r18-h640042,2efaf1348f57,3.14.3,Windows-11-10.0.26200-SP0,"Intel64 Family 6 Model 170 Stepping 4, GenuineIntel",100000,1.5,1.5224810805919142,0.9,11,112997,100000,0.8849792472366523,random,280042,460042,640042,18,3345671700,33456.717,8400.0,18000.0,23900.0,658418800,22,203133,2.03133,303133,72655,52102,42002,0.42002,44248.519872209,0.949229491094911,7,303133,188320,12997,12299568,122.99568,16936556,True,1451180162216814825,237878776426159170,2305843009213693951
n100000-g1.5-t0.8-r18-h640042,2efaf1348f57,3.14.3,Windows-11-10.0.26200-SP0,"Intel64 Family 6 Model 170 Stepping 4, GenuineIntel",100000,1.5,1.5215057585600311,0.8,11,169501,100000,0.5899670208435348,random,280042,460042,640042,18,4336415700,43364.157,8400.0,18500.0,26000.0,955230500,23,270957,2.70957,370957,63372,47329,27014,0.27014,29498.05605866632,0.915789160691607,6,370957,282498,69501,16198512,161.98512,24801800,True,2153984214866391827,141039286094091177,2305843009213693951
n100000-g1.5-t0.7-r18-h640042,2efaf1348f57,3.14.3,Windows-11-10.0.26200-SP0,"Intel64 Family 6 Model 170 Stepping 4, GenuineIntel",100000,1.5,1.5215057585600311,0.7,11,169501,100000,0.5899670208435348,random,280042,460042,640042,18,4290257600,42902.576,9500.0,18900.0,30000.0,830569200,23,237084,2.37084,337084,54640,42389,27014,0.27014,29498.05605866632,0.915789160691607,6,337084,282498,69501,16198512,161.98512,24086920,True,2153984214866391827,141039286094091177,2305843009213693951
n100000-g4-t0.9-r18-h640042,2efaf1348f57,3.14.3,Windows-11-10.0.26200-SP0,"Intel64 Family 6 Model 170 Stepping 4, GenuineIntel",100000,4.0,4.052802818528498,0.9,11,197203,100000,0.5070916771043037,random,280042,460042,640042,18,2248389000,22483.89,8800.0,18400.0,29900.0,697369300,7,59142,0.59142,159142,44296,34888,24337,0.24337,25354.330309376634,0.9598754809548095,6,159142,246500,97203,18001696,180.01696,19207220,True,946568968552809720,48026461089857355,2305843009213693951
n100000-g3-t0.7-r18-h640042,2efaf1348f57,3.14.3,Windows-11-10.0.26200-SP0,"Intel64 Family 6 Model 170 Stepping 4, GenuineIntel",100000,3.0,3.05870700345102,0.7,11,256337,100000,0.39011145484264853,random,280042,460042,640042,18,2867590200,28675.902,9400.0,19000.0,30400.999999999476,950282800,9,89684,0.89684,189684,37830,31141,17131,0.17131,19505.377686405005,0.8782706121061211,5,189684,341776,156337,21913136,219.13136,26216836,True,1365537433500713460,468845518916024498,2305843009213693951
n100000-g1.25-t0.9-r18-h640042,2efaf1348f57,3.14.3,Windows-11-10.0.26200-SP0,"Intel64 Family 6 Model 170 Stepping 4, GenuineIntel",100000,1.25,1.2701922559901528,0.9,11,120371,100000,0.830764885229831,random,280042,460042,640042,18,5976394400,59763.944,9600.0,19700.0,30600.0,896248000,39,432337,4.32337,532337,78981,55036,39076,0.39076,41537.82887904894,0.9407328465284653,7,532337,216652,20371,12769088,127.69088,20020984,True,753430395297292983,569022744321558683,2305843009213693951
n100000-g1.25-t0.7-r18-h640042,2efaf1348f57,3.14.3,Windows-11-10.0.26200-SP0,"Intel64 Family 6 Model 170 Stepping 4, GenuineIntel",100000,1.25,1.2696893707341963,0.7,11,150473,100000,0.6645710526140902,random,280042,460042,640042,18,6560531600,65605.316,12100.0,20400.0,32200.0,1023584700,40,420512,4.20512,520512,60152,45512,31260,0.3126,33228.220345178204,0.9407666036660367,6,520512,270844,50473,14883440,148.8344,23567488,True,1569389300067191846,928086896292827336,2305843009213693951
n100000-g1.25-t0.5-r18-h640042,2efaf1348f57,3.14.3,Windows-11-10.0.26200-SP0,"Intel64 Family 6 Model 170 Stepping 4, GenuineIntel",100000,1.25,1.268757469795743,0.5,11,235159,100000,0.42524419647982853,random,280042,460042,640042,18,8028724500,80287.245,11100.0,19400.0,31900.0,1233892700,42,469652,4.69652,569652,42429,34756,19110,0.1911,21261.997201893188,0.8987866858668586,6,569652,423266,135159,20678624,206.78624,34419400,True,1472274786824216838,1965670297868797716,2305843009213693951
n100000-g3-t0.8-r18-h640042,2efaf1348f57,3.14.3,Windows-11-10.0.26200-SP0,"Intel64 Family 6 Model 170 Stepping 4, GenuineIntel",100000,3.0,3.05870700345102,0.8,11,256337,100000,0.39011145484264853,random,280042,460042,640042,18,3117995200,31179.952,10600.0,19300.0,32600.0,1076112900,9,102497,1.02497,202497,44311,35211,17131,0.17131,19505.377686405005,0.8782706121061211,5,202497,341776,156337,21913136,219.13136,26749604,True,1365537433500713460,468845518916024498,2305843009213693951
n100000-g3-t0.5-r18-h640042,2efaf1348f57,3.14.3,Windows-11-10.0.26200-SP0,"Intel64 Family 6 Model 170 Stepping 4, GenuineIntel",100000,3.0,3.05870700345102,0.5,11,256337,100000,0.39011145484264853,random,280042,460042,640042,18,2607161200,26071.612,8600.0,18900.0,31000.0,835327900,9,64059,0.64059,164059,27656,24097,17131,0.17131,19505.377686405005,0.8782706121061211,5,164059,341776,156337,21913136,219.13136,25063164,True,1365537433500713460,468845518916024498,2305843009213693951
n100000-g2-t0.8-r18-h640042,2efaf1348f57,3.14.3,Windows-11-10.0.26200-SP0,"Intel64 Family 6 Model 170 Stepping 4, GenuineIntel",100000,2.0,2.01920038622886,0.8,11,205759,100000,0.48600547242161946,random,280042,460042,640042,18,3708533900,37085.339,12200.0,19800.0,32200.0,1138981800,14,164531,1.64531,264531,78425,49707,22586,0.22586,24300.03061834476,0.9294638494384945,6,264531,308636,105759,18719904,187.19904,25913664,True,1991608547321885432,370857027542962640,2305843009213693951
n100000-g2-t0.9-r18-h640042,2efaf1348f57,3.14.3,Windows-11-10.0.26200-SP0,"Intel64 Family 6 Model 170 Stepping 4, GenuineIntel",100000,2.0,2.01920038622886,0.9,11,205759,100000,0.48600547242161946,random,280042,460042,640042,18,3958618900,39586.189,13500.0,20500.0,33300.0,1198804400,14,185100,1.851,285100,93005,55077,22586,0.22586,24300.03061834476,0.9294638494384945,6,285100,308636,105759,18719904,187.19904,26567556,True,1991608547321885432,370857027542962640,2305843009213693951
n100000-g1.25-t0.5-r19-h670042,2efaf1348f57,3.14.3,Windows-11-10.0.26200-SP0,"Intel64 Family 6 Model 170 Stepping 4, GenuineIntel",100000,1.25,1.268757469795743,0.5,11,235159,100000,0.42524419647982853,random,290042,480042,670042,19,8141105400,81411.054,13400.0,19000.0,30400.0,1356234100,42,469652,4.69652,569652,42741,35052,19361,0.19361,21261.997201893188,0.9105917857178571,5,569652,423266,135159,20673440,206.7344,34417128,True,418675776704531928,1943354338120013898,2305843009213693951
n100000-g1.5-t0.5-r19-h670042,2efaf1348f57,3.14.3,Windows-11-10.0.26200-SP0,"Intel64 Family 6 Model 170 Stepping 4, GenuineIntel",100000,1.5,1.5206110372944526,0.5,11,254257,100000,0.3933028392531966,random,290042,480042,670042,19,5203370300,52033.703,10900.0,19200.0,30700.0,1273841400,24,254094,2.54094,354094,39079,32525,17394,0.17394,19664.9453112402,0.8845180967809678,5,354094,423758,154257,21790832,217.90832,33521048,True,1024782705946203551,1334945626747944221,2305843009213693951
n100000-g2-t0.5-r19-h670042,2efaf1348f57,3.14.3,Windows-11-10.0.26200-SP0,"Intel64 Family 6 Model 170 Stepping 4, GenuineIntel",100000,2.0,2.01920038622886,0.5,11,205759,100000,0.48600547242161946,random,290042,480042,670042,19,3197229400,31972.294,13500.0,19500.0,32400.0,779340600,14,102830,1.0283,202830,34699,29505,21885,0.21885,24300.03061834476,0.9006161491614917,5,202830,308636,105759,18732416,187.32416,23854728,True,103686698073110835,2009700246699399049,2305843009213693951
n100000-g3-t0.8-r19-h670042,2efaf1348f57,3.14.3,Windows-11-10.0.26200-SP0,"Intel64 Family 6 Model 170 Stepping 4, GenuineIntel",100000,3.0,3.05870700345102,0.8,11,256337,100000,0.39011145484264853,random,290042,480042,670042,19,2989194300,29891.943,9300.0,18800.0,33000.0,1042262900,9,102497,1.02497,202497,44527,35404,17207,0.17207,19505.377686405005,0.8821669734697347,5,202497,341776,156337,21910256,219.10256,26745036,True,37431895263804978,1303350586551029,2305843009213693951
n100000-g1.25-t0.9-r19-h670042,2efaf1348f57,3.14.3,Windows-11-10.0.26200-SP0,"Intel64 Family 6 Model 170 Stepping 4, GenuineIntel",100000,1.25,1.2701922559901528,0.9,11,120371,100000,0.830764885229831,random,290042,480042,670042,19,6671873400,66718.734,13900.0,19500.0,33200.0,1007543200,39,432337,4.32337,532337,77838,54309,39677,0.39677,41537.82887904894,0.9552015854158542,7,532337,216652,20371,12761984,127.61984,20020284,True,117100563909505446,2292763415894792702,2305843009213693951
n100000-g3-t0.9-r19-h670042,2efaf1348f57,3.14.3,Windows-11-10.0.26200-SP0,"Intel64 Family 6 Model 170 Stepping 4, GenuineIntel",100000,3.0,3.05870700345102,0.9,11,256337,100000,0.39011145484264853,random,290042,480042,670042,19,3244521800,32445.218,9500.0,18900.0,31000.0,1193061500,9,115310,1.1531,215310,51705,39680,17207,0.17207,19505.377686405005,0.8821669734697347,5,215310,341776,156337,21910256,219.10256,27278492,True,37431895263804978,1303350586551029,2305843009213693951
n100000-g1.25-t0.7-r19-h670042,2efaf1348f57,3.14.3,Windows-11-10.0.26200-SP0,"Intel64 Family 6 Model 170 Stepping 4, GenuineIntel",100000,1.25,1.2696893707341963,0.7,11,150473,100000,0.6645710526140902,random,290042,480042,670042,19,6595307500,65953.075,12100.0,19400.0,31100.0,913038500,40,420512,4.20512,520512,60445,45650,30895,0.30895,33228.220345178204,0.9297819648196483,6,520512,270844,50473,14887408,148.87408,23560104,True,8290844073264958,995676830211999923,2305843009213693951
n100000-g3-t0.7-r19-h670042,2efaf1348f57,3.14.3,Windows-11-10.0.26200-SP0,"Intel64 Family 6 Model 170 Stepping 4, GenuineIntel",100000,3.0,3.05870700345102,0.7,11,256337,100000,0.39011145484264853,random,290042,480042,670042,19,3192754400,31927.544,13700.0,19900.0,34700.0,1068465600,9,89684,0.89684,189684,38189,31447,17207,0.17207,19505.377686405005,0.8821669734697347,5,189684,341776,156337,21910256,219.10256,26211820,True,37431895263804978,1303350586551029,2305843009213693951
n100000-g4-t0.8-r19-h670042,2efaf1348f57,3.14.3,Windows-11-10.0.26200-SP0,"Intel64 Family 6 Model 170 Stepping 4, GenuineIntel",100000,4.0,4.052802818528498,0.8,11,197203,100000,0.5070916771043037,random,290042,480042,670042,19,2354014200,23540.142,10500.0,18700.0,32400.0,654673300,7,52570,0.5257,152570,38744,31614,22744,0.22744,25354.330309376634,0.8970459768597685,5,152570,246500,97203,18029056,180.29056,19234632,True,19762052253754735,1829258003869234515,2305843009213693951
n100000-g1.5-t0.9-r19-h670042,2efaf1348f57,3.14.3,Windows-11-10.0.26200-SP0,"Intel64 Family 6 Model 170 Stepping 4, GenuineIntel",100000,1.5,1.5224810805919142,0.9,11,112997,100000,0.8849792472366523,random,290042,480042,670042,19,3822383600,38223.836,9200.0,19000.0,29700.999999999476,808833600,22,203133,2.03133,303133,72218,51618,41836,0.41836,44248.519872209,0.9454779531795318,6,303133,188320,12997,12303472,123.03472,16946220,True,1496446999141455404,107319553656949574,2305843009213693951
n100000-g4-t0.7-r19-h670042,2efaf1348f57,3.14.3,Windows-11-10.0.26200-SP0,"Intel64 Family 6 Model 170 Stepping 4, GenuineIntel",100000,4.0,4.052802818528498,0.7,11,197203,100000,0.5070916771043037,random,290042,480042,670042,19,2448646300,24486.463,13800.0,19700.0,34500.999999999476,670434900,7,45998,0.45998,145998,34980,29225,22744,0.22744,25354.330309376634,0.8970459768597685,5,145998,246500,97203,18029056,180.29056,19234676,True,19762052253754735,1829258003869234515,2305843009213693951
n100000-g1.25-t0.8-r19-h670042,2efaf1348f57,3.14.3,Windows-11-10.0.26200-SP0,"Intel64 Family 6 Model 170 Stepping 4, GenuineIntel",100000,1.25,1.2696893707341963,0.8,11,150473,100000,0.6645710526140902,random,290042,480042,670042,19,6994623000,69946.23,12000.0,19200.0,29500.0,1095327400,40,480591,4.80591,580591,69279,50268,30895,0.30895,33228.220345178204,0.9297819648196483,6,580591,270844,50473,14887408,148.87408,24315208,True,8290844073264958,995676830211999923,2305843009213693951
n100000-g2-t0.8-r19-h670042,2efaf1348f57,3.14.3,Windows-11-10.0.26200-SP0,"Intel64 Family 6 Model 170 Stepping 4, GenuineIntel",100000,2.0,2.01920038622886,0.8,11,205759,100000,0.48600547242161946,random,290042,480042,670042,19,3839596700,38395.967,12200.0,19600.0,32000.0,1148551700,14,164531,1.64531,264531,54777,42207,21885,0.21885,24300.03061834476,0.9006161491614917,5,264531,308636,105759,18732416,187.32416,25910620,True,103686698073110835,2009700246699399049,2305843009213693951
n100000-g2-t0.7-r19-h670042,2efaf1348f57,3.14.3,Windows-11-10.0.26200-SP0,"Intel64 Family 6 Model 170 Stepping 4, GenuineIntel",100000,2.0,2.01920038622886,0.7,11,205759,100000,0.48600547242161946,random,290042,480042,670042,19,3415131700,34151.317,10150.0,19200.0,30600.0,983927500,14,143962,1.43962,243962,46991,37609,21885,0.21885,24300.03061834476,0.9006161491614917,5,243962,308636,105759,18732416,187.32416,25261748,True,103686698073110835,2009700246699399049,2305843009213693951
n100000-g1.5-t0.8-r19-h670042,2efaf1348f57,3.14.3,Windows-11-10.0.26200-SP0,"Intel64 Family 6 Model 170 Stepping 4, GenuineIntel",100000,1.5,1.5215057585600311,0.8,11,169501,100000,0.5899670208435348,random,290042,480042,670042,19,5007984900,50079.849,13400.0,19500.0,31200.999999999476,1109644500,23,270957,2.70957,370957,63261,47020,28461,0.28461,29498.05605866632,0.9648432406324063,6,370957,282498,69501,16170800,161.708,24802856,True,1682199625943631295,1400053306867131978,2305843009213693951
n100000-g3-t0.5-r19-h670042,2efaf1348f57,3.14.3,Windows-11-10.0.26200-SP0,"Intel64 Family 6 Model 170 Stepping 4, GenuineIntel",100000,3.0,3.05870700345102,0.5,11,256337,100000,0.39011145484264853,random,290042,480042,670042,19,2810965000,28109.65,11900.0,18600.0,30300.0,899928400,9,64059,0.64059,164059,27878,24345,17207,0.17207,19505.377686405005,0.8821669734697347,5,164059,341776,156337,21910256,219.10256,25057860,True,37431895263804978,1303350586551029,2305843009213693951
n100000-g2-t0.9-r19-h670042,2efaf1348f57,3.14.3,Windows-11-10.0.26200-SP0,"Intel64 Family 6 Model 170 Stepping 4, GenuineIntel",100000,2.0,2.01920038622886,0.9,11,205759,100000,0.48600547242161946,random,290042,480042,670042,19,4137790400,41377.904,13700.0,19200.0,30300.0,1312816700,14,185100,1.851,285100,63691,47159,21885,0.21885,24300.03061834476,0.9006161491614917,5,285100,308636,105759,18732416,187.32416,26563840,True,103686698073110835,2009700246699399049,2305843009213693951
n100000-g4-t0.5-r19-h670042,2efaf1348f57,3.14.3,Windows-11-10.0.26200-SP0,"Intel64 Family 6 Model 170 Stepping 4, GenuineIntel",100000,4.0,4.046203100077032,0.5,11,788813,100000,0.12677275856254905,random,290042,480042,670042,19,3490152900,34901.529,8100.0,15400.0,20300.0,1821140700,8,131456,1.31456,231456,28453,24603,4357,0.04357,6338.574541748171,0.6873785219852199,3,231456,986016,688813,56711856,567.11856,70807248,True,1052943707026374798,1884180631880122206,2305843009213693951
n100000-g4-t0.9-r19-h670042,2efaf1348f57,3.14.3,Windows-11-10.0.26200-SP0,"Intel64 Family 6 Model 170 Stepping 4, GenuineIntel",100000,4.0,4.052802818528498,0.9,11,197203,100000,0.5070916771043037,random,290042,480042,670042,19,1957889700,19578.897,8000.0,16400.0,20400.0,653231800,7,59142,0.59142,159142,43191,34262,22744,0.22744,25354.330309376634,0.8970459768597685,5,159142,246500,97203,18029056,180.29056,19234556,True,19762052253754735,1829258003869234515,2305843009213693951
n100000-g1.5-t0.7-r19-h670042,2efaf1348f57,3.14.3,Windows-11-10.0.26200-SP0,"Intel64 Family 6 Model 170 Stepping 4, GenuineIntel",100000,1.5,1.5215057585600311,0.7,11,169501,100000,0.5899670208435348,random,290042,480042,670042,19,4394322300,43943.223,12400.0,19700.0,30000.0,944969500,23,237084,2.37084,337084,55137,42549,28461,0.28461,29498.05605866632,0.9648432406324063,6,337084,282498,69501,16170800,161.708,24084872,True,1682199625943631295,1400053306867131978,2305843009213693951
n100000-g3-t0.8-r20-h700042,2efaf1348f57,3.14.3,Windows-11-10.0.26200-SP0,"Intel64 Family 6 Model 170 Stepping 4, GenuineIntel",100000,3.0,3.05870700345102,0.8,11,256337,100000,0.39011145484264853,random,300042,500042,700042,20,3329990400,33299.904,13600.0,19800.0,34700.0,1162454700,9,102497,1.02497,202497,44272,35233,16923,0.16923,19505.377686405005,0.8676068862688627,5,202497,341776,156337,21917392,219.17392,26744060,True,1937220123934842408,298234146113014525,2305843009213693951
n100000-g1.25-t0.8-r20-h700042,2efaf1348f57,3.14.3,Windows-11-10.0.26200-SP0,"Intel64 Family 6 Model 170 Stepping 4, GenuineIntel",100000,1.25,1.2696893707341963,0.8,11,150473,100000,0.6645710526140902,random,300042,500042,700042,20,7060368600,70603.686,13500.0,19100.0,30300.0,1141856600,40,480591,4.80591,580591,69870,50515,31408,0.31408,33228.220345178204,0.94522064900649,6,580591,270844,50473,14879664,148.79664,24318740,True,1997097723169160508,1714881504383533337,2305843009213693951
n100000-g3-t0.7-r20-h700042,2efaf1348f57,3.14.3,Windows-11-10.0.26200-SP0,"Intel64 Family 6 Model 170 Stepping 4, GenuineIntel",100000,3.0,3.05870700345102,0.7,11,256337,100000,0.39011145484264853,random,300042,500042,700042,20,3165640200,31656.402,13500.0,19200.0,32400.0,1125754900,9,89684,0.89684,189684,37768,31189,16923,0.16923,19505.377686405005,0.8676068862688627,5,189684,341776,156337,21917392,219.17392,26213380,True,1937220123934842408,298234146113014525,2305843009213693951
n100000-g3-t0.9-r20-h700042,2efaf1348f57,3.14.3,Windows-11-10.0.26200-SP0,"Intel64 Family 6 Model 170 Stepping 4, GenuineIntel",100000,3.0,3.05870700345102,0.9,11,256337,100000,0.39011145484264853,random,300042,500042,700042,20,3005522400,30055.224,9400.0,19200.0,30400.0,1038964000,9,115310,1.1531,215310,51535,39567,16923,0.16923,19505.377686405005,0.8676068862688627,5,215310,341776,156337,21917392,219.17392,27280660,True,1937220123934842408,298234146113014525,2305843009213693951
n100000-g2-t0.7-r20-h700042,2efaf1348f57,3.14.3,Windows-11-10.0.26200-SP0,"Intel64 Family 6 Model 170 Stepping 4, GenuineIntel",100000,2.0,2.01920038622886,0.7,11,205759,100000,0.48600547242161946,random,300042,500042,700042,20,3697817900,36978.179,14000.0,19200.0,33400.0,1065184700,14,143962,1.43962,243962,47551,37859,21541,0.21541,24300.03061834476,0.8864597883978841,5,243962,308636,105759,18740576,187.40576,25255888,True,1113578777890012797,1451080309545050192,2305843009213693951
n100000-g1.5-t0.5-r20-h700042,2efaf1348f57,3.14.3,Windows-11-10.0.26200-SP0,"Intel64 Family 6 Model 170 Stepping 4, GenuineIntel",100000,1.5,1.5206110372944526,0.5,11,254257,100000,0.3933028392531966,random,300042,500042,700042,20,4586770400,45867.704,8200.0,18400.0,26200.0,1059701500,24,254094,2.54094,354094,38268,32100,17406,0.17406,19664.9453112402,0.8851283196831968,5,354094,423758,154257,21788912,217.88912,33542568,True,717829052810753309,306701319822157945,2305843009213693951
n100000-g1.25-t0.9-r20-h700042,2efaf1348f57,3.14.3,Windows-11-10.0.26200-SP0,"Intel64 Family 6 Model 170 Stepping 4, GenuineIntel",100000,1.25,1.2701922559901528,0.9,11,120371,100000,0.830764885229831,random,300042,500042,700042,20,6065175800,60651.758,10000.0,18900.0,30900.0,936658300,39,432337,4.32337,532337,78695,54534,39442,0.39442,41537.82887904894,0.9495440918409185,6,532337,216652,20371,12764096,127.64096,20022756,True,1665867951012055967,1331167260417102781,2305843009213693951
n100000-g3-t0.5-r20-h700042,2efaf1348f57,3.14.3,Windows-11-10.0.26200-SP0,"Intel64 Family 6 Model 170 Stepping 4, GenuineIntel",100000,3.0,3.05870700345102,0.5,11,256337,100000,0.39011145484264853,random,300042,500042,700042,20,2489659000,24896.59,8100.0,17900.0,25800.999999999476,791317600,9,64059,0.64059,164059,27768,24245,16923,0.16923,19505.377686405005,0.8676068862688627,5,164059,341776,156337,21917392,219.17392,25061628,True,1937220123934842408,298234146113014525,2305843009213693951
n100000-g1.5-t0.7-r20-h700042,2efaf1348f57,3.14.3,Windows-11-10.0.26200-SP0,"Intel64 Family 6 Model 170 Stepping 4, GenuineIntel",100000,1.5,1.5215057585600311,0.7,11,169501,100000,0.5899670208435348,random,300042,500042,700042,20,4329559800,43295.598,9400.0,19300.0,31000.0,973937900,23,237084,2.37084,337084,54832,42553,27094,0.27094,29498.05605866632,0.9185012038120381,6,337084,282498,69501,16198448,161.98448,24088480,True,609507923676251564,840931503334718275,2305843009213693951
n100000-g2-t0.9-r20-h700042,2efaf1348f57,3.14.3,Windows-11-10.0.26200-SP0,"Intel64 Family 6 Model 170 Stepping 4, GenuineIntel",100000,2.0,2.01920038622886,0.9,11,205759,100000,0.48600547242161946,random,300042,500042,700042,20,3793851700,37938.517,9600.0,19400.0,30300.0,1209774400,14,185100,1.851,285100,64263,47298,21541,0.21541,24300.03061834476,0.8864597883978841,5,285100,308636,105759,18740576,187.40576,26553116,True,1113578777890012797,1451080309545050192,2305843009213693951
n100000-g1.25-t0.5-r20-h700042,2efaf1348f57,3.14.3,Windows-11-10.0.26200-SP0,"Intel64 Family 6 Model 170 Stepping 4, GenuineIntel",100000,1.25,1.268757469795743,0.5,11,235159,100000,0.42524419647982853,random,300042,500042,700042,20,7610115300,76101.153,8400.0,18500.0,28500.0,1264867800,42,469652,4.69652,569652,43363,35350,19185,0.19185,21261.997201893188,0.9023141061410614,6,569652,423266,135159,20675232,206.75232,34373796,True,1517897135362878178,2300778343206245018,2305843009213693951
n100000-g1.25-t0.7-r20-h700042,2efaf1348f57,3.14.3,Windows-11-10.0.26200-SP0,"Intel64 Family 6 Model 170 Stepping 4, GenuineIntel",100000,1.25,1.2696893707341963,0.7,11,150473,100000,0.6645710526140902,random,300042,500042,700042,20,6468664000,64686.64,9500.0,20200.0,33000.0,1014923200,40,420512,4.20512,520512,60392,45683,31408,0.31408,33228.220345178204,0.94522064900649,6,520512,270844,50473,14879664,148.79664,23567444,True,1997097723169160508,1714881504383533337,2305843009213693951
n100000-g4-t0.5-r20-h700042,2efaf1348f57,3.14.3,Windows-11-10.0.26200-SP0,"Intel64 Family 6 Model 170 Stepping 4, GenuineIntel",100000,4.0,4.046203100077032,0.5,11,788813,100000,0.12677275856254905,random,300042,500042,700042,20,4105168400,41051.684,8800.0,18000.0,26900.0,2069351400,8,131456,1.31456,231456,29061,25090,4630,0.0463,6338.574541748171,0.7304481424814248,4,231456,986016,688813,56703664,567.03664,70793672,True,451483269658231870,1614160286851826007,2305843009213693951
n100000-g2-t0.5-r20-h700042,2efaf1348f57,3.14.3,Windows-11-10.0.26200-SP0,"Intel64 Family 6 Model 170 Stepping 4, GenuineIntel",100000,2.0,2.01920038622886,0.5,11,205759,100000,0.48600547242161946,random,300042,500042,700042,20,2898316200,28983.162,8200.0,18000.0,27500.0,825199700,14,102830,1.0283,202830,34637,29456,21541,0.21541,24300.03061834476,0.8864597883978841,5,202830,308636,105759,18740576,187.40576,23854052,True,1113578777890012797,1451080309545050192,2305843009213693951
n100000-g2-t0.8-r20-h700042,2efaf1348f57,3.14.3,Windows-11-10.0.26200-SP0,"Intel64 Family 6 Model 170 Stepping 4, GenuineIntel",100000,2.0,2.01920038622886,0.8,11,205759,100000,0.48600547242161946,random,300042,500042,700042,20,3396345500,33963.455,8500.0,18500.0,27200.0,1086597100,14,164531,1.64531,264531,55552,42574,21541,0.21541,24300.03061834476,0.8864597883978841,5,264531,308636,105759,18740576,187.40576,25901848,True,1113578777890012797,1451080309545050192,2305843009213693951
n100000-g1.5-t0.8-r20-h700042,2efaf1348f57,3.14.3,Windows-11-10.0.26200-SP0,"Intel64 Family 6 Model 170 Stepping 4, GenuineIntel",100000,1.5,1.5215057585600311,0.8,11,169501,100000,0.5899670208435348,random,300042,500042,700042,20,4898527400,48985.274,11500.0,19300.0,30700.0,1177821100,23,270957,2.70957,370957,63383,47103,27094,0.27094,29498.05605866632,0.9185012038120381,6,370957,282498,69501,16198448,161.98448,24805056,True,609507923676251564,840931503334718275,2305843009213693951
n100000-g1.5-t0.9-r20-h700042,2efaf1348f57,3.14.3,Windows-11-10.0.26200-SP0,"Intel64 Family 6 Model 170 Stepping 4, GenuineIntel",100000,1.5,1.5224810805919142,0.9,11,112997,100000,0.8849792472366523,random,300042,500042,700042,20,3553627300,35536.273,8600.0,19000.0,29700.999999999476,809992400,22,203133,2.03133,303133,72315,51663,41616,0.41616,44248.519872209,0.9405060354603546,7,303133,188320,12997,12307312,123.07312,16943268,True,314177851663896814,1890359359843987804,2305843009213693951
n100000-g4-t0.9-r20-h700042,2efaf1348f57,3.14.3,Windows-11-10.0.26200-SP0,"Intel64 Family 6 Model 170 Stepping 4, GenuineIntel",100000,4.0,4.052802818528498,0.9,11,197203,100000,0.5070916771043037,random,300042,500042,700042,20,2396782200,23967.822,9000.0,19100.0,33000.0,719048100,7,59142,0.59142,159142,42941,34360,23453,0.23453,25354.330309376634,0.9250096418964189,6,159142,246500,97203,18014720,180.1472,19220212,True,2302157292528556346,5326621074874362,2305843009213693951
n100000-g4-t0.8-r20-h700042,2efaf1348f57,3.14.3,Windows-11-10.0.26200-SP0,"Intel64 Family 6 Model 170 Stepping 4, GenuineIntel",100000,4.0,4.052802818528498,0.8,11,197203,100000,0.5070916771043037,random,300042,500042,700042,20,2310468700,23104.687,8600.0,18800.0,30100.999999999476,720570000,7,52570,0.5257,152570,38898,31900,23453,0.23453,25354.330309376634,0.9250096418964189,6,152570,246500,97203,18014720,180.1472,19220288,True,2302157292528556346,5326621074874362,2305843009213693951
n100000-g4-t0.7-r20-h700042,2efaf1348f57,3.14.3,Windows-11-10.0.26200-SP0,"Intel64 Family 6 Model 170 Stepping 4, GenuineIntel",100000,4.0,4.052802818528498,0.7,11,197203,100000,0.5070916771043037,random,300042,500042,700042,20,2148364200,21483.642,8200.0,18500.0,29000.0,632604200,7,45998,0.45998,145998,35340,29605,23453,0.23453,25354.330309376634,0.9250096418964189,6,145998,246500,97203,18014720,180.1472,19220332,True,2302157292528556346,5326621074874362,2305843009213693951
n100000-g1.25-t0.7-r21-h730042,2efaf1348f57,3.14.3,Windows-11-10.0.26200-SP0,"Intel64 Family 6 Model 170 Stepping 4, GenuineIntel",100000,1.25,1.2696893707341963,0.7,11,150473,100000,0.6645710526140902,random,310042,520042,730042,21,6486010800,64860.108,9800.0,18900.0,30600.0,936772700,40,420512,4.20512,520512,62285,46448,37694,0.37694,33228.220345178204,1.1343971963719637,7,520512,270844,50473,14773104,147.73104,23564204,True,1548737712185497631,2167762197764726656,2305843009213693951
n100000-g1.25-t0.5-r21-h730042,2efaf1348f57,3.14.3,Windows-11-10.0.26200-SP0,"Intel64 Family 6 Model 170 Stepping 4, GenuineIntel",100000,1.25,1.268757469795743,0.5,11,235159,100000,0.42524419647982853,random,310042,520042,730042,21,5356544700,53565.447,7100.0,16800.0,21200.0,593028300,42,469652,4.69652,569652,44009,35761,18829,0.18829,21261.997201893188,0.8855706179061791,5,569652,423266,135159,20683808,206.83808,34414396,True,2117324616822726765,1609970049952521239,2305843009213693951
n100000-g4-t0.5-r21-h730042,2efaf1348f57,3.14.3,Windows-11-10.0.26200-SP0,"Intel64 Family 6 Model 170 Stepping 4, GenuineIntel",100000,4.0,4.046203100077032,0.5,11,788813,100000,0.12677275856254905,random,310042,520042,730042,21,2704184600,27041.846,4500.0,6100.0,14600.0,1799698800,8,131456,1.31456,231456,36816,29264,7661,0.07661,6338.574541748171,1.208631364913649,4,231456,986016,688813,56613232,566.13232,70800536,True,1106207808911100624,774157821561957715,2305843009213693951
n100000-g4-t0.7-r21-h730042,2efaf1348f57,3.14.3,Windows-11-10.0.26200-SP0,"Intel64 Family 6 Model 170 Stepping 4, GenuineIntel",100000,4.0,4.052802818528498,0.7,11,197203,100000,0.5070916771043037,random,310042,520042,730042,21,952068000,9520.68,4500.0,5600.0,14300.0,271310500,7,45998,0.45998,145998,51220,36419,23140,0.2314,25354.330309376634,0.9126646106461064,5,145998,246500,97203,18022336,180.22336,19227964,True,1155193445510533306,2172195763031910687,2305843009213693951
n100000-g1.5-t0.7-r21-h730042,2efaf1348f57,3.14.3,Windows-11-10.0.26200-SP0,"Intel64 Family 6 Model 170 Stepping 4, GenuineIntel",100000,1.5,1.5215057585600311,0.7,11,169501,100000,0.5899670208435348,random,310042,520042,730042,21,1891085500,18910.855,4600.0,5600.0,11900.0,424569100,23,237084,2.37084,337084,54730,42357,27327,0.27327,29498.05605866632,0.926400029400294,7,337084,282498,69501,16195856,161.95856,24088936,True,2303027616280555154,2151325311397696403,2305843009213693951
n100000-g3-t0.8-r21-h730042,2efaf1348f57,3.14.3,Windows-11-10.0.26200-SP0,"Intel64 Family 6 Model 170 Stepping 4, GenuineIntel",100000,3.0,3.05870700345102,0.8,11,256337,100000,0.39011145484264853,random,310042,520042,730042,21,1407703200,14077.032,4800.0,6100.0,14400.999999999476,532019200,9,102497,1.02497,202497,44467,35308,17194,0.17194,19505.377686405005,0.8815004906049061,5,202497,341776,156337,21911184,219.11184,26744304,True,1054682624452876746,716912905910057111,2305843009213693951
n100000-g2-t0.9-r21-h730042,2efaf1348f57,3.14.3,Windows-11-10.0.26200-SP0,"Intel64 Family 6 Model 170 Stepping 4, GenuineIntel",100000,2.0,2.01920038622886,0.9,11,205759,100000,0.48600547242161946,random,310042,520042,730042,21,1771523200,17715.232,5100.0,6300.0,14300.0,553650200,14,185100,1.851,285100,64134,47147,24331,0.24331,24300.03061834476,1.0012744585445854,5,285100,308636,105759,18685792,186.85792,26569992,True,401670237318158433,509199087725136973,2305843009213693951
n100000-g2-t0.7-r21-h730042,2efaf1348f57,3.14.3,Windows-11-10.0.26200-SP0,"Intel64 Family 6 Model 170 Stepping 4, GenuineIntel",100000,2.0,2.01920038622886,0.7,11,205759,100000,0.48600547242161946,random,310042,520042,730042,21,1665950100,16659.501,5100.0,6500.0,17700.0,506274400,14,143962,1.43962,243962,48642,38351,24331,0.24331,24300.03061834476,1.0012744585445854,5,243962,308636,105759,18685792,186.85792,25269500,True,401670237318158433,509199087725136973,2305843009213693951
n100000-g4-t0.9-r21-h730042,2efaf1348f57,3.14.3,Windows-11-10.0.26200-SP0,"Intel64 Family 6 Model 170 Stepping 4, GenuineIntel",100000,4.0,4.052802818528498,0.9,11,197203,100000,0.5070916771043037,random,310042,520042,730042,21,1114822200,11148.222,5000.0,7400.0,17600.0,328962700,7,59142,0.59142,159142,69393,43600,23140,0.2314,25354.330309376634,0.9126646106461064,5,159142,246500,97203,18022336,180.22336,19227844,True,1155193445510533306,2172195763031910687,2305843009213693951
n100000-g3-t0.9-r21-h730042,2efaf1348f57,3.14.3,Windows-11-10.0.26200-SP0,"Intel64 Family 6 Model 170 Stepping 4, GenuineIntel",100000,3.0,3.05870700345102,0.9,11,256337,100000,0.39011145484264853,random,310042,520042,730042,21,1448438700,14484.387,4900.0,5900.0,14000.0,529017000,9,115310,1.1531,215310,51592,39562,17194,0.17194,19505.377686405005,0.8815004906049061,5,215310,341776,156337,21911184,219.11184,27281696,True,1054682624452876746,716912905910057111,2305843009213693951
n100000-g4-t0.8-r21-h730042,2efaf1348f57,3.14.3,Windows-11-10.0.26200-SP0,"Intel64 Family 6 Model 170 Stepping 4, GenuineIntel",100000,4.0,4.052802818528498,0.8,11,197203,100000,0.5070916771043037,random,310042,520042,730042,21,1045963600,10459.636,5000.0,6300.0,17000.0,287620100,7,52570,0.5257,152570,59796,39962,23140,0.2314,25354.330309376634,0.9126646106461064,5,152570,246500,97203,18022336,180.22336,19227920,True,1155193445510533306,2172195763031910687,2305843009213693951
n100000-g1.5-t0.8-r21-h730042,2efaf1348f57,3.14.3,Windows-11-10.0.26200-SP0,"Intel64 Family 6 Model 170 Stepping 4, GenuineIntel",100000,1.5,1.5215057585600311,0.8,11,169501,100000,0.5899670208435348,random,310042,520042,730042,21,3776077200,37760.772,8100.0,20000.0,29100.0,1080288000,23,270957,2.70957,370957,63272,47163,27327,0.27327,29498.05605866632,0.926400029400294,7,370957,282498,69501,16195856,161.95856,24804168,True,2303027616280555154,2151325311397696403,2305843009213693951
n100000-g1.25-t0.8-r21-h730042,2efaf1348f57,3.14.3,Windows-11-10.0.26200-SP0,"Intel64 Family 6 Model 170 Stepping 4, GenuineIntel",100000,1.25,1.2696893707341963,0.8,11,150473,100000,0.6645710526140902,random,310042,520042,730042,21,6765065000,67650.65,10600.0,19300.0,30400.0,1065433400,40,480591,4.80591,580591,70156,50694,37694,0.37694,33228.220345178204,1.1343971963719637,7,580591,270844,50473,14773104,147.73104,24315316,True,1548737712185497631,2167762197764726656,2305843009213693951
n100000-g3-t0.5-r21-h730042,2efaf1348f57,3.14.3,Windows-11-10.0.26200-SP0,"Intel64 Family 6 Model 170 Stepping 4, GenuineIntel",100000,3.0,3.05870700345102,0.5,11,256337,100000,0.39011145484264853,random,310042,520042,730042,21,2837149400,28371.494,13400.0,18900.0,32500.0,924953400,9,64059,0.64059,164059,27781,24242,17194,0.17194,19505.377686405005,0.8815004906049061,5,164059,341776,156337,21911184,219.11184,25062280,True,1054682624452876746,716912905910057111,2305843009213693951
n100000-g1.5-t0.5-r21-h730042,2efaf1348f57,3.14.3,Windows-11-10.0.26200-SP0,"Intel64 Family 6 Model 170 Stepping 4, GenuineIntel",100000,1.5,1.5206110372944526,0.5,11,254257,100000,0.3933028392531966,random,310042,520042,730042,21,5106280200,51062.802,10000.0,19200.0,31400.0,1332067700,24,254094,2.54094,354094,38794,32244,18271,0.18271,19664.9453112402,0.9291152205522055,5,354094,423758,154257,21770352,217.70352,33538328,True,1851038240354255036,13112540053874244,2305843009213693951
n100000-g1.25-t0.9-r21-h730042,2efaf1348f57,3.14.3,Windows-11-10.0.26200-SP0,"Intel64 Family 6 Model 170 Stepping 4, GenuineIntel",100000,1.25,1.2701922559901528,0.9,11,120371,100000,0.830764885229831,random,310042,520042,730042,21,6209452200,62094.522,9400.0,20000.0,31100.0,913611100,39,432337,4.32337,532337,78234,54625,39331,0.39331,41537.82887904894,0.9468718289182892,7,532337,216652,20371,12760544,127.60544,20014244,True,1871423538195147600,1778757091470968149,2305843009213693951
n100000-g2-t0.5-r21-h730042,2efaf1348f57,3.14.3,Windows-11-10.0.26200-SP0,"Intel64 Family 6 Model 170 Stepping 4, GenuineIntel",100000,2.0,2.01920038622886,0.5,11,205759,100000,0.48600547242161946,random,310042,520042,730042,21,3194709200,31947.092,12300.0,19000.0,30500.0,871620100,14,102830,1.0283,202830,36689,30556,24331,0.24331,24300.03061834476,1.0012744585445854,5,202830,308636,105759,18685792,186.85792,23859216,True,401670237318158433,509199087725136973,2305843009213693951
n100000-g1.5-t0.9-r21-h730042,2efaf1348f57,3.14.3,Windows-11-10.0.26200-SP0,"Intel64 Family 6 Model 170 Stepping 4, GenuineIntel",100000,1.5,1.5224810805919142,0.9,11,112997,100000,0.8849792472366523,random,310042,520042,730042,21,3518900600,35189.006,9200.0,18800.0,27800.0,759260900,22,203133,2.03133,303133,72460,51875,41866,0.41866,44248.519872209,0.9461559419594195,7,303133,188320,12997,12305936,123.05936,16944972,True,1213093945199487458,1073953790255697015,2305843009213693951
n100000-g3-t0.7-r21-h730042,2efaf1348f57,3.14.3,Windows-11-10.0.26200-SP0,"Intel64 Family 6 Model 170 Stepping 4, GenuineIntel",100000,3.0,3.05870700345102,0.7,11,256337,100000,0.39011145484264853,random,310042,520042,730042,21,2799578900,27995.789,9700.0,18700.0,28100.0,938486500,9,89684,0.89684,189684,38031,31330,17194,0.17194,19505.377686405005,0.8815004906049061,5,189684,341776,156337,21911184,219.11184,26213296,True,1054682624452876746,716912905910057111,2305843009213693951
n100000-g2-t0.8-r21-h730042,2efaf1348f57,3.14.3,Windows-11-10.0.26200-SP0,"Intel64 Family 6 Model 170 Stepping 4, GenuineIntel",100000,2.0,2.01920038622886,0.8,11,205759,100000,0.48600547242161946,random,310042,520042,730042,21,3665410600,36654.106,9600.0,19500.0,31800.0,1080987200,14,164531,1.64531,264531,55792,42600,24331,0.24331,24300.03061834476,1.0012744585445854,5,264531,308636,105759,18685792,186.85792,25919108,True,401670237318158433,509199087725136973,2305843009213693951
n100000-g1.25-t0.5-r22-h760042,2efaf1348f57,3.14.3,Windows-11-10.0.26200-SP0,"Intel64 Family 6 Model 170 Stepping 4, GenuineIntel",100000,1.25,1.268757469795743,0.5,11,235159,100000,0.42524419647982853,random,320042,540042,760042,22,7773819700,77738.197,9600.0,18500.0,30500.0,1372386700,42,469652,4.69652,569652,42744,35061,18998,0.18998,21261.997201893188,0.8935190715907159,6,569652,423266,135159,20681024,206.81024,34417756,True,1618267522565357339,1548621262112526344,2305843009213693951
n100000-g2-t0.8-r22-h760042,2efaf1348f57,3.14.3,Windows-11-10.0.26200-SP0,"Intel64 Family 6 Model 170 Stepping 4, GenuineIntel",100000,2.0,2.01920038622886,0.8,11,205759,100000,0.48600547242161946,random,320042,540042,760042,22,3762143300,37621.433,12300.0,19400.0,32300.0,1109384000,14,164531,1.64531,264531,55498,42477,22402,0.22402,24300.03061834476,0.9218918425184253,6,264531,308636,105759,18722208,187.22208,25909924,True,347086841282896697,1046332199200125984,2305843009213693951
n100000-g1.5-t0.7-r22-h760042,2efaf1348f57,3.14.3,Windows-11-10.0.26200-SP0,"Intel64 Family 6 Model 170 Stepping 4, GenuineIntel",100000,1.5,1.5215057585600311,0.7,11,169501,100000,0.5899670208435348,random,320042,540042,760042,22,4530972800,45309.728,10200.0,19300.0,29100.0,1103141100,23,237084,2.37084,337084,55377,42619,27169,0.27169,29498.05605866632,0.9210437442374424,6,337084,282498,69501,16197680,161.9768,24079632,True,2121203473058201788,1581321628686330639,2305843009213693951
n100000-g2-t0.5-r22-h760042,2efaf1348f57,3.14.3,Windows-11-10.0.26200-SP0,"Intel64 Family 6 Model 170 Stepping 4, GenuineIntel",100000,2.0,2.01920038622886,0.5,11,205759,100000,0.48600547242161946,random,320042,540042,760042,22,3153204100,31532.041,11900.0,18800.0,29900.999999999476,805950500,14,102830,1.0283,202830,35334,29900,22402,0.22402,24300.03061834476,0.9218918425184253,6,202830,308636,105759,18722208,187.22208,23854544,True,347086841282896697,1046332199200125984,2305843009213693951
n100000-g1.25-t0.7-r22-h760042,2efaf1348f57,3.14.3,Windows-11-10.0.26200-SP0,"Intel64 Family 6 Model 170 Stepping 4, GenuineIntel",100000,1.25,1.2696893707341963,0.7,11,150473,100000,0.6645710526140902,random,320042,540042,760042,22,6793797100,67937.971,13600.0,19400.0,32800.0,1078327200,40,420512,4.20512,520512,60080,45459,30969,0.30969,33228.220345178204,0.9320089874898749,6,520512,270844,50473,14886544,148.86544,23562940,True,1117894239689325633,2147650786590676124,2305843009213693951
n100000-g4-t0.8-r22-h760042,2efaf1348f57,3.14.3,Windows-11-10.0.26200-SP0,"Intel64 Family 6 Model 170 Stepping 4, GenuineIntel",100000,4.0,4.052802818528498,0.8,11,197203,100000,0.5070916771043037,random,320042,540042,760042,22,2371096500,23710.965,9200.0,19000.0,32100.0,683842800,7,52570,0.5257,152570,39267,32026,23114,0.23114,25354.330309376634,0.9116391447914479,5,152570,246500,97203,18021472,180.21472,19227012,True,1863370232034342797,2224354337381007176,2305843009213693951
n100000-g2-t0.7-r22-h760042,2efaf1348f57,3.14.3,Windows-11-10.0.26200-SP0,"Intel64 Family 6 Model 170 Stepping 4, GenuineIntel",100000,2.0,2.01920038622886,0.7,11,205759,100000,0.48600547242161946,random,320042,540042,760042,22,3519911000,35199.11,10000.0,19300.0,31300.0,1087888700,14,143962,1.43962,243962,47798,37935,22402,0.22402,24300.03061834476,0.9218918425184253,6,243962,308636,105759,18722208,187.22208,25260828,True,347086841282896697,1046332199200125984,2305843009213693951
n100000-g3-t0.9-r22-h760042,2efaf1348f57,3.14.3,Windows-11-10.0.26200-SP0,"Intel64 Family 6 Model 170 Stepping 4, GenuineIntel",100000,3.0,3.05870700345102,0.9,11,256337,100000,0.39011145484264853,random,320042,540042,760042,22,3312833700,33128.337,13400.0,19500.0,34500.0,1169936900,9,115310,1.1531,215310,52097,39764,17101,0.17101,19505.377686405005,0.8767325747257473,5,215310,341776,156337,21914480,219.1448,27278300,True,2280210584593686472,316995586220178711,2305843009213693951
n100000-g3-t0.5-r22-h760042,2efaf1348f57,3.14.3,Windows-11-10.0.26200-SP0,"Intel64 Family 6 Model 170 Stepping 4, GenuineIntel",100000,3.0,3.05870700345102,0.5,11,256337,100000,0.39011145484264853,random,320042,540042,760042,22,2695241600,26952.416,12700.0,18700.0,29900.0,806652000,9,64059,0.64059,164059,27953,24325,17101,0.17101,19505.377686405005,0.8767325747257473,5,164059,341776,156337,21914480,219.1448,25057860,True,2280210584593686472,316995586220178711,2305843009213693951
n100000-g3-t0.7-r22-h760042,2efaf1348f57,3.14.3,Windows-11-10.0.26200-SP0,"Intel64 Family 6 Model 170 Stepping 4, GenuineIntel",100000,3.0,3.05870700345102,0.7,11,256337,100000,0.39011145484264853,random,320042,540042,760042,22,3105704900,31057.049,13100.0,19400.0,32100.0,1001032400,9,89684,0.89684,189684,38504,31524,17101,0.17101,19505.377686405005,0.8767325747257473,5,189684,341776,156337,21914480,219.1448,26208652,True,2280210584593686472,316995586220178711,2305843009213693951
n100000-g1.25-t0.8-r22-h760042,2efaf1348f57,3.14.3,Windows-11-10.0.26200-SP0,"Intel64 Family 6 Model 170 Stepping 4, GenuineIntel",100000,1.25,1.2696893707341963,0.8,11,150473,100000,0.6645710526140902,random,320042,540042,760042,22,7073002100,70730.021,13500.0,19300.0,30100.0,1153675500,40,480591,4.80591,580591,69798,50588,30969,0.30969,33228.220345178204,0.9320089874898749,6,580591,270844,50473,14886544,148.86544,24309820,True,1117894239689325633,2147650786590676124,2305843009213693951
n100000-g4-t0.5-r22-h760042,2efaf1348f57,3.14.3,Windows-11-10.0.26200-SP0,"Intel64 Family 6 Model 170 Stepping 4, GenuineIntel",100000,4.0,4.046203100077032,0.5,11,788813,100000,0.12677275856254905,random,320042,540042,760042,22,4659673700,46596.737,13700.0,18900.0,31100.999999999476,2313557900,8,131456,1.31456,231456,28833,24940,4519,0.04519,6338.574541748171,0.7129363187631876,4,231456,986016,688813,56707280,567.0728,70799372,True,1821513248012939832,1969659017270676588,2305843009213693951
n100000-g1.5-t0.5-r22-h760042,2efaf1348f57,3.14.3,Windows-11-10.0.26200-SP0,"Intel64 Family 6 Model 170 Stepping 4, GenuineIntel",100000,1.5,1.5206110372944526,0.5,11,254257,100000,0.3933028392531966,random,320042,540042,760042,22,5029508700,50295.087,10900.0,18900.0,29900.0,1239864900,24,254094,2.54094,354094,38687,32185,18062,0.18062,19664.9453112402,0.9184871716717168,5,354094,423758,154257,21774224,217.74224,33544000,True,1699416604475815251,1404835912287463476,2305843009213693951
n100000-g1.5-t0.9-r22-h760042,2efaf1348f57,3.14.3,Windows-11-10.0.26200-SP0,"Intel64 Family 6 Model 170 Stepping 4, GenuineIntel",100000,1.5,1.5224810805919142,0.9,11,112997,100000,0.8849792472366523,random,320042,540042,760042,22,3525699000,35256.99,8700.0,19100.0,27800.0,733832000,22,203133,2.03133,303133,72692,51739,42341,0.42341,44248.519872209,0.956890764307643,7,303133,188320,12997,12295024,122.95024,16944180,True,382773438644592340,1783743659248551701,2305843009213693951
n100000-g1.25-t0.9-r22-h760042,2efaf1348f57,3.14.3,Windows-11-10.0.26200-SP0,"Intel64 Family 6 Model 170 Stepping 4, GenuineIntel",100000,1.25,1.2701922559901528,0.9,11,120371,100000,0.830764885229831,random,320042,540042,760042,22,6165553900,61655.539,9300.0,19400.0,32500.0,960708400,39,432337,4.32337,532337,78923,54942,39855,0.39855,41537.82887904894,0.9594868358683587,7,532337,216652,20371,12754624,127.54624,20014640,True,1159016813225472887,1002421704681136844,2305843009213693951
n100000-g4-t0.7-r22-h760042,2efaf1348f57,3.14.3,Windows-11-10.0.26200-SP0,"Intel64 Family 6 Model 170 Stepping 4, GenuineIntel",100000,4.0,4.052802818528498,0.7,11,197203,100000,0.5070916771043037,random,320042,540042,760042,22,2349391400,23493.914,10500.0,18600.0,31900.0,687382500,7,45998,0.45998,145998,35409,29576,23114,0.23114,25354.330309376634,0.9116391447914479,5,145998,246500,97203,18021472,180.21472,19227088,True,1863370232034342797,2224354337381007176,2305843009213693951
n100000-g3-t0.8-r22-h760042,2efaf1348f57,3.14.3,Windows-11-10.0.26200-SP0,"Intel64 Family 6 Model 170 Stepping 4, GenuineIntel",100000,3.0,3.05870700345102,0.8,11,256337,100000,0.39011145484264853,random,320042,540042,760042,22,2690533500,26905.335,8700.0,18200.0,25400.0,911595300,9,102497,1.02497,202497,44883,35508,17101,0.17101,19505.377686405005,0.8767325747257473,5,202497,341776,156337,21914480,219.1448,26742476,True,2280210584593686472,316995586220178711,2305843009213693951
n100000-g2-t0.9-r22-h760042,2efaf1348f57,3.14.3,Windows-11-10.0.26200-SP0,"Intel64 Family 6 Model 170 Stepping 4, GenuineIntel",100000,2.0,2.01920038622886,0.9,11,205759,100000,0.48600547242161946,random,320042,540042,760042,22,3969597600,39695.976,13200.0,19600.0,30900.0,1211689200,14,185100,1.851,285100,64348,47219,22402,0.22402,24300.03061834476,0.9218918425184253,6,285100,308636,105759,18722208,187.22208,26564008,True,347086841282896697,1046332199200125984,2305843009213693951
n100000-g4-t0.9-r22-h760042,2efaf1348f57,3.14.3,Windows-11-10.0.26200-SP0,"Intel64 Family 6 Model 170 Stepping 4, GenuineIntel",100000,4.0,4.052802818528498,0.9,11,197203,100000,0.5070916771043037,random,320042,540042,760042,22,2180282500,21802.825,8300.0,18500.0,27600.0,626801400,7,59142,0.59142,159142,43481,34574,23114,0.23114,25354.330309376634,0.9116391447914479,5,159142,246500,97203,18021472,180.21472,19226968,True,1863370232034342797,2224354337381007176,2305843009213693951
n100000-g1.5-t0.8-r22-h760042,2efaf1348f57,3.14.3,Windows-11-10.0.26200-SP0,"Intel64 Family 6 Model 170 Stepping 4, GenuineIntel",100000,1.5,1.5215057585600311,0.8,11,169501,100000,0.5899670208435348,random,320042,540042,760042,22,4650018500,46500.185,10200.0,19200.0,30900.0,1025707500,23,270957,2.70957,370957,63741,47218,27169,0.27169,29498.05605866632,0.9210437442374424,6,370957,282498,69501,16197680,161.9768,24796208,True,2121203473058201788,1581321628686330639,2305843009213693951
n100000-g1.25-t0.8-r23-h790042,2efaf1348f57,3.14.3,Windows-11-10.0.26200-SP0,"Intel64 Family 6 Model 170 Stepping 4, GenuineIntel",100000,1.25,1.2696893707341963,0.8,11,150473,100000,0.6645710526140902,random,330042,560042,790042,23,6738175700,67381.757,9800.0,19100.0,31700.0,1107770500,40,480591,4.80591,580591,69412,50510,30660,0.3066,33228.220345178204,0.9227096630966309,6,580591,270844,50473,14891664,148.91664,24320312,True,863364628368308660,824552919963891193,2305843009213693951
n100000-g1.25-t0.5-r23-h790042,2efaf1348f57,3.14.3,Windows-11-10.0.26200-SP0,"Intel64 Family 6 Model 170 Stepping 4, GenuineIntel",100000,1.25,1.268757469795743,0.5,11,235159,100000,0.42524419647982853,random,330042,560042,790042,23,6386245000,63862.45,8300.0,17300.0,23800.0,1041241400,42,469652,4.69652,569652,42556,35031,19252,0.19252,21261.997201893188,0.9054652682526825,6,569652,423266,135159,20674144,206.74144,34417508,True,1820908753109297664,243755779614802326,2305843009213693951
n100000-g3-t0.5-r23-h790042,2efaf1348f57,3.14.3,Windows-11-10.0.26200-SP0,"Intel64 Family 6 Model 170 Stepping 4, GenuineIntel",100000,3.0,3.05870700345102,0.5,11,256337,100000,0.39011145484264853,random,330042,560042,790042,23,2524334600,25243.346,8100.0,17900.0,26000.0,862735700,9,64059,0.64059,164059,28359,24650,17687,0.17687,19505.377686405005,0.9067755715557156,6,164059,341776,156337,21900624,219.00624,25060112,True,1361273205091297419,1768656631207650582,2305843009213693951
n100000-g2-t0.9-r23-h790042,2efaf1348f57,3.14.3,Windows-11-10.0.26200-SP0,"Intel64 Family 6 Model 170 Stepping 4, GenuineIntel",100000,2.0,2.01920038622886,0.9,11,205759,100000,0.48600547242161946,random,330042,560042,790042,23,3432569400,34325.694,8300.0,18100.0,25100.0,1094169000,14,185100,1.851,285100,65719,47941,21861,0.21861,24300.03061834476,0.8996284960849609,6,285100,308636,105759,18735552,187.35552,26516244,True,1640930221027307191,700560782571989887,2305843009213693951
n100000-g1.5-t0.9-r23-h790042,2efaf1348f57,3.14.3,Windows-11-10.0.26200-SP0,"Intel64 Family 6 Model 170 Stepping 4, GenuineIntel",100000,1.5,1.5224810805919142,0.9,11,112997,100000,0.8849792472366523,random,330042,560042,790042,23,3600235000,36002.35,8800.0,19400.0,30600.0,837303400,22,203133,2.03133,303133,71790,51526,41616,0.41616,44248.519872209,0.9405060354603546,6,303133,188320,12997,12302768,123.02768,16942044,True,852604156806055315,613745793675792665,2305843009213693951
n100000-g2-t0.7-r23-h790042,2efaf1348f57,3.14.3,Windows-11-10.0.26200-SP0,"Intel64 Family 6 Model 170 Stepping 4, GenuineIntel",100000,2.0,2.01920038622886,0.7,11,205759,100000,0.48600547242161946,random,330042,560042,790042,23,3050537400,30505.374,8500.0,18600.0,27200.0,786066300,14,143962,1.43962,243962,48104,38082,21861,0.21861,24300.03061834476,0.8996284960849609,6,243962,308636,105759,18735552,187.35552,25229224,True,1640930221027307191,700560782571989887,2305843009213693951
n100000-g3-t0.8-r23-h790042,2efaf1348f57,3.14.3,Windows-11-10.0.26200-SP0,"Intel64 Family 6 Model 170 Stepping 4, GenuineIntel",100000,3.0,3.05870700345102,0.8,11,256337,100000,0.39011145484264853,random,330042,560042,790042,23,2786769500,27867.695,8200.0,18200.0,28300.0,987613400,9,102497,1.02497,202497,44713,35563,17687,0.17687,19505.377686405005,0.9067755715557156,6,202497,341776,156337,21900624,219.00624,26745464,True,1361273205091297419,1768656631207650582,2305843009213693951
n100000-g1.5-t0.7-r23-h790042,2efaf1348f57,3.14.3,Windows-11-10.0.26200-SP0,"Intel64 Family 6 Model 170 Stepping 4, GenuineIntel",100000,1.5,1.5215057585600311,0.7,11,169501,100000,0.5899670208435348,random,330042,560042,790042,23,4160080800,41600.808,8500.0,18400.0,26700.0,984598400,23,237084,2.37084,337084,55258,42570,27748,0.27748,29498.05605866632,0.9406721563215632,6,337084,282498,69501,16185296,161.85296,24086260,True,530862529214078129,436703202024893113,2305843009213693951
n100000-g4-t0.8-r23-h790042,2efaf1348f57,3.14.3,Windows-11-10.0.26200-SP0,"Intel64 Family 6 Model 170 Stepping 4, GenuineIntel",100000,4.0,4.052802818528498,0.8,11,197203,100000,0.5070916771043037,random,330042,560042,790042,23,2297961400,22979.614,8600.0,19200.0,28400.0,695807000,7,52570,0.5257,152570,39023,31798,23348,0.23348,25354.330309376634,0.9208683374833748,6,152570,246500,97203,18016992,180.16992,19222576,True,1131596081881149727,785991744112415751,2305843009213693951
n100000-g1.25-t0.7-r23-h790042,2efaf1348f57,3.14.3,Windows-11-10.0.26200-SP0,"Intel64 Family 6 Model 170 Stepping 4, GenuineIntel",100000,1.25,1.2696893707341963,0.7,11,150473,100000,0.6645710526140902,random,330042,560042,790042,23,6733905100,67339.051,9100.0,19800.0,32700.0,1167083100,40,420512,4.20512,520512,59993,45596,30660,0.3066,33228.220345178204,0.9227096630966309,6,520512,270844,50473,14891664,148.91664,23569088,True,863364628368308660,824552919963891193,2305843009213693951
n100000-g3-t0.7-r23-h790042,2efaf1348f57,3.14.3,Windows-11-10.0.26200-SP0,"Intel64 Family 6 Model 170 Stepping 4, GenuineIntel",100000,3.0,3.05870700345102,0.7,11,256337,100000,0.39011145484264853,random,330042,560042,790042,23,3643930000,36439.3,15000.0,21200.0,41400.0,1219953300,9,89684,0.89684,189684,38473,31564,17687,0.17687,19505.377686405005,0.9067755715557156,6,189684,341776,156337,21900624,219.00624,26212632,True,1361273205091297419,1768656631207650582,2305843009213693951
n100000-g3-t0.9-r23-h790042,2efaf1348f57,3.14.3,Windows-11-10.0.26200-SP0,"Intel64 Family 6 Model 170 Stepping 4, GenuineIntel",100000,3.0,3.05870700345102,0.9,11,256337,100000,0.39011145484264853,random,330042,560042,790042,23,3493335000,34933.35,12600.0,20100.0,32000.0,1465338800,9,115310,1.1531,215310,51917,39915,17687,0.17687,19505.377686405005,0.9067755715557156,6,215310,341776,156337,21900624,219.00624,27279656,True,1361273205091297419,1768656631207650582,2305843009213693951
n100000-g2-t0.5-r23-h790042,2efaf1348f57,3.14.3,Windows-11-10.0.26200-SP0,"Intel64 Family 6 Model 170 Stepping 4, GenuineIntel",100000,2.0,2.01920038622886,0.5,11,205759,100000,0.48600547242161946,random,330042,560042,790042,23,3549367200,35493.672,14000.0,19800.0,32800.0,1019162700,14,102830,1.0283,202830,35517,29937,21861,0.21861,24300.03061834476,0.8996284960849609,6,202830,308636,105759,18735552,187.35552,23833372,True,1640930221027307191,700560782571989887,2305843009213693951
n100000-g1.25-t0.9-r23-h790042,2efaf1348f57,3.14.3,Windows-11-10.0.26200-SP0,"Intel64 Family 6 Model 170 Stepping 4, GenuineIntel",100000,1.25,1.2701922559901528,0.9,11,120371,100000,0.830764885229831,random,330042,560042,790042,23,2891662100,28916.621,4600.0,10700.0,18600.0,420603800,39,432337,4.32337,532337,78329,54705,38941,0.38941,41537.82887904894,0.9374827970279703,7,532337,216652,20371,12766720,127.6672,20013524,True,1648044401576224818,263569564035190436,2305843009213693951
n100000-g1.5-t0.5-r23-h790042,2efaf1348f57,3.14.3,Windows-11-10.0.26200-SP0,"Intel64 Family 6 Model 170 Stepping 4, GenuineIntel",100000,1.5,1.5206110372944526,0.5,11,254257,100000,0.3933028392531966,random,330042,560042,790042,23,2111404100,21114.041,4500.0,5500.0,12000.0,535547200,24,254094,2.54094,354094,38911,32367,17409,0.17409,19664.9453112402,0.8852808754087541,5,354094,423758,154257,21788624,217.88624,33535324,True,495671407624011802,2269160865178787346,2305843009213693951
n100000-g4-t0.9-r23-h790042,2efaf1348f57,3.14.3,Windows-11-10.0.26200-SP0,"Intel64 Family 6 Model 170 Stepping 4, GenuineIntel",100000,4.0,4.052802818528498,0.9,11,197203,100000,0.5070916771043037,random,330042,560042,790042,23,1000831400,10008.314,4500.0,5600.0,12200.0,317384400,7,59142,0.59142,159142,43199,34326,23348,0.23348,25354.330309376634,0.9208683374833748,6,159142,246500,97203,18016992,180.16992,19222500,True,1131596081881149727,785991744112415751,2305843009213693951
n100000-g4-t0.7-r23-h790042,2efaf1348f57,3.14.3,Windows-11-10.0.26200-SP0,"Intel64 Family 6 Model 170 Stepping 4, GenuineIntel",100000,4.0,4.052802818528498,0.7,11,197203,100000,0.5070916771043037,random,330042,560042,790042,23,980214200,9802.142,4500.0,7200.0,12700.0,289083900,7,45998,0.45998,145998,35418,29467,23348,0.23348,25354.330309376634,0.9208683374833748,6,145998,246500,97203,18016992,180.16992,19222620,True,1131596081881149727,785991744112415751,2305843009213693951
n100000-g4-t0.5-r23-h790042,2efaf1348f57,3.14.3,Windows-11-10.0.26200-SP0,"Intel64 Family 6 Model 170 Stepping 4, GenuineIntel",100000,4.0,4.046203100077032,0.5,11,788813,100000,0.12677275856254905,random,330042,560042,790042,23,1935161700,19351.617,4500.0,5600.0,13200.0,1049203600,8,131456,1.31456,231456,29178,25092,4609,0.04609,6338.574541748171,0.7271350947509475,4,231456,986016,688813,56704560,567.0456,70794424,True,1929128115014139194,1900502177192937556,2305843009213693951
n100000-g1.5-t0.8-r23-h790042,2efaf1348f57,3.14.3,Windows-11-10.0.26200-SP0,"Intel64 Family 6 Model 170 Stepping 4, GenuineIntel",100000,1.5,1.5215057585600311,0.8,11,169501,100000,0.5899670208435348,random,330042,560042,790042,23,1969849600,19698.496,4600.0,5800.0,12200.0,445682200,23,270957,2.70957,370957,63302,47115,27748,0.27748,29498.05605866632,0.9406721563215632,6,370957,282498,69501,16185296,161.85296,24800052,True,530862529214078129,436703202024893113,2305843009213693951
n100000-g2-t0.8-r23-h790042,2efaf1348f57,3.14.3,Windows-11-10.0.26200-SP0,"Intel64 Family 6 Model 170 Stepping 4, GenuineIntel",100000,2.0,2.01920038622886,0.8,11,205759,100000,0.48600547242161946,random,330042,560042,790042,23,1572438900,15724.389,4600.0,5700.0,14100.0,489161400,14,164531,1.64531,264531,56317,42871,21861,0.21861,24300.03061834476,0.8996284960849609,6,264531,308636,105759,18735552,187.35552,25868976,True,1640930221027307191,700560782571989887,2305843009213693951
n100000-g1.25-t0.8-r24-h820042,2efaf1348f57,3.14.3,Windows-11-10.0.26200-SP0,"Intel64 Family 6 Model 170 Stepping 4, GenuineIntel",100000,1.25,1.2696893707341963,0.8,11,150473,100000,0.6645710526140902,random,340042,580042,820042,24,3103400700,31034.007,4900.0,7800.0,14900.0,493695900,40,480591,4.80591,580591,71560,51074,30646,0.30646,33228.220345178204,0.9222883344833448,7,580591,270844,50473,14892752,148.92752,24264056,True,1263275566631090516,1649596774886085793,2305843009213693951
n100000-g2-t0.5-r24-h820042,2efaf1348f57,3.14.3,Windows-11-10.0.26200-SP0,"Intel64 Family 6 Model 170 Stepping 4, GenuineIntel",100000,2.0,2.01920038622886,0.5,11,205759,100000,0.48600547242161946,random,340042,580042,820042,24,1448496800,14484.968,4900.0,7600.0,13300.0,376212500,14,102830,1.0283,202830,34915,29698,21968,0.21968,24300.03061834476,0.9040317827178272,6,202830,308636,105759,18732128,187.32128,23857680,True,2002924996632946507,1259748211305624685,2305843009213693951
n100000-g1.25-t0.7-r24-h820042,2efaf1348f57,3.14.3,Windows-11-10.0.26200-SP0,"Intel64 Family 6 Model 170 Stepping 4, GenuineIntel",100000,1.25,1.2696893707341963,0.7,11,150473,100000,0.6645710526140902,random,340042,580042,820042,24,2953986000,29539.86,5000.0,6200.0,12800.0,505878100,40,420512,4.20512,520512,62076,46326,30646,0.30646,33228.220345178204,0.9222883344833448,7,520512,270844,50473,14892752,148.92752,23516224,True,1263275566631090516,1649596774886085793,2305843009213693951
n100000-g1.5-t0.8-r24-h820042,2efaf1348f57,3.14.3,Windows-11-10.0.26200-SP0,"Intel64 Family 6 Model 170 Stepping 4, GenuineIntel",100000,1.5,1.5215057585600311,0.8,11,169501,100000,0.5899670208435348,random,340042,580042,820042,24,2632505200,26325.052,5100.0,11500.0,19100.999999999476,946055300,23,270957,2.70957,370957,63010,46977,27196,0.27196,29498.05605866632,0.9219590587905879,6,370957,282498,69501,16193264,161.93264,24799572,True,171780348996240359,1922079001097009746,2305843009213693951
n100000-g1.5-t0.9-r24-h820042,2efaf1348f57,3.14.3,Windows-11-10.0.26200-SP0,"Intel64 Family 6 Model 170 Stepping 4, GenuineIntel",100000,1.5,1.5224810805919142,0.9,11,112997,100000,0.8849792472366523,random,340042,580042,820042,24,1885419400,18854.194,5000.0,8300.0,18300.0,359770800,22,203133,2.03133,303133,72135,51666,41860,0.4186,44248.519872209,0.9460203442034419,7,303133,188320,12997,12300496,123.00496,16941820,True,930871254689129215,1006234315407591797,2305843009213693951
n100000-g1.25-t0.5-r24-h820042,2efaf1348f57,3.14.3,Windows-11-10.0.26200-SP0,"Intel64 Family 6 Model 170 Stepping 4, GenuineIntel",100000,1.25,1.268757469795743,0.5,11,235159,100000,0.42524419647982853,random,340042,580042,820042,24,3350618700,33506.187,4600.0,5600.0,10500.0,551997600,42,469652,4.69652,569652,43235,35278,19558,0.19558,21261.997201893188,0.9198571429714297,6,569652,423266,135159,20667168,206.67168,34419984,True,559926494676215326,514245399072703841,2305843009213693951
n100000-g2-t0.7-r24-h820042,2efaf1348f57,3.14.3,Windows-11-10.0.26200-SP0,"Intel64 Family 6 Model 170 Stepping 4, GenuineIntel",100000,2.0,2.01920038622886,0.7,11,205759,100000,0.48600547242161946,random,340042,580042,820042,24,1560451400,15604.514,4900.0,7800.0,13700.0,457586800,14,143962,1.43962,243962,47276,37837,21968,0.21968,24300.03061834476,0.9040317827178272,6,243962,308636,105759,18732128,187.32128,25263932,True,2002924996632946507,1259748211305624685,2305843009213693951
n100000-g2-t0.9-r24-h820042,2efaf1348f57,3.14.3,Windows-11-10.0.26200-SP0,"Intel64 Family 6 Model 170 Stepping 4, GenuineIntel",100000,2.0,2.01920038622886,0.9,11,205759,100000,0.48600547242161946,random,340042,580042,820042,24,2505458100,25054.581,6600.0,15700.0,21100.0,1026915600,14,185100,1.851,285100,63302,46945,21968,0.21968,24300.03061834476,0.9040317827178272,6,285100,308636,105759,18732128,187.32128,26566856,True,2002924996632946507,1259748211305624685,2305843009213693951
n100000-g3-t0.9-r24-h820042,2efaf1348f57,3.14.3,Windows-11-10.0.26200-SP0,"Intel64 Family 6 Model 170 Stepping 4, GenuineIntel",100000,3.0,3.05870700345102,0.9,11,256337,100000,0.39011145484264853,random,340042,580042,820042,24,3155627300,31556.273,10100.0,18800.0,29700.0,1128130500,9,115310,1.1531,215310,53046,40280,17005,0.17005,19505.377686405005,0.8718108551085512,5,215310,341776,156337,21914384,219.14384,27258684,True,1860450441937573177,1015370380732408082,2305843009213693951
n100000-g1.5-t0.7-r24-h820042,2efaf1348f57,3.14.3,Windows-11-10.0.26200-SP0,"Intel64 Family 6 Model 170 Stepping 4, GenuineIntel",100000,1.5,1.5215057585600311,0.7,11,169501,100000,0.5899670208435348,random,340042,580042,820042,24,4787056200,47870.562,13900.0,19400.0,30700.999999999476,1047559900,23,237084,2.37084,337084,54717,42389,27196,0.27196,29498.05605866632,0.9219590587905879,6,337084,282498,69501,16193264,161.93264,24085684,True,171780348996240359,1922079001097009746,2305843009213693951
n100000-g4-t0.5-r24-h820042,2efaf1348f57,3.14.3,Windows-11-10.0.26200-SP0,"Intel64 Family 6 Model 170 Stepping 4, GenuineIntel",100000,4.0,4.046203100077032,0.5,11,788813,100000,0.12677275856254905,random,340042,580042,820042,24,5318578500,53185.785,14100.0,19400.0,31700.0,2774966100,8,131456,1.31456,231456,28874,24924,4570,0.0457,6338.574541748171,0.7209822918229182,3,231456,986016,688813,56705616,567.05616,70794256,True,1345073416294676494,530827070329833992,2305843009213693951
n100000-g4-t0.9-r24-h820042,2efaf1348f57,3.14.3,Windows-11-10.0.26200-SP0,"Intel64 Family 6 Model 170 Stepping 4, GenuineIntel",100000,4.0,4.052802818528498,0.9,11,197203,100000,0.5070916771043037,random,340042,580042,820042,24,2571360800,25713.608,13400.0,19800.0,33400.0,723997100,7,59142,0.59142,159142,43298,34474,23436,0.23436,25354.330309376634,0.9243391449914499,5,159142,246500,97203,18015520,180.1552,19221020,True,34346654596730003,1577341961603407017,2305843009213693951
n100000-g1.5-t0.5-r24-h820042,2efaf1348f57,3.14.3,Windows-11-10.0.26200-SP0,"Intel64 Family 6 Model 170 Stepping 4, GenuineIntel",100000,1.5,1.5206110372944526,0.5,11,254257,100000,0.3933028392531966,random,340042,580042,820042,24,6364891000,63648.91,15100.0,20800.0,37100.0,1533544700,24,254094,2.54094,354094,38579,32244,17488,0.17488,19664.9453112402,0.8892981761817619,5,354094,423758,154257,21788144,217.88144,33538112,True,1901889013783272077,1084849213174552146,2305843009213693951
n100000-g3-t0.5-r24-h820042,2efaf1348f57,3.14.3,Windows-11-10.0.26200-SP0,"Intel64 Family 6 Model 170 Stepping 4, GenuineIntel",100000,3.0,3.05870700345102,0.5,11,256337,100000,0.39011145484264853,random,340042,580042,820042,24,3560380400,35603.804,15900.0,21300.0,43900.999999999476,1138139600,9,64059,0.64059,164059,28430,24675,17005,0.17005,19505.377686405005,0.8718108551085512,5,164059,341776,156337,21914384,219.14384,25050852,True,1860450441937573177,1015370380732408082,2305843009213693951
n100000-g2-t0.8-r24-h820042,2efaf1348f57,3.14.3,Windows-11-10.0.26200-SP0,"Intel64 Family 6 Model 170 Stepping 4, GenuineIntel",100000,2.0,2.01920038622886,0.8,11,205759,100000,0.48600547242161946,random,340042,580042,820042,24,4716444900,47164.449,15600.0,21600.0,47500.999999999476,1372868400,14,164531,1.64531,264531,54836,42318,21968,0.21968,24300.03061834476,0.9040317827178272,6,264531,308636,105759,18732128,187.32128,25911940,True,2002924996632946507,1259748211305624685,2305843009213693951
n100000-g3-t0.7-r24-h820042,2efaf1348f57,3.14.3,Windows-11-10.0.26200-SP0,"Intel64 Family 6 Model 170 Stepping 4, GenuineIntel",100000,3.0,3.05870700345102,0.7,11,256337,100000,0.39011145484264853,random,340042,580042,820042,24,3742663700,37426.637,14600.0,20400.0,34200.0,1330970900,9,89684,0.89684,189684,39071,31912,17005,0.17005,19505.377686405005,0.8718108551085512,5,189684,341776,156337,21914384,219.14384,26195340,True,1860450441937573177,1015370380732408082,2305843009213693951
n100000-g4-t0.8-r24-h820042,2efaf1348f57,3.14.3,Windows-11-10.0.26200-SP0,"Intel64 Family 6 Model 170 Stepping 4, GenuineIntel",100000,4.0,4.052802818528498,0.8,11,197203,100000,0.5070916771043037,random,340042,580042,820042,24,3074528100,30745.281,15400.0,21300.0,38400.0,909058600,7,52570,0.5257,152570,39081,31857,23436,0.23436,25354.330309376634,0.9243391449914499,5,152570,246500,97203,18015520,180.1552,19221064,True,34346654596730003,1577341961603407017,2305843009213693951
n100000-g3-t0.8-r24-h820042,2efaf1348f57,3.14.3,Windows-11-10.0.26200-SP0,"Intel64 Family 6 Model 170 Stepping 4, GenuineIntel",100000,3.0,3.05870700345102,0.8,11,256337,100000,0.39011145484264853,random,340042,580042,820042,24,3989709200,39897.092,15700.0,21300.0,43400.0,1372573300,9,102497,1.02497,202497,45609,35968,17005,0.17005,19505.377686405005,0.8718108551085512,5,202497,341776,156337,21914384,219.14384,26725292,True,1860450441937573177,1015370380732408082,2305843009213693951
n100000-g4-t0.7-r24-h820042,2efaf1348f57,3.14.3,Windows-11-10.0.26200-SP0,"Intel64 Family 6 Model 170 Stepping 4, GenuineIntel",100000,4.0,4.052802818528498,0.7,11,197203,100000,0.5070916771043037,random,340042,580042,820042,24,2717079600,27170.796,14600.0,20700.0,36400.0,690799000,7,45998,0.45998,145998,35480,29588,23436,0.23436,25354.330309376634,0.9243391449914499,5,145998,246500,97203,18015520,180.1552,19221140,True,34346654596730003,1577341961603407017,2305843009213693951
n100000-g1.25-t0.9-r24-h820042,2efaf1348f57,3.14.3,Windows-11-10.0.26200-SP0,"Intel64 Family 6 Model 170 Stepping 4, GenuineIntel",100000,1.25,1.2701922559901528,0.9,11,120371,100000,0.830764885229831,random,340042,580042,820042,24,6486668100,64866.681,11200.0,19300.0,28300.0,987105300,39,432337,4.32337,532337,80135,55129,43966,0.43966,41537.82887904894,1.0584568617686176,8,532337,216652,20371,12708000,127.08,20010520,True,607946290328752124,117327710126662474,2305843009213693951
n100000-g2-t0.8-r25-h850042,2efaf1348f57,3.14.3,Windows-11-10.0.26200-SP0,"Intel64 Family 6 Model 170 Stepping 4, GenuineIntel",100000,2.0,2.01920038622886,0.8,11,205759,100000,0.48600547242161946,random,350042,600042,850042,25,3931944000,39319.44,13600.0,19700.0,30800.0,1218166100,14,164531,1.64531,264531,54818,42257,22619,0.22619,24300.03061834476,0.9308218724187243,5,264531,308636,105759,18720160,187.2016,25911844,True,860158034295018044,840960621502911460,2305843009213693951
n100000-g4-t0.9-r25-h850042,2efaf1348f57,3.14.3,Windows-11-10.0.26200-SP0,"Intel64 Family 6 Model 170 Stepping 4, GenuineIntel",100000,4.0,4.052802818528498,0.9,11,197203,100000,0.5070916771043037,random,350042,600042,850042,25,2574769900,25747.699,8800.0,19200.0,29600.0,811949900,7,59142,0.59142,159142,57681,40533,22935,0.22935,25354.330309376634,0.9045792067920678,5,159142,246500,97203,18025440,180.2544,19230988,True,2251282616446639390,1831628118073762918,2305843009213693951
n100000-g4-t0.5-r25-h850042,2efaf1348f57,3.14.3,Windows-11-10.0.26200-SP0,"Intel64 Family 6 Model 170 Stepping 4, GenuineIntel",100000,4.0,4.046203100077032,0.5,11,788813,100000,0.12677275856254905,random,350042,600042,850042,25,5354365000,53543.65,13900.0,19400.0,31500.999999999476,2908670700,8,131456,1.31456,231456,33344,27677,5212,0.05212,6338.574541748171,0.8222668938689387,4,231456,986016,688813,56686192,566.86192,70803840,True,934574961792717642,2151111228700014899,2305843009213693951
n100000-g3-t0.7-r25-h850042,2efaf1348f57,3.14.3,Windows-11-10.0.26200-SP0,"Intel64 Family 6 Model 170 Stepping 4, GenuineIntel",100000,3.0,3.05870700345102,0.7,11,256337,100000,0.39011145484264853,random,350042,600042,850042,25,2940859100,29408.591,10000.0,19600.0,29600.0,923589900,9,89684,0.89684,189684,38546,31698,17988,0.17988,19505.377686405005,0.9222072132721327,5,189684,341776,156337,21892112,218.92112,26215228,True,723701829964910173,1014751982632544858,2305843009213693951
n100000-g3-t0.8-r25-h850042,2efaf1348f57,3.14.3,Windows-11-10.0.26200-SP0,"Intel64 Family 6 Model 170 Stepping 4, GenuineIntel",100000,3.0,3.05870700345102,0.8,11,256337,100000,0.39011145484264853,random,350042,600042,850042,25,3100683900,31006.839,12600.0,19100.0,31300.0,1062744400,9,102497,1.02497,202497,44922,35698,17988,0.17988,19505.377686405005,0.9222072132721327,5,202497,341776,156337,21892112,218.92112,26746940,True,723701829964910173,1014751982632544858,2305843009213693951
n100000-g2-t0.7-r25-h850042,2efaf1348f57,3.14.3,Windows-11-10.0.26200-SP0,"Intel64 Family 6 Model 170 Stepping 4, GenuineIntel",100000,2.0,2.01920038622886,0.7,11,205759,100000,0.48600547242161946,random,350042,600042,850042,25,3738392700,37383.927,13700.0,19600.0,29700.0,1031188200,14,143962,1.43962,243962,47331,37704,22619,0.22619,24300.03061834476,0.9308218724187243,5,243962,308636,105759,18720160,187.2016,25263364,True,860158034295018044,840960621502911460,2305843009213693951
n100000-g1.25-t0.5-r25-h850042,2efaf1348f57,3.14.3,Windows-11-10.0.26200-SP0,"Intel64 Family 6 Model 170 Stepping 4, GenuineIntel",100000,1.25,1.268757469795743,0.5,11,235159,100000,0.42524419647982853,random,350042,600042,850042,25,8238075200,82380.752,11500.0,19000.0,29300.0,1414456300,42,469652,4.69652,569652,43792,35604,19374,0.19374,21261.997201893188,0.9112032052320523,5,569652,423266,135159,20670848,206.70848,34417568,True,1638897229351489678,1099128036212959800,2305843009213693951
n100000-g1.5-t0.5-r25-h850042,2efaf1348f57,3.14.3,Windows-11-10.0.26200-SP0,"Intel64 Family 6 Model 170 Stepping 4, GenuineIntel",100000,1.5,1.5206110372944526,0.5,11,254257,100000,0.3933028392531966,random,350042,600042,850042,25,5559406200,55594.062,13700.0,18700.0,29900.0,1308617200,24,254094,2.54094,354094,38182,31945,17803,0.17803,19664.9453112402,0.9053165273652737,5,354094,423758,154257,21777552,217.77552,33546664,True,530778612586097856,827028125055172869,2305843009213693951
n100000-g1.5-t0.8-r25-h850042,2efaf1348f57,3.14.3,Windows-11-10.0.26200-SP0,"Intel64 Family 6 Model 170 Stepping 4, GenuineIntel",100000,1.5,1.5215057585600311,0.8,11,169501,100000,0.5899670208435348,random,350042,600042,850042,25,4979197600,49791.976,13800.0,19700.0,30900.0,1236112000,23,270957,2.70957,370957,63172,47185,26923,0.26923,29498.05605866632,0.9127042116421165,6,370957,282498,69501,16202800,162.028,24804824,True,2236120469707098199,1898034398235024244,2305843009213693951
n100000-g1.25-t0.8-r25-h850042,2efaf1348f57,3.14.3,Windows-11-10.0.26200-SP0,"Intel64 Family 6 Model 170 Stepping 4, GenuineIntel",100000,1.25,1.2696893707341963,0.8,11,150473,100000,0.6645710526140902,random,350042,600042,850042,25,7071491500,70714.915,13500.0,19600.0,28400.0,998764300,40,480591,4.80591,580591,70724,50865,36227,0.36227,33228.220345178204,1.0902479766797668,7,580591,270844,50473,14798768,147.98768,24323280,True,1986399816299680496,1699302060464665996,2305843009213693951
n100000-g3-t0.9-r25-h850042,2efaf1348f57,3.14.3,Windows-11-10.0.26200-SP0,"Intel64 Family 6 Model 170 Stepping 4, GenuineIntel",100000,3.0,3.05870700345102,0.9,11,256337,100000,0.39011145484264853,random,350042,600042,850042,25,2399833200,23998.332,7800.0,18800.0,25900.0,680985700,9,115310,1.1531,215310,52067,39894,17988,0.17988,19505.377686405005,0.9222072132721327,5,215310,341776,156337,21892112,218.92112,27281900,True,723701829964910173,1014751982632544858,2305843009213693951
n100000-g1.5-t0.7-r25-h850042,2efaf1348f57,3.14.3,Windows-11-10.0.26200-SP0,"Intel64 Family 6 Model 170 Stepping 4, GenuineIntel",100000,1.5,1.5215057585600311,0.7,11,169501,100000,0.5899670208435348,random,350042,600042,850042,25,1871952700,18719.527,4500.0,5700.0,13100.0,441678500,23,237084,2.37084,337084,54868,42616,26923,0.26923,29498.05605866632,0.9127042116421165,6,337084,282498,69501,16202800,162.028,24086744,True,2236120469707098199,1898034398235024244,2305843009213693951
n100000-g3-t0.5-r25-h850042,2efaf1348f57,3.14.3,Windows-11-10.0.26200-SP0,"Intel64 Family 6 Model 170 Stepping 4, GenuineIntel",100000,3.0,3.05870700345102,0.5,11,256337,100000,0.39011145484264853,random,350042,600042,850042,25,1945514000,19455.14,8200.0,18700.0,27800.999999999476,473897900,9,64059,0.64059,164059,28193,24561,17988,0.17988,19505.377686405005,0.9222072132721327,5,164059,341776,156337,21892112,218.92112,25063572,True,723701829964910173,1014751982632544858,2305843009213693951
n100000-g1.25-t0.7-r25-h850042,2efaf1348f57,3.14.3,Windows-11-10.0.26200-SP0,"Intel64 Family 6 Model 170 Stepping 4, GenuineIntel",100000,1.25,1.2696893707341963,0.7,11,150473,100000,0.6645710526140902,random,350042,600042,850042,25,5444709800,54447.098,8100.0,17600.0,24300.0,621260400,40,420512,4.20512,520512,62359,46426,36227,0.36227,33228.220345178204,1.0902479766797668,7,520512,270844,50473,14798768,147.98768,23571984,True,1986399816299680496,1699302060464665996,2305843009213693951
n100000-g1.5-t0.9-r25-h850042,2efaf1348f57,3.14.3,Windows-11-10.0.26200-SP0,"Intel64 Family 6 Model 170 Stepping 4, GenuineIntel",100000,1.5,1.5224810805919142,0.9,11,112997,100000,0.8849792472366523,random,350042,600042,850042,25,3129051000,31290.51,8200.0,15400.0,20800.0,676506500,22,203133,2.03133,303133,72533,51893,41551,0.41551,44248.519872209,0.9390370597705977,6,303133,188320,12997,12305872,123.05872,16941404,True,1003853705642834883,1852003001516060577,2305843009213693951
n100000-g2-t0.9-r25-h850042,2efaf1348f57,3.14.3,Windows-11-10.0.26200-SP0,"Intel64 Family 6 Model 170 Stepping 4, GenuineIntel",100000,2.0,2.01920038622886,0.9,11,205759,100000,0.48600547242161946,random,350042,600042,850042,25,3324313400,33243.134,8200.0,16200.0,23500.0,1122944400,14,185100,1.851,285100,63395,47061,22619,0.22619,24300.03061834476,0.9308218724187243,5,285100,308636,105759,18720160,187.2016,26564944,True,860158034295018044,840960621502911460,2305843009213693951
n100000-g4-t0.7-r25-h850042,2efaf1348f57,3.14.3,Windows-11-10.0.26200-SP0,"Intel64 Family 6 Model 170 Stepping 4, GenuineIntel",100000,4.0,4.052802818528498,0.7,11,197203,100000,0.5070916771043037,random,350042,600042,850042,25,2178534000,21785.34,8500.0,18600.0,28800.0,619332100,7,45998,0.45998,145998,43963,33907,22935,0.22935,25354.330309376634,0.9045792067920678,5,145998,246500,97203,18025440,180.2544,19231108,True,2251282616446639390,1831628118073762918,2305843009213693951
n100000-g1.25-t0.9-r25-h850042,2efaf1348f57,3.14.3,Windows-11-10.0.26200-SP0,"Intel64 Family 6 Model 170 Stepping 4, GenuineIntel",100000,1.25,1.2701922559901528,0.9,11,120371,100000,0.830764885229831,random,350042,600042,850042,25,5514250000,55142.5,8300.0,18200.0,26200.0,824152200,39,432337,4.32337,532337,79480,55126,39070,0.3907,41537.82887904894,0.9405883998839989,6,532337,216652,20371,12767808,127.67808,20018312,True,786959014542067722,288047017650520841,2305843009213693951
n100000-g4-t0.8-r25-h850042,2efaf1348f57,3.14.3,Windows-11-10.0.26200-SP0,"Intel64 Family 6 Model 170 Stepping 4, GenuineIntel",100000,4.0,4.052802818528498,0.8,11,197203,100000,0.5070916771043037,random,350042,600042,850042,25,2107297900,21072.979,8300.0,18600.0,28100.0,590022700,7,52570,0.5257,152570,50418,37156,22935,0.22935,25354.330309376634,0.9045792067920678,5,152570,246500,97203,18025440,180.2544,19231032,True,2251282616446639390,1831628118073762918,2305843009213693951
n100000-g2-t0.5-r25-h850042,2efaf1348f57,3.14.3,Windows-11-10.0.26200-SP0,"Intel64 Family 6 Model 170 Stepping 4, GenuineIntel",100000,2.0,2.01920038622886,0.5,11,205759,100000,0.48600547242161946,random,350042,600042,850042,25,2791472800,27914.728,8500.0,18500.0,28100.0,760884700,14,102830,1.0283,202830,35270,29790,22619,0.22619,24300.03061834476,0.9308218724187243,5,202830,308636,105759,18720160,187.2016,23858168,True,860158034295018044,840960621502911460,2305843009213693951
n100000-g2-t0.5-r26-h880042,2efaf1348f57,3.14.3,Windows-11-10.0.26200-SP0,"Intel64 Family 6 Model 170 Stepping 4, GenuineIntel",100000,2.0,2.01920038622886,0.5,11,205759,100000,0.48600547242161946,random,360042,620042,880042,26,3127550200,31275.502,9500.0,18600.0,28700.0,875641300,14,102830,1.0283,202830,35156,29646,22208,0.22208,24300.03061834476,0.9139083134831348,7,202830,308636,105759,18728928,187.28928,23855332,True,480423326749219032,909401176964489952,2305843009213693951
n100000-g4-t0.8-r26-h880042,2efaf1348f57,3.14.3,Windows-11-10.0.26200-SP0,"Intel64 Family 6 Model 170 Stepping 4, GenuineIntel",100000,4.0,4.052802818528498,0.8,11,197203,100000,0.5070916771043037,random,360042,620042,880042,26,2215905800,22159.058,8400.0,18400.0,27200.0,695137900,7,52570,0.5257,152570,38425,31523,23037,0.23037,25354.330309376634,0.9086021882218822,5,152570,246500,97203,18024160,180.2416,19229728,True,678491216195804969,325192921217931005,2305843009213693951
n100000-g2-t0.7-r26-h880042,2efaf1348f57,3.14.3,Windows-11-10.0.26200-SP0,"Intel64 Family 6 Model 170 Stepping 4, GenuineIntel",100000,2.0,2.01920038622886,0.7,11,205759,100000,0.48600547242161946,random,360042,620042,880042,26,3286367000,32863.67,8500.0,19200.0,29200.999999999476,1019887000,14,143962,1.43962,243962,47072,37508,22208,0.22208,24300.03061834476,0.9139083134831348,7,243962,308636,105759,18728928,187.28928,25262200,True,480423326749219032,909401176964489952,2305843009213693951
n100000-g2-t0.9-r26-h880042,2efaf1348f57,3.14.3,Windows-11-10.0.26200-SP0,"Intel64 Family 6 Model 170 Stepping 4, GenuineIntel",100000,2.0,2.01920038622886,0.9,11,205759,100000,0.48600547242161946,random,360042,620042,880042,26,3679115600,36791.156,8700.0,19000.0,29200.999999999476,1138141300,14,185100,1.851,285100,63581,47014,22208,0.22208,24300.03061834476,0.9139083134831348,7,285100,308636,105759,18728928,187.28928,26565860,True,480423326749219032,909401176964489952,2305843009213693951
n100000-g1.25-t0.9-r26-h880042,2efaf1348f57,3.14.3,Windows-11-10.0.26200-SP0,"Intel64 Family 6 Model 170 Stepping 4, GenuineIntel",100000,1.25,1.2701922559901528,0.9,11,120371,100000,0.830764885229831,random,360042,620042,880042,26,6037707500,60377.075,9800.0,19600.0,32600.0,1059259400,39,432337,4.32337,532337,78032,54509,39121,0.39121,41537.82887904894,0.9418161963619637,7,532337,216652,20371,12766400,127.664,20014404,True,1997972484395114672,941462340115495526,2305843009213693951
n100000-g4-t0.5-r26-h880042,2efaf1348f57,3.14.3,Windows-11-10.0.26200-SP0,"Intel64 Family 6 Model 170 Stepping 4, GenuineIntel",100000,4.0,4.046203100077032,0.5,11,788813,100000,0.12677275856254905,random,360042,620042,880042,26,4518986700,45189.867,8400.0,18000.0,26800.999999999476,2504853500,8,131456,1.31456,231456,28543,24702,4238,0.04238,6338.574541748171,0.6686045848458484,3,231456,986016,688813,56715280,567.1528,70802344,True,1487941094100159956,822223165752778909,2305843009213693951
n100000-g1.5-t0.7-r26-h880042,2efaf1348f57,3.14.3,Windows-11-10.0.26200-SP0,"Intel64 Family 6 Model 170 Stepping 4, GenuineIntel",100000,1.5,1.5215057585600311,0.7,11,169501,100000,0.5899670208435348,random,360042,620042,880042,26,5075964800,50759.648,14000.0,20200.0,35500.999999999476,1209263100,23,237084,2.37084,337084,55225,42759,27176,0.27176,29498.05605866632,0.9212810480104802,6,337084,282498,69501,16197392,161.97392,24082188,True,515543844536822601,1334355682922612932,2305843009213693951
n100000-g3-t0.7-r26-h880042,2efaf1348f57,3.14.3,Windows-11-10.0.26200-SP0,"Intel64 Family 6 Model 170 Stepping 4, GenuineIntel",100000,3.0,3.05870700345102,0.7,11,256337,100000,0.39011145484264853,random,360042,620042,880042,26,3857998700,38579.987,15900.0,21700.0,49200.0,1151349700,9,89684,0.89684,189684,37939,31224,16907,0.16907,19505.377686405005,0.8667865996659967,5,189684,341776,156337,21918448,219.18448,26214724,True,1143351726983077391,1321551652516522847,2305843009213693951
n100000-g3-t0.8-r26-h880042,2efaf1348f57,3.14.3,Windows-11-10.0.26200-SP0,"Intel64 Family 6 Model 170 Stepping 4, GenuineIntel",100000,3.0,3.05870700345102,0.8,11,256337,100000,0.39011145484264853,random,360042,620042,880042,26,4000776300,40007.763,17000.0,23700.0,54000.0,1148227500,9,102497,1.02497,202497,44321,35243,16907,0.16907,19505.377686405005,0.8667865996659967,5,202497,341776,156337,21918448,219.18448,26747044,True,1143351726983077391,1321551652516522847,2305843009213693951
n100000-g4-t0.7-r26-h880042,2efaf1348f57,3.14.3,Windows-11-10.0.26200-SP0,"Intel64 Family 6 Model 170 Stepping 4, GenuineIntel",100000,4.0,4.052802818528498,0.7,11,197203,100000,0.5070916771043037,random,360042,620042,880042,26,3330222400,33302.224,16700.0,21500.0,53700.0,908243900,7,45998,0.45998,145998,34801,29143,23037,0.23037,25354.330309376634,0.9086021882218822,5,145998,246500,97203,18024160,180.2416,19229804,True,678491216195804969,325192921217931005,2305843009213693951
n100000-g1.5-t0.9-r26-h880042,2efaf1348f57,3.14.3,Windows-11-10.0.26200-SP0,"Intel64 Family 6 Model 170 Stepping 4, GenuineIntel",100000,1.5,1.5224810805919142,0.9,11,112997,100000,0.8849792472366523,random,360042,620042,880042,26,5619599500,56195.995,17700.0,23800.0,63400.0,1217538200,22,203133,2.03133,303133,72875,51969,42376,0.42376,44248.519872209,0.9576817512175121,6,303133,188320,12997,12297552,122.97552,16941868,True,1372622065972653905,1516741994171884548,2305843009213693951
n100000-g3-t0.9-r26-h880042,2efaf1348f57,3.14.3,Windows-11-10.0.26200-SP0,"Intel64 Family 6 Model 170 Stepping 4, GenuineIntel",100000,3.0,3.05870700345102,0.9,11,256337,100000,0.39011145484264853,random,360042,620042,880042,26,4201517500,42015.175,16100.0,21500.0,50800.0,1538922300,9,115310,1.1531,215310,51467,39527,16907,0.16907,19505.377686405005,0.8667865996659967,5,215310,341776,156337,21918448,219.18448,27282676,True,1143351726983077391,1321551652516522847,2305843009213693951
n100000-g3-t0.5-r26-h880042,2efaf1348f57,3.14.3,Windows-11-10.0.26200-SP0,"Intel64 Family 6 Model 170 Stepping 4, GenuineIntel",100000,3.0,3.05870700345102,0.5,11,256337,100000,0.39011145484264853,random,360042,620042,880042,26,3102832000,31028.32,9400.0,19600.0,33100.999999999476,1040662900,9,64059,0.64059,164059,27694,24147,16907,0.16907,19505.377686405005,0.8667865996659967,5,164059,341776,156337,21918448,219.18448,25060828,True,1143351726983077391,1321551652516522847,2305843009213693951
n100000-g1.25-t0.7-r26-h880042,2efaf1348f57,3.14.3,Windows-11-10.0.26200-SP0,"Intel64 Family 6 Model 170 Stepping 4, GenuineIntel",100000,1.25,1.2696893707341963,0.7,11,150473,100000,0.6645710526140902,random,360042,620042,880042,26,7155489800,71554.898,13700.0,21000.0,36600.0,1407963500,40,420512,4.20512,520512,60663,45832,30904,0.30904,33228.220345178204,0.9300528189281893,6,520512,270844,50473,14887888,148.87888,23568496,True,786734293449054861,1953744364656011866,2305843009213693951
n100000-g1.5-t0.8-r26-h880042,2efaf1348f57,3.14.3,Windows-11-10.0.26200-SP0,"Intel64 Family 6 Model 170 Stepping 4, GenuineIntel",100000,1.5,1.5215057585600311,0.8,11,169501,100000,0.5899670208435348,random,360042,620042,880042,26,6016709600,60167.096,15400.0,21200.0,41000.0,1581301300,23,270957,2.70957,370957,63385,47241,27176,0.27176,29498.05605866632,0.9212810480104802,6,370957,282498,69501,16197392,161.97392,24797292,True,515543844536822601,1334355682922612932,2305843009213693951
n100000-g4-t0.9-r26-h880042,2efaf1348f57,3.14.3,Windows-11-10.0.26200-SP0,"Intel64 Family 6 Model 170 Stepping 4, GenuineIntel",100000,4.0,4.052802818528498,0.9,11,197203,100000,0.5070916771043037,random,360042,620042,880042,26,3089757700,30897.577,16000.0,21900.0,49000.0,743316100,7,59142,0.59142,159142,42703,34174,23037,0.23037,25354.330309376634,0.9086021882218822,5,159142,246500,97203,18024160,180.2416,19229684,True,678491216195804969,325192921217931005,2305843009213693951
n100000-g1.5-t0.5-r26-h880042,2efaf1348f57,3.14.3,Windows-11-10.0.26200-SP0,"Intel64 Family 6 Model 170 Stepping 4, GenuineIntel",100000,1.5,1.5206110372944526,0.5,11,254257,100000,0.3933028392531966,random,360042,620042,880042,26,7021446100,70214.461,16900.0,22000.0,53201.99999999895,1624342400,24,254094,2.54094,354094,38581,32210,17317,0.17317,19664.9453112402,0.8806024998249983,5,354094,423758,154257,21791184,217.91184,33542296,True,1267798074770399349,541048685972096912,2305843009213693951
n100000-g1.25-t0.5-r26-h880042,2efaf1348f57,3.14.3,Windows-11-10.0.26200-SP0,"Intel64 Family 6 Model 170 Stepping 4, GenuineIntel",100000,1.25,1.268757469795743,0.5,11,235159,100000,0.42524419647982853,random,360042,620042,880042,26,10296686700,102966.867,15100.0,20800.0,44200.0,1816298700,42,469652,4.69652,569652,42246,34688,18726,0.18726,21261.997201893188,0.8807262940629406,5,569652,423266,135159,20686176,206.86176,34410616,True,2073657731091390686,1269758086663690912,2305843009213693951
n100000-g2-t0.8-r26-h880042,2efaf1348f57,3.14.3,Windows-11-10.0.26200-SP0,"Intel64 Family 6 Model 170 Stepping 4, GenuineIntel",100000,2.0,2.01920038622886,0.8,11,205759,100000,0.48600547242161946,random,360042,620042,880042,26,4792676800,47926.768,15400.0,20400.0,37200.0,1314591000,14,164531,1.64531,264531,54694,42046,22208,0.22208,24300.03061834476,0.9139083134831348,7,264531,308636,105759,18728928,187.28928,25911552,True,480423326749219032,909401176964489952,2305843009213693951
n100000-g1.25-t0.8-r26-h880042,2efaf1348f57,3.14.3,Windows-11-10.0.26200-SP0,"Intel64 Family 6 Model 170 Stepping 4, GenuineIntel",100000,1.25,1.2696893707341963,0.8,11,150473,100000,0.6645710526140902,random,360042,620042,880042,26,8763989100,87639.891,15500.0,21500.0,39700.0,1078999300,40,480591,4.80591,580591,69156,50285,30904,0.30904,33228.220345178204,0.9300528189281893,6,580591,270844,50473,14887888,148.87888,24318128,True,786734293449054861,1953744364656011866,2305843009213693951
n100000-g4-t0.8-r27-h910042,2efaf1348f57,3.14.3,Windows-11-10.0.26200-SP0,"Intel64 Family 6 Model 170 Stepping 4, GenuineIntel",100000,4.0,4.052802818528498,0.8,11,197203,100000,0.5070916771043037,random,370042,640042,910042,27,3115085700,31150.857,16600.0,21300.0,46000.0,911147400,7,52570,0.5257,152570,38479,31509,22701,0.22701,25354.330309376634,0.8953500141001409,5,152570,246500,97203,18031712,180.31712,19237216,True,1110283022972620018,1875878717278102298,2305843009213693951
n100000-g4-t0.9-r27-h910042,2efaf1348f57,3.14.3,Windows-11-10.0.26200-SP0,"Intel64 Family 6 Model 170 Stepping 4, GenuineIntel",100000,4.0,4.052802818528498,0.9,11,197203,100000,0.5070916771043037,random,370042,640042,910042,27,3454750900,34547.509,16800.0,22700.0,51100.0,1072007300,7,59142,0.59142,159142,42741,34043,22701,0.22701,25354.330309376634,0.8953500141001409,5,159142,246500,97203,18031712,180.31712,19237212,True,1110283022972620018,1875878717278102298,2305843009213693951
n100000-g2-t0.9-r27-h910042,2efaf1348f57,3.14.3,Windows-11-10.0.26200-SP0,"Intel64 Family 6 Model 170 Stepping 4, GenuineIntel",100000,2.0,2.01920038622886,0.9,11,205759,100000,0.48600547242161946,random,370042,640042,910042,27,4991792400,49917.924,17300.0,22400.0,51000.999999999476,1482084400,14,185100,1.851,285100,63272,46881,21968,0.21968,24300.03061834476,0.9040317827178272,5,285100,308636,105759,18731296,187.31296,26574696,True,264984467821171378,1772630271729426268,2305843009213693951
n100000-g1.25-t0.7-r27-h910042,2efaf1348f57,3.14.3,Windows-11-10.0.26200-SP0,"Intel64 Family 6 Model 170 Stepping 4, GenuineIntel",100000,1.25,1.2696893707341963,0.7,11,150473,100000,0.6645710526140902,random,370042,640042,910042,27,8726056700,87260.567,16000.0,22100.0,49000.0,1338315800,40,420512,4.20512,520512,60342,45586,30942,0.30942,33228.220345178204,0.9311964251642516,6,520512,270844,50473,14886992,148.86992,23574504,True,1724730538182261244,2242673394310241746,2305843009213693951
n100000-g4-t0.5-r27-h910042,2efaf1348f57,3.14.3,Windows-11-10.0.26200-SP0,"Intel64 Family 6 Model 170 Stepping 4, GenuineIntel",100000,4.0,4.046203100077032,0.5,11,788813,100000,0.12677275856254905,random,370042,640042,910042,27,6033143000,60331.43,15500.0,21100.0,47600.0,3040445700,8,131456,1.31456,231456,28413,24613,4358,0.04358,6338.574541748171,0.6875362861628616,4,231456,986016,688813,56712016,567.12016,70809104,True,1004079337147686826,69331680286308383,2305843009213693951
n100000-g1.5-t0.7-r27-h910042,2efaf1348f57,3.14.3,Windows-11-10.0.26200-SP0,"Intel64 Family 6 Model 170 Stepping 4, GenuineIntel",100000,1.5,1.5215057585600311,0.7,11,169501,100000,0.5899670208435348,random,370042,640042,910042,27,5352140400,53521.404,16100.0,21300.0,42600.0,1170183700,23,237084,2.37084,337084,54883,42400,27092,0.27092,29498.05605866632,0.9184334027340274,6,337084,282498,69501,16199728,161.99728,24084556,True,2183125458400248982,1453350084827609651,2305843009213693951
n100000-g1.5-t0.9-r27-h910042,2efaf1348f57,3.14.3,Windows-11-10.0.26200-SP0,"Intel64 Family 6 Model 170 Stepping 4, GenuineIntel",100000,1.5,1.5224810805919142,0.9,11,112997,100000,0.8849792472366523,random,370042,640042,910042,27,5143924600,51439.246,16400.0,22300.0,43700.0,1139939100,22,203133,2.03133,303133,72351,51629,41909,0.41909,44248.519872209,0.9471277258772587,7,303133,188320,12997,12304592,123.04592,16942132,True,1068517814203509552,538946287883580601,2305843009213693951
n100000-g2-t0.8-r27-h910042,2efaf1348f57,3.14.3,Windows-11-10.0.26200-SP0,"Intel64 Family 6 Model 170 Stepping 4, GenuineIntel",100000,2.0,2.01920038622886,0.8,11,205759,100000,0.48600547242161946,random,370042,640042,910042,27,5259600600,52596.006,17200.0,21900.0,48701.99999999895,1552966700,14,164531,1.64531,264531,54264,41839,21968,0.21968,24300.03061834476,0.9040317827178272,5,264531,308636,105759,18731296,187.31296,25920356,True,264984467821171378,1772630271729426268,2305843009213693951
n100000-g1.5-t0.5-r27-h910042,2efaf1348f57,3.14.3,Windows-11-10.0.26200-SP0,"Intel64 Family 6 Model 170 Stepping 4, GenuineIntel",100000,1.5,1.5206110372944526,0.5,11,254257,100000,0.3933028392531966,random,370042,640042,910042,27,7081576800,70815.768,16200.0,21300.0,43800.999999999476,1582961300,24,254094,2.54094,354094,38647,32232,17447,0.17447,19664.9453112402,0.8872132479324794,6,354094,423758,154257,21789584,217.89584,33541276,True,1570424957530394619,1589650879980995825,2305843009213693951
n100000-g2-t0.7-r27-h910042,2efaf1348f57,3.14.3,Windows-11-10.0.26200-SP0,"Intel64 Family 6 Model 170 Stepping 4, GenuineIntel",100000,2.0,2.01920038622886,0.7,11,205759,100000,0.48600547242161946,random,370042,640042,910042,27,4416989600,44169.896,14800.0,21300.0,39800.0,1300794900,14,143962,1.43962,243962,46748,37333,21968,0.21968,24300.03061834476,0.9040317827178272,5,243962,308636,105759,18731296,187.31296,25269820,True,264984467821171378,1772630271729426268,2305843009213693951
n100000-g1.25-t0.8-r27-h910042,2efaf1348f57,3.14.3,Windows-11-10.0.26200-SP0,"Intel64 Family 6 Model 170 Stepping 4, GenuineIntel",100000,1.25,1.2696893707341963,0.8,11,150473,100000,0.6645710526140902,random,370042,640042,910042,27,9273994600,92739.946,15500.0,23600.0,48300.0,1505427500,40,480591,4.80591,580591,69434,50331,30942,0.30942,33228.220345178204,0.9311964251642516,6,580591,270844,50473,14886992,148.86992,24325928,True,1724730538182261244,2242673394310241746,2305843009213693951
n100000-g4-t0.7-r27-h910042,2efaf1348f57,3.14.3,Windows-11-10.0.26200-SP0,"Intel64 Family 6 Model 170 Stepping 4, GenuineIntel",100000,4.0,4.052802818528498,0.7,11,197203,100000,0.5070916771043037,random,370042,640042,910042,27,3386470500,33864.705,16900.0,21900.0,54200.0,946614100,7,45998,0.45998,145998,34836,29151,22701,0.22701,25354.330309376634,0.8953500141001409,5,145998,246500,97203,18031712,180.31712,19237332,True,1110283022972620018,1875878717278102298,2305843009213693951
n100000-g2-t0.5-r27-h910042,2efaf1348f57,3.14.3,Windows-11-10.0.26200-SP0,"Intel64 Family 6 Model 170 Stepping 4, GenuineIntel",100000,2.0,2.01920038622886,0.5,11,205759,100000,0.48600547242161946,random,370042,640042,910042,27,3716352600,37163.526,14000.0,19800.0,32200.0,892595300,14,102830,1.0283,202830,34457,29267,21968,0.21968,24300.03061834476,0.9040317827178272,5,202830,308636,105759,18731296,187.31296,23861168,True,264984467821171378,1772630271729426268,2305843009213693951
n100000-g3-t0.5-r27-h910042,2efaf1348f57,3.14.3,Windows-11-10.0.26200-SP0,"Intel64 Family 6 Model 170 Stepping 4, GenuineIntel",100000,3.0,3.05870700345102,0.5,11,256337,100000,0.39011145484264853,random,370042,640042,910042,27,3428732100,34287.321,15000.0,20900.0,37500.0,1014135700,9,64059,0.64059,164059,56698,40676,52681,0.52681,19505.377686405005,2.7008449078490786,9,164059,341776,156337,21237232,212.37232,25062112,True,335954574024212171,1916738696075043304,2305843009213693951
n100000-g3-t0.9-r27-h910042,2efaf1348f57,3.14.3,Windows-11-10.0.26200-SP0,"Intel64 Family 6 Model 170 Stepping 4, GenuineIntel",100000,3.0,3.05870700345102,0.9,11,256337,100000,0.39011145484264853,random,370042,640042,910042,27,3838006300,38380.063,14500.0,21400.0,42200.0,1413506400,9,115310,1.1531,215310,66127,46997,52681,0.52681,19505.377686405005,2.7008449078490786,9,215310,341776,156337,21237232,212.37232,27281720,True,335954574024212171,1916738696075043304,2305843009213693951
n100000-g1.25-t0.9-r27-h910042,2efaf1348f57,3.14.3,Windows-11-10.0.26200-SP0,"Intel64 Family 6 Model 170 Stepping 4, GenuineIntel",100000,1.25,1.2701922559901528,0.9,11,120371,100000,0.830764885229831,random,370042,640042,910042,27,7384960200,73849.602,15100.0,21600.0,39400.999999999476,1243986100,39,432337,4.32337,532337,78606,54804,38767,0.38767,41537.82887904894,0.9332938443384434,6,532337,216652,20371,12772512,127.72512,20016188,True,523568622157034532,1648575161826115471,2305843009213693951
n100000-g1.5-t0.8-r27-h910042,2efaf1348f57,3.14.3,Windows-11-10.0.26200-SP0,"Intel64 Family 6 Model 170 Stepping 4, GenuineIntel",100000,1.5,1.5215057585600311,0.8,11,169501,100000,0.5899670208435348,random,370042,640042,910042,27,5387675100,53876.751,14500.0,20900.0,39400.0,1113690800,23,270957,2.70957,370957,63190,46912,27092,0.27092,29498.05605866632,0.9184334027340274,6,370957,282498,69501,16199728,161.99728,24802924,True,2183125458400248982,1453350084827609651,2305843009213693951
n100000-g3-t0.8-r27-h910042,2efaf1348f57,3.14.3,Windows-11-10.0.26200-SP0,"Intel64 Family 6 Model 170 Stepping 4, GenuineIntel",100000,3.0,3.05870700345102,0.8,11,256337,100000,0.39011145484264853,random,370042,640042,910042,27,3763096800,37630.968,14000.0,20600.0,35900.0,1439809500,9,102497,1.02497,202497,63079,45111,52681,0.52681,19505.377686405005,2.7008449078490786,9,202497,341776,156337,21237232,212.37232,26749352,True,335954574024212171,1916738696075043304,2305843009213693951
n100000-g1.25-t0.5-r27-h910042,2efaf1348f57,3.14.3,Windows-11-10.0.26200-SP0,"Intel64 Family 6 Model 170 Stepping 4, GenuineIntel",100000,1.25,1.268757469795743,0.5,11,235159,100000,0.42524419647982853,random,370042,640042,910042,27,9931206900,99312.069,15300.0,22900.0,47400.0,1583868800,42,469652,4.69652,569652,51260,39409,19271,0.19271,21261.997201893188,0.9063588813888138,5,569652,423266,135159,20674336,206.74336,33958040,True,800633580429524511,1156730205399452242,2305843009213693951
n100000-g3-t0.7-r27-h910042,2efaf1348f57,3.14.3,Windows-11-10.0.26200-SP0,"Intel64 Family 6 Model 170 Stepping 4, GenuineIntel",100000,3.0,3.05870700345102,0.7,11,256337,100000,0.39011145484264853,random,370042,640042,910042,27,3959594900,39595.949,16500.0,22100.0,49600.999999999476,1283555000,9,89684,0.89684,189684,60527,43399,52681,0.52681,19505.377686405005,2.7008449078490786,9,189684,341776,156337,21237232,212.37232,26216200,True,335954574024212171,1916738696075043304,2305843009213693951
n100000-g4-t0.7-r28-h940042,2efaf1348f57,3.14.3,Windows-11-10.0.26200-SP0,"Intel64 Family 6 Model 170 Stepping 4, GenuineIntel",100000,4.0,4.052802818528498,0.7,11,197203,100000,0.5070916771043037,random,380042,660042,940042,28,3167263300,31672.633,16200.0,22000.0,49800.0,891801500,7,45998,0.45998,145998,45981,36388,35249,0.35249,25354.330309376634,1.3902556119561196,7,145998,246500,97203,17760000,177.6,18965588,True,1422192890517498898,1479451008267656023,2305843009213693951
n100000-g2-t0.7-r28-h940042,2efaf1348f57,3.14.3,Windows-11-10.0.26200-SP0,"Intel64 Family 6 Model 170 Stepping 4, GenuineIntel",100000,2.0,2.01920038622886,0.7,11,205759,100000,0.48600547242161946,random,380042,660042,940042,28,4780289200,47802.892,15700.0,21400.0,47302.99999999843,1391936800,14,143962,1.43962,243962,48147,37997,22719,0.22719,24300.03061834476,0.9349370935709358,5,243962,308636,105759,18715840,187.1584,25259848,True,1362684447206060378,1535636531499965581,2305843009213693951
n100000-g4-t0.9-r28-h940042,2efaf1348f57,3.14.3,Windows-11-10.0.26200-SP0,"Intel64 Family 6 Model 170 Stepping 4, GenuineIntel",100000,4.0,4.052802818528498,0.9,11,197203,100000,0.5070916771043037,random,380042,660042,940042,28,3117103100,31171.031,14800.0,21200.0,38300.999999999476,988275600,7,59142,0.59142,159142,52962,40578,35249,0.35249,25354.330309376634,1.3902556119561196,7,159142,246500,97203,17760000,177.6,18979648,True,1422192890517498898,1479451008267656023,2305843009213693951
n100000-g1.25-t0.7-r28-h940042,2efaf1348f57,3.14.3,Windows-11-10.0.26200-SP0,"Intel64 Family 6 Model 170 Stepping 4, GenuineIntel",100000,1.25,1.2696893707341963,0.7,11,150473,100000,0.6645710526140902,random,380042,660042,940042,28,9478026300,94780.263,17100.0,22300.0,62401.99999999895,1528204300,40,420512,4.20512,520512,60179,45512,30700,0.307,33228.220345178204,0.9239134591345913,6,520512,270844,50473,14890192,148.90192,23572300,True,1617070006028900396,1733345014395597462,2305843009213693951
n100000-g3-t0.8-r28-h940042,2efaf1348f57,3.14.3,Windows-11-10.0.26200-SP0,"Intel64 Family 6 Model 170 Stepping 4, GenuineIntel",100000,3.0,3.05870700345102,0.8,11,256337,100000,0.39011145484264853,random,380042,660042,940042,28,3796841700,37968.417,14000.0,21800.0,38800.999999999476,1351208700,9,102497,1.02497,202497,46412,36072,17211,0.17211,19505.377686405005,0.8823720451204512,5,202497,341776,156337,21912016,219.12016,26712500,True,695166935334170230,866284270643587989,2305843009213693951
n100000-g3-t0.5-r28-h940042,2efaf1348f57,3.14.3,Windows-11-10.0.26200-SP0,"Intel64 Family 6 Model 170 Stepping 4, GenuineIntel",100000,3.0,3.05870700345102,0.5,11,256337,100000,0.39011145484264853,random,380042,660042,940042,28,3852685900,38526.859,16400.0,23400.0,52000.0,1070485400,9,64059,0.64059,164059,28641,24712,17211,0.17211,19505.377686405005,0.8823720451204512,5,164059,341776,156337,21912016,219.12016,25044876,True,695166935334170230,866284270643587989,2305843009213693951
n100000-g1.5-t0.5-r28-h940042,2efaf1348f57,3.14.3,Windows-11-10.0.26200-SP0,"Intel64 Family 6 Model 170 Stepping 4, GenuineIntel",100000,1.5,1.5206110372944526,0.5,11,254257,100000,0.3933028392531966,random,380042,660042,940042,28,7370912100,73709.121,16400.0,23700.0,52900.999999999476,1726567900,24,254094,2.54094,354094,38534,32201,17493,0.17493,19664.9453112402,0.8895524357243573,5,354094,423758,154257,21788432,217.88432,33538696,True,447621977531014429,1374267523355420480,2305843009213693951
n100000-g3-t0.7-r28-h940042,2efaf1348f57,3.14.3,Windows-11-10.0.26200-SP0,"Intel64 Family 6 Model 170 Stepping 4, GenuineIntel",100000,3.0,3.05870700345102,0.7,11,256337,100000,0.39011145484264853,random,380042,660042,940042,28,3788608600,37886.086,16000.0,21700.0,46401.99999999895,1142499300,9,89684,0.89684,189684,39709,32023,17211,0.17211,19505.377686405005,0.8823720451204512,5,189684,341776,156337,21912016,219.12016,26185460,True,695166935334170230,866284270643587989,2305843009213693951
n100000-g4-t0.5-r28-h940042,2efaf1348f57,3.14.3,Windows-11-10.0.26200-SP0,"Intel64 Family 6 Model 170 Stepping 4, GenuineIntel",100000,4.0,4.046203100077032,0.5,11,788813,100000,0.12677275856254905,random,380042,660042,940042,28,5015259700,50152.597,8700.0,19000.0,31600.0,2915045200,8,131456,1.31456,231456,39937,32357,4760,0.0476,6338.574541748171,0.7509574855748558,4,231456,986016,688813,56699728,566.99728,70544568,True,265258493985724391,1853591192509557155,2305843009213693951
n100000-g1.25-t0.9-r28-h940042,2efaf1348f57,3.14.3,Windows-11-10.0.26200-SP0,"Intel64 Family 6 Model 170 Stepping 4, GenuineIntel",100000,1.25,1.2701922559901528,0.9,11,120371,100000,0.830764885229831,random,380042,660042,940042,28,5923517400,59235.174,9100.0,19500.0,31600.0,906020700,39,432337,4.32337,532337,78235,54687,38779,0.38779,41537.82887904894,0.9335827376273763,7,532337,216652,20371,12771872,127.71872,20014336,True,322106043552205724,1230523098966381594,2305843009213693951
n100000-g3-t0.9-r28-h940042,2efaf1348f57,3.14.3,Windows-11-10.0.26200-SP0,"Intel64 Family 6 Model 170 Stepping 4, GenuineIntel",100000,3.0,3.05870700345102,0.9,11,256337,100000,0.39011145484264853,random,380042,660042,940042,28,3190648000,31906.48,10700.0,19600.0,34500.0,1043637600,9,115310,1.1531,215310,54475,40673,17211,0.17211,19505.377686405005,0.8823720451204512,5,215310,341776,156337,21912016,219.12016,27241284,True,695166935334170230,866284270643587989,2305843009213693951
n100000-g1.5-t0.8-r28-h940042,2efaf1348f57,3.14.3,Windows-11-10.0.26200-SP0,"Intel64 Family 6 Model 170 Stepping 4, GenuineIntel",100000,1.5,1.5215057585600311,0.8,11,169501,100000,0.5899670208435348,random,380042,660042,940042,28,4537578600,45375.786,8200.0,18600.0,29400.0,1063159700,23,270957,2.70957,370957,63702,47151,27194,0.27194,29498.05605866632,0.9218912577125772,6,370957,282498,69501,16194896,161.94896,24808604,True,53872618290316635,2002934092953653315,2305843009213693951
n100000-g2-t0.9-r28-h940042,2efaf1348f57,3.14.3,Windows-11-10.0.26200-SP0,"Intel64 Family 6 Model 170 Stepping 4, GenuineIntel",100000,2.0,2.01920038622886,0.9,11,205759,100000,0.48600547242161946,random,380042,660042,940042,28,3621745400,36217.454,8400.0,19500.0,34100.999999999476,1142200400,14,185100,1.851,285100,64942,47381,22719,0.22719,24300.03061834476,0.9349370935709358,5,285100,308636,105759,18715840,187.1584,26562964,True,1362684447206060378,1535636531499965581,2305843009213693951
n100000-g1.25-t0.8-r28-h940042,2efaf1348f57,3.14.3,Windows-11-10.0.26200-SP0,"Intel64 Family 6 Model 170 Stepping 4, GenuineIntel",100000,1.25,1.2696893707341963,0.8,11,150473,100000,0.6645710526140902,random,380042,660042,940042,28,6678279300,66782.793,8900.0,19400.0,32500.0,1144149200,40,480591,4.80591,580591,69293,50391,30700,0.307,33228.220345178204,0.9239134591345913,6,580591,270844,50473,14890192,148.90192,24324940,True,1617070006028900396,1733345014395597462,2305843009213693951
n100000-g2-t0.8-r28-h940042,2efaf1348f57,3.14.3,Windows-11-10.0.26200-SP0,"Intel64 Family 6 Model 170 Stepping 4, GenuineIntel",100000,2.0,2.01920038622886,0.8,11,205759,100000,0.48600547242161946,random,380042,660042,940042,28,3460306900,34603.069,8500.0,19300.0,32900.0,1072832900,14,164531,1.64531,264531,56091,42626,22719,0.22719,24300.03061834476,0.9349370935709358,5,264531,308636,105759,18715840,187.1584,25908432,True,1362684447206060378,1535636531499965581,2305843009213693951
n100000-g2-t0.5-r28-h940042,2efaf1348f57,3.14.3,Windows-11-10.0.26200-SP0,"Intel64 Family 6 Model 170 Stepping 4, GenuineIntel",100000,2.0,2.01920038622886,0.5,11,205759,100000,0.48600547242161946,random,380042,660042,940042,28,2950814000,29508.14,8300.0,18200.0,31000.0,853203600,14,102830,1.0283,202830,35568,29965,22719,0.22719,24300.03061834476,0.9349370935709358,5,202830,308636,105759,18715840,187.1584,23852924,True,1362684447206060378,1535636531499965581,2305843009213693951
n100000-g1.5-t0.7-r28-h940042,2efaf1348f57,3.14.3,Windows-11-10.0.26200-SP0,"Intel64 Family 6 Model 170 Stepping 4, GenuineIntel",100000,1.5,1.5215057585600311,0.7,11,169501,100000,0.5899670208435348,random,380042,660042,940042,28,4162758400,41627.584,8200.0,19300.0,32700.0,950648300,23,237084,2.37084,337084,55252,42620,27194,0.27194,29498.05605866632,0.9218912577125772,6,337084,282498,69501,16194896,161.94896,24090716,True,53872618290316635,2002934092953653315,2305843009213693951
n100000-g4-t0.8-r28-h940042,2efaf1348f57,3.14.3,Windows-11-10.0.26200-SP0,"Intel64 Family 6 Model 170 Stepping 4, GenuineIntel",100000,4.0,4.052802818528498,0.8,11,197203,100000,0.5070916771043037,random,380042,660042,940042,28,2144944000,21449.44,9000.0,18400.0,34500.999999999476,605732800,7,52570,0.5257,152570,49226,38401,35249,0.35249,25354.330309376634,1.3902556119561196,7,152570,246500,97203,17760000,177.6,18965616,True,1422192890517498898,1479451008267656023,2305843009213693951
n100000-g1.5-t0.9-r28-h940042,2efaf1348f57,3.14.3,Windows-11-10.0.26200-SP0,"Intel64 Family 6 Model 170 Stepping 4, GenuineIntel",100000,1.5,1.5224810805919142,0.9,11,112997,100000,0.8849792472366523,random,380042,660042,940042,28,3551075500,35510.755,8800.0,17800.0,40100.999999999476,772745700,22,203133,2.03133,303133,72846,51766,41713,0.41713,44248.519872209,0.9426981991819918,6,303133,188320,12997,12310384,123.10384,16935904,True,1586138861720198238,92902139045568287,2305843009213693951
n100000-g1.25-t0.5-r28-h940042,2efaf1348f57,3.14.3,Windows-11-10.0.26200-SP0,"Intel64 Family 6 Model 170 Stepping 4, GenuineIntel",100000,1.25,1.268757469795743,0.5,11,235159,100000,0.42524419647982853,random,380042,660042,940042,28,6533816800,65338.168,8400.0,15200.0,21100.0,1138560800,42,469652,4.69652,569652,42458,34873,18821,0.18821,21261.997201893188,0.8851943597435974,5,569652,423266,135159,20682272,206.82272,34424152,True,884099929815501389,2178875564280046875,2305843009213693951
n100000-g1.25-t0.5-r29-h970042,2efaf1348f57,3.14.3,Windows-11-10.0.26200-SP0,"Intel64 Family 6 Model 170 Stepping 4, GenuineIntel",100000,1.25,1.268757469795743,0.5,11,235159,100000,0.42524419647982853,random,390042,680042,970042,29,7606516400,76065.164,9500.0,18000.0,26800.0,1470723900,42,469652,4.69652,569652,43138,35247,18679,0.18679,21261.997201893188,0.8785157773577735,5,569652,423266,135159,20687360,206.8736,34419180,True,1465313970192202353,1447584444581203919,2305843009213693951
n100000-g1.25-t0.9-r29-h970042,2efaf1348f57,3.14.3,Windows-11-10.0.26200-SP0,"Intel64 Family 6 Model 170 Stepping 4, GenuineIntel",100000,1.25,1.2701922559901528,0.9,11,120371,100000,0.830764885229831,random,390042,680042,970042,29,7580721600,75807.216,15200.0,19800.0,33600.0,1010775900,39,432337,4.32337,532337,80328,55599,39303,0.39303,41537.82887904894,0.9461977445774458,8,532337,216652,20371,12765568,127.65568,19921916,True,2102563721508461739,1118392247723620514,2305843009213693951
n100000-g1.5-t0.7-r29-h970042,2efaf1348f57,3.14.3,Windows-11-10.0.26200-SP0,"Intel64 Family 6 Model 170 Stepping 4, GenuineIntel",100000,1.5,1.5215057585600311,0.7,11,169501,100000,0.5899670208435348,random,390042,680042,970042,29,4549914800,45499.148,13800.0,18500.0,26400.0,1076333900,23,237084,2.37084,337084,55454,42617,27280,0.2728,29498.05605866632,0.9248067040670407,6,337084,282498,69501,16194800,161.948,24058744,True,1347868639915643023,1698764822288180764,2305843009213693951
n100000-g4-t0.8-r29-h970042,2efaf1348f57,3.14.3,Windows-11-10.0.26200-SP0,"Intel64 Family 6 Model 170 Stepping 4, GenuineIntel",100000,4.0,4.052802818528498,0.8,11,197203,100000,0.5070916771043037,random,390042,680042,970042,29,2771120700,27711.207,14400.0,19200.0,30900.0,815376800,7,52570,0.5257,152570,38834,31768,22864,0.22864,25354.330309376634,0.9017788961889618,5,152570,246500,97203,18024992,180.24992,19230568,True,72389640157075812,669489959311755659,2305843009213693951
n100000-g1.25-t0.8-r29-h970042,2efaf1348f57,3.14.3,Windows-11-10.0.26200-SP0,"Intel64 Family 6 Model 170 Stepping 4, GenuineIntel",100000,1.25,1.2696893707341963,0.8,11,150473,100000,0.6645710526140902,random,390042,680042,970042,29,7784088500,77840.885,14200.0,19000.0,29800.0,1406562500,40,480591,4.80591,580591,70939,51193,30957,0.30957,33228.220345178204,0.9316478486784868,6,580591,270844,50473,14885680,148.8568,24319240,True,1682709609744762138,218105780976331187,2305843009213693951
n100000-g3-t0.8-r29-h970042,2efaf1348f57,3.14.3,Windows-11-10.0.26200-SP0,"Intel64 Family 6 Model 170 Stepping 4, GenuineIntel",100000,3.0,3.05870700345102,0.8,11,256337,100000,0.39011145484264853,random,390042,680042,970042,29,3133774500,31337.745,12500.0,19500.0,30300.0,1119214600,9,102497,1.02497,202497,52999,40149,26728,0.26728,19505.377686405005,1.370288770087701,6,202497,341776,156337,21692080,216.9208,26692588,True,479568537702972957,1281371704598827409,2305843009213693951
n100000-g2-t0.5-r29-h970042,2efaf1348f57,3.14.3,Windows-11-10.0.26200-SP0,"Intel64 Family 6 Model 170 Stepping 4, GenuineIntel",100000,2.0,2.01920038622886,0.5,11,205759,100000,0.48600547242161946,random,390042,680042,970042,29,3355163800,33551.638,13900.0,19700.0,31000.0,976275500,14,102830,1.0283,202830,34947,29510,22211,0.22211,24300.03061834476,0.9140317701177012,6,202830,308636,105759,18730080,187.3008,23856464,True,1595944719868298196,1952828227605154155,2305843009213693951
n100000-g1.25-t0.7-r29-h970042,2efaf1348f57,3.14.3,Windows-11-10.0.26200-SP0,"Intel64 Family 6 Model 170 Stepping 4, GenuineIntel",100000,1.25,1.2696893707341963,0.7,11,150473,100000,0.6645710526140902,random,390042,680042,970042,29,6377254000,63772.54,9000.0,18700.0,27000.0,785337900,40,420512,4.20512,520512,61522,46304,30957,0.30957,33228.220345178204,0.9316478486784868,6,520512,270844,50473,14885680,148.8568,23569288,True,1682709609744762138,218105780976331187,2305843009213693951
n100000-g1.5-t0.8-r29-h970042,2efaf1348f57,3.14.3,Windows-11-10.0.26200-SP0,"Intel64 Family 6 Model 170 Stepping 4, GenuineIntel",100000,1.5,1.5215057585600311,0.8,11,169501,100000,0.5899670208435348,random,390042,680042,970042,29,4347807800,43478.078,8100.0,18500.0,24500.0,1146067600,23,270957,2.70957,370957,64266,47354,27280,0.2728,29498.05605866632,0.9248067040670407,6,370957,282498,69501,16194800,161.948,24771320,True,1347868639915643023,1698764822288180764,2305843009213693951
n100000-g4-t0.5-r29-h970042,2efaf1348f57,3.14.3,Windows-11-10.0.26200-SP0,"Intel64 Family 6 Model 170 Stepping 4, GenuineIntel",100000,4.0,4.046203100077032,0.5,11,788813,100000,0.12677275856254905,random,390042,680042,970042,29,4135154200,41351.542,8800.0,18400.0,28800.0,2039170200,8,131456,1.31456,231456,28677,24855,4228,0.04228,6338.574541748171,0.6670269430694307,3,231456,986016,688813,56715888,567.15888,70802832,True,531098704266641202,1586649865528251477,2305843009213693951
n100000-g4-t0.7-r29-h970042,2efaf1348f57,3.14.3,Windows-11-10.0.26200-SP0,"Intel64 Family 6 Model 170 Stepping 4, GenuineIntel",100000,4.0,4.052802818528498,0.7,11,197203,100000,0.5070916771043037,random,390042,680042,970042,29,1873184200,18731.842,7800.0,17900.0,23400.999999999476,544767900,7,45998,0.45998,145998,35107,29390,22864,0.22864,25354.330309376634,0.9017788961889618,5,145998,246500,97203,18024992,180.24992,19230612,True,72389640157075812,669489959311755659,2305843009213693951
n100000-g4-t0.9-r29-h970042,2efaf1348f57,3.14.3,Windows-11-10.0.26200-SP0,"Intel64 Family 6 Model 170 Stepping 4, GenuineIntel",100000,4.0,4.052802818528498,0.9,11,197203,100000,0.5070916771043037,random,390042,680042,970042,29,2177390000,21773.9,8500.0,18500.0,26100.0,537810500,7,59142,0.59142,159142,42999,34320,22864,0.22864,25354.330309376634,0.9017788961889618,5,159142,246500,97203,18024992,180.24992,19230492,True,72389640157075812,669489959311755659,2305843009213693951
n100000-g1.5-t0.9-r29-h970042,2efaf1348f57,3.14.3,Windows-11-10.0.26200-SP0,"Intel64 Family 6 Model 170 Stepping 4, GenuineIntel",100000,1.5,1.5224810805919142,0.9,11,112997,100000,0.8849792472366523,random,390042,680042,970042,29,3313938400,33139.384,8800.0,18100.0,24700.0,620479100,22,203133,2.03133,303133,73558,52078,44480,0.4448,44248.519872209,1.005231364313643,7,303133,188320,12997,12268720,122.6872,16942428,True,1241105174280538254,225287262408174178,2305843009213693951
n100000-g2-t0.9-r29-h970042,2efaf1348f57,3.14.3,Windows-11-10.0.26200-SP0,"Intel64 Family 6 Model 170 Stepping 4, GenuineIntel",100000,2.0,2.01920038622886,0.9,11,205759,100000,0.48600547242161946,random,390042,680042,970042,29,3643720100,36437.201,8800.0,19100.0,31000.0,1148417400,14,185100,1.851,285100,63670,46974,22211,0.22211,24300.03061834476,0.9140317701177012,6,285100,308636,105759,18730080,187.3008,26569288,True,1595944719868298196,1952828227605154155,2305843009213693951
n100000-g3-t0.5-r29-h970042,2efaf1348f57,3.14.3,Windows-11-10.0.26200-SP0,"Intel64 Family 6 Model 170 Stepping 4, GenuineIntel",100000,3.0,3.05870700345102,0.5,11,256337,100000,0.39011145484264853,random,390042,680042,970042,29,2416707200,24167.072,8200.0,18200.0,26800.999999999476,785603700,9,64059,0.64059,164059,36839,30369,26728,0.26728,19505.377686405005,1.370288770087701,6,164059,341776,156337,21692080,216.9208,25036548,True,479568537702972957,1281371704598827409,2305843009213693951
n100000-g3-t0.9-r29-h970042,2efaf1348f57,3.14.3,Windows-11-10.0.26200-SP0,"Intel64 Family 6 Model 170 Stepping 4, GenuineIntel",100000,3.0,3.05870700345102,0.9,11,256337,100000,0.39011145484264853,random,390042,680042,970042,29,2744558100,27445.581,8300.0,18300.0,26100.0,970493400,9,115310,1.1531,215310,59882,43897,26728,0.26728,19505.377686405005,1.370288770087701,6,215310,341776,156337,21692080,216.9208,27219644,True,479568537702972957,1281371704598827409,2305843009213693951
n100000-g1.5-t0.5-r29-h970042,2efaf1348f57,3.14.3,Windows-11-10.0.26200-SP0,"Intel64 Family 6 Model 170 Stepping 4, GenuineIntel",100000,1.5,1.5206110372944526,0.5,11,254257,100000,0.3933028392531966,random,390042,680042,970042,29,4588129000,45881.29,8000.0,18200.0,25500.999999999476,1107241100,24,254094,2.54094,354094,39032,32433,17527,0.17527,19664.9453112402,0.8912814006140062,5,354094,423758,154257,21787056,217.87056,33538440,True,864581969009166850,177841197500784803,2305843009213693951
n100000-g2-t0.7-r29-h970042,2efaf1348f57,3.14.3,Windows-11-10.0.26200-SP0,"Intel64 Family 6 Model 170 Stepping 4, GenuineIntel",100000,2.0,2.01920038622886,0.7,11,205759,100000,0.48600547242161946,random,390042,680042,970042,29,3034711700,30347.117,7900.0,18500.0,25900.0,916173100,14,143962,1.43962,243962,47134,37619,22211,0.22211,24300.03061834476,0.9140317701177012,6,243962,308636,105759,18730080,187.3008,25266172,True,1595944719868298196,1952828227605154155,2305843009213693951
n100000-g2-t0.8-r29-h970042,2efaf1348f57,3.14.3,Windows-11-10.0.26200-SP0,"Intel64 Family 6 Model 170 Stepping 4, GenuineIntel",100000,2.0,2.01920038622886,0.8,11,205759,100000,0.48600547242161946,random,390042,680042,970042,29,3208056100,32080.561,8200.0,18300.0,25300.0,927482000,14,164531,1.64531,264531,54871,42172,22211,0.22211,24300.03061834476,0.9140317701177012,6,264531,308636,105759,18730080,187.3008,25915556,True,1595944719868298196,1952828227605154155,2305843009213693951
n100000-g3-t0.7-r29-h970042,2efaf1348f57,3.14.3,Windows-11-10.0.26200-SP0,"Intel64 Family 6 Model 170 Stepping 4, GenuineIntel",100000,3.0,3.05870700345102,0.7,11,256337,100000,0.39011145484264853,random,390042,680042,970042,29,2337316900,23373.169,7800.0,17600.0,21800.0,811575300,9,89684,0.89684,189684,46626,36556,26728,0.26728,19505.377686405005,1.370288770087701,6,189684,341776,156337,21692080,216.9208,26171532,True,479568537702972957,1281371704598827409,2305843009213693951
n100000-g1.5-t0.5-r30-h1000042,2efaf1348f57,3.14.3,Windows-11-10.0.26200-SP0,"Intel64 Family 6 Model 170 Stepping 4, GenuineIntel",100000,1.5,1.5206110372944526,0.5,11,254257,100000,0.3933028392531966,random,400042,700042,1000042,30,4314824000,43148.24,7900.0,18100.0,24600.999999999476,1064499800,24,254094,2.54094,354094,38322,31946,17332,0.17332,19664.9453112402,0.8813652784527846,5,354094,423758,154257,21792592,217.92592,33540912,True,42919920630161065,1467719408851530365,2305843009213693951
n100000-g4-t0.7-r30-h1000042,2efaf1348f57,3.14.3,Windows-11-10.0.26200-SP0,"Intel64 Family 6 Model 170 Stepping 4, GenuineIntel",100000,4.0,4.052802818528498,0.7,11,197203,100000,0.5070916771043037,random,400042,700042,1000042,30,1910962200,19109.622,7700.0,17200.0,23000.0,622800500,7,45998,0.45998,145998,35010,29230,22814,0.22814,25354.330309376634,0.8998068464684646,6,145998,246500,97203,18026816,180.26816,19232444,True,889989427044565855,1624778850194870277,2305843009213693951
n100000-g3-t0.8-r30-h1000042,2efaf1348f57,3.14.3,Windows-11-10.0.26200-SP0,"Intel64 Family 6 Model 170 Stepping 4, GenuineIntel",100000,3.0,3.05870700345102,0.8,11,256337,100000,0.39011145484264853,random,400042,700042,1000042,30,2433680100,24336.801,7900.0,17800.0,25800.0,824974100,9,102497,1.02497,202497,45075,35754,18524,0.18524,19505.377686405005,0.9496868144681447,6,202497,341776,156337,21882032,218.82032,26743472,True,1896862431521819337,1115511690753691240,2305843009213693951
n100000-g1.25-t0.5-r30-h1000042,2efaf1348f57,3.14.3,Windows-11-10.0.26200-SP0,"Intel64 Family 6 Model 170 Stepping 4, GenuineIntel",100000,1.25,1.268757469795743,0.5,11,235159,100000,0.42524419647982853,random,400042,700042,1000042,30,6661593400,66615.934,8000.0,17600.0,22400.0,1218638600,42,469652,4.69652,569652,42564,34981,18847,0.18847,21261.997201893188,0.8864171987719877,5,569652,423266,135159,20684640,206.8464,34427276,True,1407191184429912250,1319214109091846687,2305843009213693951
n100000-g3-t0.5-r30-h1000042,2efaf1348f57,3.14.3,Windows-11-10.0.26200-SP0,"Intel64 Family 6 Model 170 Stepping 4, GenuineIntel",100000,3.0,3.05870700345102,0.5,11,256337,100000,0.39011145484264853,random,400042,700042,1000042,30,2659176700,26591.767,8900.0,19000.0,31100.999999999476,766766800,9,64059,0.64059,164059,28901,25067,18524,0.18524,19505.377686405005,0.9496868144681447,6,164059,341776,156337,21882032,218.82032,25059880,True,1896862431521819337,1115511690753691240,2305843009213693951
n100000-g3-t0.9-r30-h1000042,2efaf1348f57,3.14.3,Windows-11-10.0.26200-SP0,"Intel64 Family 6 Model 170 Stepping 4, GenuineIntel",100000,3.0,3.05870700345102,0.9,11,256337,100000,0.39011145484264853,random,400042,700042,1000042,30,3003494300,30034.943,9200.0,18500.0,30400.0,1073364300,9,115310,1.1531,215310,51925,39807,18524,0.18524,19505.377686405005,0.9496868144681447,6,215310,341776,156337,21882032,218.82032,27279008,True,1896862431521819337,1115511690753691240,2305843009213693951
n100000-g3-t0.7-r30-h1000042,2efaf1348f57,3.14.3,Windows-11-10.0.26200-SP0,"Intel64 Family 6 Model 170 Stepping 4, GenuineIntel",100000,3.0,3.05870700345102,0.7,11,256337,100000,0.39011145484264853,random,400042,700042,1000042,30,2849974500,28499.745,8400.0,18800.0,28400.999999999476,1002029600,9,89684,0.89684,189684,38799,31828,18524,0.18524,19505.377686405005,0.9496868144681447,6,189684,341776,156337,21882032,218.82032,26212528,True,1896862431521819337,1115511690753691240,2305843009213693951
n100000-g1.5-t0.7-r30-h1000042,2efaf1348f57,3.14.3,Windows-11-10.0.26200-SP0,"Intel64 Family 6 Model 170 Stepping 4, GenuineIntel",100000,1.5,1.5215057585600311,0.7,11,169501,100000,0.5899670208435348,random,400042,700042,1000042,30,4197811100,41978.111,8400.0,18300.0,26500.0,955814800,23,237084,2.37084,337084,54830,42362,27136,0.27136,29498.05605866632,0.9199250264502645,6,337084,282498,69501,16196432,161.96432,24080428,True,526554174503340658,2109493316518670692,2305843009213693951
n100000-g1.5-t0.8-r30-h1000042,2efaf1348f57,3.14.3,Windows-11-10.0.26200-SP0,"Intel64 Family 6 Model 170 Stepping 4, GenuineIntel",100000,1.5,1.5215057585600311,0.8,11,169501,100000,0.5899670208435348,random,400042,700042,1000042,30,5873576200,58735.762,14800.0,20800.0,36500.0,1496615400,23,270957,2.70957,370957,63323,47157,27136,0.27136,29498.05605866632,0.9199250264502645,6,370957,282498,69501,16196432,161.96432,24794700,True,526554174503340658,2109493316518670692,2305843009213693951
n100000-g1.25-t0.8-r30-h1000042,2efaf1348f57,3.14.3,Windows-11-10.0.26200-SP0,"Intel64 Family 6 Model 170 Stepping 4, GenuineIntel",100000,1.25,1.2696893707341963,0.8,11,150473,100000,0.6645710526140902,random,400042,700042,1000042,30,9471212900,94712.129,15600.0,22800.0,50600.0,1632951700,40,480591,4.80591,580591,69640,50578,30922,0.30922,33228.220345178204,0.9305945271452715,6,580591,270844,50473,14885904,148.85904,24315852,True,403103312806664509,1060448059322359496,2305843009213693951
n100000-g4-t0.8-r30-h1000042,2efaf1348f57,3.14.3,Windows-11-10.0.26200-SP0,"Intel64 Family 6 Model 170 Stepping 4, GenuineIntel",100000,4.0,4.052802818528498,0.8,11,197203,100000,0.5070916771043037,random,400042,700042,1000042,30,3380390300,33803.903,16400.0,23300.0,51100.0,964021400,7,52570,0.5257,152570,38653,31600,22814,0.22814,25354.330309376634,0.8998068464684646,6,152570,246500,97203,18026816,180.26816,19232368,True,889989427044565855,1624778850194870277,2305843009213693951
n100000-g2-t0.5-r30-h1000042,2efaf1348f57,3.14.3,Windows-11-10.0.26200-SP0,"Intel64 Family 6 Model 170 Stepping 4, GenuineIntel",100000,2.0,2.01920038622886,0.5,11,205759,100000,0.48600547242161946,random,400042,700042,1000042,30,4063716200,40637.162,16200.0,22100.0,46500.999999999476,1022481600,14,102830,1.0283,202830,34795,29567,21822,0.21822,24300.03061834476,0.8980235598355985,6,202830,308636,105759,18733184,187.33184,23857520,True,20388031650522262,1499992587014451340,2305843009213693951
n100000-g2-t0.9-r30-h1000042,2efaf1348f57,3.14.3,Windows-11-10.0.26200-SP0,"Intel64 Family 6 Model 170 Stepping 4, GenuineIntel",100000,2.0,2.01920038622886,0.9,11,205759,100000,0.48600547242161946,random,400042,700042,1000042,30,4890122800,48901.228,15200.0,21900.0,39500.0,1357656800,14,185100,1.851,285100,63718,47120,21822,0.21822,24300.03061834476,0.8980235598355985,6,285100,308636,105759,18733184,187.33184,26563304,True,20388031650522262,1499992587014451340,2305843009213693951
n100000-g4-t0.5-r30-h1000042,2efaf1348f57,3.14.3,Windows-11-10.0.26200-SP0,"Intel64 Family 6 Model 170 Stepping 4, GenuineIntel",100000,4.0,4.046203100077032,0.5,11,788813,100000,0.12677275856254905,random,400042,700042,1000042,30,6104057000,61040.57,14500.0,21100.0,39900.0,3273251000,8,131456,1.31456,231456,28446,24665,4257,0.04257,6338.574541748171,0.6716021042210422,4,231456,986016,688813,56715088,567.15088,70805336,True,855171451250842207,137667832746777457,2305843009213693951
n100000-g2-t0.7-r30-h1000042,2efaf1348f57,3.14.3,Windows-11-10.0.26200-SP0,"Intel64 Family 6 Model 170 Stepping 4, GenuineIntel",100000,2.0,2.01920038622886,0.7,11,205759,100000,0.48600547242161946,random,400042,700042,1000042,30,4310997700,43109.977,14500.0,20500.0,40100.0,1205598700,14,143962,1.43962,243962,47069,37617,21822,0.21822,24300.03061834476,0.8980235598355985,6,243962,308636,105759,18733184,187.33184,25266236,True,20388031650522262,1499992587014451340,2305843009213693951
n100000-g1.5-t0.9-r30-h1000042,2efaf1348f57,3.14.3,Windows-11-10.0.26200-SP0,"Intel64 Family 6 Model 170 Stepping 4, GenuineIntel",100000,1.5,1.5224810805919142,0.9,11,112997,100000,0.8849792472366523,random,400042,700042,1000042,30,1924231200,19242.312,4500.0,14900.0,18600.0,334677200,22,203133,2.03133,303133,72464,51838,42028,0.42028,44248.519872209,0.9498170813708137,7,303133,188320,12997,12298160,122.9816,16935476,True,319364075766575590,252020193177987151,2305843009213693951
n100000-g1.25-t0.7-r30-h1000042,2efaf1348f57,3.14.3,Windows-11-10.0.26200-SP0,"Intel64 Family 6 Model 170 Stepping 4, GenuineIntel",100000,1.25,1.2696893707341963,0.7,11,150473,100000,0.6645710526140902,random,400042,700042,1000042,30,2946615400,29466.154,4500.0,8000.0,18100.0,607642400,40,420512,4.20512,520512,60575,45838,30922,0.30922,33228.220345178204,0.9305945271452715,6,520512,270844,50473,14885904,148.85904,23561388,True,403103312806664509,1060448059322359496,2305843009213693951
n100000-g1.25-t0.9-r30-h1000042,2efaf1348f57,3.14.3,Windows-11-10.0.26200-SP0,"Intel64 Family 6 Model 170 Stepping 4, GenuineIntel",100000,1.25,1.2701922559901528,0.9,11,120371,100000,0.830764885229831,random,400042,700042,1000042,30,2572001300,25720.013,4500.0,5700.0,12100.0,424468900,39,432337,4.32337,532337,78233,54594,39512,0.39512,41537.82887904894,0.951229302693027,6,532337,216652,20371,12761760,127.6176,20015868,True,2029697364280745241,1351392674352657790,2305843009213693951
n100000-g2-t0.8-r30-h1000042,2efaf1348f57,3.14.3,Windows-11-10.0.26200-SP0,"Intel64 Family 6 Model 170 Stepping 4, GenuineIntel",100000,2.0,2.01920038622886,0.8,11,205759,100000,0.48600547242161946,random,400042,700042,1000042,30,1495989300,14959.893,4400.0,5400.0,11200.0,474072200,14,164531,1.64531,264531,55066,42326,21822,0.21822,24300.03061834476,0.8980235598355985,6,264531,308636,105759,18733184,187.33184,25911716,True,20388031650522262,1499992587014451340,2305843009213693951
n100000-g4-t0.9-r30-h1000042,2efaf1348f57,3.14.3,Windows-11-10.0.26200-SP0,"Intel64 Family 6 Model 170 Stepping 4, GenuineIntel",100000,4.0,4.052802818528498,0.9,11,197203,100000,0.5070916771043037,random,400042,700042,1000042,30,1312781900,13127.819,6600.0,9900.0,21600.0,321377900,7,59142,0.59142,159142,42785,34132,22814,0.22814,25354.330309376634,0.8998068464684646,6,159142,246500,97203,18026816,180.26816,19232324,True,889989427044565855,1624778850194870277,2305843009213693951
